Title,Auction Name,Derivative,Images,Auction Availability,Lot,Start Time,Start Date,Center,Auction ID,D.O.R,Reg,Mileage,Mileage warranted,Colour,Body type,Doors,Fuel Type,Transmission,V5,MOT Expiry Date,CO2 emissions,VAT status,Former keepers,Non Runner,Vendor,Service History,Service Notes,No of Service,Last Service,Last service mileage,Grade,CAP clean,Euro Status,CAP retail,CAP average,CAP below,Autotrader Retail Value,Autotrader Trade Value,Powered by,Inspection date,VIN,Exterior grade,Interior grade,Make,Model,CC,Engine number,Body plan,Gearbox,Paint type,Colour Trim,Seats,Date of first reg,Keys,Inspection Report,Other Report,Tyres,Spare Tyre,Equipment,Damaged_images,Damage_details,Year
NISSAN JUKE HATCHBACK,Aston Barclay Prees Heath,1.0 DiG-T 114 N-Connecta 5dr DCT,"https://abimg003.imgix.net/SA23JVR/2025-11-26/image/cc4076db-7b84-483f-ba33-0041b9c71961_removebg.jpg?w=600, https://abimg003.imgix.net/SA23JVR/2025-11-26/image/f3bf621d-d548-4374-a5e7-a4f219fc97dd_removebg.jpg?w=600, https://abimg003.imgix.net/SA23JVR/2025-11-26/image/942361b0-9482-4253-b087-e56b736525e6_removebg.jpg?w=600, https://abimg003.imgix.net/SA23JVR/2025-11-26/image/350261ff-d6c0-4325-912d-5b93680af42e_removebg.jpg?w=600, https://abimg003.imgix.net/SA23JVR/2025-11-26/image/62d30bb9-1968-4328-b13d-bf75ba172b70_removebg.jpg?w=600, https://abimg003.imgix.net/SA23JVR/2025-11-26/image/b5184f57-ec78-4f60-b62f-2a960a6411df_removebg.jpg?w=600, https://abimg003.imgix.net/SA23JVR/2025-11-26/image/4d91bd4e-a51b-4ade-8419-1be7d526f61d_removebg.jpg?w=600, https://abimg003.imgix.net/SA23JVR/2025-11-26/image/32d35e49-307b-4357-90ae-b981c23b94d6_removebg.jpg?w=600, https://abimg003.imgix.net/SA23JVR/2025-11-26/image/6dab9dbb-3f78-4e3d-befc-255554c5b04c_removebg.jpg?w=600, https://abimg003.imgix.net/SA23JVR/2025-11-26/image/591a78c5-2bb2-4759-ab83-22a7cd0be63d_removebg.jpg?w=600",Available,100,10:15,2025-12-02,Aston Barclay Prees Heath,17790,2023-06-28,SA23JVR,24562,True,GREY,Hatchback,5,Petrol,automatic,False,,137,Margin,0,False,Motability Operations,"Service print and book 05/24- 9k, 04/25- 18k",spare key,2,04/25,18k,3,12850,6,15295,11600,,15030,12113,AA,2025-11-26,SJNFAAF16U1257515,,,NISSAN,JUKE HATCHBACK,9.99,,Hatchback,automatic,,,5,2023-06-28,2,https://abimg002.imgix.net/d45e9009-65aa-460b-a8b4-abb624ea5888.pdf,https://abimg002.imgix.net/a092f6c5-8345-431a-81fd-b2425dc72a78.pdf,"NSF: 5.0, OSF: 5.0, OSR: 5.0, NSR: 5.0",,"Leather or substitute, Air con, Sat nav","https://abimg003.imgix.net/SA23JVR/2025-11-26/damage/d0c87155-5c30-4b8a-8821-5fcbb8497a8e_1.jpg?w=600, https://abimg003.imgix.net/SA23JVR/2025-11-26/damage/8c79a58c-a3df-41ad-81e2-afa1736dd27b_1.jpg?w=600, https://abimg003.imgix.net/SA23JVR/2025-11-26/damage/9f804dfa-75ad-4771-ade2-15a52f1cffaa_1.jpg?w=600, https://abimg003.imgix.net/SA23JVR/2025-11-26/damage/9530d6e4-c32a-425e-95ed-3eb3aff80180_1.jpg?w=600, https://abimg003.imgix.net/SA23JVR/2025-11-26/damage/47b2db34-30ce-4a44-a655-4060b5211aef_1.jpg?w=600",Door osr – Dented Over 30mm; Wheel osr – Scratched Over 50mm; Door osf – Dented Over 30mm; Wheel osf – Scratched Over 50mm; Wheel nsf – Scratched Over 50mm,2023
RENAULT ARKANA ESTATE,Aston Barclay Prees Heath,1.6 E-TECH Hybrid 145 R.S. Line 5dr Auto,"https://abimg003.imgix.net/EO72LHB/2025-11-25/image/1402c3e9-cf15-4079-bf99-c440aae561ce_removebg.jpg?w=600, https://abimg003.imgix.net/EO72LHB/2025-11-25/image/abda4e66-df03-442e-a610-21a5f9683105_removebg.jpg?w=600, https://abimg003.imgix.net/EO72LHB/2025-11-25/image/32bc0122-1469-463d-8e13-9053b27415b2_removebg.jpg?w=600, https://abimg003.imgix.net/EO72LHB/2025-11-25/image/5725fb64-1c4f-41a9-a4ef-6f94e5c03c0c_removebg.jpg?w=600, https://abimg003.imgix.net/EO72LHB/2025-11-25/image/4f4ba312-1fb6-41ad-8750-c3f5e64d0111_removebg.jpg?w=600, https://abimg003.imgix.net/EO72LHB/2025-11-25/image/3872c46c-6fa3-41da-80ca-168f199b744d_removebg.jpg?w=600, https://abimg003.imgix.net/EO72LHB/2025-11-25/image/33b87da2-328e-41c1-9768-3c9084e6d952_removebg.jpg?w=600, https://abimg003.imgix.net/EO72LHB/2025-11-25/image/ea1a71dc-071e-4370-88de-c40af40a8b18_removebg.jpg?w=600, https://abimg003.imgix.net/EO72LHB/2025-11-25/image/6372c09b-039e-4f58-99ef-c99fa72a9279_removebg.jpg?w=600, https://abimg003.imgix.net/EO72LHB/2025-11-25/image/aad20084-e8e7-45e8-9a57-007fe84075cd_removebg.jpg?w=600",Available,101,10:15,2025-12-02,Aston Barclay Prees Heath,17790,2022-10-04,EO72LHB,39825,True,WHITE,Estate,5,Petrol/Electric Hybrid,automatic,True,2026-10-03,108,Margin,0,False,Motability Operations,"Service print 11/23- 13k, 06/25- 34k",ADAPTIONS REMOVED - HELPING HANDLE FRONT PASSENGER SIDE vosa - 38k,2,06/25,34k,2,14000,6,16395,12700,,16061,13444,AA EV/Hybrid,2025-11-25,VF1RJL006UC355490,,,RENAULT,ARKANA ESTATE,15.98,,Estate,automatic,,,5,2022-10-04,2,https://abimg002.imgix.net/d5a7be7c-aa7d-4067-9e1f-5cfef5b45113.pdf,https://abimg002.imgix.net/3caf2481-ac94-4b8d-b2a6-0304c1a6e5f1.pdf,"NSF: 5.0, OSF: 5.0, OSR: 5.0, NSR: 5.0",,"Leather or substitute, Air con, Sat nav","https://abimg003.imgix.net/EO72LHB/2025-11-25/damage/08ac6bc2-0cb7-4d15-b338-ffd422b8ba58_1.jpg?w=600, https://abimg003.imgix.net/EO72LHB/2025-11-25/damage/1092db5e-ab0c-42af-809b-371896285391_1.jpg?w=600, https://abimg003.imgix.net/EO72LHB/2025-11-25/damage/e31d0347-01dc-4fbf-9bfd-0776c1a9895a_1.jpg?w=600, https://abimg003.imgix.net/EO72LHB/2025-11-25/damage/8737fe64-f7ef-4fea-b1ee-9d9c4fc1d5d3_1.jpg?w=600, https://abimg003.imgix.net/EO72LHB/2025-11-25/damage/63227455-8ee4-466d-8d57-74e0b9fec970_1.jpg?w=600, https://abimg003.imgix.net/EO72LHB/2025-11-25/damage/5260e430-d5fe-409e-b518-f9b303e054c9_1.jpg?w=600, https://abimg003.imgix.net/EO72LHB/2025-11-25/damage/de9934f4-659d-4607-ae17-2eede47a8153_1.jpg?w=600, https://abimg003.imgix.net/EO72LHB/2025-11-25/damage/de9934f4-659d-4607-ae17-2eede47a8153_2.jpg?w=600, https://abimg003.imgix.net/EO72LHB/2025-11-25/damage/d580d69a-0451-47d7-b83d-6ceb8c7e3d15_1.jpg?w=600, https://abimg003.imgix.net/EO72LHB/2025-11-25/damage/cb9e6037-6f6e-44f8-853c-db12e4053db9_1.jpg?w=600, https://abimg003.imgix.net/EO72LHB/2025-11-25/damage/0cf6324b-b7ce-49da-93dc-aea979166389_1.jpg?w=600, https://abimg003.imgix.net/EO72LHB/2025-11-25/damage/f1bf2330-8852-4d8e-92f7-2a9fdca3144e_1.jpg?w=600, https://abimg003.imgix.net/EO72LHB/2025-11-25/damage/87382ea7-c0cc-4bc5-b31d-0c8d10c14056_1.jpg?w=600",Door nsf – Dented Between 10mm + 30mm; Door osr – Dented Between 10mm + 30mm; Tailgate Pad – Scuffed Over 25mm; Qtr Panel osr – Dented Over 2 UpTo 10mm; Tailgate – Dented Between 10mm + 30mm; Air Vents osf – Damaged Replace; Bumper Rear – Scratched 25 to 100mm Thru Paint; Spoiler Rear – Scratched (Painted) UpTo 25mm Thru Paint; Door osf – Dented 2 Or Less UpTo 10mm; Door Pad nsr – Scuffed Over 25mm; General Interior – Soiled Light; Fascia Trim – Damaged Replace,2022
PEUGEOT 3008 ESTATE,Aston Barclay Prees Heath,1.2 PureTech Allure 5dr,"https://abimg003.imgix.net/MK70XFA/2025-11-26/image/2ca31893-060f-43bd-b7fa-d81558993ed1_removebg.jpg?w=600, https://abimg003.imgix.net/MK70XFA/2025-11-26/image/c2f94b54-4acb-405a-98ca-ba66cefb6b51_removebg.jpg?w=600, https://abimg003.imgix.net/MK70XFA/2025-11-26/image/04817c72-7074-4933-bc05-11e7fcbd8069_removebg.jpg?w=600, https://abimg003.imgix.net/MK70XFA/2025-11-26/image/492bf6f7-34a8-414a-bb27-f62ea17115d5_removebg.jpg?w=600, https://abimg003.imgix.net/MK70XFA/2025-11-26/image/b9838732-0601-4fb8-895c-5ee6c9d8d901_removebg.jpg?w=600, https://abimg003.imgix.net/MK70XFA/2025-11-26/image/082aefa1-d25d-4990-aba1-f5a675f87589_removebg.jpg?w=600, https://abimg003.imgix.net/MK70XFA/2025-11-26/image/784f0839-99f3-4d25-960f-620bf607fa44_removebg.jpg?w=600, https://abimg003.imgix.net/MK70XFA/2025-11-26/image/3dccdf53-fe76-4b2d-88fa-05a45315731a_removebg.jpg?w=600, https://abimg003.imgix.net/MK70XFA/2025-11-26/image/b031051e-31e5-42b6-a78a-2f7186c8f28a_removebg.jpg?w=600",Available,102,10:15,2025-12-02,Aston Barclay Prees Heath,17790,2020-09-30,MK70XFA,13861,True,BLACK,Estate,5,Petrol,manual,False,2026-09-29,146,Margin,0,False,Motability Operations,"Service print and book 10/21-1k, 10/22-3k, 11/23- 7k, 12/24- 10k","vosa - 6k, 9k, 13k SPARE KEY IN OFFICE",4,12/24,10k,3,10250,6,12695,9150,,13957,10414,AA,2025-11-26,VF3MRHNSMLS199148,,,PEUGEOT,3008 ESTATE,12.0,,Estate,manual,,,5,2020-09-30,2,https://abimg002.imgix.net/732b042d-725b-4bef-8e63-efd3bc53cd48.pdf,https://abimg002.imgix.net/c6a53fd3-03c5-4931-8dfd-dc3982b50339.pdf,"NSF: 4.0, OSF: 3.0, OSR: 3.0, NSR: 3.0",,"Leather or substitute, Air con, Sat nav","https://abimg003.imgix.net/MK70XFA/2025-11-26/damage/02d34f22-1327-41ef-ad9f-9d27de96ecb0_1.jpg?w=600, https://abimg003.imgix.net/MK70XFA/2025-11-26/damage/c55b28de-dc65-4b96-a9b0-fa55c1e9b679_1.jpg?w=600, https://abimg003.imgix.net/MK70XFA/2025-11-26/damage/644693d6-94c1-4d4e-aabc-2b67283f3e2f_1.jpg?w=600",Door nsr – Previous Repair; Bumper Front – Previous Repair; Door nsf – Previous Repair; Wing nsf – Previous Repair; Wing osf – Previous Repair; Door osr – Scratched Over 25mm Thru Paint; Qtr Panel nsr – Previous Repair; Qtr Panel osr – Scratched UpTo 25mm Thru Paint; Door osf – Scratched Over 25mm Thru Paint; Bumper Rear – Scratched Up To 25mm Thru Paint,2020
VOLKSWAGEN T-ROC HATCHBACK,Aston Barclay Prees Heath,1.5 TSI EVO R-Line 5dr,"https://abimg003.imgix.net/CV20WMA/2025-11-24/image/b5412228-748a-4776-899c-3214d7382642_removebg.jpg?w=600, https://abimg003.imgix.net/CV20WMA/2025-11-24/image/815af51f-d385-40b4-9e31-709a39a67f5d_removebg.jpg?w=600, https://abimg003.imgix.net/CV20WMA/2025-11-24/image/a6845fd8-a5c1-44a2-8b55-ee701c531c6b_removebg.jpg?w=600, https://abimg003.imgix.net/CV20WMA/2025-11-24/image/02a72c59-2a9a-48d7-a6b5-2313d2f5962c_removebg.jpg?w=600, https://abimg003.imgix.net/CV20WMA/2025-11-24/image/c3721fa5-8f8e-4973-8dc5-5a61ca79322e_removebg.jpg?w=600, https://abimg003.imgix.net/CV20WMA/2025-11-24/image/1934eb75-6d89-4404-a580-05749041ef91_removebg.jpg?w=600, https://abimg003.imgix.net/CV20WMA/2025-11-24/image/e915c756-5a5d-4947-ad66-1e248a7bdc89_removebg.jpg?w=600, https://abimg003.imgix.net/CV20WMA/2025-11-24/image/5d8019ec-2497-4584-9db4-56279df2fdde_removebg.jpg?w=600, https://abimg003.imgix.net/CV20WMA/2025-11-24/image/c79d2c0e-89fe-4cb7-960e-142f39b8c2d6_removebg.jpg?w=600, https://abimg003.imgix.net/CV20WMA/2025-11-24/image/9e00a8c3-bc4a-4cba-b923-0874e73fda59_removebg.jpg?w=600",Available,103,10:15,2025-12-02,Aston Barclay Prees Heath,17790,2020-08-07,CV20WMA,21579,True,WHITE,Hatchback,5,Petrol,manual,False,2026-08-06,147,Margin,0,False,Motability Operations,Service print 07/25- 20k,"vosa - 11k, 16k, 20k spare key, sd card",1,07/25,20k,3,17300,6,19695,15950,,19876,16489,AA,2025-11-24,WVGZZZA1ZLV156045,,,VOLKSWAGEN,T-ROC HATCHBACK,14.98,,Hatchback,manual,,,5,2020-08-07,2,https://abimg002.imgix.net/cf21f133-db24-49b1-a6eb-bcedea0d3113.pdf,https://abimg002.imgix.net/9f2f3faf-b748-4136-b970-9874124877cf.pdf,"NSF: 5.0, OSF: 5.0, OSR: 5.0, NSR: 5.0",,"Leather or substitute, Air con, Sat nav","https://abimg003.imgix.net/CV20WMA/2025-11-24/damage/22287667-18a9-4843-a847-536b4ad8c271_1.jpg?w=600, https://abimg003.imgix.net/CV20WMA/2025-11-24/damage/22287667-18a9-4843-a847-536b4ad8c271_2.jpg?w=600, https://abimg003.imgix.net/CV20WMA/2025-11-24/damage/d89f761d-e5dc-4e24-b836-1a47c3f92ac1_1.jpg?w=600, https://abimg003.imgix.net/CV20WMA/2025-11-24/damage/e436de31-309b-482c-b6ea-14778c8d11f2_1.jpg?w=600, https://abimg003.imgix.net/CV20WMA/2025-11-24/damage/1ff81e67-1137-445d-9a95-9074bba4b486_1.jpg?w=600, https://abimg003.imgix.net/CV20WMA/2025-11-24/damage/1ff81e67-1137-445d-9a95-9074bba4b486_2.jpg?w=600, https://abimg003.imgix.net/CV20WMA/2025-11-24/damage/80ddc125-99cc-4320-940d-90113e6e8735_1.jpg?w=600, https://abimg003.imgix.net/CV20WMA/2025-11-24/damage/17065586-e51e-4a8c-92b0-a1854704ed96_1.jpg?w=600, https://abimg003.imgix.net/CV20WMA/2025-11-24/damage/425940cb-d4b0-4fe3-85b9-2a464405c6fa_1.jpg?w=600",Bumper Front – Scratched Over 100mm Thru Paint; Door osr – Dented With Paint Damage; Wheel osr – Scratched Up To 50mm; Bumper Rear – Scratched Over 100mm Thru Paint; Wheel nsr – Scratched Over 50mm; Wheel osf – Scratched Over 50mm; Wheel nsf – Scratched Over 50mm,2020
VAUXHALL MOKKA ELECTRIC HATCHBACK,Aston Barclay Prees Heath,100kW GS Line 50kWh 5dr Auto,"https://abimg003.imgix.net/MW72BVZ/2025-11-27/image/138b2e8d-9d08-4817-bbde-baa5eedc2374_removebg.jpg?w=600, https://abimg003.imgix.net/MW72BVZ/2025-11-27/image/7bb39238-fee3-482b-871b-994b4a40c5f3_removebg.jpg?w=600, https://abimg003.imgix.net/MW72BVZ/2025-11-27/image/3d1d55cd-c2bb-4afe-b29e-4cec37a7c829_removebg.jpg?w=600, https://abimg003.imgix.net/MW72BVZ/2025-11-27/image/2f8ad23f-6c9a-45e2-a428-e1943f5e8782_removebg.jpg?w=600, https://abimg003.imgix.net/MW72BVZ/2025-11-27/image/39d7da5d-1e64-40a0-ad55-48f42b5f940f_removebg.jpg?w=600, https://abimg003.imgix.net/MW72BVZ/2025-11-27/image/de6b317e-4617-4b6d-89f1-6f9ab247e64f_removebg.jpg?w=600, https://abimg003.imgix.net/MW72BVZ/2025-11-27/image/c5597209-0e0a-42dc-bbbb-adb3334fe158_removebg.jpg?w=600, https://abimg003.imgix.net/MW72BVZ/2025-11-27/image/5432cc67-d672-4ab7-a5ca-fa554da42a9e_removebg.jpg?w=600",Available,104,10:15,2025-12-02,Aston Barclay Prees Heath,17790,2022-10-31,MW72BVZ,15735,True,GREY,Hatchback,5,Electric,automatic,False,,,Margin,0,False,Motability Operations,"Service print 02/24- 10k, 03/25- 22k",SPARE KEY IN OFFICE,2,03/25,22k,3,12250,6,14695,11100,,13985,11366,AA EV/Hybrid,2025-11-27,VXKUKZKXZNW085261,,,VAUXHALL,MOKKA ELECTRIC HATCHBACK,,,Hatchback,automatic,,,5,2022-10-31,2,https://abimg002.imgix.net/1a3778a2-57d0-43bd-a769-8f9eae14a928.pdf,https://abimg002.imgix.net/aa29dea9-962f-43e0-8ba7-9a6f77b82985.pdf,"NSF: 3.0, OSF: 4.0, OSR: 5.0, NSR: 4.0",,"Heated seats, Climate control, Air con","https://abimg003.imgix.net/MW72BVZ/2025-11-27/damage/28e178dd-b7b5-40d2-aacb-50a70b7ac0a3_1.jpg?w=600, https://abimg003.imgix.net/MW72BVZ/2025-11-27/damage/22f4ec9d-7fd4-4c1b-81b6-bfbed10ff840_1.jpg?w=600, https://abimg003.imgix.net/MW72BVZ/2025-11-27/damage/412656a2-ab14-4aec-8c74-be29e8ece01e_1.jpg?w=600, https://abimg003.imgix.net/MW72BVZ/2025-11-27/damage/7fb252a6-aa04-40bb-996b-ddbbebd519ad_1.jpg?w=600, https://abimg003.imgix.net/MW72BVZ/2025-11-27/damage/86d8a411-9523-4bcf-8bd0-06c78a09a2d8_1.jpg?w=600, https://abimg003.imgix.net/MW72BVZ/2025-11-27/damage/2abd5dcd-2d57-4a02-a262-151f6f89369b_1.jpg?w=600, https://abimg003.imgix.net/MW72BVZ/2025-11-27/damage/0719e3b8-814f-4bb0-95e4-29f594149a56_1.jpg?w=600, https://abimg003.imgix.net/MW72BVZ/2025-11-27/damage/0719e3b8-814f-4bb0-95e4-29f594149a56_2.jpg?w=600, https://abimg003.imgix.net/MW72BVZ/2025-11-27/damage/0719e3b8-814f-4bb0-95e4-29f594149a56_3.jpg?w=600, https://abimg003.imgix.net/MW72BVZ/2025-11-27/damage/0719e3b8-814f-4bb0-95e4-29f594149a56_4.jpg?w=600, https://abimg003.imgix.net/MW72BVZ/2025-11-27/damage/0719e3b8-814f-4bb0-95e4-29f594149a56_5.jpg?w=600, https://abimg003.imgix.net/MW72BVZ/2025-11-27/damage/fb519a44-dc96-4aa8-847b-59e8f25f5a42_1.jpg?w=600, https://abimg003.imgix.net/MW72BVZ/2025-11-27/damage/e8cb5528-14d4-4d01-9196-e37cd54afaba_1.jpg?w=600, https://abimg003.imgix.net/MW72BVZ/2025-11-27/damage/04b63277-f88f-4e9d-b365-5bf8ed835e4f_1.jpg?w=600",Bumper Front – Scratched Over 100mm Thru Paint; Door osr – Dented Between 10mm + 30mm; Seat Base Cover nsf – Burn Over 3mm; Qtr Panel osr – Dented Between 10mm + 30mm; Wheel nsr – Scratched Over 50mm; Bumper Rear – Scratched Over 100mm Thru Paint; General Interior – Soiled Light; Carpets Front – Burn Over 10mm; Wheel osf – Scratched Over 50mm; Wheel nsf – Scratched Over 50mm,2022
RENAULT CAPTUR HATCHBACK,Aston Barclay Prees Heath,1.6 E-Tech Plug-in hybrid 160 Engineered 5dr Auto,"https://abimg003.imgix.net/CMZ4398/2025-11-17/image/4256e801-7453-4b65-b4e3-7149fc277567_removebg.jpg?w=600, https://abimg003.imgix.net/CMZ4398/2025-11-17/image/0027cd30-8c13-4ea7-b5ab-6da6bf2f18dc_removebg.jpg?w=600, https://abimg003.imgix.net/CMZ4398/2025-11-17/image/e4a7374f-1a2a-4ef5-8ef5-231e208fab6d_removebg.jpg?w=600, https://abimg003.imgix.net/CMZ4398/2025-11-17/image/4d92fa93-a1b4-4b6d-9af7-4fbff6b30681_removebg.jpg?w=600, https://abimg003.imgix.net/CMZ4398/2025-11-17/image/b5f065a8-33b1-42de-b7bf-fb874e755877_removebg.jpg?w=600, https://abimg003.imgix.net/CMZ4398/2025-11-17/image/4ee44bbd-1330-4d2b-8c6f-9a226bbf3d37_removebg.jpg?w=600, https://abimg003.imgix.net/CMZ4398/2025-11-17/image/0432f604-613c-45f1-a632-d703a7eb5c12_removebg.jpg?w=600, https://abimg003.imgix.net/CMZ4398/2025-11-17/image/ca3f6dea-8a83-40fd-a459-9664a5ca0833_removebg.jpg?w=600, https://abimg003.imgix.net/CMZ4398/2025-11-17/image/35948bc7-5459-4e39-9f55-97802e885096_removebg.jpg?w=600, https://abimg003.imgix.net/CMZ4398/2025-11-17/image/4af8c288-461d-4b58-bb1e-7c65108b02ca_removebg.jpg?w=600, https://abimg003.imgix.net/CMZ4398/2025-11-17/image/9bd25338-00d7-407b-b751-3759e0ad6925_removebg.jpg?w=600",Available,105,10:15,2025-12-02,Aston Barclay Prees Heath,17790,2023-11-24,CMZ4398,5399,True,BLACK,Hatchback,5,Petrol/Plugin Electric Hybrid,automatic,True,,156,Margin,0,False,Motability Operations,Service print 11/24- 3k,spare key in office,1,11/24,3k,4,16900,,19295,15550,,18504,15592,AA EV/Hybrid,2025-11-17,VF1RJB00571328405,,,RENAULT,CAPTUR HATCHBACK,13.9,,Hatchback,automatic,,,5,2023-11-24,2,https://abimg002.imgix.net/1bd2cc3b-a61a-4a6a-9b6f-700c5362152a.pdf,https://abimg002.imgix.net/9c160bac-8c6b-4e4d-9a62-653860577957.pdf,"NSF: 4.0, OSF: 4.0, OSR: 5.0, NSR: 4.0",,"Leather or substitute, Air con, Sat nav","https://abimg003.imgix.net/CMZ4398/2025-11-17/damage/f2d438b3-308e-4acf-8ddc-35daeebda19f_1.jpg?w=600, https://abimg003.imgix.net/CMZ4398/2025-11-17/damage/0e172732-567a-4f08-b000-a63513051870_1.jpg?w=600, https://abimg003.imgix.net/CMZ4398/2025-11-17/damage/f17c51f7-9fa8-4c6d-b55e-2d33bb189534_1.jpg?w=600, https://abimg003.imgix.net/CMZ4398/2025-11-17/damage/5ee98038-1184-4795-b3dc-15425a1d3687_1.jpg?w=600, https://abimg003.imgix.net/CMZ4398/2025-11-17/damage/c862a632-a78c-487b-80b2-bf778ba84db9_1.jpg?w=600, https://abimg003.imgix.net/CMZ4398/2025-11-17/damage/476b4cf2-3d0d-4804-becf-13f16bfbb3dd_1.jpg?w=600, https://abimg003.imgix.net/CMZ4398/2025-11-17/damage/2168adf0-a807-4238-b39a-b166cbb984b5_1.jpg?w=600, https://abimg003.imgix.net/CMZ4398/2025-11-17/damage/0406dfed-7229-4277-a37e-8db189944280_1.jpg?w=600, https://abimg003.imgix.net/CMZ4398/2025-11-17/damage/f7462ef7-eed7-4bb6-b80e-11ad589661d6_1.jpg?w=600, https://abimg003.imgix.net/CMZ4398/2025-11-17/damage/f7462ef7-eed7-4bb6-b80e-11ad589661d6_2.jpg?w=600, https://abimg003.imgix.net/CMZ4398/2025-11-17/damage/fd393b30-99fd-4d46-872d-0d0ad97f9244_1.jpg?w=600, https://abimg003.imgix.net/CMZ4398/2025-11-17/damage/b595ab53-5d31-41fc-9ec5-c4669b42d824_1.jpg?w=600, https://abimg003.imgix.net/CMZ4398/2025-11-17/damage/8c8b3439-8c78-4276-ab27-d66cf490ba3a_1.jpg?w=600, https://abimg003.imgix.net/CMZ4398/2025-11-17/damage/42673342-a6c4-40fa-b7f3-c82fc1c32ea5_1.jpg?w=600",Parking Sensor Front – Missing Replace; Door Mirror Assy nsf – Scratched (Painted) UpTo 25mm Thru Paint; Bumper Front – Cracked Over 25mm; Bumper Front Moulding – Broken Replace; Door nsf – Scratched UpTo 25mm Thru Paint; Door osr – Scratched UpTo 25mm Thru Paint; Wing osf – Scratched Over 25mm Thru Paint; Door Pad nsf – Burn Between 3mm + 10mm; Headlamp ns – Broken Replace; Bumper Front Grill – Broken Replace; Boot Lid – Scratched Over 25mm Thru Paint; Bonnet – Dented With Paint Damage; Wheel nsf – Scratched Over 50mm,2023
AUDI Q2 ESTATE,Aston Barclay Prees Heath,35 TFSI S Line 5dr S Tronic,"https://abimg003.imgix.net/EO70GJK/2025-11-24/image/20ef0b60-b244-46a1-8869-d277e14a6755_removebg.jpg?w=600, https://abimg003.imgix.net/EO70GJK/2025-11-24/image/39c56fab-8e26-4760-a3da-f4ebf385da67_removebg.jpg?w=600, https://abimg003.imgix.net/EO70GJK/2025-11-24/image/ad89cf0b-2119-4852-9d95-a269a54daad4_removebg.jpg?w=600, https://abimg003.imgix.net/EO70GJK/2025-11-24/image/ed54f0b3-6f72-48aa-97fd-831d141feac8_removebg.jpg?w=600, https://abimg003.imgix.net/EO70GJK/2025-11-24/image/a7113b18-b454-400c-aaec-bef3b9bc9228_removebg.jpg?w=600, https://abimg003.imgix.net/EO70GJK/2025-11-24/image/6428079c-14e4-4b27-b5d8-530fe6785ea9_removebg.jpg?w=600, https://abimg003.imgix.net/EO70GJK/2025-11-24/image/b127fc2f-9b67-470e-a3c0-e9457e404f27_removebg.jpg?w=600, https://abimg003.imgix.net/EO70GJK/2025-11-24/image/605f6fe2-0d26-49aa-bb12-6143962be2a6_removebg.jpg?w=600, https://abimg003.imgix.net/EO70GJK/2025-11-24/image/0a8c63bf-a68e-4919-96ea-df8a3d7db011_removebg.jpg?w=600, https://abimg003.imgix.net/EO70GJK/2025-11-24/image/aa4dfa24-88b6-4f02-aab6-0d4e65046066_removebg.jpg?w=600, https://abimg003.imgix.net/EO70GJK/2025-11-24/image/464d4da4-eabb-4731-8dcd-a5182f84d43a_removebg.jpg?w=600, https://abimg003.imgix.net/EO70GJK/2025-11-24/image/6b5fa59f-1329-4a69-9679-ebce51b2e1b7_removebg.jpg?w=600, https://abimg003.imgix.net/EO70GJK/2025-11-24/image/71a32357-4edf-4c4c-8db7-51bb40dd263c_removebg.jpg?w=600, https://abimg003.imgix.net/EO70GJK/2025-11-24/image/8c8ffd3d-0d2f-451b-8524-737e06b05586_removebg.jpg?w=600, https://abimg003.imgix.net/EO70GJK/2025-11-24/image/7a4176d9-eaf5-48a0-9f01-408885f87b53_removebg.jpg?w=600, https://abimg003.imgix.net/EO70GJK/2025-11-24/image/fe2db579-90bd-48c4-a945-018e40471fc8_removebg.jpg?w=600, https://abimg003.imgix.net/EO70GJK/2025-11-24/image/364244a8-1e7f-41a5-8d85-0ac7ca83e27c_removebg.jpg?w=600, https://abimg003.imgix.net/EO70GJK/2025-11-24/image/0a8ab40e-87c2-4650-b492-50a258f8bc77_removebg.jpg?w=600, https://abimg003.imgix.net/EO70GJK/2025-11-24/image/9a7d4e5d-c57f-4562-9f79-ae66a79c021f_removebg.jpg?w=600",Available,106,10:15,2025-12-02,Aston Barclay Prees Heath,17790,2020-09-29,EO70GJK,28646,True,GREY,Estate,5,Petrol,automatic,True,2026-09-28,152,Margin,0,False,Motability Operations,"Service print 04/21- 2k, 07/22- 10k, 12/23- 17k, 12/24- 24k","vosa - 16k, 23k, 28k spare key, sd card",4,12/24,24k,5,15550,6,17795,14400,,18790,15061,AA,2025-11-24,WAUZZZGA2LA077495,,,AUDI,Q2 ESTATE,14.98,,Estate,automatic,,,5,2020-09-29,2,https://abimg002.imgix.net/1e537a3a-0a30-4665-b63b-d25659738ebc.pdf,https://abimg002.imgix.net/074a2450-8888-4682-b75d-c57f71ba73d9.pdf,"NSF: 5.0, OSF: 5.0, OSR: 6.0, NSR: 6.0, Spare: 0.0",0.0,"Leather or substitute, Air con, Sat nav","https://abimg003.imgix.net/EO70GJK/2025-11-24/damage/f79594c4-b601-400d-9777-f1a937ecfa54_1.jpg?w=600, https://abimg003.imgix.net/EO70GJK/2025-11-24/damage/394d3a78-4c29-4c7f-b329-338aa087051e_1.jpg?w=600, https://abimg003.imgix.net/EO70GJK/2025-11-24/damage/394d3a78-4c29-4c7f-b329-338aa087051e_2.jpg?w=600, https://abimg003.imgix.net/EO70GJK/2025-11-24/damage/394d3a78-4c29-4c7f-b329-338aa087051e_3.jpg?w=600, https://abimg003.imgix.net/EO70GJK/2025-11-24/damage/b71cb599-948c-4c7a-8d66-98f589d07e33_1.jpg?w=600, https://abimg003.imgix.net/EO70GJK/2025-11-24/damage/79f09a13-9c8e-497b-8a8e-87f101b5df56_1.jpg?w=600, https://abimg003.imgix.net/EO70GJK/2025-11-24/damage/f4c32601-a62a-40a9-8fe6-ea5880b7a1d2_1.jpg?w=600, https://abimg003.imgix.net/EO70GJK/2025-11-24/damage/4a33f3e5-1874-45d4-8223-2fc33665837a_1.jpg?w=600, https://abimg003.imgix.net/EO70GJK/2025-11-24/damage/55978079-ddda-4ee0-a139-5d017066a8f5_1.jpg?w=600, https://abimg003.imgix.net/EO70GJK/2025-11-24/damage/55978079-ddda-4ee0-a139-5d017066a8f5_2.jpg?w=600, https://abimg003.imgix.net/EO70GJK/2025-11-24/damage/9c10d33d-e441-4e9f-8e36-0e3dbfffa1a4_1.jpg?w=600, https://abimg003.imgix.net/EO70GJK/2025-11-24/damage/892c7805-d668-4f34-a578-b7997d98c3b9_1.jpg?w=600, https://abimg003.imgix.net/EO70GJK/2025-11-24/damage/892c7805-d668-4f34-a578-b7997d98c3b9_2.jpg?w=600, https://abimg003.imgix.net/EO70GJK/2025-11-24/damage/892c7805-d668-4f34-a578-b7997d98c3b9_3.jpg?w=600, https://abimg003.imgix.net/EO70GJK/2025-11-24/damage/0ebe6c6c-923b-482a-a9eb-ed02eec8f0a9_1.jpg?w=600, https://abimg003.imgix.net/EO70GJK/2025-11-24/damage/ebdd384a-86df-4d79-af4d-c3a6897c924d_1.jpg?w=600, https://abimg003.imgix.net/EO70GJK/2025-11-24/damage/5aa6a82e-765c-4efb-b103-210f6cbe3a44_1.jpg?w=600, https://abimg003.imgix.net/EO70GJK/2025-11-24/damage/5a2b19f4-7131-419f-84f2-52ab788f983b_1.jpg?w=600, https://abimg003.imgix.net/EO70GJK/2025-11-24/damage/10e8879f-30bc-48a9-8914-952c982cb892_1.jpg?w=600, https://abimg003.imgix.net/EO70GJK/2025-11-24/damage/f7805b73-a833-444c-8a54-0acde24aef89_1.jpg?w=600, https://abimg003.imgix.net/EO70GJK/2025-11-24/damage/a610611c-a55f-4a7c-8b93-84289a78744d_1.jpg?w=600, https://abimg003.imgix.net/EO70GJK/2025-11-24/damage/ab845654-7157-45ca-93c1-dbca7032fb3c_1.jpg?w=600, https://abimg003.imgix.net/EO70GJK/2025-11-24/damage/e1bfdebe-1c5c-45d0-b357-a8198f78b86e_1.jpg?w=600, https://abimg003.imgix.net/EO70GJK/2025-11-24/damage/c70b6e00-50dd-4b1d-83d5-52cf64769d36_1.jpg?w=600, https://abimg003.imgix.net/EO70GJK/2025-11-24/damage/f5ae4de0-0903-4565-9071-8f9c28559bab_1.jpg?w=600",Door nsr – Dented Over 30% Of Panel; Bumper Front – Dented With Paint Damage; Tyre nsr – Less Than 1.6mm Illegal; Bumper Rear Moulding – Broken Replace; Screen Front – Chipped UpTo 10mm; Door osr – Dented With Paint Damage; Qtr Panel osr – Scratched UpTo 25mm Thru Paint; Door Pad osr – Scuffed UpTo 25mm; Door osf – Dented With Paint Damage; Door Moulding nsr – Scuffed (Unpainted) Over 100mm; Bumper Rear – Scratched Over 100mm Thru Paint; Bonnet – Previous Repair; Wheel osf – Scratched Over 50mm; Wheel nsf – Scratched Over 50mm; Door Mirror Assy nsf – Scratched (Painted) UpTo 25mm Thru Paint; Door Mirror Assy osf – Scratched (Painted) UpTo 25mm Thru Paint; Door nsf – Dented With Paint Damage; Wing nsf – Dented With Paint Damage; Wing osf – Poor Previous Repair Poor Paint; Door Moulding nsf – Broken Replace; Wheel osr – Scratched Over 50mm; Wheel nsr – Scratched Up To 50mm; Wing Front Arch Extension ns – Scratched (Painted) Over 25mm Thru Paint,2020
VOLKSWAGEN TAIGO HATCHBACK,Aston Barclay Prees Heath,1.0 TSI 110 Life 5dr DSG,"https://abimg003.imgix.net/LT24XSE/2025-11-24/image/eab47fb1-8832-4d0c-ab9d-e2997500b5a3_removebg.jpg?w=600, https://abimg003.imgix.net/LT24XSE/2025-11-24/image/d7104ffa-922b-4dfd-a8aa-5c60e4166337_removebg.jpg?w=600, https://abimg003.imgix.net/LT24XSE/2025-11-24/image/67aea2e7-44d1-47ca-b6ff-e884d088fee0_removebg.jpg?w=600, https://abimg003.imgix.net/LT24XSE/2025-11-24/image/395d3013-402e-4761-96bf-d8571a4f1576_removebg.jpg?w=600, https://abimg003.imgix.net/LT24XSE/2025-11-24/image/01036f74-f38e-4ced-a232-6027b82a986c_removebg.jpg?w=600, https://abimg003.imgix.net/LT24XSE/2025-11-24/image/ff7a67df-4618-4d0d-a4d7-be03a89c93d4_removebg.jpg?w=600, https://abimg003.imgix.net/LT24XSE/2025-11-24/image/a02fa3a8-1138-47b3-9c85-7765a1c31295_removebg.jpg?w=600, https://abimg003.imgix.net/LT24XSE/2025-11-24/image/f215d5c6-9801-4a73-9b00-a56c2739890a_removebg.jpg?w=600, https://abimg003.imgix.net/LT24XSE/2025-11-24/image/901def14-ea99-4fd2-832a-84be73548bc2_removebg.jpg?w=600, https://abimg003.imgix.net/LT24XSE/2025-11-24/image/2e1013a4-0d65-4a22-a784-9c42ec08ed02_removebg.jpg?w=600, https://abimg003.imgix.net/LT24XSE/2025-11-24/image/3e746f5e-ded3-41b0-9cda-f1f5428da9e2_removebg.jpg?w=600, https://abimg003.imgix.net/LT24XSE/2025-11-24/image/6d379013-328d-422e-bff5-bdb0e966a386_removebg.jpg?w=600, https://abimg003.imgix.net/LT24XSE/2025-11-24/image/7fbce883-3139-4c30-b59a-4b13013ed348_removebg.jpg?w=600, https://abimg003.imgix.net/LT24XSE/2025-11-24/image/20438708-84ac-4549-ad2b-ec7f1a32acec_removebg.jpg?w=600, https://abimg003.imgix.net/LT24XSE/2025-11-24/image/8adfd98a-c4f1-44c4-b4be-e8db8c5eb44a_removebg.jpg?w=600",Available,107,10:15,2025-12-02,Aston Barclay Prees Heath,17790,2024-03-15,LT24XSE,14591,True,BLACK,Hatchback,5,Petrol,automatic,True,,133,Margin,0,False,Motability Operations,,,,,,4,16200,6,18595,14850,,18698,15576,AA,2025-11-24,WVGZZZCS6RY052709,,,VOLKSWAGEN,TAIGO HATCHBACK,9.99,,Hatchback,automatic,,,5,2024-03-15,1,https://abimg002.imgix.net/eab3e0ae-5287-4e4c-89cc-556609b14519.pdf,https://abimg002.imgix.net/17fe607f-8365-4fcd-8927-4d0a1642d763.pdf,"NSF: 5.0, OSF: 6.0, OSR: 4.0, NSR: 5.0",,Air con,"https://abimg003.imgix.net/LT24XSE/2025-11-24/damage/49ac3f38-c2a4-405c-9bdd-918052258c58_1.jpg?w=600, https://abimg003.imgix.net/LT24XSE/2025-11-24/damage/088b6531-0eab-4ad2-8e58-37b6d43b8fc6_1.jpg?w=600, https://abimg003.imgix.net/LT24XSE/2025-11-24/damage/a0cde052-e698-475b-a57e-1740a707d547_1.jpg?w=600, https://abimg003.imgix.net/LT24XSE/2025-11-24/damage/59fe8233-a376-421e-a5e5-77761ecc1e68_1.jpg?w=600, https://abimg003.imgix.net/LT24XSE/2025-11-24/damage/dc110895-e28e-49d6-b018-0a575b3594eb_1.jpg?w=600, https://abimg003.imgix.net/LT24XSE/2025-11-24/damage/517a1aa5-a660-4678-8e76-df0f77f44682_1.jpg?w=600, https://abimg003.imgix.net/LT24XSE/2025-11-24/damage/de83e004-048c-4879-9716-6c6a5ec2e7a7_1.jpg?w=600, https://abimg003.imgix.net/LT24XSE/2025-11-24/damage/3d8f6948-fb51-44b0-9567-ae1ccfaf8f19_1.jpg?w=600, https://abimg003.imgix.net/LT24XSE/2025-11-24/damage/8282a90e-0160-4e42-a3fb-85c69b6f8ebe_1.jpg?w=600, https://abimg003.imgix.net/LT24XSE/2025-11-24/damage/9f362f4f-5f15-4495-b55a-1b331637fe16_1.jpg?w=600, https://abimg003.imgix.net/LT24XSE/2025-11-24/damage/d224d144-263d-427e-a363-3fbf85d85a4b_1.jpg?w=600, https://abimg003.imgix.net/LT24XSE/2025-11-24/damage/b65b7bca-77ef-43e7-a312-6fe6a3751677_1.jpg?w=600, https://abimg003.imgix.net/LT24XSE/2025-11-24/damage/15139caf-5020-48fd-a838-a0548211486b_1.jpg?w=600, https://abimg003.imgix.net/LT24XSE/2025-11-24/damage/b1d63b71-b56b-4fd3-863c-5969596ed20e_1.jpg?w=600, https://abimg003.imgix.net/LT24XSE/2025-11-24/damage/c40de8f7-65c1-4788-b950-59d917c239a7_1.jpg?w=600, https://abimg003.imgix.net/LT24XSE/2025-11-24/damage/02f3f59b-b0ab-4cd6-9dc7-d2ff331a8d0f_1.jpg?w=600, https://abimg003.imgix.net/LT24XSE/2025-11-24/damage/cda714fd-7d1b-4203-897b-4e2ecd8c9bee_1.jpg?w=600, https://abimg003.imgix.net/LT24XSE/2025-11-24/damage/76302fb5-c991-4962-a111-59e4354f0231_1.jpg?w=600, https://abimg003.imgix.net/LT24XSE/2025-11-24/damage/9b7e3275-4ecc-4bed-ac26-739cd5b217b2_1.jpg?w=600, https://abimg003.imgix.net/LT24XSE/2025-11-24/damage/9b7e3275-4ecc-4bed-ac26-739cd5b217b2_2.jpg?w=600",Door nsr – Dented Over 30% Of Panel; Bumper Front – Scratched UpTo 25mm Thru Paint; Aperture Seal osf – Broken Replace; Bumper Rear Moulding – Scuffed (Unpainted) UpTo 100mm; Tailgate Pad – Scuffed Over 25mm; Seat Base Cover nsf – Burn UpTo 3mm; Qtr Panel osr – Previous Repair; Qtr Panel osr – Dented 2 Or Less UpTo 10mm; Bumper Rear – Previous Repair; Bumper Rear – Scratched 25 to 100mm Thru Paint; Wheel osf – Scratched Over 50mm; Wheel nsf – Damaged Replace; Seat Back Cover nsf – Holed UpTo 3mm; Door nsf – Dented With Paint Damage; Wing osf – Scratched UpTo 25mm Thru Paint; Headrest Assy Rear Seat Centr – Scuffed Over 25mm; Carpets Front – Burn UpTo 3mm; Carpets Front – Burn UpTo 3mm; Carpets Front – Scuffed UpTo 25mm; Carpets Front – Burn UpTo 3mm; General Interior – Soiled Light,2024
MG MOTOR UK HS HATCHBACK,Aston Barclay Prees Heath,1.5 T-GDI Exclusive 5dr,"https://abimg003.imgix.net/YUI4751/2025-11-20/image/fa295a0a-2d05-48a0-91a3-f1dc61a523d0_removebg.jpg?w=600, https://abimg003.imgix.net/YUI4751/2025-11-20/image/59ad0e20-f3fd-46b1-9a9a-fe8cb0bcd71d_removebg.jpg?w=600, https://abimg003.imgix.net/YUI4751/2025-11-20/image/b1d1194c-e060-4246-b73c-9a2f360af4ad_removebg.jpg?w=600, https://abimg003.imgix.net/YUI4751/2025-11-20/image/77c41b1f-f5ce-4028-806e-dbee847f8a57_removebg.jpg?w=600, https://abimg003.imgix.net/YUI4751/2025-11-20/image/33a623e9-b602-45dc-b047-ba71e3b7682a_removebg.jpg?w=600, https://abimg003.imgix.net/YUI4751/2025-11-20/image/9ae01126-d555-4bec-8e9d-4a552a40fc75_removebg.jpg?w=600, https://abimg003.imgix.net/YUI4751/2025-11-20/image/3c1d9991-2427-4d95-b2d6-28c4c3e38c69_removebg.jpg?w=600, https://abimg003.imgix.net/YUI4751/2025-11-20/image/50b5fb6a-9a33-4d8f-b454-65c747959ef9_removebg.jpg?w=600, https://abimg003.imgix.net/YUI4751/2025-11-20/image/15f97048-24b3-47c8-8553-b6f7ef5bfb04_removebg.jpg?w=600, https://abimg003.imgix.net/YUI4751/2025-11-20/image/a8449699-cb19-433c-9746-ca3e285b285b_removebg.jpg?w=600, https://abimg003.imgix.net/YUI4751/2025-11-20/image/efa9ba05-b3c7-41ff-819c-1834b3248822_removebg.jpg?w=600, https://abimg003.imgix.net/YUI4751/2025-11-20/image/b0b21853-6f67-4753-8418-b47bc1d7201f_removebg.jpg?w=600, https://abimg003.imgix.net/YUI4751/2025-11-20/image/f14c3a4d-bc20-4635-aadf-66dac3a3e479_removebg.jpg?w=600, https://abimg003.imgix.net/YUI4751/2025-11-20/image/af8db869-ea56-44c9-b333-943360dca171_removebg.jpg?w=600, https://abimg003.imgix.net/YUI4751/2025-11-20/image/4b03a6e2-7363-4cca-bf9d-c35901a6ce67_removebg.jpg?w=600, https://abimg003.imgix.net/YUI4751/2025-11-20/image/168f754b-27e7-4e02-bef0-c2ab604e3945_removebg.jpg?w=600, https://abimg003.imgix.net/YUI4751/2025-11-20/image/48c43a5b-c909-4280-bc78-e9986e0fb4e1_removebg.jpg?w=600, https://abimg003.imgix.net/YUI4751/2025-11-20/image/00f98d34-97f9-49e4-9e13-96d80161999e_removebg.jpg?w=600, https://abimg003.imgix.net/YUI4751/2025-11-20/image/ce95dfda-9bc5-4bea-9a0e-dca43ffbd8f1_removebg.jpg?w=600",Available,108,10:15,2025-12-02,Aston Barclay Prees Heath,17790,2022-05-23,YUI4751,34972,True,RED,Hatchback,5,Petrol,manual,True,,168,Margin,0,False,Motability Operations,"Service print 06/23- 12k, 06/24- 22k",spare key,2,06/24,22k,5,11700,6,14095,10550,,13697,10992,AA,2025-11-20,LSJA24U94NN060113,,,MG MOTOR UK,HS HATCHBACK,14.9,,Hatchback,manual,,,5,2022-05-23,2,https://abimg002.imgix.net/7bd1c1e1-0e43-4af4-8ecd-dcece0ce7cbf.pdf,https://abimg002.imgix.net/876b553c-6e91-4a7b-96c8-f4589789d9c3.pdf,"NSF: 2.0, OSF: 2.0, OSR: 5.0, NSR: 5.0",,"Sunroof, Panoramic roof, Heated seats, Leather or substitute, Air con, Sat nav","https://abimg003.imgix.net/YUI4751/2025-11-20/damage/0654ee73-99e8-4731-85ae-428bcceac96c_1.jpg?w=600, https://abimg003.imgix.net/YUI4751/2025-11-20/damage/0654ee73-99e8-4731-85ae-428bcceac96c_2.jpg?w=600, https://abimg003.imgix.net/YUI4751/2025-11-20/damage/c200fe32-13ba-4fb1-a858-e23dbe498ddc_1.jpg?w=600, https://abimg003.imgix.net/YUI4751/2025-11-20/damage/708d6a44-fb19-4c1e-a4a7-dcea182d3161_1.jpg?w=600, https://abimg003.imgix.net/YUI4751/2025-11-20/damage/e3d18751-63fd-405a-9a55-e4097ef58efc_1.jpg?w=600, https://abimg003.imgix.net/YUI4751/2025-11-20/damage/b295389a-65a0-437b-be0e-cca1fca872aa_1.jpg?w=600, https://abimg003.imgix.net/YUI4751/2025-11-20/damage/b827cd08-b2b0-49bc-b2fc-67e887517285_1.jpg?w=600, https://abimg003.imgix.net/YUI4751/2025-11-20/damage/61c4cd63-29f5-4cf3-a5d5-6f1983a9b9c0_1.jpg?w=600, https://abimg003.imgix.net/YUI4751/2025-11-20/damage/1bdd810b-d8f5-4c25-a165-9c5bc111243f_1.jpg?w=600, https://abimg003.imgix.net/YUI4751/2025-11-20/damage/925579e4-31fe-4f5a-ae41-b58b50f6a839_1.jpg?w=600, https://abimg003.imgix.net/YUI4751/2025-11-20/damage/6698e795-f12b-450a-a4c4-5d9b83596e43_1.jpg?w=600, https://abimg003.imgix.net/YUI4751/2025-11-20/damage/1e721434-fb14-4532-b628-71b09634cd97_1.jpg?w=600, https://abimg003.imgix.net/YUI4751/2025-11-20/damage/97617043-c8be-48e3-b1cf-437693bad100_1.jpg?w=600, https://abimg003.imgix.net/YUI4751/2025-11-20/damage/97617043-c8be-48e3-b1cf-437693bad100_2.jpg?w=600, https://abimg003.imgix.net/YUI4751/2025-11-20/damage/7363ebc2-a30a-4394-bd26-8393195625c3_1.jpg?w=600, https://abimg003.imgix.net/YUI4751/2025-11-20/damage/ab40a9c2-a204-4faf-b140-828297830466_1.jpg?w=600, https://abimg003.imgix.net/YUI4751/2025-11-20/damage/9904a6fd-3604-4bbb-a142-1e279941831e_1.jpg?w=600, https://abimg003.imgix.net/YUI4751/2025-11-20/damage/ca3bf97c-5ff5-492d-9e0a-bb740a5cdb02_1.jpg?w=600, https://abimg003.imgix.net/YUI4751/2025-11-20/damage/7ac77619-e762-41e9-9e63-94486cf3abd4_1.jpg?w=600, https://abimg003.imgix.net/YUI4751/2025-11-20/damage/2ca67b19-cfc9-4348-8221-44842f202a31_1.jpg?w=600, https://abimg003.imgix.net/YUI4751/2025-11-20/damage/972f8536-5931-49da-8435-96ce5a61a12b_1.jpg?w=600",Door nsr – Dented Over 30% Of Panel; Reflector nsr – Broken Replace; Rear Panel Trim Int – Scuffed Over 25mm; Bumper Front – Poor Previous Repair Poor Paint; Door osr – Dented With Paint Damage; Qtr Panel nsr – Dented Over 2 UpTo 10mm; Qtr Panel osr – Previous Repair; Qtr Panel osr – Dented Over 2 UpTo 10mm; Seat Base Cover osf – Torn Over 3mm; Tailgate – Dented Over 2 UpTo 10mm; Lamp nsr – Broken Replace; Door osf – Dented Over 30mm; Bumper Rear – Dented With Paint Damage; Bonnet – Previous Repair; Roof – Dented 2 Or Less UpTo 10mm; Wheel nsf – Scratched Over 50mm; Door nsf – Dented Over 30mm; Wing nsf – Poor Previous Repair Poor Paint; Wing osf – Poor Previous Repair Poor Paint; Tyre nsf – Less Than 1.6mm Illegal; Wheel osr – Corroded Light; Shelfload Cover Rear – Missing Replace; Wheel nsr – Scratched Over 50mm; Carpets Front – Burn Between 3mm + 10mm; General Interior – Soiled Light,2022
VAUXHALL GRANDLAND HATCHBACK,Aston Barclay Prees Heath,1.2 Turbo Ultimate 5dr,"https://abimg003.imgix.net/LS72KOJ/2025-11-27/image/6d86eee1-c38d-4f32-9ba9-e6aead8f50e7_removebg.jpg?w=600, https://abimg003.imgix.net/LS72KOJ/2025-11-27/image/6984d554-1927-4e27-b91a-a980e443cb09_removebg.jpg?w=600, https://abimg003.imgix.net/LS72KOJ/2025-11-27/image/102aa2d4-4c3c-4d6b-a3e3-52b646be31a8_removebg.jpg?w=600, https://abimg003.imgix.net/LS72KOJ/2025-11-27/image/a6c9220f-54c4-46ad-bd54-35ec1c39c291_removebg.jpg?w=600, https://abimg003.imgix.net/LS72KOJ/2025-11-27/image/b3164a67-24b3-4393-93d3-15fddc99a925_removebg.jpg?w=600, https://abimg003.imgix.net/LS72KOJ/2025-11-27/image/a4565cde-8ef1-49db-aeff-75e1508afcc3_removebg.jpg?w=600, https://abimg003.imgix.net/LS72KOJ/2025-11-27/image/ef613985-1073-4068-aa89-3a2737c1e4fa_removebg.jpg?w=600, https://abimg003.imgix.net/LS72KOJ/2025-11-27/image/d19f0bc7-0c5a-4210-9ff8-863db5d4b6c4_removebg.jpg?w=600",Available,109,10:15,2025-12-02,Aston Barclay Prees Heath,17790,2022-11-09,LS72KOJ,10507,True,GREY,Hatchback,5,Petrol,manual,False,,142,Margin,0,False,Motability Operations,"Service print 11/23- 4k, 12/24- 6k",SPARE KEY IN OFFICE,2,12/24,6k,4,15650,6,18095,14350,,17363,14099,AA,2025-11-27,W0VZRHNS0N6835094,,,VAUXHALL,GRANDLAND HATCHBACK,11.99,,Hatchback,manual,,,5,2022-11-09,2,https://abimg002.imgix.net/7b4f2162-7273-465a-81f2-22cd00093ca6.pdf,https://abimg002.imgix.net/be9b5c68-adf7-451b-8c7e-8b247294e37d.pdf,"NSF: 3.0, OSF: 3.0, OSR: 4.0, NSR: 4.0",,"Heated seats, Leather or substitute, Air con, Sat nav","https://abimg003.imgix.net/LS72KOJ/2025-11-27/damage/fcfa7f51-3574-46d3-9c33-7834ce0ab055_1.jpg?w=600, https://abimg003.imgix.net/LS72KOJ/2025-11-27/damage/24d6b816-149c-42bb-84ff-469f77819039_1.jpg?w=600, https://abimg003.imgix.net/LS72KOJ/2025-11-27/damage/24d6b816-149c-42bb-84ff-469f77819039_2.jpg?w=600, https://abimg003.imgix.net/LS72KOJ/2025-11-27/damage/57cc2e1f-b4f9-4efe-9cf8-2b33665b6451_1.jpg?w=600, https://abimg003.imgix.net/LS72KOJ/2025-11-27/damage/010c279b-71b7-48c8-9a2e-8a5f61084b70_1.jpg?w=600, https://abimg003.imgix.net/LS72KOJ/2025-11-27/damage/0b32e6c4-8438-4d24-8bd2-b6cd1939cfef_1.jpg?w=600, https://abimg003.imgix.net/LS72KOJ/2025-11-27/damage/21183718-7de6-4067-a460-77c5530a337e_1.jpg?w=600, https://abimg003.imgix.net/LS72KOJ/2025-11-27/damage/21183718-7de6-4067-a460-77c5530a337e_2.jpg?w=600, https://abimg003.imgix.net/LS72KOJ/2025-11-27/damage/2d777c4e-acd0-4f4c-b76b-4a5b0f3a2b3a_1.jpg?w=600, https://abimg003.imgix.net/LS72KOJ/2025-11-27/damage/b7ed8df0-772d-4c7d-ae6f-65dcf37add8e_1.jpg?w=600, https://abimg003.imgix.net/LS72KOJ/2025-11-27/damage/0ee24570-6c2e-45a3-93ee-cc0062d3bb30_1.jpg?w=600, https://abimg003.imgix.net/LS72KOJ/2025-11-27/damage/66cded29-6b12-4447-8420-183548796256_1.jpg?w=600",Door nsr – Dented With Paint Damage; Bumper Front – Scratched Over 100mm Thru Paint; Door osr – Previous Repair; Qtr Panel osr – Previous Repair; Seat Base Cover osf – Burn UpTo 3mm; Tailgate – Scratched Over 25mm Thru Paint; Qtr Panel Moulding ns – Scratched (Painted) Over 25mm Thru Paint; Door osf – Previous Repair; Bumper Rear – Scratched Over 100mm Thru Paint; Moulding nsf Wing – Scratched (Painted) UpTo 25mm Thru Paint; Wheel osf – Scratched Over 50mm; Wheel nsf – Scratched Over 50mm; Door nsf – Dented With Paint Damage; Wing nsf – Scratched UpTo 25mm Thru Paint; Wing nsf – Dented 2 Or Less UpTo 10mm; Wing osf – Previous Repair; Wheel nsr – Scratched Over 50mm; General Interior – Soiled Light; Carpets Front – Burn UpTo 3mm,2022
VOLKSWAGEN TIGUAN DIESEL ESTATE,Aston Barclay Prees Heath,2.0 TDi 150 R-Line Tech 5dr,"https://abimg003.imgix.net/WN70HRU/2025-11-24/image/f2431dc5-ce79-49eb-9128-7b8cc67f378b_removebg.jpg?w=600, https://abimg003.imgix.net/WN70HRU/2025-11-24/image/eb982bab-e0bc-4247-9aab-5ffae43cf0fe_removebg.jpg?w=600, https://abimg003.imgix.net/WN70HRU/2025-11-24/image/e8a4d2b0-cccd-4f9b-93a5-6d10f71ce1a6_removebg.jpg?w=600, https://abimg003.imgix.net/WN70HRU/2025-11-24/image/9ea39a2e-394f-4cf3-8733-d92174ae5d41_removebg.jpg?w=600, https://abimg003.imgix.net/WN70HRU/2025-11-24/image/51ebbe50-6d90-4bcc-911e-dd6652b1aa6f_removebg.jpg?w=600, https://abimg003.imgix.net/WN70HRU/2025-11-24/image/b4201cc8-3f7d-4464-8651-280d3c92936e_removebg.jpg?w=600, https://abimg003.imgix.net/WN70HRU/2025-11-24/image/56d7bc8a-9780-40b5-b006-347319e1d2ea_removebg.jpg?w=600, https://abimg003.imgix.net/WN70HRU/2025-11-24/image/ac65aff4-9a67-4907-9c95-3d2408c934c9_removebg.jpg?w=600, https://abimg003.imgix.net/WN70HRU/2025-11-24/image/9b7fd9aa-6839-45d9-8aeb-f4904e48f68f_removebg.jpg?w=600, https://abimg003.imgix.net/WN70HRU/2025-11-24/image/1db9683f-d0fa-4d2b-85a3-7b3b531a109e_removebg.jpg?w=600, https://abimg003.imgix.net/WN70HRU/2025-11-24/image/6f4f3d98-6bf1-4079-b04f-0cd3ada9deca_removebg.jpg?w=600",Available,110,10:15,2025-12-02,Aston Barclay Prees Heath,17790,2020-09-30,WN70HRU,27291,True,WHITE,Estate,5,Diesel,manual,False,2026-08-21,157,Margin,0,False,Motability Operations,"Service print 11/22- 14k, 07/24- 22k","vosa - 17k, 22k, 25k spare key, sd card",2,07/24,22k,3,20250,6,22750,18900,,23533,19724,AA,2025-11-24,WVGZZZ5NZLW399324,,,VOLKSWAGEN,TIGUAN DIESEL ESTATE,19.68,,Estate,manual,,,5,2020-09-30,2,https://abimg002.imgix.net/e6283cd2-d8c4-4973-b709-8e2b33919e61.pdf,https://abimg002.imgix.net/f167939b-48d5-4965-8eb5-26a7da510ff3.pdf,"NSF: 4.0, OSF: 5.0, OSR: 3.0, NSR: 3.0",,"Sunroof, Heated seats, Leather or substitute, Air con, Sat nav","https://abimg003.imgix.net/WN70HRU/2025-11-24/damage/3058ea85-3008-4a4c-89d1-5331235bb86e_1.jpg?w=600, https://abimg003.imgix.net/WN70HRU/2025-11-24/damage/3c11dd67-9e56-4986-ab9e-a50d61a943ce_1.jpg?w=600, https://abimg003.imgix.net/WN70HRU/2025-11-24/damage/168363fb-e2e5-467b-8dcf-9c4bc79bc0b7_1.jpg?w=600, https://abimg003.imgix.net/WN70HRU/2025-11-24/damage/fda5140b-195e-4546-89cd-a976fc362150_1.jpg?w=600, https://abimg003.imgix.net/WN70HRU/2025-11-24/damage/f444ffe3-4480-4425-ba1e-f37a7b6ea0ce_1.jpg?w=600, https://abimg003.imgix.net/WN70HRU/2025-11-24/damage/da72ee5c-2a0e-41f9-9821-ee290b7a705e_1.jpg?w=600, https://abimg003.imgix.net/WN70HRU/2025-11-24/damage/f6252233-ea62-4de0-aafd-dc1db137fd2d_1.jpg?w=600",Bumper Front – Scratched UpTo 25mm Thru Paint; Door nsf – Dented With Paint Damage; Wing nsf – Scratched UpTo 25mm Thru Paint; Wing nsf – Dented Between 10mm + 30mm; Air Vents osf – Damaged Replace; Tailgate – Dented Over 2 UpTo 10mm; Shelfload Cover Rear – Missing Replace; Door osf – Dented 2 Or Less UpTo 10mm; Bumper Rear – Scratched Over 100mm Thru Paint; Bonnet – Chipped 1 To 5; Bonnet – Dented 2 Or Less UpTo 10mm; General Interior – Soiled Light; Wheel osf – Scratched Over 50mm; Wheel nsf – Scratched Over 50mm,2020
MERCEDES-BENZ GLA HATCHBACK,Aston Barclay Prees Heath,GLA 180 AMG Line Executive 5dr Auto,"https://abimg003.imgix.net/EX22YXY/2025-11-25/image/602701cb-4728-43aa-beaf-413e1af7ddd8_removebg.jpg?w=600, https://abimg003.imgix.net/EX22YXY/2025-11-25/image/d8f6832c-7854-4ca4-ac4e-b18fcffc4afc_removebg.jpg?w=600, https://abimg003.imgix.net/EX22YXY/2025-11-25/image/0975217d-ede7-46e3-ba72-c16c85e1879c_removebg.jpg?w=600, https://abimg003.imgix.net/EX22YXY/2025-11-25/image/ff66b94e-8de9-4a3f-b6e9-887577754da8_removebg.jpg?w=600, https://abimg003.imgix.net/EX22YXY/2025-11-25/image/f7cf8681-1578-4549-8663-1ef70612972e_removebg.jpg?w=600, https://abimg003.imgix.net/EX22YXY/2025-11-25/image/7824b065-46de-4bae-8fc2-dc67ca54a1f1_removebg.jpg?w=600, https://abimg003.imgix.net/EX22YXY/2025-11-25/image/a2edaef5-f43e-4200-86ea-68887718d10b_removebg.jpg?w=600, https://abimg003.imgix.net/EX22YXY/2025-11-25/image/b5640cfd-ff02-4894-bde4-bec329d8948b_removebg.jpg?w=600, https://abimg003.imgix.net/EX22YXY/2025-11-25/image/3d712f57-87b8-488e-83f4-b3822591c01a_removebg.jpg?w=600, https://abimg003.imgix.net/EX22YXY/2025-11-25/image/e3b58401-1107-437d-a334-284381af6dc5_removebg.jpg?w=600, https://abimg003.imgix.net/EX22YXY/2025-11-25/image/bd052ad9-13fd-4868-a759-89b0d7a00ce4_removebg.jpg?w=600, https://abimg003.imgix.net/EX22YXY/2025-11-25/image/e2aed47a-1894-4fb3-8d06-2f50f73ea05c_removebg.jpg?w=600, https://abimg003.imgix.net/EX22YXY/2025-11-25/image/64a9f1d1-1d82-4e94-8ca9-ab3fbfc11292_removebg.jpg?w=600, https://abimg003.imgix.net/EX22YXY/2025-11-25/image/9d587cbf-7cb9-41d0-81cd-b0be4902a826_removebg.jpg?w=600, https://abimg003.imgix.net/EX22YXY/2025-11-25/image/8165cf6c-c41d-43b2-b28f-d6437df694ed_removebg.jpg?w=600, https://abimg003.imgix.net/EX22YXY/2025-11-25/image/b5b97b1d-c3ab-460f-b14c-006fb1e6c36d_removebg.jpg?w=600",Available,111,10:15,2025-12-02,Aston Barclay Prees Heath,17790,2022-03-02,EX22YXY,23398,False,BLACK,Hatchback,5,Petrol,automatic,False,2026-03-01,153,Margin,0,False,Motability Operations,"Service print 02/23- 7k, 03/24- 14k, 02/25- 18k",vosa - 18k spare key,3,02/25,18k,5,23000,6,25500,21600,,26230,23012,AA,2025-11-25,W1N2477842J322407,,,MERCEDES-BENZ,GLA HATCHBACK,13.32,,Hatchback,automatic,,,5,2022-03-02,2,https://abimg002.imgix.net/67736c98-9b3e-46ec-b90a-acd77e1aaaf9.pdf,https://abimg002.imgix.net/fb142ff4-4024-4910-ad63-8e313d3fb5f2.pdf,"NSF: 3.0, OSF: 3.0, OSR: 5.0, NSR: 5.0",,"Heated seats, Leather or substitute, Air con, Sat nav","https://abimg003.imgix.net/EX22YXY/2025-11-25/damage/d34eb762-3b5b-4070-a540-28a109b2410d_1.jpg?w=600, https://abimg003.imgix.net/EX22YXY/2025-11-25/damage/e4b48e00-3cd5-401d-a687-ce689e9354ec_1.jpg?w=600, https://abimg003.imgix.net/EX22YXY/2025-11-25/damage/e4b48e00-3cd5-401d-a687-ce689e9354ec_2.jpg?w=600, https://abimg003.imgix.net/EX22YXY/2025-11-25/damage/e4b48e00-3cd5-401d-a687-ce689e9354ec_3.jpg?w=600, https://abimg003.imgix.net/EX22YXY/2025-11-25/damage/4a08a9d0-1b12-45bc-953b-1cbb8a5f4228_1.jpg?w=600, https://abimg003.imgix.net/EX22YXY/2025-11-25/damage/d78f7fc5-2bf4-4ec7-9697-f90e6d8b2998_1.jpg?w=600, https://abimg003.imgix.net/EX22YXY/2025-11-25/damage/e1a82643-e011-4fee-899a-c75648193e76_1.jpg?w=600, https://abimg003.imgix.net/EX22YXY/2025-11-25/damage/a9226360-cfc4-4090-8e22-dc00b65da873_1.jpg?w=600, https://abimg003.imgix.net/EX22YXY/2025-11-25/damage/6a4c3917-fbf0-4dba-9069-7f9877b98f42_1.jpg?w=600, https://abimg003.imgix.net/EX22YXY/2025-11-25/damage/3ed289b6-7123-4696-a9c1-00f3ea342803_1.jpg?w=600, https://abimg003.imgix.net/EX22YXY/2025-11-25/damage/cd6e83cb-e6e1-4c8e-a865-8891e8c70cf5_1.jpg?w=600, https://abimg003.imgix.net/EX22YXY/2025-11-25/damage/b62bd129-783b-46b1-8552-fb984560a3b2_1.jpg?w=600, https://abimg003.imgix.net/EX22YXY/2025-11-25/damage/b62bd129-783b-46b1-8552-fb984560a3b2_2.jpg?w=600, https://abimg003.imgix.net/EX22YXY/2025-11-25/damage/8490c139-0645-4371-99e1-56d885793fd6_1.jpg?w=600, https://abimg003.imgix.net/EX22YXY/2025-11-25/damage/aa3ae28c-a223-4987-be36-80f7044ebc11_1.jpg?w=600, https://abimg003.imgix.net/EX22YXY/2025-11-25/damage/b53c464f-bf37-4429-9d02-24e9a76e6dde_1.jpg?w=600, https://abimg003.imgix.net/EX22YXY/2025-11-25/damage/509f9ab7-df34-46ff-bae9-864393b9a020_1.jpg?w=600, https://abimg003.imgix.net/EX22YXY/2025-11-25/damage/4259bab7-bc86-4c78-88c2-e21a676b66a0_1.jpg?w=600, https://abimg003.imgix.net/EX22YXY/2025-11-25/damage/7062b72b-6593-47f3-9fae-bba9fde189cd_1.jpg?w=600, https://abimg003.imgix.net/EX22YXY/2025-11-25/damage/f7df7533-0145-46d7-9020-ae71639b439c_1.jpg?w=600, https://abimg003.imgix.net/EX22YXY/2025-11-25/damage/2a5eed1f-65be-4460-8c83-15fc9ed65f35_1.jpg?w=600, https://abimg003.imgix.net/EX22YXY/2025-11-25/damage/2917ef54-aea2-481a-a9c5-c0126de2c57a_1.jpg?w=600, https://abimg003.imgix.net/EX22YXY/2025-11-25/damage/a2b8bd76-02f7-4041-81c4-f844aaaad77b_1.jpg?w=600, https://abimg003.imgix.net/EX22YXY/2025-11-25/damage/c282e9ad-c914-4f3e-9698-81b9c67af8cd_1.jpg?w=600",Door nsr – Previous Repair; Door nsr – Dented 2 Or Less UpTo 10mm; Bumper Front – Dented With Paint Damage; Aperture Seal osf – Broken Replace; Load Area Carpet – Broken Replace; Door Pad osf – Scuffed UpTo 25mm; Door osr – Dented With Paint Damage; Qtr Panel nsr – Scratched UpTo 25mm Thru Paint; Qtr Panel nsr – Dented Over 2 UpTo 10mm; Qtr Panel osr – Previous Repair; Qtr Panel osr – Scratched UpTo 25mm Thru Paint; Tailgate – Dented Over 30mm; Door osf – Previous Repair; Door osf – Dented Over 2 UpTo 10mm; Door Pad nsr – Scuffed UpTo 25mm; Bumper Rear – Dented With Paint Damage; Bonnet – Poor Previous Repair Poor Paint; Wheel osf – Scratched Up To 50mm; Wheel nsf – Damaged Replace; Door Mirror Assy nsf – Scuffed (Unpainted) UpTo 100mm; Door nsf – Poor Previous Repair Poor Paint; A Post ns – Dented 2 Or Less UpTo 10mm; A Post os – Scratched UpTo 25mm Thru Paint; Wing nsf – Poor Previous Repair Poor Paint; Wheel nsr – Scratched Up To 50mm; Fog Lamp Surround ns – Broken Replace; General Interior – Soiled Light,2022
SUZUKI SWIFT HATCHBACK,Aston Barclay Prees Heath,1.2 Dualjet 83 12V Hybrid SZ5 5dr Auto,"https://abimg003.imgix.net/VO73ZXR/2025-11-17/image/951e4bbd-dc44-43f6-81c4-8df1b7194bec_removebg.jpg?w=600, https://abimg003.imgix.net/VO73ZXR/2025-11-17/image/81957b2b-21a6-427a-a888-e3b9170486e0_removebg.jpg?w=600, https://abimg003.imgix.net/VO73ZXR/2025-11-17/image/ea7e78f4-8d9e-4405-b95d-92815b26c746_removebg.jpg?w=600, https://abimg003.imgix.net/VO73ZXR/2025-11-17/image/54ec73f5-af49-4398-83f8-5f7097e68f5c_removebg.jpg?w=600, https://abimg003.imgix.net/VO73ZXR/2025-11-17/image/6a9a60f0-bf16-4d48-a5b4-57134447088d_removebg.jpg?w=600, https://abimg003.imgix.net/VO73ZXR/2025-11-17/image/a7b3cb54-e1b6-47b7-9cda-e450de42fb27_removebg.jpg?w=600, https://abimg003.imgix.net/VO73ZXR/2025-11-17/image/79008c61-6f15-4eb4-b046-f8ab0a07e79a_removebg.jpg?w=600, https://abimg003.imgix.net/VO73ZXR/2025-11-17/image/7cea6882-8a94-44f8-ab88-4a4f85dad8f2_removebg.jpg?w=600, https://abimg003.imgix.net/VO73ZXR/2025-11-17/image/476f10b0-e66e-4641-a522-a5fca3d3f7c0_removebg.jpg?w=600, https://abimg003.imgix.net/VO73ZXR/2025-11-17/image/d4017078-15c8-4983-8e2f-4354dccb5bf4_removebg.jpg?w=600, https://abimg003.imgix.net/VO73ZXR/2025-11-17/image/5b51930f-9ce0-429b-a1fb-adfc641e778b_removebg.jpg?w=600, https://abimg003.imgix.net/VO73ZXR/2025-11-17/image/d84d989f-bcc7-4875-a4e5-4e69724ed6a1_removebg.jpg?w=600, https://abimg003.imgix.net/VO73ZXR/2025-11-17/image/559f44a8-e121-455d-8832-016b1a4be94a_removebg.jpg?w=600, https://abimg003.imgix.net/VO73ZXR/2025-11-17/image/40365baa-6ebb-44ff-8974-a30c3c8bd879_removebg.jpg?w=600, https://abimg003.imgix.net/VO73ZXR/2025-11-17/image/9c302fb7-5f7b-43f8-b253-af48f58df190_removebg.jpg?w=600, https://abimg003.imgix.net/VO73ZXR/2025-11-17/image/31ab820e-c0c8-484a-bec5-1d0f1bb5d65c_removebg.jpg?w=600",Available,112,10:15,2025-12-02,Aston Barclay Prees Heath,17790,2024-02-29,VO73ZXR,15895,True,BLUE,Hatchback,5,Petrol,automatic,True,,115,Margin,0,False,Motability Operations,Service print 02/25-9k,spare key in office,1,02/25,9k,2,14650,6,16395,13500,,16594,13664,AA EV/Hybrid,2025-11-17,JSAAZCA3S00617297,,,SUZUKI,SWIFT HATCHBACK,11.97,,Hatchback,automatic,,,5,2024-02-29,2,https://abimg002.imgix.net/7c5c3303-f892-42a6-bd79-14bd4c592e9b.pdf,https://abimg002.imgix.net/01c4b192-0bf0-4aef-9b31-8d79ffba8b18.pdf,"NSF: 4.0, OSF: 5.0, OSR: 5.0, NSR: 5.0",,Air con,"https://abimg003.imgix.net/VO73ZXR/2025-11-17/damage/c4d949cb-bb20-4446-9b37-4113f6566f2a_1.jpg?w=600, https://abimg003.imgix.net/VO73ZXR/2025-11-17/damage/176581b9-32f2-40cb-94b4-80f0843f0e03_1.jpg?w=600, https://abimg003.imgix.net/VO73ZXR/2025-11-17/damage/176581b9-32f2-40cb-94b4-80f0843f0e03_2.jpg?w=600, https://abimg003.imgix.net/VO73ZXR/2025-11-17/damage/3083f1f7-3455-4fb6-bde6-2b055454ccf8_1.jpg?w=600, https://abimg003.imgix.net/VO73ZXR/2025-11-17/damage/2c3c4f4f-cc3a-43c9-b1d2-29380abf9335_1.jpg?w=600, https://abimg003.imgix.net/VO73ZXR/2025-11-17/damage/df9a2d8c-a1cc-4e9b-8791-b4ce92c3158d_1.jpg?w=600, https://abimg003.imgix.net/VO73ZXR/2025-11-17/damage/16093419-45e3-442f-8afb-966ff24307ff_1.jpg?w=600, https://abimg003.imgix.net/VO73ZXR/2025-11-17/damage/2daaacd6-a7f0-4583-914c-998770a643ab_1.jpg?w=600, https://abimg003.imgix.net/VO73ZXR/2025-11-17/damage/b036fb2b-42d0-4992-84d3-ffac5ae54ff5_1.jpg?w=600, https://abimg003.imgix.net/VO73ZXR/2025-11-17/damage/f9f54397-697d-4e43-84d9-58eaa32c9d91_1.jpg?w=600, https://abimg003.imgix.net/VO73ZXR/2025-11-17/damage/71baddac-507c-4005-8fce-cdc3b2577f84_1.jpg?w=600, https://abimg003.imgix.net/VO73ZXR/2025-11-17/damage/f4b0a08e-b885-4023-8f18-9dcd9390be56_1.jpg?w=600, https://abimg003.imgix.net/VO73ZXR/2025-11-17/damage/50c8213f-758b-41cd-a448-d3bc741c13a7_1.jpg?w=600, https://abimg003.imgix.net/VO73ZXR/2025-11-17/damage/b00936f1-3207-46b7-abe5-874cfd26b32d_1.jpg?w=600, https://abimg003.imgix.net/VO73ZXR/2025-11-17/damage/5a0e51b9-0cdb-4cb5-a382-2e2db5f18618_1.jpg?w=600, https://abimg003.imgix.net/VO73ZXR/2025-11-17/damage/a686386a-de6b-4330-b781-4a552d618108_1.jpg?w=600, https://abimg003.imgix.net/VO73ZXR/2025-11-17/damage/065e18b4-6c9c-4583-92ba-79de647297e4_1.jpg?w=600",Door nsr – Previous Repair; Rear Panel Trim Int – Scuffed Over 25mm; Bumper Front – Scratched Over 100mm Thru Paint; Flasher Side Repeater ns – Broken Replace; Door osr – Dented 2 Or Less UpTo 10mm; Qtr Panel nsr – Previous Repair; Qtr Panel nsr – Dented 2 Or Less UpTo 10mm; Tailgate – Previous Repair; Tailgate – Scratched UpTo 25mm Thru Paint; Door Pad osr – Scuffed Over 25mm; Door osf – Previous Repair; Door Pad nsr – Scuffed UpTo 25mm; Bumper Rear – Scratched 25 to 100mm Thru Paint; Bonnet – Previous Repair; Wheel nsf – Scratched Over 50mm; Door Mirror Assy nsf – Scratched (Painted) UpTo 25mm Thru Paint; Door nsf – Previous Repair; Wing nsf – Scratched UpTo 25mm Thru Paint; Wheel nsr – Scratched Over 50mm; Carpets Front – Soiled Light; General Interior – Soiled Light,2024
FORD KUGA DIESEL ESTATE,Aston Barclay Prees Heath,1.5 EcoBlue ST-Line Edition 5dr,"https://abimg003.imgix.net/AYZ7237/2025-11-26/image/c80aa65e-d027-4746-b587-29ddc3eca84a_removebg.jpg?w=600, https://abimg003.imgix.net/AYZ7237/2025-11-26/image/8e610cc4-f3bf-4829-86c6-ac91512a064c_removebg.jpg?w=600, https://abimg003.imgix.net/AYZ7237/2025-11-26/image/d24ad7e2-779c-4310-9ae7-5579b36e4c59_removebg.jpg?w=600, https://abimg003.imgix.net/AYZ7237/2025-11-26/image/3499baad-23be-402b-ac86-fefbde2ceb88_removebg.jpg?w=600, https://abimg003.imgix.net/AYZ7237/2025-11-26/image/3a02145f-127a-42ad-b7a9-3850c549fdc7_removebg.jpg?w=600, https://abimg003.imgix.net/AYZ7237/2025-11-26/image/bd8ffd9b-0df1-4d7e-8c77-2baaa67018f5_removebg.jpg?w=600, https://abimg003.imgix.net/AYZ7237/2025-11-26/image/f560fe9c-3228-4a0f-a1ea-d3d97b45f5f5_removebg.jpg?w=600, https://abimg003.imgix.net/AYZ7237/2025-11-26/image/44eefc78-3962-40da-be7b-6b6b91777f5a_removebg.jpg?w=600, https://abimg003.imgix.net/AYZ7237/2025-11-26/image/06b7e433-28c3-479d-9cb9-9bd104286f1d_removebg.jpg?w=600, https://abimg003.imgix.net/AYZ7237/2025-11-26/image/f422bf84-a792-4637-a196-2070eab46e15_removebg.jpg?w=600, https://abimg003.imgix.net/AYZ7237/2025-11-26/image/684ccaf4-9e7c-4844-b7c5-1e435757db78_removebg.jpg?w=600",Available,113,10:15,2025-12-02,Aston Barclay Prees Heath,17790,2021-02-24,AYZ7237,93295,True,BLACK,Estate,5,Diesel,manual,True,,127,Margin,0,False,Motability Operations,"Service print 02/22- 20k, 02/24- 63k, 01/25- 83k",,3,01/25,83k,4,9375,6,11795,8275,,11302,8907,AA,2025-11-26,WF0FXXWPMFLS05072,,,FORD,KUGA DIESEL ESTATE,14.99,,Estate,manual,,,5,2021-02-24,1,https://abimg002.imgix.net/39ade033-f397-47dc-8b0d-bece3c57c876.pdf,https://abimg002.imgix.net/fb0abb69-f3ab-47c8-a60c-37d8b77452b9.pdf,"NSF: 1.0, OSF: 1.0, OSR: 2.0, NSR: 2.0",,"Leather or substitute, Air con","https://abimg003.imgix.net/AYZ7237/2025-11-26/damage/9a6e0839-1dab-4e4b-8d34-06f9ca93c27a_1.jpg?w=600, https://abimg003.imgix.net/AYZ7237/2025-11-26/damage/9c6713e7-97b4-4dd8-a6d3-f4f0f3957d9c_1.jpg?w=600, https://abimg003.imgix.net/AYZ7237/2025-11-26/damage/53f17b16-c10a-48b0-bd70-0228122a48d3_1.jpg?w=600, https://abimg003.imgix.net/AYZ7237/2025-11-26/damage/53f17b16-c10a-48b0-bd70-0228122a48d3_2.jpg?w=600, https://abimg003.imgix.net/AYZ7237/2025-11-26/damage/a59b054d-7939-4bd3-8cce-4b0174f87082_1.jpg?w=600, https://abimg003.imgix.net/AYZ7237/2025-11-26/damage/35626622-4793-4a12-bbd4-6609f2b87c1f_1.jpg?w=600, https://abimg003.imgix.net/AYZ7237/2025-11-26/damage/54b5d575-dc55-41bb-b523-ad4fa6684752_1.jpg?w=600, https://abimg003.imgix.net/AYZ7237/2025-11-26/damage/a25d3330-d42a-4eb0-96a4-632798d5b541_1.jpg?w=600, https://abimg003.imgix.net/AYZ7237/2025-11-26/damage/f14d9ee3-26a5-469d-bbc7-678876438312_1.jpg?w=600, https://abimg003.imgix.net/AYZ7237/2025-11-26/damage/66d3a3b1-6dd2-4f84-90b5-ebf6ab60b893_1.jpg?w=600, https://abimg003.imgix.net/AYZ7237/2025-11-26/damage/ba011a9e-7759-4ecb-99e2-4417dbd81638_1.jpg?w=600, https://abimg003.imgix.net/AYZ7237/2025-11-26/damage/383c44fa-5253-4445-b90f-d68a484dba8c_1.jpg?w=600, https://abimg003.imgix.net/AYZ7237/2025-11-26/damage/d1bc24ee-739b-41fc-a1f1-ea120bb190b4_1.jpg?w=600, https://abimg003.imgix.net/AYZ7237/2025-11-26/damage/504cd435-9079-4d1a-b652-cc8bd6364a44_1.jpg?w=600, https://abimg003.imgix.net/AYZ7237/2025-11-26/damage/a9c205bd-44b5-4697-ad23-6e728d861649_1.jpg?w=600, https://abimg003.imgix.net/AYZ7237/2025-11-26/damage/0c386092-45b6-43f1-b4be-2e4f3bd20f42_1.jpg?w=600, https://abimg003.imgix.net/AYZ7237/2025-11-26/damage/ee17427e-835c-44d8-95b0-04485d2ba1a2_1.jpg?w=600, https://abimg003.imgix.net/AYZ7237/2025-11-26/damage/9c2f6738-a4cb-4f09-a291-7e0c82121b9a_1.jpg?w=600, https://abimg003.imgix.net/AYZ7237/2025-11-26/damage/39445d9f-1db3-420d-9892-82644ad83951_1.jpg?w=600, https://abimg003.imgix.net/AYZ7237/2025-11-26/damage/c1b087a0-0b98-41cb-8718-ec6cc03aecd6_1.jpg?w=600",Door nsr – Dented Over 30mm; Switches And Controls – Broken Replace; Rear Panel Trim Int – Scuffed Over 25mm; Bumper Front – Poor Previous Repair Poor Paint; Tailgate Pad – Scuffed Over 25mm; Qtr Panel nsr – Dented Over 30mm; Qtr Panel osr – Dented Over 2 UpTo 10mm; Tailgate – Dented Over 2 UpTo 10mm; Bumper Rear – Dented With Paint Damage; Door osf – Dented Between 10mm + 30mm; Bonnet – Chipped Multiple Chips; Door Mirror Assy nsf – Scratched (Painted) UpTo 25mm Thru Paint; In Car Entertainment – Broken Replace; A Post ns – Dented Between 10mm + 30mm; Wing nsf – Dented Over 2 UpTo 10mm; Wing osf – Scratched UpTo 25mm Thru Paint; Tyre osf – Less Than 1.6mm Illegal; Tyre nsf – Less Than 1.6mm Illegal; General Interior – Soiled Light; Carpets Front – Torn Over 10mm; Carpets Front – Torn Between 3mm + 10mm,2021
HYUNDAI TUCSON ESTATE,Aston Barclay Prees Heath,1.6 TGDi SE Connect 5dr 2WD,"https://abimg003.imgix.net/DC23EZH/2025-11-26/image/379daedc-2035-4bf3-84e0-294fb35c9392_removebg.jpg?w=600, https://abimg003.imgix.net/DC23EZH/2025-11-26/image/42bebe21-9153-404f-8ccc-5a0abc75ac81_removebg.jpg?w=600, https://abimg003.imgix.net/DC23EZH/2025-11-26/image/8fa410f0-0a22-4a4c-a624-d9a42c3b6120_removebg.jpg?w=600, https://abimg003.imgix.net/DC23EZH/2025-11-26/image/6b877b88-9624-4e56-bf92-1c12930b90d2_removebg.jpg?w=600, https://abimg003.imgix.net/DC23EZH/2025-11-26/image/46b418b7-17de-4bf1-9500-267c70a064f0_removebg.jpg?w=600, https://abimg003.imgix.net/DC23EZH/2025-11-26/image/4c1a5db6-83f2-4037-a9a8-c9df0a564cc3_removebg.jpg?w=600, https://abimg003.imgix.net/DC23EZH/2025-11-26/image/b5a6ead8-5afb-407f-922c-3cc30c19c6fc_removebg.jpg?w=600, https://abimg003.imgix.net/DC23EZH/2025-11-26/image/e351e58d-0a8f-417d-986c-77866b68ac6f_removebg.jpg?w=600",Available,114,10:15,2025-12-02,Aston Barclay Prees Heath,17790,2023-07-18,DC23EZH,38902,True,SILVER,Estate,5,Petrol,manual,True,,151,Margin,0,False,Motability Operations,"Service print and book 07/24-16k, 06/25-33k",SPARE KEY IN OFFICE,2,06/25,33k,5,14800,6,17295,13550,,16781,14052,AA,2025-11-26,TMAJC81BLPJ367364,,,HYUNDAI,TUCSON ESTATE,15.98,,Estate,manual,,,5,2023-07-18,2,https://abimg002.imgix.net/1e4ccea2-73e1-4f24-bdc8-2f558a17305e.pdf,https://abimg002.imgix.net/f74b201b-5e5e-45ae-bfa9-a2ac2223c8d2.pdf,"NSF: 3.0, OSF: 3.0, OSR: 3.0, NSR: 2.0",,"Climate control, Air con, Sat nav","https://abimg003.imgix.net/DC23EZH/2025-11-26/damage/6ab6a3e5-9f69-4409-bc09-52da6f8e630b_1.jpg?w=600, https://abimg003.imgix.net/DC23EZH/2025-11-26/damage/6ab6a3e5-9f69-4409-bc09-52da6f8e630b_2.jpg?w=600, https://abimg003.imgix.net/DC23EZH/2025-11-26/damage/95fb1a45-2402-497a-bdaa-1a53fc44096b_1.jpg?w=600, https://abimg003.imgix.net/DC23EZH/2025-11-26/damage/bc311890-bb82-4ee1-832d-a2473b48ac7d_1.jpg?w=600, https://abimg003.imgix.net/DC23EZH/2025-11-26/damage/e070c52a-58c4-4da0-944e-a042118d863d_1.jpg?w=600, https://abimg003.imgix.net/DC23EZH/2025-11-26/damage/8f4b1830-b458-420f-ab79-463611e72265_1.jpg?w=600, https://abimg003.imgix.net/DC23EZH/2025-11-26/damage/c220d9b2-3d36-4d8a-a608-2fbc2f1a1825_1.jpg?w=600, https://abimg003.imgix.net/DC23EZH/2025-11-26/damage/52376ad3-573c-4502-a6e5-c6c8ff6dec5f_1.jpg?w=600, https://abimg003.imgix.net/DC23EZH/2025-11-26/damage/0fdee8c4-98b4-4e95-9bd9-9d694fc5475a_1.jpg?w=600, https://abimg003.imgix.net/DC23EZH/2025-11-26/damage/4fa4b4d5-c8ee-4d7e-b169-0ac84ecb9fee_1.jpg?w=600, https://abimg003.imgix.net/DC23EZH/2025-11-26/damage/44af9e58-d4a7-42a7-939a-12107a8cdbff_1.jpg?w=600, https://abimg003.imgix.net/DC23EZH/2025-11-26/damage/2a37a075-5b83-4ccc-841a-2c761addf9f4_1.jpg?w=600, https://abimg003.imgix.net/DC23EZH/2025-11-26/damage/2a15fcc4-e645-4bcd-a3a8-5c4fc2d25dd7_1.jpg?w=600, https://abimg003.imgix.net/DC23EZH/2025-11-26/damage/47396d06-a49c-4f82-818c-195e971156aa_1.jpg?w=600, https://abimg003.imgix.net/DC23EZH/2025-11-26/damage/4f4fb150-f84a-46e4-a075-c2058e28b682_1.jpg?w=600, https://abimg003.imgix.net/DC23EZH/2025-11-26/damage/594f2e02-c474-4e7c-ba96-82bdf5674da1_1.jpg?w=600, https://abimg003.imgix.net/DC23EZH/2025-11-26/damage/594f2e02-c474-4e7c-ba96-82bdf5674da1_2.jpg?w=600, https://abimg003.imgix.net/DC23EZH/2025-11-26/damage/594f2e02-c474-4e7c-ba96-82bdf5674da1_3.jpg?w=600, https://abimg003.imgix.net/DC23EZH/2025-11-26/damage/594f2e02-c474-4e7c-ba96-82bdf5674da1_4.jpg?w=600, https://abimg003.imgix.net/DC23EZH/2025-11-26/damage/594f2e02-c474-4e7c-ba96-82bdf5674da1_5.jpg?w=600, https://abimg003.imgix.net/DC23EZH/2025-11-26/damage/b181156e-1d6a-409f-8213-04aeec306ab8_1.jpg?w=600",Rear Panel Trim Int – Scuffed Over 25mm; Bumper Front – Dented With Paint Damage; Bumper Rear Moulding – Scuffed (Unpainted) Over 100mm; Tailgate Pad – Scuffed Over 25mm; Door osr – Poor Previous Repair Poor Paint; Qtr Panel nsr – Dented Between 10mm + 30mm; Qtr Panel osr – Dented With Paint Damage; Door osf – Poor Previous Repair Poor Paint; Bonnet – Dented Over 30mm; Wheel nsf – Scratched Over 50mm; Grille Front – Broken Replace; Wing nsf – Scratched UpTo 25mm Thru Paint; Wing osf – Dented With Paint Damage; Shelfload Cover Rear – Missing Replace; Boot Lid – Dented Over 30mm; General Interior – Soiled Light; Carpets Front – Holed Over 3mm,2023
VAUXHALL MOKKA HATCHBACK,Aston Barclay Prees Heath,1.2 Turbo SRi Premium 5dr,"https://abimg003.imgix.net/XGZ4335/2025-11-18/image/cdf14fcf-eeec-4f1d-807b-c2e14fc96a1d_removebg.jpg?w=600, https://abimg003.imgix.net/XGZ4335/2025-11-18/image/b744a450-c713-4bb8-94e3-ad0fddf1b68d_removebg.jpg?w=600, https://abimg003.imgix.net/XGZ4335/2025-11-18/image/f85b2375-939a-4cfc-973b-dab71e25e86c_removebg.jpg?w=600, https://abimg003.imgix.net/XGZ4335/2025-11-18/image/dc8578f7-106b-4b95-9ceb-f1bb0b0c3342_removebg.jpg?w=600, https://abimg003.imgix.net/XGZ4335/2025-11-18/image/47e8c3da-dce1-46f3-9748-e878d2d17f74_removebg.jpg?w=600, https://abimg003.imgix.net/XGZ4335/2025-11-18/image/292ed412-69ed-44df-afb1-e4322338d625_removebg.jpg?w=600, https://abimg003.imgix.net/XGZ4335/2025-11-18/image/10dfe426-04ed-44ec-8a4c-28ce71c91eef_removebg.jpg?w=600, https://abimg003.imgix.net/XGZ4335/2025-11-18/image/e1eff7b4-bf83-4ceb-bb9c-446aa80c019f_removebg.jpg?w=600, https://abimg003.imgix.net/XGZ4335/2025-11-18/image/2affbe60-775b-468b-9781-fb82eb0c3e01_removebg.jpg?w=600, https://abimg003.imgix.net/XGZ4335/2025-11-18/image/22e8ae83-ccab-4be1-acab-30720d8dcc4e_removebg.jpg?w=600, https://abimg003.imgix.net/XGZ4335/2025-11-18/image/9224d673-fdea-404a-9dad-3664b9b9694e_removebg.jpg?w=600, https://abimg003.imgix.net/XGZ4335/2025-11-18/image/b488e3b4-a13c-4460-8a4e-f12b72cf43d7_removebg.jpg?w=600, https://abimg003.imgix.net/XGZ4335/2025-11-18/image/608dfe2c-d747-497a-8964-28eb9e005a8a_removebg.jpg?w=600, https://abimg003.imgix.net/XGZ4335/2025-11-18/image/ae559b03-bc30-4b46-9bc9-90dbac4fc8f8_removebg.jpg?w=600, https://abimg003.imgix.net/XGZ4335/2025-11-18/image/e7bc433e-f8b7-4022-a150-4a0cab1242c4_removebg.jpg?w=600, https://abimg003.imgix.net/XGZ4335/2025-11-18/image/00bbb7d7-c332-4a62-89fa-02fff855fbab_removebg.jpg?w=600",Available,115,10:15,2025-12-02,Aston Barclay Prees Heath,17790,2022-09-16,XGZ4335,14096,True,BLACK,Hatchback,5,Petrol,manual,True,,126,Margin,0,False,Motability Operations,"Service print 09/23- 4k, 09/24- 8k",,2,09/24,8k,3,13300,6,15695,12050,,16030,12596,AA,2025-11-18,VXKUSHNSKNW058204,,,VAUXHALL,MOKKA HATCHBACK,11.99,,Hatchback,manual,,,5,2022-09-16,1,https://abimg002.imgix.net/5d048242-9762-456b-8e36-5f7741ec28ba.pdf,https://abimg002.imgix.net/682777a5-165d-490f-84d2-52195b66ad55.pdf,"NSF: 2.0, OSF: 2.0, OSR: 5.0, NSR: 5.0",,"Leather or substitute, Air con, Sat nav","https://abimg003.imgix.net/XGZ4335/2025-11-18/damage/ba1175c0-f377-4153-9efd-d9631f36e90b_1.jpg?w=600, https://abimg003.imgix.net/XGZ4335/2025-11-18/damage/5394863a-a38e-451e-a2c0-8f7f13df885b_1.jpg?w=600, https://abimg003.imgix.net/XGZ4335/2025-11-18/damage/5394863a-a38e-451e-a2c0-8f7f13df885b_2.jpg?w=600, https://abimg003.imgix.net/XGZ4335/2025-11-18/damage/d867d68b-c4da-44e9-a476-149b2b5ea611_1.jpg?w=600, https://abimg003.imgix.net/XGZ4335/2025-11-18/damage/1a54ec56-95b9-4ce5-a1e6-7cb8e164f605_1.jpg?w=600, https://abimg003.imgix.net/XGZ4335/2025-11-18/damage/3a1d74e3-c74c-4068-a591-5fcaf3d7c114_1.jpg?w=600, https://abimg003.imgix.net/XGZ4335/2025-11-18/damage/e005ff65-6c3b-4a8e-bfdf-114d23a9a22f_1.jpg?w=600, https://abimg003.imgix.net/XGZ4335/2025-11-18/damage/8da5878f-a4f2-4372-b7b2-7457bb13ee29_1.jpg?w=600, https://abimg003.imgix.net/XGZ4335/2025-11-18/damage/ec590cd8-ab3f-4e63-bebc-7f106151eb25_1.jpg?w=600, https://abimg003.imgix.net/XGZ4335/2025-11-18/damage/ec590cd8-ab3f-4e63-bebc-7f106151eb25_2.jpg?w=600, https://abimg003.imgix.net/XGZ4335/2025-11-18/damage/5b36609e-16ff-444a-bfd2-c5e3700cd924_1.jpg?w=600, https://abimg003.imgix.net/XGZ4335/2025-11-18/damage/874dc997-b14f-4852-a248-e7bcd882f093_1.jpg?w=600, https://abimg003.imgix.net/XGZ4335/2025-11-18/damage/034b9595-86d1-43f3-9368-155a8133f898_1.jpg?w=600, https://abimg003.imgix.net/XGZ4335/2025-11-18/damage/117736d5-8488-4eb2-980f-50faca73d7af_1.jpg?w=600, https://abimg003.imgix.net/XGZ4335/2025-11-18/damage/c386ec86-a9db-48b9-8c3c-cc6bc4e37d28_1.jpg?w=600, https://abimg003.imgix.net/XGZ4335/2025-11-18/damage/e5fff59f-523d-47c3-9dc5-7845b333da16_1.jpg?w=600",Door nsr – Scratched UpTo 25mm Thru Paint; Bumper Front – Scratched Over 100mm Thru Paint; Headrest Assy Rear Seat ns – Missing Replace; Tailgate Pad – Scuffed Over 25mm; Qtr Panel osr – Dented Between 10mm + 30mm; Tailgate – Dented Between 10mm + 30mm; Door Pad osr – Scuffed Over 25mm; Bumper Rear – Scratched Over 100mm Thru Paint; Door osf – Dented Over 30mm; Bonnet – Scratched UpTo 25mm Thru Paint; Roof – Dented Between 10mm + 30mm; Wheel nsf – Scratched Over 50mm; Door nsf – Dented Between 10mm + 30mm; Wheel osr – Corroded Light; Shelfload Cover Rear – Missing Replace,2022
TOYOTA PROACE VERSO DIESEL ESTATE,Aston Barclay Prees Heath,2.0D 180 Family Medium 5dr Auto,"https://abimg003.imgix.net/EN67WTZ/2025-11-25/image/a840cf99-5d9e-409e-bb03-82d77ff240ac_removebg.jpg?w=600, https://abimg003.imgix.net/EN67WTZ/2025-11-25/image/d79e7f48-9277-42a7-9fa3-36b718af2b53_removebg.jpg?w=600, https://abimg003.imgix.net/EN67WTZ/2025-11-25/image/10cb6eca-478d-4019-a813-755738ba1b09_removebg.jpg?w=600, https://abimg003.imgix.net/EN67WTZ/2025-11-25/image/937509df-2ca1-4e9f-8664-1a2b7c1875d7_removebg.jpg?w=600, https://abimg003.imgix.net/EN67WTZ/2025-11-25/image/00804641-8af9-481e-8029-cb8c776e395b_removebg.jpg?w=600, https://abimg003.imgix.net/EN67WTZ/2025-11-25/image/23f2626d-76c9-4ea4-b300-0ac95dfea582_removebg.jpg?w=600, https://abimg003.imgix.net/EN67WTZ/2025-11-25/image/27f336f2-2869-46c5-b539-86a259c09a7c_removebg.jpg?w=600, https://abimg003.imgix.net/EN67WTZ/2025-11-25/image/d39fb8a4-f765-4029-98bb-08d41d9c8efe_removebg.jpg?w=600, https://abimg003.imgix.net/EN67WTZ/2025-11-25/image/b9daea54-cc74-49ea-abe2-b4a472e7f038_removebg.jpg?w=600, https://abimg003.imgix.net/EN67WTZ/2025-11-25/image/5b3fc57c-0ca3-4a38-b407-24233699303d_removebg.jpg?w=600, https://abimg003.imgix.net/EN67WTZ/2025-11-25/image/7506a738-61fd-4a25-af2e-b150d8f7e6ae_removebg.jpg?w=600, https://abimg003.imgix.net/EN67WTZ/2025-11-25/image/4d611b39-adbf-4ef5-8338-9cfb857bf07b_removebg.jpg?w=600, https://abimg003.imgix.net/EN67WTZ/2025-11-25/image/1efe40c8-6211-45ac-8457-955fd1505a87_removebg.jpg?w=600, https://abimg003.imgix.net/EN67WTZ/2025-11-25/image/a11728a7-1829-45eb-8c6a-b6283d3a154a_removebg.jpg?w=600, https://abimg003.imgix.net/EN67WTZ/2025-11-25/image/5195dcd8-a218-4983-aebd-8a382dc930d7_removebg.jpg?w=600, https://abimg003.imgix.net/EN67WTZ/2025-11-25/image/084703de-4a1e-463e-835f-06d1b78a8643_removebg.jpg?w=600, https://abimg003.imgix.net/EN67WTZ/2025-11-25/image/f88427fe-b4ff-40af-bf1a-bc07cc248133_removebg.jpg?w=600, https://abimg003.imgix.net/EN67WTZ/2025-11-25/image/b1c4d83e-c89a-4299-adac-22e0aae98302_removebg.jpg?w=600, https://abimg003.imgix.net/EN67WTZ/2025-11-25/image/dd4c181a-cf9d-4785-9ca8-5540809005ca_removebg.jpg?w=600",Available,116,10:15,2025-12-02,Aston Barclay Prees Heath,17790,2018-01-29,EN67WTZ,73852,True,WHITE,Estate,5,Diesel,automatic,True,2026-02-10,151,Margin,0,False,Motability Operations,"Service print 10/19- 20k, 10/20- 31k, 01/22- 40k, 01/23- 48k","ADAPTIONS REMOVED - STEERING AID AND HAND CONTROLS - vosa - 32k, 40k, 48k, 59k, 66k",4,01/23,48k,5,14600,6,17095,13500,,,,AA,2025-11-25,YARVEAHHWGZ096290,,,TOYOTA,PROACE VERSO DIESEL ESTATE,19.97,,Estate,automatic,,,8,2018-01-29,1,https://abimg002.imgix.net/8494588b-9fa0-4fed-b91d-c7744fc01239.pdf,https://abimg002.imgix.net/8eab568e-41c9-4635-862a-f7648a54daa6.pdf,"NSF: 5.0, OSF: 5.0, OSR: 5.0, NSR: 5.0",,"Air con, Sat nav","https://abimg003.imgix.net/EN67WTZ/2025-11-25/damage/0b170bc5-ac61-4b7c-bf03-a6641381ecc4_1.jpg?w=600, https://abimg003.imgix.net/EN67WTZ/2025-11-25/damage/be5cd3b0-c5d9-4f9e-a089-4831141dfc3a_1.jpg?w=600, https://abimg003.imgix.net/EN67WTZ/2025-11-25/damage/be5cd3b0-c5d9-4f9e-a089-4831141dfc3a_2.jpg?w=600, https://abimg003.imgix.net/EN67WTZ/2025-11-25/damage/cd74f518-897f-4a04-aa1d-cfa41acc2730_1.jpg?w=600, https://abimg003.imgix.net/EN67WTZ/2025-11-25/damage/587488c8-3234-4318-a734-f26d1ff82c40_1.jpg?w=600, https://abimg003.imgix.net/EN67WTZ/2025-11-25/damage/7adc070c-03d6-4ce6-908e-186be173db1c_1.jpg?w=600, https://abimg003.imgix.net/EN67WTZ/2025-11-25/damage/108c2ada-8d4a-4272-a21e-95d7d0d3947f_1.jpg?w=600, https://abimg003.imgix.net/EN67WTZ/2025-11-25/damage/f7e8a3d4-82e3-478e-8c1a-6e270817a835_1.jpg?w=600, https://abimg003.imgix.net/EN67WTZ/2025-11-25/damage/c2484cb3-387d-4f89-9412-f82e6e535e05_1.jpg?w=600, https://abimg003.imgix.net/EN67WTZ/2025-11-25/damage/ffd36be1-890c-4284-b1ab-b8ab9e27b257_1.jpg?w=600, https://abimg003.imgix.net/EN67WTZ/2025-11-25/damage/ffd36be1-890c-4284-b1ab-b8ab9e27b257_2.jpg?w=600, https://abimg003.imgix.net/EN67WTZ/2025-11-25/damage/e32889d4-931c-449a-950b-f2243dda0def_1.jpg?w=600, https://abimg003.imgix.net/EN67WTZ/2025-11-25/damage/17de5763-e3e6-41db-8a59-3a01c9cc9319_1.jpg?w=600, https://abimg003.imgix.net/EN67WTZ/2025-11-25/damage/78208cbf-93e2-4bd3-bad6-2ee3e7698f31_1.jpg?w=600, https://abimg003.imgix.net/EN67WTZ/2025-11-25/damage/33366c23-277d-46be-91c7-6dd517d199f2_1.jpg?w=600, https://abimg003.imgix.net/EN67WTZ/2025-11-25/damage/33366c23-277d-46be-91c7-6dd517d199f2_2.jpg?w=600, https://abimg003.imgix.net/EN67WTZ/2025-11-25/damage/7b4ac848-3ad0-4d06-b91e-35445dff2da5_1.jpg?w=600, https://abimg003.imgix.net/EN67WTZ/2025-11-25/damage/9708d642-7beb-4a65-8ab7-7d1978c9a407_1.jpg?w=600, https://abimg003.imgix.net/EN67WTZ/2025-11-25/damage/9708d642-7beb-4a65-8ab7-7d1978c9a407_2.jpg?w=600, https://abimg003.imgix.net/EN67WTZ/2025-11-25/damage/9708d642-7beb-4a65-8ab7-7d1978c9a407_3.jpg?w=600, https://abimg003.imgix.net/EN67WTZ/2025-11-25/damage/9708d642-7beb-4a65-8ab7-7d1978c9a407_4.jpg?w=600, https://abimg003.imgix.net/EN67WTZ/2025-11-25/damage/805e0d85-b96e-43b8-8d63-6ec6b2107cb0_1.jpg?w=600, https://abimg003.imgix.net/EN67WTZ/2025-11-25/damage/270dfdbc-aee0-489c-8c96-75c11dbd26ba_1.jpg?w=600, https://abimg003.imgix.net/EN67WTZ/2025-11-25/damage/debe2a22-0121-47f2-9768-5d5ca3d8ab9b_1.jpg?w=600, https://abimg003.imgix.net/EN67WTZ/2025-11-25/damage/46989b94-34ca-4b48-a38d-69912d153e55_1.jpg?w=600, https://abimg003.imgix.net/EN67WTZ/2025-11-25/damage/a750b5fd-4949-4da5-9286-080884acb56e_1.jpg?w=600, https://abimg003.imgix.net/EN67WTZ/2025-11-25/damage/32cae444-5557-461a-80f5-029fb9056445_1.jpg?w=600, https://abimg003.imgix.net/EN67WTZ/2025-11-25/damage/532dcafa-3676-435a-8aa0-9e56b5add82c_1.jpg?w=600, https://abimg003.imgix.net/EN67WTZ/2025-11-25/damage/bacbc8ca-75f6-4325-ae61-4c3f8d7db90e_1.jpg?w=600, https://abimg003.imgix.net/EN67WTZ/2025-11-25/damage/935005b7-1f1b-4d28-8fcc-ed509d5f1f88_1.jpg?w=600, https://abimg003.imgix.net/EN67WTZ/2025-11-25/damage/c7b95c03-4418-431b-83b5-b0b78dba6333_1.jpg?w=600, https://abimg003.imgix.net/EN67WTZ/2025-11-25/damage/6dd5d377-f41e-4108-8b9c-ef229c83c7f7_1.jpg?w=600, https://abimg003.imgix.net/EN67WTZ/2025-11-25/damage/52ac7e68-6920-4972-8158-cbc64cfeb528_1.jpg?w=600, https://abimg003.imgix.net/EN67WTZ/2025-11-25/damage/5e762569-cb24-4774-8a8c-de8dc12efc1b_1.jpg?w=600, https://abimg003.imgix.net/EN67WTZ/2025-11-25/damage/209d946f-5a1e-4f05-ab1d-b461be596568_1.jpg?w=600",Switches And Controls – Broken Replace; Bumper Front – Dented With Paint Damage; Sill os – Dented With Paint Damage; Steering Wheel – Damaged Replace; Qtr Panel nsr – Dented Over 30mm; Qtr Panel osr – Dented Over 30mm; Bumper Rear – Scratched Over 100mm Thru Paint; Wheel osf – Scratched Over 50mm; Fascia Trim – Damaged Replace; Wheel nsf – Scratched Over 50mm; Wing nsf – Scratched Over 25mm Thru Paint; Wing osf – Dented Over 30mm; Carpets Front – Soiled Heavy; Door nsr – Dented Over 30mm; Rear Panel Trim Int – Scuffed Over 25mm; Sill ns – Scratched Over 25mm Thru Paint; Door osr – Dented Over 30mm; Tailgate Pad – Scuffed Over 25mm; Screen Front – Cracked Replace; Tailgate – Dented Over 30mm; Air Vents osf – Damaged Replace; Air Vents osf – Damaged Replace; Door osf – Dented Over 30mm; Seat Back Cover nsr – Scuffed Over 25mm; Door Mirror Assy nsf – Scratched (Painted) Over 25mm Thru Paint; Roof Lining – Soiled Light; Door nsf – Dented Over 30mm; Wheel nsr – Scratched Over 50mm; General Interior – Soiled Light,2018
NISSAN QASHQAI HATCHBACK,Aston Barclay Prees Heath,1.3 DiG-T MH N-Connecta [Glass Roof] 5dr,"https://abimg003.imgix.net/WD73XNB/2025-11-26/image/55714071-13d9-440c-85ff-378a403c40e4_removebg.jpg?w=600, https://abimg003.imgix.net/WD73XNB/2025-11-26/image/1f2ce4ea-f7b5-4524-90fc-08734edfcabc_removebg.jpg?w=600, https://abimg003.imgix.net/WD73XNB/2025-11-26/image/bcbd6777-c8e5-436c-8daf-cd40293f06e8_removebg.jpg?w=600, https://abimg003.imgix.net/WD73XNB/2025-11-26/image/534ebb7d-e01b-4671-af92-7a5acc175de8_removebg.jpg?w=600, https://abimg003.imgix.net/WD73XNB/2025-11-26/image/3f92bd27-d7e9-4ae0-87f3-3e55540bccb8_removebg.jpg?w=600, https://abimg003.imgix.net/WD73XNB/2025-11-26/image/25c87418-f6f9-4454-8d41-78818b20d466_removebg.jpg?w=600, https://abimg003.imgix.net/WD73XNB/2025-11-26/image/1c9a5e25-24cc-435f-8711-20b1679fbf2e_removebg.jpg?w=600, https://abimg003.imgix.net/WD73XNB/2025-11-26/image/b0d6b1c3-b5f0-4a01-8e86-7e7899400503_removebg.jpg?w=600, https://abimg003.imgix.net/WD73XNB/2025-11-26/image/2cd16db6-380c-452b-b2db-3dac39bbc874_removebg.jpg?w=600, https://abimg003.imgix.net/WD73XNB/2025-11-26/image/3b3d9eb4-6b66-435b-beb0-63ef1d1df93d_removebg.jpg?w=600",Available,117,10:15,2025-12-02,Aston Barclay Prees Heath,17790,2024-02-23,WD73XNB,10565,True,BLUE,Hatchback,5,Petrol,manual,False,,145,Margin,0,False,Motability Operations,,spare key,,,,2,16600,6,18995,15250,,19064,15397,AA,2025-11-26,SJNTAAJ12U1434931,,,NISSAN,QASHQAI HATCHBACK,13.32,,Hatchback,manual,,,5,2024-02-23,2,https://abimg002.imgix.net/ff1b8c12-4eb1-4aff-b2e6-945cedc20881.pdf,https://abimg002.imgix.net/d641bf84-8a4c-4e16-b35f-48155d4fba03.pdf,"NSF: 5.0, OSF: 5.0, OSR: 5.0, NSR: 5.0",,"Panoramic roof, Air con, Sat nav","https://abimg003.imgix.net/WD73XNB/2025-11-26/damage/904037ac-41db-446a-99c3-530424e884b0_1.jpg?w=600, https://abimg003.imgix.net/WD73XNB/2025-11-26/damage/231bdec7-4119-4107-a153-4e615a0659f5_1.jpg?w=600, https://abimg003.imgix.net/WD73XNB/2025-11-26/damage/231bdec7-4119-4107-a153-4e615a0659f5_2.jpg?w=600, https://abimg003.imgix.net/WD73XNB/2025-11-26/damage/18a5c60e-f453-4286-9082-501b4aed4890_1.jpg?w=600, https://abimg003.imgix.net/WD73XNB/2025-11-26/damage/2aeec0bb-3ae0-44c4-a56f-cbfbe705e1ee_1.jpg?w=600, https://abimg003.imgix.net/WD73XNB/2025-11-26/damage/f4a0ee9f-9eb8-43a0-b03b-322a74f3cd41_1.jpg?w=600, https://abimg003.imgix.net/WD73XNB/2025-11-26/damage/8cab211a-d990-490c-b841-5116c064fd03_1.jpg?w=600",Door Mirror Assy nsf – Scratched (Painted) Over 25mm Thru Paint; Rear Panel Trim Int – Scuffed UpTo 25mm; Door Mirror Assy osf – Scratched (Painted) UpTo 25mm Thru Paint; Tailgate Pad – Scuffed UpTo 25mm; Door Moulding nsr – Scuffed (Unpainted) Over 100mm; Bumper Rear – Dented With Paint Damage; General Interior – Soiled Light,2024
VAUXHALL CORSA HATCHBACK,Aston Barclay Prees Heath,1.2 Turbo 130 Ultimate 5dr Auto,"https://abimg003.imgix.net/DS74RHY/2025-11-24/image/2ca58ece-afe0-485d-ac97-af3c9b026f13_removebg.jpg?w=600, https://abimg003.imgix.net/DS74RHY/2025-11-24/image/99c18d02-da47-46f7-aac3-83384b2d4fb7_removebg.jpg?w=600, https://abimg003.imgix.net/DS74RHY/2025-11-24/image/73c97441-f3f4-4ca2-939b-008877fcc8d0_removebg.jpg?w=600, https://abimg003.imgix.net/DS74RHY/2025-11-24/image/25ac10c1-0787-43e7-95f9-39c695a07512_removebg.jpg?w=600, https://abimg003.imgix.net/DS74RHY/2025-11-24/image/c32dd8c6-eec7-4e98-a509-790dc9a77a5e_removebg.jpg?w=600, https://abimg003.imgix.net/DS74RHY/2025-11-24/image/96592070-3676-4dbe-b028-9c022da49841_removebg.jpg?w=600, https://abimg003.imgix.net/DS74RHY/2025-11-24/image/299aaef9-40f7-45f3-b9b9-8ca97aff5ee7_removebg.jpg?w=600, https://abimg003.imgix.net/DS74RHY/2025-11-24/image/530203c9-5b03-4d77-9f4b-81abd8977b2b_removebg.jpg?w=600, https://abimg003.imgix.net/DS74RHY/2025-11-24/image/9e4aa9b0-2153-42ea-8b46-f1fe61dc4b24_removebg.jpg?w=600, https://abimg003.imgix.net/DS74RHY/2025-11-24/image/9ee90b2c-63c9-4027-8f08-6d7c26079560_removebg.jpg?w=600, https://abimg003.imgix.net/DS74RHY/2025-11-24/image/df91c02b-d375-445f-b5df-c5e1efe154dc_removebg.jpg?w=600, https://abimg003.imgix.net/DS74RHY/2025-11-24/image/610bfb49-e5fd-4c08-b03a-992d065b542b_removebg.jpg?w=600, https://abimg003.imgix.net/DS74RHY/2025-11-24/image/e82ff555-50a1-47ed-bed9-c7566e8b5be5_removebg.jpg?w=600, https://abimg003.imgix.net/DS74RHY/2025-11-24/image/6e850e1d-9de3-4ca4-a316-c300b428d36f_removebg.jpg?w=600",Available,118,10:15,2025-12-02,Aston Barclay Prees Heath,17790,2024-11-08,DS74RHY,14669,True,RED,Hatchback,5,Petrol,automatic,True,,129,Margin,0,False,Motability Operations,Service print and book 05/25- 9k,spare key,1,05/25,9k,4,15850,6,17895,14700,,18414,14774,AA,2025-11-24,VXKUPHNS6R4291936,,,VAUXHALL,CORSA HATCHBACK,11.99,,Hatchback,automatic,,,5,2024-11-08,2,https://abimg002.imgix.net/4164e9d1-7b03-452c-909f-9a922fc23264.pdf,https://abimg002.imgix.net/9214fb09-0fa2-4a4c-98c6-e24c77c58074.pdf,"NSF: 5.0, OSF: 5.0, OSR: 5.0, NSR: 5.0",,"Leather or substitute, Air con, Sat nav","https://abimg003.imgix.net/DS74RHY/2025-11-24/damage/4beb7a5b-1bf2-493c-8dc5-a91e5571c43c_1.jpg?w=600, https://abimg003.imgix.net/DS74RHY/2025-11-24/damage/037ed779-030b-4c12-b95b-32656138805c_1.jpg?w=600, https://abimg003.imgix.net/DS74RHY/2025-11-24/damage/bd6a3fb4-02ab-40e5-b836-afa30381d032_1.jpg?w=600, https://abimg003.imgix.net/DS74RHY/2025-11-24/damage/0087eac1-287f-4261-a013-af301602cc83_1.jpg?w=600, https://abimg003.imgix.net/DS74RHY/2025-11-24/damage/ee9dcac9-abbe-4111-bb4a-3716d8f7e1a3_1.jpg?w=600, https://abimg003.imgix.net/DS74RHY/2025-11-24/damage/d092e5e4-48b0-4e3d-b3b9-10051dc4e34a_1.jpg?w=600, https://abimg003.imgix.net/DS74RHY/2025-11-24/damage/d7c6476f-6a49-4a29-95dd-f9cd3e51d3ba_1.jpg?w=600, https://abimg003.imgix.net/DS74RHY/2025-11-24/damage/6eac21a8-2256-40d9-bc2b-c3b73766014a_1.jpg?w=600, https://abimg003.imgix.net/DS74RHY/2025-11-24/damage/791aea3d-8da4-4aaf-b891-0888366c0d66_1.jpg?w=600, https://abimg003.imgix.net/DS74RHY/2025-11-24/damage/0121f401-1b24-4f33-8825-2ab2616f5554_1.jpg?w=600, https://abimg003.imgix.net/DS74RHY/2025-11-24/damage/47a9b9f9-6fbd-4cd8-ad9a-54a66ac92094_1.jpg?w=600, https://abimg003.imgix.net/DS74RHY/2025-11-24/damage/33ab5e2b-5818-409f-bb48-0ffe6834359c_1.jpg?w=600, https://abimg003.imgix.net/DS74RHY/2025-11-24/damage/e95b4de2-95b6-4713-9540-c0edd3ce5b81_1.jpg?w=600, https://abimg003.imgix.net/DS74RHY/2025-11-24/damage/1d3a4a21-c838-4ecd-9927-2828177b9896_1.jpg?w=600",Door nsr – Poor Previous Repair Rippled UpTo 30%; Bumper Front – Scratched 25 to 100mm Thru Paint; Door osr – Poor Previous Repair Rippled UpTo 30%; Qtr Panel nsr – Dented Over 30mm; Qtr Panel osr – Dented Between 10mm + 30mm; Tailgate – Dented Between 10mm + 30mm; Bumper Rear – Scratched Over 100mm Thru Paint; Door Pad nsr – Scuffed Over 25mm; Bonnet – Scratched UpTo 25mm Thru Paint; Wheel nsf – Scratched Over 50mm; Door nsf – Dented Between 10mm + 30mm; Grille Front – Scratched (Painted) UpTo 25mm Thru Paint; Wheel osr – Scratched Over 50mm; Wheel nsr – Scratched Over 50mm,2024
FORD FOCUS HATCHBACK,Aston Barclay Prees Heath,1.0 EcoBoost 125 ST-Line X Edition 5dr Auto,"https://abimg003.imgix.net/YC70MKA/2025-11-17/image/4aaf1d0b-6296-4abd-9930-46d7822c103a_removebg.jpg?w=600, https://abimg003.imgix.net/YC70MKA/2025-11-17/image/bff82c81-09d1-49a4-ba63-6fba0bb3cd21_removebg.jpg?w=600, https://abimg003.imgix.net/YC70MKA/2025-11-17/image/f9cd9642-3865-4424-9928-7dc56940f052_removebg.jpg?w=600, https://abimg003.imgix.net/YC70MKA/2025-11-17/image/df7f2e9e-c7c6-405f-ade0-fbd5abe25f9b_removebg.jpg?w=600, https://abimg003.imgix.net/YC70MKA/2025-11-17/image/453051c4-5cfe-4a0b-b197-a1a91d69b593_removebg.jpg?w=600, https://abimg003.imgix.net/YC70MKA/2025-11-17/image/ab184270-c51b-4d71-b9d8-794b5c6bd50e_removebg.jpg?w=600, https://abimg003.imgix.net/YC70MKA/2025-11-17/image/f276f65c-ba33-4db6-b2fa-6802799d5204_removebg.jpg?w=600, https://abimg003.imgix.net/YC70MKA/2025-11-17/image/eb94a389-d2ad-4c7a-8248-12b50aa555a8_removebg.jpg?w=600, https://abimg003.imgix.net/YC70MKA/2025-11-17/image/91d022da-a246-4ff1-9d32-9816f051341c_removebg.jpg?w=600, https://abimg003.imgix.net/YC70MKA/2025-11-17/image/5c2d3bde-6841-4033-acb3-7addf87e33fa_removebg.jpg?w=600, https://abimg003.imgix.net/YC70MKA/2025-11-17/image/d16e5e73-6de5-4707-af95-8cbf0057aa5c_removebg.jpg?w=600, https://abimg003.imgix.net/YC70MKA/2025-11-17/image/4766af73-c815-4cd8-b8ce-74aa617436f4_removebg.jpg?w=600, https://abimg003.imgix.net/YC70MKA/2025-11-17/image/65d08696-a6de-4a62-a0d0-94d4afb39747_removebg.jpg?w=600",Available,119,10:15,2025-12-02,Aston Barclay Prees Heath,17790,2020-09-29,YC70MKA,41175,True,GREY,Hatchback,5,Petrol,automatic,False,2026-06-09,140,Margin,0,False,Motability Operations,"Service print 09/22- 12k, 06/24- 27k","vosa - 19k, 28k, 36k",2,06/24,27k,5,10900,6,13095,9850,,13652,10656,AA,2025-11-17,WF0NXXGCHNLK06680,,,FORD,FOCUS HATCHBACK,9.99,,Hatchback,automatic,,,5,2020-09-29,1,https://abimg002.imgix.net/8baefb8b-099e-48cf-807d-491813cb4f93.pdf,https://abimg002.imgix.net/07e566e5-2ef6-4733-b67d-be3257c4c98b.pdf,"NSF: 5.0, OSF: 4.0, OSR: 5.0, NSR: 5.0",,"Leather or substitute, Air con, Sat nav","https://abimg003.imgix.net/YC70MKA/2025-11-17/damage/123912cd-052d-42ed-9894-648b9da01657_1.jpg?w=600, https://abimg003.imgix.net/YC70MKA/2025-11-17/damage/d20474a5-aecd-4488-967f-cbf1258801ed_1.jpg?w=600, https://abimg003.imgix.net/YC70MKA/2025-11-17/damage/f0fcfffc-3c06-4ca0-aad6-2664877a88dd_1.jpg?w=600, https://abimg003.imgix.net/YC70MKA/2025-11-17/damage/794d6c89-1910-4382-b896-85cab16f29c4_1.jpg?w=600, https://abimg003.imgix.net/YC70MKA/2025-11-17/damage/3b1ce9d1-0a18-454c-9efb-7d853783f64a_1.jpg?w=600, https://abimg003.imgix.net/YC70MKA/2025-11-17/damage/1c00082a-403e-4f65-8af2-c5e91047ca31_1.jpg?w=600, https://abimg003.imgix.net/YC70MKA/2025-11-17/damage/d9eff07f-2ed9-43db-99c7-b18ee1fd6d90_1.jpg?w=600, https://abimg003.imgix.net/YC70MKA/2025-11-17/damage/fc0ba06a-ed78-4721-8d86-49c971f3caa1_1.jpg?w=600, https://abimg003.imgix.net/YC70MKA/2025-11-17/damage/5be952cf-0b0a-4b47-b847-6cb00a7c0eba_1.jpg?w=600, https://abimg003.imgix.net/YC70MKA/2025-11-17/damage/6a32437a-fccb-47cc-b9c5-4ee937cf3c9c_1.jpg?w=600, https://abimg003.imgix.net/YC70MKA/2025-11-17/damage/c7b2bc1e-a662-43a0-bcce-62239941a083_1.jpg?w=600, https://abimg003.imgix.net/YC70MKA/2025-11-17/damage/3794802a-0685-4fc9-a821-5b8c28e5876f_1.jpg?w=600, https://abimg003.imgix.net/YC70MKA/2025-11-17/damage/69e5c119-329c-4c2a-b700-78f76040a521_1.jpg?w=600, https://abimg003.imgix.net/YC70MKA/2025-11-17/damage/7c53ac48-1099-4cfa-b6a7-b0cb94df58fc_1.jpg?w=600, https://abimg003.imgix.net/YC70MKA/2025-11-17/damage/d91e5b37-470f-4e8a-a011-4f86fe6e3a9a_1.jpg?w=600, https://abimg003.imgix.net/YC70MKA/2025-11-17/damage/b296b4f5-230e-4b36-a176-57e3e888af2b_1.jpg?w=600",Door nsr – Dented Over 30mm; Bumper Front – Dented With Paint Damage; Sill os – Scratched Over 25mm Thru Paint; Sill ns – Scratched Over 25mm Thru Paint; Door osr – Scratched UpTo 25mm Thru Paint; Tailgate Pad – Scuffed UpTo 25mm; Qtr Panel nsr – Scratched UpTo 25mm Thru Paint; Tailgate – Dented Over 30mm; Bumper Rear – Dented Over 30mm; Door osf – Dented With Paint Damage; Bonnet – Dented Over 30mm; Wheel osf – Scratched Up To 50mm; Wheel nsf – Scratched Over 50mm; Wheel Trim osr – Scratched Up To 50mm; Wing nsf – Dented Over 30mm; Wheel nsr – Scratched Over 50mm,2020
SKODA KAMIQ HATCHBACK,Aston Barclay Prees Heath,1.0 TSI 110 SE Drive 5dr,"https://abimg003.imgix.net/DU73CMZ/2025-11-26/image/a54dabc4-eff4-4e47-8408-bf1ae8d3a85f_removebg.jpg?w=600, https://abimg003.imgix.net/DU73CMZ/2025-11-26/image/fd200abe-282a-4a7d-900c-88d10cabdc70_removebg.jpg?w=600, https://abimg003.imgix.net/DU73CMZ/2025-11-26/image/64e69bd4-71e5-4400-8d84-d39a034787ee_removebg.jpg?w=600, https://abimg003.imgix.net/DU73CMZ/2025-11-26/image/c8b2353e-a4f3-4f73-9c05-0dc534823d26_removebg.jpg?w=600, https://abimg003.imgix.net/DU73CMZ/2025-11-26/image/438e69d4-36e7-45d8-a3cb-815e92517a21_removebg.jpg?w=600, https://abimg003.imgix.net/DU73CMZ/2025-11-26/image/3409f5c4-304b-492c-a151-79e8dc7f1aca_removebg.jpg?w=600, https://abimg003.imgix.net/DU73CMZ/2025-11-26/image/16c1e19a-9933-4212-9137-c88c0b42ad34_removebg.jpg?w=600",Available,120,10:15,2025-12-02,Aston Barclay Prees Heath,17790,2023-09-19,DU73CMZ,1029,True,BLACK,Hatchback,5,Petrol,manual,False,,125,Margin,0,False,Motability Operations,Service print 09/25- 975 miles,SPARE KEY IN OFFICE,1,09/25,975,3,15000,6,17395,13750,,17319,14104,AA,2025-11-26,TMBHR6NW3P3175134,,,SKODA,KAMIQ HATCHBACK,9.99,,Hatchback,manual,,,5,2023-09-19,2,https://abimg002.imgix.net/b7d592b0-4a5d-4ce4-950d-d524571d866e.pdf,https://abimg002.imgix.net/4c9aed5f-4b29-4860-9cc4-c2361b308c9d.pdf,"NSF: 6.0, OSF: 6.0, OSR: 6.0, NSR: 6.0",,"Air con, Sat nav","https://abimg003.imgix.net/DU73CMZ/2025-11-26/damage/f1c7048d-49f4-49fe-89fa-d85ea204df60_1.jpg?w=600, https://abimg003.imgix.net/DU73CMZ/2025-11-26/damage/db8ea791-da1a-4bc2-ba8e-ea4ed7287590_1.jpg?w=600, https://abimg003.imgix.net/DU73CMZ/2025-11-26/damage/b56c0c1b-a234-404b-b208-7272f6d2589c_1.jpg?w=600",Door nsr – Dented With Paint Damage; Bumper Front – Scratched 25 to 100mm Thru Paint; Qtr Panel nsr – Dented With Paint Damage,2023
TOYOTA COROLLA HATCHBACK,Aston Barclay Prees Heath,1.8 VVT-i Hybrid Icon 5dr CVT,"https://abimg003.imgix.net/DA72AYW/2025-11-26/image/eda0a31a-81bf-4e3a-903b-d779a1a0b046_removebg.jpg?w=600, https://abimg003.imgix.net/DA72AYW/2025-11-26/image/6a91ea43-d5d9-474f-9533-28be555117ff_removebg.jpg?w=600, https://abimg003.imgix.net/DA72AYW/2025-11-26/image/0cfc82f4-0e15-41bd-bb79-052ea3d8b151_removebg.jpg?w=600, https://abimg003.imgix.net/DA72AYW/2025-11-26/image/435a4400-a4a6-46b9-984c-5876e0efa644_removebg.jpg?w=600, https://abimg003.imgix.net/DA72AYW/2025-11-26/image/839bc31b-3878-4184-a525-523c36ada4ac_removebg.jpg?w=600, https://abimg003.imgix.net/DA72AYW/2025-11-26/image/3090b6ab-4c6e-4fe8-8858-899e3e2fa7b6_removebg.jpg?w=600, https://abimg003.imgix.net/DA72AYW/2025-11-26/image/4862ec7e-40fd-4fec-acce-9c75a8de9d46_removebg.jpg?w=600",Available,121,10:15,2025-12-02,Aston Barclay Prees Heath,17790,2022-10-26,DA72AYW,41459,True,GREY,Hatchback,5,Petrol/Electric Hybrid,automatic,True,,102,Margin,0,False,Motability Operations,"Service print and book 10/23- 15k, 11/24- 30k",spare key,2,11/24,30k,5,13650,6,15895,12500,,16224,13753,AA EV/Hybrid,2025-11-26,SB1K93BE50E342642,,,TOYOTA,COROLLA HATCHBACK,17.98,,Hatchback,automatic,,,5,2022-10-26,2,https://abimg002.imgix.net/3726ce42-cdd7-4901-97e7-82e29142de2d.pdf,https://abimg002.imgix.net/5a670206-2914-4e5c-a3ba-6895f0f43309.pdf,"NSF: 2.0, OSF: 2.0, OSR: 4.0, NSR: 4.0",,"Heated seats, Air con","https://abimg003.imgix.net/DA72AYW/2025-11-26/damage/5c898bf2-3420-466d-bd23-67355be23220_1.jpg?w=600, https://abimg003.imgix.net/DA72AYW/2025-11-26/damage/97d5d3ca-1f99-4474-aaf8-c96b0c965533_1.jpg?w=600, https://abimg003.imgix.net/DA72AYW/2025-11-26/damage/97d5d3ca-1f99-4474-aaf8-c96b0c965533_2.jpg?w=600, https://abimg003.imgix.net/DA72AYW/2025-11-26/damage/92a2e4bc-4708-4b30-9d53-c94b728c84b9_1.jpg?w=600, https://abimg003.imgix.net/DA72AYW/2025-11-26/damage/e7b9bba3-30cf-4504-8fdf-22410d4c9d6b_1.jpg?w=600, https://abimg003.imgix.net/DA72AYW/2025-11-26/damage/2fdef311-2f37-4b6d-8ce4-ed265ff50ab0_1.jpg?w=600, https://abimg003.imgix.net/DA72AYW/2025-11-26/damage/046dd7a8-0d67-4b74-845a-6ba1d6858971_1.jpg?w=600, https://abimg003.imgix.net/DA72AYW/2025-11-26/damage/046dd7a8-0d67-4b74-845a-6ba1d6858971_2.jpg?w=600, https://abimg003.imgix.net/DA72AYW/2025-11-26/damage/046dd7a8-0d67-4b74-845a-6ba1d6858971_3.jpg?w=600, https://abimg003.imgix.net/DA72AYW/2025-11-26/damage/cb41507d-8379-4f0c-b1ec-fd22a68821af_1.jpg?w=600, https://abimg003.imgix.net/DA72AYW/2025-11-26/damage/c3e00e2b-7cc6-433b-8754-d2791adeb024_1.jpg?w=600, https://abimg003.imgix.net/DA72AYW/2025-11-26/damage/966e3195-f114-4e1e-aebd-4321e45ee308_1.jpg?w=600, https://abimg003.imgix.net/DA72AYW/2025-11-26/damage/afb2d75c-7cc8-4a50-bd78-f8e52bbc9ed4_1.jpg?w=600",Door nsr – Dented With Paint Damage; Bumper Front – Cracked Over 25mm; Sill ns – Scratched Over 25mm Thru Paint; Steering Wheel – Damaged Replace; Qtr Panel nsr – Dented With Paint Damage; Door osf – Dented 2 Or Less UpTo 10mm; Bumper Rear – Dented With Paint Damage; Wheel osf – Scratched Over 50mm; Wheel nsf – Scratched Over 50mm; Number Plate Front – Broken Replace; Number Plate Front – Broken Replace; Door nsf – Dented With Paint Damage; Bumper Front Moulding – Broken Replace; Bumper Front Moulding – Broken Replace; Tyre nsf – Damaged Replace; Wheel osr – Scratched Over 50mm; Wheel nsr – Scratched Over 50mm; General Interior – Soiled Light,2022
NISSAN JUKE HATCHBACK,Aston Barclay Prees Heath,1.6 Hybrid N-Connecta 5dr Auto,"https://abimg003.imgix.net/LM72KUB/2025-11-28/image/88863bad-9f78-49e1-8b30-f89a394d50a8_removebg.jpg?w=600, https://abimg003.imgix.net/LM72KUB/2025-11-28/image/2a7c0d50-67eb-4ace-b486-1f0ede7e0f23_removebg.jpg?w=600, https://abimg003.imgix.net/LM72KUB/2025-11-28/image/b38119d5-4e29-43f4-a224-c695aac83936_removebg.jpg?w=600, https://abimg003.imgix.net/LM72KUB/2025-11-28/image/165f08d8-ef7b-46f5-b596-7ac56c6efdea_removebg.jpg?w=600, https://abimg003.imgix.net/LM72KUB/2025-11-28/image/5219d80e-4b78-4810-8ddd-6e11c81d32f2_removebg.jpg?w=600, https://abimg003.imgix.net/LM72KUB/2025-11-28/image/9356efce-1138-4c6c-b9a8-c6de19271808_removebg.jpg?w=600, https://abimg003.imgix.net/LM72KUB/2025-11-28/image/1020b978-b130-4996-b589-964193142679_removebg.jpg?w=600, https://abimg003.imgix.net/LM72KUB/2025-11-28/image/147bbe66-00d5-4533-a1a4-c4d4bf3ddf0a_removebg.jpg?w=600",Available,122,10:15,2025-12-02,Aston Barclay Prees Heath,17790,2022-10-17,LM72KUB,10948,True,BLACK,Hatchback,5,Petrol/Electric Hybrid,automatic,False,2026-08-14,115,Margin,0,False,Motability Operations,"Service print 09/23- 2k, 08/24- 5k",vosa - 9k SPARE KEY IN OFFICE,2,08/24,5k,3,14350,6,16795,13050,,16785,13595,AA EV/Hybrid,2025-11-28,SJNFCAF16U1198508,,,NISSAN,JUKE HATCHBACK,15.98,,Hatchback,automatic,,,5,2022-10-17,2,https://abimg002.imgix.net/61c643c3-9531-4ba1-aa05-c14e1fb1e82b.pdf,https://abimg002.imgix.net/0fe0e835-00f6-4497-b4da-4c0128e30d51.pdf,"NSF: 2.0, OSF: 3.0, OSR: 4.0, NSR: 3.0",,"Leather or substitute, Air con, Sat nav","https://abimg003.imgix.net/LM72KUB/2025-11-28/damage/1f918f5a-7771-4c8b-85e8-d4b07ee0c4ca_1.jpg?w=600, https://abimg003.imgix.net/LM72KUB/2025-11-28/damage/90f03c21-91a1-4fd7-8892-32456f9fa46b_1.jpg?w=600, https://abimg003.imgix.net/LM72KUB/2025-11-28/damage/f56523b8-40cf-41bb-9cd1-7a0f2757f38a_1.jpg?w=600, https://abimg003.imgix.net/LM72KUB/2025-11-28/damage/b70ff60e-a5e6-4ca0-97b3-0e8f64327690_1.jpg?w=600",Bumper Front – Poor Previous Repair Poor Paint; Door osr – Dented 2 Or Less UpTo 10mm; Boot Lid – Dented Between 10mm + 30mm; Seat Back Cover osr – Torn Over 3mm,2022
SUZUKI SWIFT HATCHBACK,Aston Barclay Prees Heath,1.2 Mild Hybrid Ultra ALLGRIP 5dr,"https://abimg003.imgix.net/DX74MWA/2025-11-17/image/d07c5a1c-d594-44d4-af22-7eabac3f5889_removebg.jpg?w=600, https://abimg003.imgix.net/DX74MWA/2025-11-17/image/f3cabcfa-abc1-475a-a472-3fd8bff72255_removebg.jpg?w=600, https://abimg003.imgix.net/DX74MWA/2025-11-17/image/b396746a-0786-4415-a5ca-675a30a6760b_removebg.jpg?w=600, https://abimg003.imgix.net/DX74MWA/2025-11-17/image/4f0d8477-9a94-4af2-947a-cb7d44af4c9b_removebg.jpg?w=600, https://abimg003.imgix.net/DX74MWA/2025-11-17/image/f79553f7-2afa-431a-b417-07fc4f655c96_removebg.jpg?w=600, https://abimg003.imgix.net/DX74MWA/2025-11-17/image/cae9d2ac-a74e-425e-8267-67b3bbf5ac6e_removebg.jpg?w=600, https://abimg003.imgix.net/DX74MWA/2025-11-17/image/8406e724-8a94-4710-8813-d15112b95d63_removebg.jpg?w=600, https://abimg003.imgix.net/DX74MWA/2025-11-17/image/852c5044-4e8f-4f7a-a5e6-be95bf239f51_removebg.jpg?w=600",Available,123,10:15,2025-12-02,Aston Barclay Prees Heath,17790,2024-09-29,DX74MWA,6141,True,BLUE,Hatchback,5,Petrol,manual,True,,110,Margin,0,False,Motability Operations,,spare key & sd card in office,,,,4,15050,6,16795,13950,,17698,14438,AA EV/Hybrid,2025-11-17,JSAZDEDS600102661,,,SUZUKI,SWIFT HATCHBACK,11.97,,Hatchback,manual,,,5,2024-09-29,3,https://abimg002.imgix.net/2e488ae4-bc47-49c3-8c6c-93b7b1c3b499.pdf,https://abimg002.imgix.net/f4ea8eff-7c81-4126-b550-6de431731762.pdf,"NSF: 5.0, OSF: 5.0, OSR: 5.0, NSR: 5.0",,"Air con, Sat nav","https://abimg003.imgix.net/DX74MWA/2025-11-17/damage/adfa57f5-9e58-493e-aea2-2bae65684dc0_1.jpg?w=600, https://abimg003.imgix.net/DX74MWA/2025-11-17/damage/c5f2a467-57a3-40ad-990a-ac83f09a3cbf_1.jpg?w=600, https://abimg003.imgix.net/DX74MWA/2025-11-17/damage/b54e204e-765f-4481-b564-56636c7a6c04_1.jpg?w=600, https://abimg003.imgix.net/DX74MWA/2025-11-17/damage/27dad09f-eac9-48cd-b32e-c796fc6865e3_1.jpg?w=600, https://abimg003.imgix.net/DX74MWA/2025-11-17/damage/ece0a6e0-39f0-4046-a065-4a548f9c16d5_1.jpg?w=600, https://abimg003.imgix.net/DX74MWA/2025-11-17/damage/39ebd3ce-cd96-40df-ab7b-8cf225a26e05_1.jpg?w=600, https://abimg003.imgix.net/DX74MWA/2025-11-17/damage/7f013747-f3fa-4004-a6e5-8bfd5fe2cbd9_1.jpg?w=600, https://abimg003.imgix.net/DX74MWA/2025-11-17/damage/3a9fb5d7-3414-4c0b-b76b-878c0b7bf8e8_1.jpg?w=600, https://abimg003.imgix.net/DX74MWA/2025-11-17/damage/0d6272d0-8d0f-45df-84ca-5919c2386481_1.jpg?w=600, https://abimg003.imgix.net/DX74MWA/2025-11-17/damage/563a7d09-e815-456d-b300-ac5c0f86a035_1.jpg?w=600, https://abimg003.imgix.net/DX74MWA/2025-11-17/damage/af5b9b27-0d04-4fce-b721-1d7705f340b7_1.jpg?w=600, https://abimg003.imgix.net/DX74MWA/2025-11-17/damage/a69388fc-4785-4b43-b347-c20a1bba300f_1.jpg?w=600, https://abimg003.imgix.net/DX74MWA/2025-11-17/damage/09842a5a-2ba9-45e8-8add-2cff05bd1d26_1.jpg?w=600, https://abimg003.imgix.net/DX74MWA/2025-11-17/damage/256239da-bc49-45cc-ae02-92c45fd8f9ba_1.jpg?w=600, https://abimg003.imgix.net/DX74MWA/2025-11-17/damage/256239da-bc49-45cc-ae02-92c45fd8f9ba_2.jpg?w=600, https://abimg003.imgix.net/DX74MWA/2025-11-17/damage/256239da-bc49-45cc-ae02-92c45fd8f9ba_3.jpg?w=600, https://abimg003.imgix.net/DX74MWA/2025-11-17/damage/256239da-bc49-45cc-ae02-92c45fd8f9ba_4.jpg?w=600, https://abimg003.imgix.net/DX74MWA/2025-11-17/damage/256239da-bc49-45cc-ae02-92c45fd8f9ba_5.jpg?w=600, https://abimg003.imgix.net/DX74MWA/2025-11-17/damage/256239da-bc49-45cc-ae02-92c45fd8f9ba_6.jpg?w=600",Bumper Front – Scratched Over 100mm Thru Paint; Door osr – Scratched Over 25mm Thru Paint; Qtr Panel osr – Scratched Over 25mm Thru Paint; Bumper Rear – Scratched Over 100mm Thru Paint; Bonnet – Dented Over 30mm; Wheel osf – Scratched Over 50mm; Wheel nsf – Scratched Over 50mm; Door nsf – Scratched Over 25mm Thru Paint; Wing nsf – Scratched UpTo 25mm Thru Paint; Wing osf – Scratched UpTo 25mm Thru Paint; Wheel osr – Scratched Over 50mm; Wheel nsr – Scratched Over 50mm; Boot Lid – Scratched UpTo 25mm Thru Paint; General Interior – Soiled Light,2024
HYUNDAI I10 HATCHBACK,Aston Barclay Prees Heath,1.0 [63] Premium 5dr [Nav],"https://abimg003.imgix.net/CK25LYW/2025-11-28/image/020e32c5-52b4-4b84-94fc-f7f3ee33f2b7_removebg.jpg?w=600, https://abimg003.imgix.net/CK25LYW/2025-11-28/image/03d6868a-b138-4bf1-829f-91bdf3b45103_removebg.jpg?w=600, https://abimg003.imgix.net/CK25LYW/2025-11-28/image/2a84cc03-f608-44f1-9093-c17f96750a44_removebg.jpg?w=600, https://abimg003.imgix.net/CK25LYW/2025-11-28/image/53aa50e9-04fa-4d0e-9fe9-bb420b7dd1b8_removebg.jpg?w=600, https://abimg003.imgix.net/CK25LYW/2025-11-28/image/fec2e60d-a330-4dae-9355-f2501df6e524_removebg.jpg?w=600, https://abimg003.imgix.net/CK25LYW/2025-11-28/image/de3c2e83-6610-43a0-bfbe-e2bb0817efe8_removebg.jpg?w=600, https://abimg003.imgix.net/CK25LYW/2025-11-28/image/8350b827-739a-475b-99ac-c7fa81e6ce9e_removebg.jpg?w=600, https://abimg003.imgix.net/CK25LYW/2025-11-28/image/e4ad21d5-62e5-45c5-b4c7-5f82b3c58942_removebg.jpg?w=600",Available,124,10:15,2025-12-02,Aston Barclay Prees Heath,17790,2025-03-07,CK25LYW,13951,True,GREEN,Hatchback,5,Petrol,manual,False,,119,Margin,0,False,Motability Operations,Service book 09/25-12K,SPARE KEY IN OFFICE,1,09/25,12K,3,12850,6,14595,11750,,15066,12619,AA,2025-11-28,NLHDR51C2SZ345498,,,HYUNDAI,I10 HATCHBACK,9.98,,Hatchback,manual,,,5,2025-03-07,2,https://abimg002.imgix.net/aa389059-cd7c-4ce2-af1f-fce04fa682ef.pdf,https://abimg002.imgix.net/593330fa-69f3-4825-8ae8-be4efd228c32.pdf,"NSF: 5.0, OSF: 2.0, OSR: 4.0, NSR: 3.0",,"Air con, Sat nav","https://abimg003.imgix.net/CK25LYW/2025-11-28/damage/86a425f6-6b48-4227-923a-5162965c103e_1.jpg?w=600, https://abimg003.imgix.net/CK25LYW/2025-11-28/damage/32bcfcd6-d7ed-4eeb-80af-4c9f64925a5e_1.jpg?w=600, https://abimg003.imgix.net/CK25LYW/2025-11-28/damage/c4394135-f144-4058-adc2-0fb8e166cd31_1.jpg?w=600, https://abimg003.imgix.net/CK25LYW/2025-11-28/damage/1aa06337-036d-4656-b69e-50954b7c5a04_1.jpg?w=600, https://abimg003.imgix.net/CK25LYW/2025-11-28/damage/f8605214-304a-4160-a2ec-861e9c20ecd9_1.jpg?w=600, https://abimg003.imgix.net/CK25LYW/2025-11-28/damage/3d8b2458-8477-4a1d-83ce-4966ad722788_1.jpg?w=600",Door nsr – Scratched UpTo 25mm Thru Paint; Roof Lining – Burn UpTo 3mm; Bumper Front – Scratched 25 to 100mm Thru Paint; Qtr Panel nsr – Dented 2 Or Less UpTo 10mm; Seat Base Cover osf – Burn Over 3mm; Qtr Panel osr – Dented 2 Or Less UpTo 10mm; Tailgate – Dented With Paint Damage; Carpets Front – Burn UpTo 3mm; Roof – Dented With Paint Damage; Wheel osf – Scratched Over 50mm; Wheel nsf – Scratched Over 50mm,2025
FORD GRAND TOURNEO CONNECT DIESEL ESTATE,Aston Barclay Prees Heath,2.0 EcoBlue Titanium 5dr [7 Seat],"https://abimg003.imgix.net/AMZ9892/2025-11-28/image/d82b9389-42c2-4584-9e1c-2a2e8a85337f_removebg.jpg?w=600, https://abimg003.imgix.net/AMZ9892/2025-11-28/image/c19ed6f9-fb54-431b-8977-d60ceeeb6651_removebg.jpg?w=600, https://abimg003.imgix.net/AMZ9892/2025-11-28/image/5edefc24-4bff-427d-8a63-33ece2226118_removebg.jpg?w=600, https://abimg003.imgix.net/AMZ9892/2025-11-28/image/b696b3dd-6bd5-4221-a907-e89fb7984f24_removebg.jpg?w=600, https://abimg003.imgix.net/AMZ9892/2025-11-28/image/a24a8365-5d87-4940-9155-c2bc995ea51d_removebg.jpg?w=600, https://abimg003.imgix.net/AMZ9892/2025-11-28/image/1d620b5b-3a27-443d-98ae-9b2fc6565e94_removebg.jpg?w=600, https://abimg003.imgix.net/AMZ9892/2025-11-28/image/9e7b55e0-d0a5-45fe-ba8c-a543483ed7c2_removebg.jpg?w=600, https://abimg003.imgix.net/AMZ9892/2025-11-28/image/54e23be7-7935-4a95-9503-c42baaf8e498_removebg.jpg?w=600",Available,125,10:15,2025-12-02,Aston Barclay Prees Heath,17790,2023-05-31,AMZ9892,15871,True,BLACK,Estate,5,Diesel,manual,False,,131,Margin,0,False,Motability Operations,,spare key,,,,5,19500,6,22000,18300,,21012,17335,AA,2025-11-28,WF0EXXSK5PX010742,,,FORD,GRAND TOURNEO CONNECT DIESEL ESTATE,19.68,,Estate,manual,,,7,2023-05-31,2,https://abimg002.imgix.net/a2847907-e25e-46e0-a441-51634fb19619.pdf,https://abimg002.imgix.net/f6845a81-70d0-4a55-a4d4-c82a14462df4.pdf,"NSF: 4.0, OSF: 3.0, OSR: 4.0, NSR: 4.0",,"Air con, Sat nav","https://abimg003.imgix.net/AMZ9892/2025-11-28/damage/6ef4d097-f7c8-45c4-b2a0-9b5d7f6e499b_1.jpg?w=600, https://abimg003.imgix.net/AMZ9892/2025-11-28/damage/f5984e55-9a7d-4b95-b405-bbd63b608443_1.jpg?w=600, https://abimg003.imgix.net/AMZ9892/2025-11-28/damage/043cbd16-dde4-4dc7-adf6-91c9e5672d76_1.jpg?w=600, https://abimg003.imgix.net/AMZ9892/2025-11-28/damage/2769a158-1fe5-4323-bcc7-c7786822615b_1.jpg?w=600, https://abimg003.imgix.net/AMZ9892/2025-11-28/damage/849b1795-0093-494e-9cfb-6237806221b0_1.jpg?w=600, https://abimg003.imgix.net/AMZ9892/2025-11-28/damage/db2d00c7-41a2-4916-b235-05bf41bd3dff_1.jpg?w=600",Door nsr – Dented 2 Or Less UpTo 10mm; Sill os – Dented With Paint Damage; Tailgate Pad – Scuffed UpTo 25mm; Door osr – Dented Over 30% Of Panel; Tailgate – Dented With Paint Damage; Door osf – Scratched Over 25mm Thru Paint; General Interior – Soiled Light,2023
VAUXHALL GRANDLAND HATCHBACK,Aston Barclay Prees Heath,1.2 Turbo Ultimate 5dr,"https://abimg003.imgix.net/DS73UTJ/2025-11-28/image/96a554c4-9378-49e2-8d13-9a6f75d8ed6a_removebg.jpg?w=600, https://abimg003.imgix.net/DS73UTJ/2025-11-28/image/af2b72d2-7348-4af3-9229-edf2929d2912_removebg.jpg?w=600, https://abimg003.imgix.net/DS73UTJ/2025-11-28/image/2c765dad-f862-4d14-982a-7c10adaca8bf_removebg.jpg?w=600, https://abimg003.imgix.net/DS73UTJ/2025-11-28/image/0cb03e29-68fe-4eaa-b403-681f6a00f467_removebg.jpg?w=600, https://abimg003.imgix.net/DS73UTJ/2025-11-28/image/496eed7d-cccc-4fb9-a932-dbdb8ca453f4_removebg.jpg?w=600, https://abimg003.imgix.net/DS73UTJ/2025-11-28/image/34472bdd-49f2-4691-bb08-a62d4502b8a6_removebg.jpg?w=600, https://abimg003.imgix.net/DS73UTJ/2025-11-28/image/4100e3df-7f78-437b-8b72-b608ce87b173_removebg.jpg?w=600, https://abimg003.imgix.net/DS73UTJ/2025-11-28/image/cd2d35bd-262a-4958-8093-248f5079bba6_removebg.jpg?w=600, https://abimg003.imgix.net/DS73UTJ/2025-11-28/image/e7602ef6-7507-4f5e-b017-c812cc5fb554_removebg.jpg?w=600, https://abimg003.imgix.net/DS73UTJ/2025-11-28/image/778f4704-d3c0-4fb6-b339-8fba8bf6564a_removebg.jpg?w=600",Available,126,10:15,2025-12-02,Aston Barclay Prees Heath,17790,2023-11-15,DS73UTJ,4286,True,BLUE,Hatchback,5,Petrol,manual,False,,141,Margin,0,False,Motability Operations,Service book 11/24-33K,,1,11/24,33K,3,17050,6,19495,15700,,19410,15958,AA,2025-11-28,W0VZRHNS4P6042416,,,VAUXHALL,GRANDLAND HATCHBACK,11.99,,Hatchback,manual,,,5,2023-11-15,2,https://abimg002.imgix.net/1014ee6a-5c26-47a1-839d-16c0a8a84d7c.pdf,https://abimg002.imgix.net/3a89bc73-08a4-4f68-9b04-f289e9492d82.pdf,"NSF: 4.0, OSF: 4.0, OSR: 5.0, NSR: 4.0",,"Heated seats, Leather or substitute, Air con, Sat nav","https://abimg003.imgix.net/DS73UTJ/2025-11-28/damage/b28fecf0-7ccd-4deb-8864-87c9679278af_1.jpg?w=600, https://abimg003.imgix.net/DS73UTJ/2025-11-28/damage/596d67ba-b066-46cd-80bd-ec6fc19476d1_1.jpg?w=600, https://abimg003.imgix.net/DS73UTJ/2025-11-28/damage/bad18735-4010-498a-a913-3733683cd39b_1.jpg?w=600, https://abimg003.imgix.net/DS73UTJ/2025-11-28/damage/bad18735-4010-498a-a913-3733683cd39b_2.jpg?w=600, https://abimg003.imgix.net/DS73UTJ/2025-11-28/damage/7bc5f579-ccf4-4e54-abdd-177253d8cc7c_1.jpg?w=600",Door nsr – Poor Previous Repair Poor Paint; Door nsf – Dented With Paint Damage; Qtr Panel nsr – Previous Repair; Bumper Rear – Scratched Over 100mm Thru Paint; Door osf – Scratched UpTo 25mm Thru Paint; Roof – Scratched Over 25mm Thru Paint; Wheel nsf – Scratched Over 50mm,2023
FORD PUMA HATCHBACK,Aston Barclay Prees Heath,1.0 EcoBoost Hybrid mHEV Titanium 5dr,"https://abimg003.imgix.net/CF73KZR/2025-11-27/image/1763980c-f644-4a0b-a192-fbc2bae7372b_removebg.jpg?w=600, https://abimg003.imgix.net/CF73KZR/2025-11-27/image/8e7bea31-0994-4862-82ce-8790939ccc3d_removebg.jpg?w=600, https://abimg003.imgix.net/CF73KZR/2025-11-27/image/073282af-ea5d-496c-92b6-7d052b61ad50_removebg.jpg?w=600, https://abimg003.imgix.net/CF73KZR/2025-11-27/image/1ce74b28-e40d-42ca-98bd-29909e1cff72_removebg.jpg?w=600, https://abimg003.imgix.net/CF73KZR/2025-11-27/image/570fc044-7d96-4484-9e34-ec23d5d2e641_removebg.jpg?w=600, https://abimg003.imgix.net/CF73KZR/2025-11-27/image/53df563b-a3eb-43d1-92d7-49dfe66e9b4f_removebg.jpg?w=600, https://abimg003.imgix.net/CF73KZR/2025-11-27/image/176361c0-7f81-49f8-ba64-f12f6531a45b_removebg.jpg?w=600, https://abimg003.imgix.net/CF73KZR/2025-11-27/image/b7cf7da1-b449-4780-b02b-55783e9bfa46_removebg.jpg?w=600, https://abimg003.imgix.net/CF73KZR/2025-11-27/image/5ab02f6c-e95b-452e-8f5d-6a072ad75005_removebg.jpg?w=600, https://abimg003.imgix.net/CF73KZR/2025-11-27/image/681b55e1-2ee6-48ed-a688-085195963eaf_removebg.jpg?w=600, https://abimg003.imgix.net/CF73KZR/2025-11-27/image/4f7f955f-4f7a-4dca-af9f-0c23f89864d4_removebg.jpg?w=600, https://abimg003.imgix.net/CF73KZR/2025-11-27/image/659961ff-9396-435d-ba8a-d1b39c25bc84_removebg.jpg?w=600, https://abimg003.imgix.net/CF73KZR/2025-11-27/image/954ed9f5-57f6-4a40-9382-5a1d786a8f50_removebg.jpg?w=600, https://abimg003.imgix.net/CF73KZR/2025-11-27/image/7ed0603e-3be3-4867-9cce-ef6912580ecd_removebg.jpg?w=600, https://abimg003.imgix.net/CF73KZR/2025-11-27/image/2d34bd01-c0b3-455e-b451-c4f3ed2d577b_removebg.jpg?w=600, https://abimg003.imgix.net/CF73KZR/2025-11-27/image/7739ee93-792e-48d0-a144-b436c71e8816_removebg.jpg?w=600",Available,127,10:15,2025-12-02,Aston Barclay Prees Heath,17790,2024-01-04,CF73KZR,12186,True,GREY,Hatchback,5,Petrol,manual,True,,122,Margin,0,False,Motability Operations,,SPARE KEY IN OFFICE,,,,3,13000,6,15395,11800,,15647,12803,AA,2025-11-27,WF02XXERK2PU29167,,,FORD,PUMA HATCHBACK,9.99,,Hatchback,manual,,,5,2024-01-04,2,https://abimg002.imgix.net/79841d27-aef6-4fb3-8ad2-5aac51c74fd1.pdf,https://abimg002.imgix.net/797137ae-5d1a-435e-8388-e78a2bae0c4c.pdf,"NSF: 6.0, OSF: 3.0, OSR: 5.0, NSR: 6.0",,"Heated windscreen, Air con, Sat nav","https://abimg003.imgix.net/CF73KZR/2025-11-27/damage/c660c752-5da8-40f1-8565-e1ed73fcbf09_1.jpg?w=600, https://abimg003.imgix.net/CF73KZR/2025-11-27/damage/22ca6541-26a7-4dc6-8357-0b446b30e365_1.jpg?w=600, https://abimg003.imgix.net/CF73KZR/2025-11-27/damage/22ca6541-26a7-4dc6-8357-0b446b30e365_2.jpg?w=600, https://abimg003.imgix.net/CF73KZR/2025-11-27/damage/22ca6541-26a7-4dc6-8357-0b446b30e365_3.jpg?w=600, https://abimg003.imgix.net/CF73KZR/2025-11-27/damage/59d8b578-60cd-4348-8df0-5db2afd33823_1.jpg?w=600, https://abimg003.imgix.net/CF73KZR/2025-11-27/damage/ee9cc998-9fbe-4284-86d8-f515ac29b2ac_1.jpg?w=600, https://abimg003.imgix.net/CF73KZR/2025-11-27/damage/e2662fe1-1ce0-4c0c-a62a-b3490fadd997_1.jpg?w=600, https://abimg003.imgix.net/CF73KZR/2025-11-27/damage/6ca2b191-cf76-416d-bed2-1464e5fd7008_1.jpg?w=600, https://abimg003.imgix.net/CF73KZR/2025-11-27/damage/a4e28f8d-b8f5-4dc7-8f59-48b3753a9b59_1.jpg?w=600, https://abimg003.imgix.net/CF73KZR/2025-11-27/damage/8360cefe-5a6d-4d1a-8ba3-f115df722028_1.jpg?w=600, https://abimg003.imgix.net/CF73KZR/2025-11-27/damage/55f9d326-0b2d-4808-8801-5cb1fc027c71_1.jpg?w=600, https://abimg003.imgix.net/CF73KZR/2025-11-27/damage/069a6c90-25c6-460d-bf00-139e19aa4b03_1.jpg?w=600, https://abimg003.imgix.net/CF73KZR/2025-11-27/damage/d280428d-c6a5-42ee-ae7d-9d6b80ba8db2_1.jpg?w=600, https://abimg003.imgix.net/CF73KZR/2025-11-27/damage/ebe3d92c-13b0-4cd5-bfd8-710553a8e422_1.jpg?w=600, https://abimg003.imgix.net/CF73KZR/2025-11-27/damage/0f022919-4b5f-4ecd-a71d-0fa27b822d67_1.jpg?w=600, https://abimg003.imgix.net/CF73KZR/2025-11-27/damage/dd7e6674-3a91-4051-ba9c-4958da604f72_1.jpg?w=600, https://abimg003.imgix.net/CF73KZR/2025-11-27/damage/16971b2f-ef52-4a99-89f5-2d62fc452d70_1.jpg?w=600, https://abimg003.imgix.net/CF73KZR/2025-11-27/damage/c8590ad0-8127-4dd5-a76e-8f0010c49ed4_1.jpg?w=600, https://abimg003.imgix.net/CF73KZR/2025-11-27/damage/c8590ad0-8127-4dd5-a76e-8f0010c49ed4_2.jpg?w=600, https://abimg003.imgix.net/CF73KZR/2025-11-27/damage/a6131df8-39b9-438c-b2e8-82de384f2f97_1.jpg?w=600",Door nsr – Previous Repair; Bumper Front – Scratched Over 100mm Thru Paint; Door osr – Dented With Paint Damage; Tailgate – Scratched UpTo 25mm Thru Paint; Tailgate – Dented 2 Or Less UpTo 10mm; Door Pad osr – Scuffed Over 25mm; Door osf – Previous Repair; Door osf – Dented 2 Or Less UpTo 10mm; Bumper Rear – Previous Repair; Bumper Rear – Scratched Up To 25mm Thru Paint; Door Pad nsr – Scuffed Over 25mm; Bonnet – Previous Repair; Bonnet – Scratched UpTo 25mm Thru Paint; Seat Back Cover nsr – Holed UpTo 3mm; Roof – Scratched Over 25mm Thru Paint; Wheel nsf – Scratched Over 50mm; Door nsf – Previous Repair; Wing nsf – Previous Repair; Wing nsf – Scratched UpTo 25mm Thru Paint; General Interior – Soiled Light; Seat Base Cover osr – Soiled Light; Carpets Front – Soiled Light,2024
TOYOTA AYGO X HATCHBACK,Aston Barclay Prees Heath,1.0 VVT-i Edge 5dr,"https://abimg003.imgix.net/PF24UFG/2025-11-25/image/04009c9b-2ab7-4797-b127-fe26cf587428_removebg.jpg?w=600, https://abimg003.imgix.net/PF24UFG/2025-11-25/image/836dd89b-af1c-448c-968e-8c4488913674_removebg.jpg?w=600, https://abimg003.imgix.net/PF24UFG/2025-11-25/image/c9fe626d-9889-48a6-8662-0f792dd50718_removebg.jpg?w=600, https://abimg003.imgix.net/PF24UFG/2025-11-25/image/53ac772e-ce41-4ab3-9211-0e6d558891f0_removebg.jpg?w=600, https://abimg003.imgix.net/PF24UFG/2025-11-25/image/53532e17-cd24-4001-9bcc-28cd8c9aa8bc_removebg.jpg?w=600, https://abimg003.imgix.net/PF24UFG/2025-11-25/image/d147c0bd-7158-486a-b358-268f9dd2c992_removebg.jpg?w=600, https://abimg003.imgix.net/PF24UFG/2025-11-25/image/98d296f8-a2d2-4e34-ba76-72bc9c298092_removebg.jpg?w=600",Available,128,10:15,2025-12-02,Aston Barclay Prees Heath,17790,2024-06-18,PF24UFG,1042,True,RED,Hatchback,5,Petrol,manual,True,,110,Margin,0,False,Motability Operations,Service print and book 06/25- 659 miles,spare key,1,06/25,659,4,12800,6,14495,11700,,14507,12257,AA,2025-11-25,JTDAGNAC400218450,,,TOYOTA,AYGO X HATCHBACK,9.98,,Hatchback,manual,,,4,2024-06-18,2,https://abimg002.imgix.net/99395f13-c74a-47c7-9c4c-e26895a40be9.pdf,https://abimg002.imgix.net/da36457c-2a20-48ef-8631-2b09fd6a2a9c.pdf,"NSF: 6.0, OSF: 6.0, OSR: 6.0, NSR: 6.0",,Air con,"https://abimg003.imgix.net/PF24UFG/2025-11-25/damage/f9729080-3472-43ab-8dca-4d4c5a8d16a2_1.jpg?w=600, https://abimg003.imgix.net/PF24UFG/2025-11-25/damage/6bf9b00b-cfb0-4053-bd68-4c125a974318_1.jpg?w=600, https://abimg003.imgix.net/PF24UFG/2025-11-25/damage/8834c975-47bc-49b2-a955-d89c43638a27_1.jpg?w=600, https://abimg003.imgix.net/PF24UFG/2025-11-25/damage/12d238c2-544c-4399-bf0e-bfb29f9050bd_1.jpg?w=600, https://abimg003.imgix.net/PF24UFG/2025-11-25/damage/4147f886-4cb3-425f-9065-7879f39e8463_1.jpg?w=600, https://abimg003.imgix.net/PF24UFG/2025-11-25/damage/0419e9aa-6cfb-438e-9ddb-bab02089e0a6_1.jpg?w=600, https://abimg003.imgix.net/PF24UFG/2025-11-25/damage/9d223524-715e-46db-9988-8afcc0bd911c_1.jpg?w=600, https://abimg003.imgix.net/PF24UFG/2025-11-25/damage/0390d04c-ac7b-4264-8ea2-277153679b82_1.jpg?w=600, https://abimg003.imgix.net/PF24UFG/2025-11-25/damage/d5d0f2d2-1e20-4ce9-a47d-7ce629d2c7a8_1.jpg?w=600, https://abimg003.imgix.net/PF24UFG/2025-11-25/damage/aea4b945-8e58-4c10-8e06-f48152c8ae11_1.jpg?w=600, https://abimg003.imgix.net/PF24UFG/2025-11-25/damage/8aa5dc63-4ffa-4887-a7bb-553db47adf15_1.jpg?w=600",Door nsr – Dented With Paint Damage; Door Mirror Assy nsf – Scratched (Painted) UpTo 25mm Thru Paint; Bumper Front – Scratched Over 100mm Thru Paint; Door Mirror Assy osf – Scratched (Painted) UpTo 25mm Thru Paint; Door nsf – Dented Over 30mm; A Post ns – Scratched UpTo 25mm Thru Paint; Qtr Panel Moulding ns – Broken Replace; Door osf – Dented With Paint Damage; Wheel nsr – Scratched Up To 50mm; Qtr Panel Arch Extension os – Scuffed (Unpainted) Over 100mm; Wheel osf – Scratched Over 50mm,2024
VAUXHALL CROSSLAND HATCHBACK,Aston Barclay Prees Heath,1.2 Turbo [130] Ultimate 5dr Auto,"https://abimg003.imgix.net/KN71UFB/2025-11-25/image/dac7bb97-c09a-4f75-b003-91e932e2ec87_removebg.jpg?w=600, https://abimg003.imgix.net/KN71UFB/2025-11-25/image/48a1e3fc-44ad-4d4d-a4aa-8551aae291e9_removebg.jpg?w=600, https://abimg003.imgix.net/KN71UFB/2025-11-25/image/44d7bb36-5efc-43da-8980-ac240ad1b2fa_removebg.jpg?w=600, https://abimg003.imgix.net/KN71UFB/2025-11-25/image/741f9c24-ce9a-4565-9f5a-4bf5bebfe461_removebg.jpg?w=600, https://abimg003.imgix.net/KN71UFB/2025-11-25/image/6f5ac7b8-a0b7-44da-b6fd-debc1718c233_removebg.jpg?w=600, https://abimg003.imgix.net/KN71UFB/2025-11-25/image/aec1073a-a8f1-4c90-a64a-8299cfff50ec_removebg.jpg?w=600, https://abimg003.imgix.net/KN71UFB/2025-11-25/image/0b6d04f7-e8e8-43fc-be38-28f48cf598aa_removebg.jpg?w=600, https://abimg003.imgix.net/KN71UFB/2025-11-25/image/403f9218-0fbc-4900-b1df-6037e64436e0_removebg.jpg?w=600, https://abimg003.imgix.net/KN71UFB/2025-11-25/image/43676fdc-d9a1-4251-99d8-3153ad7d009f_removebg.jpg?w=600, https://abimg003.imgix.net/KN71UFB/2025-11-25/image/140bdd51-f66d-407f-9423-4128afa4762f_removebg.jpg?w=600",Available,129,10:15,2025-12-02,Aston Barclay Prees Heath,17790,2022-01-11,KN71UFB,10533,True,BLACK,Hatchback,5,Petrol,automatic,True,2026-01-10,139,Margin,0,False,Motability Operations,"Service print 01/23- 3k, 01/24- 5k, 12/24- 8k",ADAPTIONS REMOVED - HAND CONTROLS vosa - 8k spare key in office,3,12/24,8k,3,12200,6,14595,10950,,14520,11169,AA,2025-11-25,W0V7H9EB5M4358012,,,VAUXHALL,CROSSLAND HATCHBACK,11.99,,Hatchback,automatic,,,5,2022-01-11,2,https://abimg002.imgix.net/1fe2cb92-8680-460e-ba0f-3dc1ec9b5799.pdf,https://abimg002.imgix.net/a3951cad-49a4-4186-a622-fa6b7c335073.pdf,"NSF: 3.0, OSF: 3.0, OSR: 4.0, NSR: 4.0",,"Heated seats, Leather or substitute, Air con, Sat nav","https://abimg003.imgix.net/KN71UFB/2025-11-25/damage/29d6b551-8ac3-4f78-9428-d66398b719e7_1.jpg?w=600, https://abimg003.imgix.net/KN71UFB/2025-11-25/damage/5057494c-0700-4751-a9a3-e82ada7b8b4e_1.jpg?w=600, https://abimg003.imgix.net/KN71UFB/2025-11-25/damage/48dbb730-0268-461f-a8f0-24a482ce28f0_1.jpg?w=600, https://abimg003.imgix.net/KN71UFB/2025-11-25/damage/527d8b3c-06f8-4395-9ab5-ee0f2773a139_1.jpg?w=600, https://abimg003.imgix.net/KN71UFB/2025-11-25/damage/b7c72f4d-8e40-45f5-9fba-da6d38f227f5_1.jpg?w=600, https://abimg003.imgix.net/KN71UFB/2025-11-25/damage/0be577ef-553a-4d86-b018-455679e6ce43_1.jpg?w=600",Door nsr – Dented With Paint Damage; Door nsf – Scratched Over 25mm Thru Paint; Bumper Rear Moulding – Scuffed (Unpainted) UpTo 100mm; Qtr Panel nsr – Dented With Paint Damage; Qtr Panel osr – Dented 2 Or Less UpTo 10mm; Wheel osr – Corroded Light; Bumper Rear – Scratched Up To 25mm Thru Paint; Fascia Trim – Damaged Replace; Wheel osf – Scratched Over 50mm; Wheel nsf – Scratched Over 50mm,2022
NISSAN JUKE HATCHBACK,Aston Barclay Prees Heath,1.0 DiG-T N-Connecta 5dr DCT,"https://abimg003.imgix.net/EY70CPN/2025-11-26/image/d84e880c-7440-4ba7-9044-6c60bdc168b6_removebg.jpg?w=600, https://abimg003.imgix.net/EY70CPN/2025-11-26/image/703af446-de49-42c5-a1a8-2f1b70d4317e_removebg.jpg?w=600, https://abimg003.imgix.net/EY70CPN/2025-11-26/image/c2996f9c-9a98-43ca-adc3-4cc7bec4604f_removebg.jpg?w=600, https://abimg003.imgix.net/EY70CPN/2025-11-26/image/03e1b226-4fab-4260-88ae-950dfab98b63_removebg.jpg?w=600, https://abimg003.imgix.net/EY70CPN/2025-11-26/image/cdbe640b-5632-4785-8e29-e67755e05c98_removebg.jpg?w=600, https://abimg003.imgix.net/EY70CPN/2025-11-26/image/4983e577-c3b7-4aea-9298-b4e49448286b_removebg.jpg?w=600, https://abimg003.imgix.net/EY70CPN/2025-11-26/image/b40e3551-084b-4126-bce7-e198accd4d97_removebg.jpg?w=600, https://abimg003.imgix.net/EY70CPN/2025-11-26/image/37653dd0-46e5-4ff1-b9cf-1c74ac7e480e_removebg.jpg?w=600, https://abimg003.imgix.net/EY70CPN/2025-11-26/image/2f165c00-0eed-406a-8978-e2c469f7a377_removebg.jpg?w=600, https://abimg003.imgix.net/EY70CPN/2025-11-26/image/5c54d8ba-92b1-4df1-a904-69f818d558de_removebg.jpg?w=600",Available,130,10:15,2025-12-02,Aston Barclay Prees Heath,17790,2020-09-26,EY70CPN,31680,True,SILVER,Hatchback,5,Petrol,automatic,False,2026-07-16,138,Margin,0,False,Motability Operations,"Service print 11/21- 3k, 12/22- 10k, 01/24- 20k, 01/25- 26k","vosa - 16k, 23k, 29k SPARE KEY IN OFFICE",4,01/25,26k,3,10550,6,12995,9375,,13151,10287,AA,2025-11-26,SJNFAAF16U1066962,,,NISSAN,JUKE HATCHBACK,9.99,,Hatchback,automatic,,,5,2020-09-26,2,https://abimg002.imgix.net/ed293d4e-104e-415a-a82b-4b93a3ef252e.pdf,https://abimg002.imgix.net/996e62e9-b4fb-407c-b853-a6db56cfdc70.pdf,"NSF: 5.0, OSF: 5.0, OSR: 5.0, NSR: 5.0",,Sat nav,"https://abimg003.imgix.net/EY70CPN/2025-11-26/damage/a7b68dab-6c68-4512-8d15-a4825307bc47_1.jpg?w=600, https://abimg003.imgix.net/EY70CPN/2025-11-26/damage/b09733ad-2202-4551-aebf-64d8650f1508_1.jpg?w=600, https://abimg003.imgix.net/EY70CPN/2025-11-26/damage/e451d7fa-1eee-43c3-a03b-ab8f9b62758a_1.jpg?w=600, https://abimg003.imgix.net/EY70CPN/2025-11-26/damage/de629dfb-c562-4ebb-b164-5a02683b4026_1.jpg?w=600, https://abimg003.imgix.net/EY70CPN/2025-11-26/damage/c0bb52d2-c0f5-412f-a0bb-2364322bce76_1.jpg?w=600, https://abimg003.imgix.net/EY70CPN/2025-11-26/damage/786cc0ec-99ac-4072-8f2b-d255cc5cc304_1.jpg?w=600, https://abimg003.imgix.net/EY70CPN/2025-11-26/damage/ab315433-3c59-4484-a114-f6b19450938c_1.jpg?w=600, https://abimg003.imgix.net/EY70CPN/2025-11-26/damage/450388e4-488f-44f6-a906-b5bf180bb910_1.jpg?w=600, https://abimg003.imgix.net/EY70CPN/2025-11-26/damage/a0338a9f-346b-4b1d-aca1-7969392d92d2_1.jpg?w=600, https://abimg003.imgix.net/EY70CPN/2025-11-26/damage/3bc0e5c8-8c49-4848-bc5e-96781d17729c_1.jpg?w=600, https://abimg003.imgix.net/EY70CPN/2025-11-26/damage/53de3db2-06fe-4537-8c44-6af87cab44f6_1.jpg?w=600",Door nsr – Poor Previous Repair Rippled UpTo 30%; Bumper Front – Scratched 25 to 100mm Thru Paint; Door nsf – Dented Between 10mm + 30mm; Door Pad osf – Scuffed UpTo 25mm; Door osr – Poor Previous Repair Rippled UpTo 30%; Qtr Panel nsr – Previous Repair; Qtr Panel Moulding os – Scuffed (Unpainted) Over 100mm; Door Moulding nsr – Scuffed (Unpainted) Over 100mm; Door osf – Dented Over 30mm; Wheel nsr – Scratched Up To 50mm; Moulding nsf Wing – Scuffed (Unpainted) Over 100mm; Wheel nsf – Scratched Over 50mm,2020
VAUXHALL MOKKA ELECTRIC HATCHBACK,Aston Barclay Prees Heath,100kW Ultimate 50kWh 5dr Auto,"https://abimg003.imgix.net/DS23VRO/2025-11-25/image/6b4f6f2a-97bb-4afe-a1b8-948b0d6c9112_removebg.jpg?w=600, https://abimg003.imgix.net/DS23VRO/2025-11-25/image/9e0d1f0b-cb01-4615-893c-5a16b5434627_removebg.jpg?w=600, https://abimg003.imgix.net/DS23VRO/2025-11-25/image/dae12ab7-1228-4dc6-a7fa-31e8cdbc24ee_removebg.jpg?w=600, https://abimg003.imgix.net/DS23VRO/2025-11-25/image/92bbb51c-84d4-4415-8b78-8eae707f0355_removebg.jpg?w=600, https://abimg003.imgix.net/DS23VRO/2025-11-25/image/37d24394-68fe-44c7-a81f-ab9f9eaeeaf4_removebg.jpg?w=600, https://abimg003.imgix.net/DS23VRO/2025-11-25/image/5005b325-af73-4cc9-86ff-0925fc8a2764_removebg.jpg?w=600, https://abimg003.imgix.net/DS23VRO/2025-11-25/image/ddad2a13-53aa-4b51-acfd-9897d542a542_removebg.jpg?w=600, https://abimg003.imgix.net/DS23VRO/2025-11-25/image/bbbab7ea-7b34-40ab-b2ae-525b6717130c_removebg.jpg?w=600, https://abimg003.imgix.net/DS23VRO/2025-11-25/image/43563cdb-04c6-4ae3-ad0f-55be5eafdc50_removebg.jpg?w=600, https://abimg003.imgix.net/DS23VRO/2025-11-25/image/ffb75a26-1e97-4b5f-8632-82458afd1873_removebg.jpg?w=600, https://abimg003.imgix.net/DS23VRO/2025-11-25/image/446bf369-2f08-4cd7-8d46-a894aaefddde_removebg.jpg?w=600, https://abimg003.imgix.net/DS23VRO/2025-11-25/image/a14a707d-b101-4d58-ba65-6e951de5fa80_removebg.jpg?w=600, https://abimg003.imgix.net/DS23VRO/2025-11-25/image/6fc45019-20bb-418c-8602-bd1ab1cd7e3e_removebg.jpg?w=600, https://abimg003.imgix.net/DS23VRO/2025-11-25/image/2c7b2f0b-8f8d-4530-9178-3216c352b045_removebg.jpg?w=600, https://abimg003.imgix.net/DS23VRO/2025-11-25/image/6926d117-45f6-4d73-b7da-7149d228b9b4_removebg.jpg?w=600, https://abimg003.imgix.net/DS23VRO/2025-11-25/image/186fdd7c-29af-4ba0-ac3e-b9f2ab055e6c_removebg.jpg?w=600, https://abimg003.imgix.net/DS23VRO/2025-11-25/image/dd35e702-b07f-4b1d-8d99-ba4fe57549f3_removebg.jpg?w=600, https://abimg003.imgix.net/DS23VRO/2025-11-25/image/b8286f8b-74bb-49aa-8606-d21e118d3455_removebg.jpg?w=600, https://abimg003.imgix.net/DS23VRO/2025-11-25/image/baff3a77-bbea-4f19-b21d-88ca1dce8be5_removebg.jpg?w=600, https://abimg003.imgix.net/DS23VRO/2025-11-25/image/bb0c67ce-4099-4fe7-aa2d-34498386c262_removebg.jpg?w=600, https://abimg003.imgix.net/DS23VRO/2025-11-25/image/7cffa646-91c3-4ba4-bf72-dad39ae975bb_removebg.jpg?w=600",Available,131,10:15,2025-12-02,Aston Barclay Prees Heath,17790,2023-07-21,DS23VRO,17087,True,WHITE,Hatchback,5,Electric,automatic,True,,,Margin,0,False,Motability Operations,"Service print and book 06/24- 6k, 07/25- 14k",spare key,2,07/25,14k,3,13550,6,15995,12300,,15033,12341,AA EV/Hybrid,2025-11-25,VXKUKZKXZPW058381,,,VAUXHALL,MOKKA ELECTRIC HATCHBACK,,,Hatchback,automatic,,,5,2023-07-21,2,https://abimg002.imgix.net/83dbeca6-e45b-4a67-88d8-0db1c9ceecbd.pdf,https://abimg002.imgix.net/1ca7d690-7189-49db-8205-c65080c209bf.pdf,"NSF: 6.0, OSF: 5.0, OSR: 5.0, NSR: 5.0",,"Heated seats, Leather or substitute, Air con, Sat nav","https://abimg003.imgix.net/DS23VRO/2025-11-25/damage/ff33db09-4675-4992-8efd-038af7920ff4_1.jpg?w=600, https://abimg003.imgix.net/DS23VRO/2025-11-25/damage/ff33db09-4675-4992-8efd-038af7920ff4_2.jpg?w=600, https://abimg003.imgix.net/DS23VRO/2025-11-25/damage/59204d08-e1f9-4546-914d-f15861764585_1.jpg?w=600, https://abimg003.imgix.net/DS23VRO/2025-11-25/damage/00aed187-a99c-4af0-9a4a-eb3890bc96e7_1.jpg?w=600, https://abimg003.imgix.net/DS23VRO/2025-11-25/damage/cb4b5b30-72f6-4a9a-b5ae-3340099d014c_1.jpg?w=600, https://abimg003.imgix.net/DS23VRO/2025-11-25/damage/41aab9a1-a95d-4c9c-b99f-edcb1b776ff1_1.jpg?w=600, https://abimg003.imgix.net/DS23VRO/2025-11-25/damage/8f2c77d4-5a5a-44fc-9675-8f44fdda1a4f_1.jpg?w=600, https://abimg003.imgix.net/DS23VRO/2025-11-25/damage/8f2c77d4-5a5a-44fc-9675-8f44fdda1a4f_2.jpg?w=600, https://abimg003.imgix.net/DS23VRO/2025-11-25/damage/5f1646b4-4fe0-4311-b755-9d24fb6ae477_1.jpg?w=600, https://abimg003.imgix.net/DS23VRO/2025-11-25/damage/220e7cc2-1412-4ad6-bc04-eba12523bb1c_1.jpg?w=600, https://abimg003.imgix.net/DS23VRO/2025-11-25/damage/8bea7afb-19cf-44bd-afc2-74c11facc748_1.jpg?w=600, https://abimg003.imgix.net/DS23VRO/2025-11-25/damage/44e2adeb-b009-4048-8af6-89d68cb6bdf0_1.jpg?w=600, https://abimg003.imgix.net/DS23VRO/2025-11-25/damage/b9c3a77d-b0ba-4385-9cd3-ef2ab3933547_1.jpg?w=600, https://abimg003.imgix.net/DS23VRO/2025-11-25/damage/69f00021-d906-4b56-a134-0ab6fb360bed_1.jpg?w=600, https://abimg003.imgix.net/DS23VRO/2025-11-25/damage/e31b8ede-f86d-4bb5-8b41-0f83c81a5a8b_1.jpg?w=600, https://abimg003.imgix.net/DS23VRO/2025-11-25/damage/73c514d8-cddc-4318-9c6a-ee8bb8827fcd_1.jpg?w=600, https://abimg003.imgix.net/DS23VRO/2025-11-25/damage/73c514d8-cddc-4318-9c6a-ee8bb8827fcd_2.jpg?w=600, https://abimg003.imgix.net/DS23VRO/2025-11-25/damage/df3fa4c6-d79f-486c-8f86-ca27b9201ea2_1.jpg?w=600, https://abimg003.imgix.net/DS23VRO/2025-11-25/damage/08e93f47-606d-44ac-93d1-d1d7c65e735f_1.jpg?w=600",Bumper Front – Scratched UpTo 25mm Thru Paint; Fuel Flap – Previous Repair; Fuel Flap – Dented 2 Or Less UpTo 10mm; Door osr – Previous Repair; Door osr – Dented 2 Or Less UpTo 10mm; Tailgate – Dented 2 Or Less UpTo 10mm; Door Pad osr – Scuffed UpTo 25mm; Door osf – Previous Repair; Door osf – Dented 2 Or Less UpTo 10mm; Bumper Rear – Dented With Paint Damage; Bonnet – Dented 2 Or Less UpTo 10mm; Wheel osf – Scratched Over 50mm; Fascia Trim – Damaged Replace; Qtr Panel Trim ns – Scuffed Over 25mm; A Post ns – Dented 2 Or Less UpTo 10mm; Wing nsf – Dented 2 Or Less UpTo 10mm; Wing osf – Previous Repair; Wheel osr – Scratched Over 50mm; Wheel nsr – Scratched Up To 50mm; General Interior – Soiled Light; Carpets Front – Soiled Light; Centre Console Front – Scuffed UpTo 25mm,2023
VOLKSWAGEN GOLF DIESEL HATCHBACK,Aston Barclay Prees Heath,2.0 TDI 200 GTD 5dr DSG,"https://abimg003.imgix.net/BG22XVS/2025-11-28/image/b1ca33a8-fc0b-4e2e-866b-49aec58002f6_removebg.jpg?w=600, https://abimg003.imgix.net/BG22XVS/2025-11-28/image/0e6085d4-8e8e-42d9-a6c5-02dc4d0360dd_removebg.jpg?w=600, https://abimg003.imgix.net/BG22XVS/2025-11-28/image/6a9599bb-7340-4519-9c5a-3e938df4586c_removebg.jpg?w=600, https://abimg003.imgix.net/BG22XVS/2025-11-28/image/8c823c88-5635-4485-ad4a-f26b6321e74d_removebg.jpg?w=600, https://abimg003.imgix.net/BG22XVS/2025-11-28/image/d78f2a91-12fd-4ec7-a7e4-6ce17753f081_removebg.jpg?w=600, https://abimg003.imgix.net/BG22XVS/2025-11-28/image/6d9b25b2-37cf-4530-9c58-d60a0826db76_removebg.jpg?w=600, https://abimg003.imgix.net/BG22XVS/2025-11-28/image/9954557a-3009-4364-8c56-fe5e42541070_removebg.jpg?w=600, https://abimg003.imgix.net/BG22XVS/2025-11-28/image/6b90acfd-1d30-49d7-aaff-5610cd1d3aa1_removebg.jpg?w=600, https://abimg003.imgix.net/BG22XVS/2025-11-28/image/fe7642fd-99c8-42b6-9b81-7dcf6a9dabf0_removebg.jpg?w=600, https://abimg003.imgix.net/BG22XVS/2025-11-28/image/135bdf5a-b66a-4455-93f6-4ddcf4622bf6_removebg.jpg?w=600",Available,132,10:15,2025-12-02,Aston Barclay Prees Heath,17790,2022-06-21,BG22XVS,38263,True,GREY,Hatchback,5,Diesel,automatic,True,2026-10-09,136,Margin,0,False,Motability Operations,"Service print 09/23- 15k, 03/25- 30k",vosa - 37k,2,03/25,30k,3,21300,6,23750,20050,,24665,20968,AA,2025-11-28,WVWZZZCDZNW021026,,,VOLKSWAGEN,GOLF DIESEL HATCHBACK,19.68,,Hatchback,automatic,,,5,2022-06-21,1,https://abimg002.imgix.net/bd13d5fb-f675-44a3-8501-990f79fff596.pdf,https://abimg002.imgix.net/9630ffb2-3e33-4fbb-814f-cc2a8c1d4962.pdf,"NSF: 5.0, OSF: 5.0, OSR: 5.0, NSR: 5.0",,"Air con, Sat nav","https://abimg003.imgix.net/BG22XVS/2025-11-28/damage/79ae9031-63bf-408f-a1e5-3f79e3fbde6e_1.jpg?w=600, https://abimg003.imgix.net/BG22XVS/2025-11-28/damage/79ae9031-63bf-408f-a1e5-3f79e3fbde6e_2.jpg?w=600, https://abimg003.imgix.net/BG22XVS/2025-11-28/damage/79ae9031-63bf-408f-a1e5-3f79e3fbde6e_3.jpg?w=600, https://abimg003.imgix.net/BG22XVS/2025-11-28/damage/dad058a5-5e99-4beb-82f3-7a6f3bff095b_1.jpg?w=600, https://abimg003.imgix.net/BG22XVS/2025-11-28/damage/dad058a5-5e99-4beb-82f3-7a6f3bff095b_2.jpg?w=600, https://abimg003.imgix.net/BG22XVS/2025-11-28/damage/f1ddf075-638f-4b1d-a502-57524ba49b91_1.jpg?w=600, https://abimg003.imgix.net/BG22XVS/2025-11-28/damage/202b3479-aeed-45cc-abad-55bac70d03e0_1.jpg?w=600, https://abimg003.imgix.net/BG22XVS/2025-11-28/damage/cdf3aff0-f50f-4513-9a1d-ea04c3afe5ac_1.jpg?w=600, https://abimg003.imgix.net/BG22XVS/2025-11-28/damage/e296dd9b-5153-41d1-a51c-86c356a90a31_1.jpg?w=600",Bumper Front – Dented With Paint Damage; Qtr Panel osr – Dented 2 Or Less UpTo 10mm; Door osf – Previous Repair; Bumper Rear – Scratched Over 100mm Thru Paint; Wheel osf – Scratched Over 50mm; Wheel nsf – Scratched Over 50mm; Number Plate Front – Broken Replace; Door nsf – Previous Repair; Wing nsf – Previous Repair; Wing osf – Poor Previous Repair Rippled UpTo 30%; Tyre osf – Damaged Replace; Tyre nsf – Damaged Replace; Wheel osr – Scratched Over 50mm; Wheel nsr – Scratched Up To 50mm; Badgedecal Front – Broken Replace,2022
VAUXHALL CORSA HATCHBACK,Aston Barclay Prees Heath,1.2 SE 5dr,"https://abimg003.imgix.net/SD71TCK/2025-11-26/image/e56a1d12-89af-4c1f-a414-229225948198_removebg.jpg?w=600, https://abimg003.imgix.net/SD71TCK/2025-11-26/image/03585d3d-631a-4f9c-bd91-a77b6bbd811b_removebg.jpg?w=600, https://abimg003.imgix.net/SD71TCK/2025-11-26/image/081f9292-50fb-4e92-bb93-4fca99213e6a_removebg.jpg?w=600, https://abimg003.imgix.net/SD71TCK/2025-11-26/image/3c7502c2-7658-4836-838e-dbfe59445e53_removebg.jpg?w=600, https://abimg003.imgix.net/SD71TCK/2025-11-26/image/c47928c7-2f20-47e2-a359-89d9c93ff36f_removebg.jpg?w=600, https://abimg003.imgix.net/SD71TCK/2025-11-26/image/18f789e5-3664-49e3-a16b-f3bbee5dcf75_removebg.jpg?w=600, https://abimg003.imgix.net/SD71TCK/2025-11-26/image/9a53c0fb-7289-4834-8147-b60c71fdf0e4_removebg.jpg?w=600, https://abimg003.imgix.net/SD71TCK/2025-11-26/image/db008435-d48f-4ecb-ab14-d9692e3bb77e_removebg.jpg?w=600, https://abimg003.imgix.net/SD71TCK/2025-11-26/image/921579f1-92e4-4ba9-8e90-bcb5c17b9ded_removebg.jpg?w=600, https://abimg003.imgix.net/SD71TCK/2025-11-26/image/e5739b1d-5345-4145-84f6-8e127fefbdc2_removebg.jpg?w=600, https://abimg003.imgix.net/SD71TCK/2025-11-26/image/024fae33-927f-489b-864d-f7f789f31835_removebg.jpg?w=600, https://abimg003.imgix.net/SD71TCK/2025-11-26/image/5e4400a2-9dcc-457b-90d3-5f32e4b6d6d8_removebg.jpg?w=600, https://abimg003.imgix.net/SD71TCK/2025-11-26/image/22457c8e-135f-41c7-b764-52f186fd1f0a_removebg.jpg?w=600, https://abimg003.imgix.net/SD71TCK/2025-11-26/image/583b1d32-09ae-42c0-a435-82339770aa48_removebg.jpg?w=600",Available,,10:15,2025-12-02,Aston Barclay Prees Heath,17790,2021-11-24,SD71TCK,31056,False,BLACK,Hatchback,5,Petrol,manual,True,2026-07-20,118,Margin,0,False,Arnold Clark,"Service print and book 01/23- 7k, 11/23- 14k, 11/24- ?, 07/25- 30k","vosa@ 40k, 30k VOSA DISCREPANCY, spare key",3,07/25,30k,4,7550,6,9595,6625,,9995,7498,AA,2025-11-26,VXKUPHMHDM4314273,,,VAUXHALL,CORSA HATCHBACK,11.99,,Hatchback,manual,,,5,2021-11-24,2,https://abimg002.imgix.net/c9e8bf6b-5077-43c9-9b75-c0792f19d1e4.pdf,https://abimg002.imgix.net/0d122149-3a33-48b0-942d-801aa20855a5.pdf,"NSF: 4.0, OSF: 4.0, OSR: 6.0, NSR: 5.0",,Air con,"https://abimg003.imgix.net/SD71TCK/2025-11-26/damage/10cef310-fd88-445c-b2b8-5e6dc53a5e3a_1.jpg?w=600, https://abimg003.imgix.net/SD71TCK/2025-11-26/damage/78aebe3e-5375-44b7-a4cf-6d3cd929f172_1.jpg?w=600, https://abimg003.imgix.net/SD71TCK/2025-11-26/damage/78aebe3e-5375-44b7-a4cf-6d3cd929f172_2.jpg?w=600, https://abimg003.imgix.net/SD71TCK/2025-11-26/damage/8ee1095e-7f41-4e42-b932-a0802a404cc5_1.jpg?w=600, https://abimg003.imgix.net/SD71TCK/2025-11-26/damage/4d58f24d-39bd-4266-aa0c-3e94bd9efddb_1.jpg?w=600, https://abimg003.imgix.net/SD71TCK/2025-11-26/damage/0f8872e7-57bd-425f-bb67-7cdfdeba9b4d_1.jpg?w=600, https://abimg003.imgix.net/SD71TCK/2025-11-26/damage/a3540771-9a83-44d0-bd5d-5fc7b1941275_1.jpg?w=600, https://abimg003.imgix.net/SD71TCK/2025-11-26/damage/acab0ee1-ceed-47ba-88fd-1761e0fb27ae_1.jpg?w=600, https://abimg003.imgix.net/SD71TCK/2025-11-26/damage/a7671af4-0eca-48f0-bd70-575cb2d80cec_1.jpg?w=600, https://abimg003.imgix.net/SD71TCK/2025-11-26/damage/d02be7a8-b315-4784-9497-8464ed3be776_1.jpg?w=600, https://abimg003.imgix.net/SD71TCK/2025-11-26/damage/d02be7a8-b315-4784-9497-8464ed3be776_2.jpg?w=600, https://abimg003.imgix.net/SD71TCK/2025-11-26/damage/31f87f04-c69b-4dc1-8ef8-9a0b874bf143_1.jpg?w=600, https://abimg003.imgix.net/SD71TCK/2025-11-26/damage/d5d2758c-9634-4147-b958-46d61245fb3f_1.jpg?w=600, https://abimg003.imgix.net/SD71TCK/2025-11-26/damage/02b118f8-dc43-4d30-99cc-9e6dc0ce3f8b_1.jpg?w=600, https://abimg003.imgix.net/SD71TCK/2025-11-26/damage/491c351b-7407-48f5-ba82-b1cede5e8a31_1.jpg?w=600, https://abimg003.imgix.net/SD71TCK/2025-11-26/damage/3235e6b7-1aa7-49f5-af1c-5b906cb4c663_1.jpg?w=600",Door nsr – Poor Previous Repair Poor Paint; Bumper Front – Dented With Paint Damage; Door Pad osf – Scuffed UpTo 25mm; Door osr – Previous Repair; Qtr Panel nsr – Poor Previous Repair Rippled UpTo 30%; Qtr Panel osr – Poor Previous Repair Rippled UpTo 30%; Tailgate – Previous Repair; Tailgate – Scratched UpTo 25mm Thru Paint; Door Pad osr – Scuffed UpTo 25mm; Door osf – Previous Repair; Door osf – Dented Over 2 UpTo 10mm; Door Pad nsr – Scuffed UpTo 25mm; Bumper Rear – Poor Previous Repair Poor Paint; Bonnet – Poor Previous Repair Poor Paint; Door Mirror Assy osf – Scratched (Painted) UpTo 25mm Thru Paint; Wing nsf – Previous Repair; Wheel osr – Scratched Up To 50mm; Wheel nsr – Scratched Up To 50mm; General Interior – Soiled Light,2021
VOLKSWAGEN GOLF HATCHBACK,Aston Barclay Prees Heath,1.5 TSI 150 Life 5dr,"https://abimg003.imgix.net/DF23SKU/2025-11-28/image/472a7835-8de2-4ed1-a00a-62b77fc2d2f6_removebg.jpg?w=600, https://abimg003.imgix.net/DF23SKU/2025-11-28/image/5e14a93c-9320-4a69-9ed8-e34fdeb81373_removebg.jpg?w=600, https://abimg003.imgix.net/DF23SKU/2025-11-28/image/a5337490-1bb0-47c6-8fbf-6de8472fa3a4_removebg.jpg?w=600, https://abimg003.imgix.net/DF23SKU/2025-11-28/image/03247141-30a3-434f-8a34-4605754f3499_removebg.jpg?w=600, https://abimg003.imgix.net/DF23SKU/2025-11-28/image/c150b57f-ad29-4321-8cf5-97c84ab9faa5_removebg.jpg?w=600, https://abimg003.imgix.net/DF23SKU/2025-11-28/image/fe39e36f-2311-4ea1-9140-fe1ac92c9c09_removebg.jpg?w=600, https://abimg003.imgix.net/DF23SKU/2025-11-28/image/748856f0-bb25-4ab0-8be4-9f9cf98889f8_removebg.jpg?w=600, https://abimg003.imgix.net/DF23SKU/2025-11-28/image/300f87a8-204a-48b5-8054-46cceac4a989_removebg.jpg?w=600",Available,,10:15,2025-12-02,Aston Barclay Prees Heath,17790,2023-07-24,DF23SKU,23377,True,WHITE,Hatchback,5,Petrol,manual,False,,126,Qualifying,0,False,Accident Exchange,Service print 06/25-18k,,1,06/25,18k,1,15100,6,17295,13900,,17078,14402,AA,2025-11-28,WVWZZZCD4PW032358,,,VOLKSWAGEN,GOLF HATCHBACK,14.98,,Hatchback,manual,,,5,2023-07-24,1,https://abimg002.imgix.net/68987130-56ca-41a5-ba79-b9fd0edc7a60.pdf,https://abimg002.imgix.net/583c4bed-8e31-4404-8ffc-cd94f15f318f.pdf,"NSF: 3.0, OSF: 4.0, OSR: 3.0, NSR: 4.0",,"Climate control, Air con, Sat nav","https://abimg003.imgix.net/DF23SKU/2025-11-28/damage/8fb60c30-3bc9-4db6-a983-11065f35f70b_1.jpg?w=600, https://abimg003.imgix.net/DF23SKU/2025-11-28/damage/3721ba05-5716-414c-b04d-3d685b1707e0_1.jpg?w=600",Door Mirror Assy osf – Scratched (Painted) UpTo 25mm Thru Paint; Boot Lid – Dented 2 Or Less UpTo 10mm,2023
VOLKSWAGEN GOLF HATCHBACK,Aston Barclay Prees Heath,1.5 TSI 150 Life 5dr,"https://abimg003.imgix.net/DF23VLZ/2025-11-28/image/1824a405-609e-4a09-880d-7e9731bb761e_removebg.jpg?w=600, https://abimg003.imgix.net/DF23VLZ/2025-11-28/image/88f1b398-0748-4560-b324-a3c1d284a94b_removebg.jpg?w=600, https://abimg003.imgix.net/DF23VLZ/2025-11-28/image/fed70155-c094-4167-b7b2-29c2a4442ad7_removebg.jpg?w=600, https://abimg003.imgix.net/DF23VLZ/2025-11-28/image/cd9319f9-b10c-4c74-bba2-418176a7b768_removebg.jpg?w=600, https://abimg003.imgix.net/DF23VLZ/2025-11-28/image/21d04c22-1480-4571-856b-af7d1f8031f5_removebg.jpg?w=600, https://abimg003.imgix.net/DF23VLZ/2025-11-28/image/d2b028d1-52db-49a0-a1c8-3cdc9af6ca3c_removebg.jpg?w=600, https://abimg003.imgix.net/DF23VLZ/2025-11-28/image/abdb0926-5781-4696-b103-8d2de3b9e07a_removebg.jpg?w=600, https://abimg003.imgix.net/DF23VLZ/2025-11-28/image/2a50bca0-333d-4790-aaa7-429eab0b05de_removebg.jpg?w=600, https://abimg003.imgix.net/DF23VLZ/2025-11-28/image/f59e5579-736a-4ed6-9870-9f6a181f0784_removebg.jpg?w=600, https://abimg003.imgix.net/DF23VLZ/2025-11-28/image/a370da89-b950-4103-be93-094eaef2307f_removebg.jpg?w=600, https://abimg003.imgix.net/DF23VLZ/2025-11-28/image/4ab3e8f1-5c92-4bb9-9b4e-29ff98be6320_removebg.jpg?w=600, https://abimg003.imgix.net/DF23VLZ/2025-11-28/image/6367688b-9b7b-43f2-92f4-d10c8c644d15_removebg.jpg?w=600, https://abimg003.imgix.net/DF23VLZ/2025-11-28/image/9adc3f41-356c-4f2e-a618-c057618f9714_removebg.jpg?w=600, https://abimg003.imgix.net/DF23VLZ/2025-11-28/image/2c19922b-d5c4-4be7-81ef-2659178651b8_removebg.jpg?w=600, https://abimg003.imgix.net/DF23VLZ/2025-11-28/image/0296877e-8b0e-4af7-ba65-1c9079149009_removebg.jpg?w=600, https://abimg003.imgix.net/DF23VLZ/2025-11-28/image/62a0511a-7254-45db-9a3b-f29c3b68dac0_removebg.jpg?w=600, https://abimg003.imgix.net/DF23VLZ/2025-11-28/image/1962d61f-e4cb-4e59-818f-04b556735eed_removebg.jpg?w=600",Available,,10:15,2025-12-02,Aston Barclay Prees Heath,17790,2023-07-24,DF23VLZ,22126,False,WHITE,Hatchback,5,Petrol,manual,False,,126,Margin,0,False,Accident Exchange,Service print 08/25-19k,spare key,1,08/25,19k,2,15150,6,17395,14000,,17180,14491,AA,2025-11-28,WVWZZZCD9PW032484,,,VOLKSWAGEN,GOLF HATCHBACK,14.98,,Hatchback,manual,,,5,2023-07-24,2,https://abimg002.imgix.net/ce91e722-ebba-4bd9-a601-5bb0e813dc52.pdf,https://abimg002.imgix.net/3f3a077d-08fd-4f55-b856-cde7a9fa0d7b.pdf,"NSF: 5.0, OSF: 6.0, OSR: 6.0, NSR: 6.0",,Air con,"https://abimg003.imgix.net/DF23VLZ/2025-11-28/damage/186ea93a-981b-454c-a61c-5c33595f17e4_1.jpg?w=600, https://abimg003.imgix.net/DF23VLZ/2025-11-28/damage/074eb15c-799f-4d80-83c5-9f7cf59e8b4f_1.jpg?w=600, https://abimg003.imgix.net/DF23VLZ/2025-11-28/damage/074eb15c-799f-4d80-83c5-9f7cf59e8b4f_2.jpg?w=600, https://abimg003.imgix.net/DF23VLZ/2025-11-28/damage/3af7f7f5-b39a-4e12-a1a4-4433d4d9aae2_1.jpg?w=600, https://abimg003.imgix.net/DF23VLZ/2025-11-28/damage/05014824-4eba-4a8e-b58e-30c8721e5ec8_1.jpg?w=600, https://abimg003.imgix.net/DF23VLZ/2025-11-28/damage/e8ae8593-d9b2-49c6-8219-ad7c4e846484_1.jpg?w=600, https://abimg003.imgix.net/DF23VLZ/2025-11-28/damage/538b84ab-f094-4e5c-93ba-f6ff132460c7_1.jpg?w=600",Door nsr – Scratched UpTo 25mm Thru Paint; Bumper Front – Poor Previous Repair Poor Paint; Qtr Panel nsr – Previous Repair; Qtr Panel osr – Previous Repair; Tailgate – Dented 2 Or Less UpTo 10mm; General Interior – Soiled Light; Wheel nsf – Scratched Over 50mm,2023
VAUXHALL ASTRA HATCHBACK,Aston Barclay Prees Heath,1.2 Turbo 145 SRi VX-Line Nav 5dr,"https://abimg003.imgix.net/BN20HPV/2025-11-27/image/2edf03ca-7af3-4c67-b78b-fe82530cbe92_removebg.jpg?w=600, https://abimg003.imgix.net/BN20HPV/2025-11-27/image/0dd345ce-61c2-4ebf-bf64-f6d5a358a18b_removebg.jpg?w=600, https://abimg003.imgix.net/BN20HPV/2025-11-27/image/ae368027-62b3-4cfa-973b-fdde7f5c0d26_removebg.jpg?w=600, https://abimg003.imgix.net/BN20HPV/2025-11-27/image/9c5ce014-f933-4711-aca7-6e621bf5166d_removebg.jpg?w=600, https://abimg003.imgix.net/BN20HPV/2025-11-27/image/af0910d1-5fc4-43f9-a0dc-f91c4ff843c7_removebg.jpg?w=600, https://abimg003.imgix.net/BN20HPV/2025-11-27/image/f4608a51-f20c-4fc5-aaf2-6a66af8aebe6_removebg.jpg?w=600, https://abimg003.imgix.net/BN20HPV/2025-11-27/image/fdb6e898-3085-4dc4-a7b0-0302dc2683b0_removebg.jpg?w=600, https://abimg003.imgix.net/BN20HPV/2025-11-27/image/60da53c8-e2bb-431f-b628-1ca6f762621c_removebg.jpg?w=600",Available,,10:15,2025-12-02,Aston Barclay Prees Heath,17790,2020-06-25,BN20HPV,36990,True,GREY,Hatchback,5,Petrol,manual,True,2025-07-23,123,Margin,1,False,Arthurs Motor Group,,"vosa@ 20k, 31k SPARE KEY IN OFFICE",,,,3,7350,6,9595,6425,,9836,7041,AA,2025-11-27,W0VBF6EW3LG039450,,,VAUXHALL,ASTRA HATCHBACK,11.99,,Hatchback,manual,,,5,2020-06-25,2,https://abimg002.imgix.net/983c0c27-af8b-4a7c-b848-f701c4b9218e.pdf,https://abimg002.imgix.net/edf823e6-1c76-402b-b96a-a48ec203c6c8.pdf,"NSF: 3.0, OSF: 3.0, OSR: 4.0, NSR: 2.0",,"Air con, Sat nav","https://abimg003.imgix.net/BN20HPV/2025-11-27/damage/6b43019b-c3d8-487e-b7b9-cc01919cf53b_1.jpg?w=600, https://abimg003.imgix.net/BN20HPV/2025-11-27/damage/de3ef316-2831-4978-b50c-f9862347f6de_1.jpg?w=600",Door nsr – Previous Repair; Bumper Front – Poor Previous Repair Poor Paint; Steering Wheel – Damaged Replace; Wing nsf – Previous Repair; Door osr – Previous Repair; Qtr Panel nsr – Previous Repair; Qtr Panel osr – Dented 2 Or Less UpTo 10mm; Wheel osr – Corroded Light; Wheel nsr – Corroded Light; Door osf – Chipped Edge Chip; Bumper Rear – Scratched 25 to 100mm Thru Paint; Wheel osf – Corroded Light,2020
FORD KUGA DIESEL ESTATE,Aston Barclay Prees Heath,2.0 EcoBlue 190 ST-Line X Edition 5dr Auto AWD,"https://abimg003.imgix.net/WK72CVH/2025-11-21/image/74cc29ad-d62a-4835-9158-4938dfd321f9_removebg.jpg?w=600, https://abimg003.imgix.net/WK72CVH/2025-11-21/image/a82de7de-b43b-42d1-a3f5-ae269c3e1dc4_removebg.jpg?w=600, https://abimg003.imgix.net/WK72CVH/2025-11-21/image/8352ac61-01c2-4ed0-9012-19fab1362b6f_removebg.jpg?w=600, https://abimg003.imgix.net/WK72CVH/2025-11-21/image/d502b410-9ff4-40da-957e-d508e604f83b_removebg.jpg?w=600, https://abimg003.imgix.net/WK72CVH/2025-11-21/image/55bf3844-56ad-4d3a-a9d3-abf39cdc96e4_removebg.jpg?w=600, https://abimg003.imgix.net/WK72CVH/2025-11-21/image/fd180c8f-7c82-4c89-bec5-00de0ce59264_removebg.jpg?w=600, https://abimg003.imgix.net/WK72CVH/2025-11-21/image/450acf7f-64ef-497d-bde3-184d33d91b8d_removebg.jpg?w=600, https://abimg003.imgix.net/WK72CVH/2025-11-21/image/23d428f9-9852-4181-b332-6cf9fe7051fb_removebg.jpg?w=600, https://abimg003.imgix.net/WK72CVH/2025-11-21/image/084b02dd-0bf3-4318-adc6-27e0530f8054_removebg.jpg?w=600, https://abimg003.imgix.net/WK72CVH/2025-11-21/image/d116b2ca-fd2b-4634-860b-0ec66cb88698_removebg.jpg?w=600, https://abimg003.imgix.net/WK72CVH/2025-11-21/image/d60fab8c-cf4e-4e9e-b28b-c8560e80cfee_removebg.jpg?w=600, https://abimg003.imgix.net/WK72CVH/2025-11-21/image/04b3a8b7-cbb3-43a5-bc71-c1528b7ba448_removebg.jpg?w=600, https://abimg003.imgix.net/WK72CVH/2025-11-21/image/a40d11f1-75fe-440e-9613-8d91c52d2b36_removebg.jpg?w=600, https://abimg003.imgix.net/WK72CVH/2025-11-21/image/c10be6b8-8e24-4add-b21f-cc25ad8eb078_removebg.jpg?w=600, https://abimg003.imgix.net/WK72CVH/2025-11-21/image/da000202-c37f-4bf4-a44b-d29b2e0c20e5_removebg.jpg?w=600, https://abimg003.imgix.net/WK72CVH/2025-11-21/image/c974bdc5-d0bf-4bd6-8c8e-76930e891290_removebg.jpg?w=600, https://abimg003.imgix.net/WK72CVH/2025-11-21/image/5c6fbbc5-fa39-46a7-8ab3-051319d02ca1_removebg.jpg?w=600, https://abimg003.imgix.net/WK72CVH/2025-11-21/image/cb4afb4b-985f-4cf9-9f67-0ec51327d6b5_removebg.jpg?w=600, https://abimg003.imgix.net/WK72CVH/2025-11-21/image/0f3afa30-7a67-4b10-818a-9c6145ac7a31_removebg.jpg?w=600, https://abimg003.imgix.net/WK72CVH/2025-11-21/image/210e9b03-1ce1-4527-92f1-f904b8a2c569_removebg.jpg?w=600, https://abimg003.imgix.net/WK72CVH/2025-11-21/image/2b79dae1-5293-4073-84e1-7e488a28c61d_removebg.jpg?w=600",Available,,10:15,2025-12-02,Aston Barclay Prees Heath,17790,2022-09-30,WK72CVH,33391,True,BLUE,Estate,5,Diesel,automatic,True,2026-08-13,156,Margin,0,False,Greenhous Group,"Service print 04/24- 17k, 08/25- 33k",vosa@ 33k spare key,2,08/25,33k,3,19250,6,21750,17900,,21746,18196,AA,2025-11-21,WF0FXXWPMFNM12503,,,FORD,KUGA DIESEL ESTATE,19.95,,Estate,automatic,,,5,2022-09-30,2,https://abimg002.imgix.net/2f2961f6-8975-4978-8344-c7e4d1c4a17f.pdf,https://abimg002.imgix.net/b5193191-0615-449a-bfeb-d0265120756c.pdf,"NSF: 6.0, OSF: 6.0, OSR: 6.0, NSR: 5.0",,"Sunroof, Panoramic roof, Heated windscreen, Heated seats, Leather or substitute, Air con, Sat nav","https://abimg003.imgix.net/WK72CVH/2025-11-21/damage/ae699d0b-ae4e-4eea-8d6b-009311b41a43_1.jpg?w=600, https://abimg003.imgix.net/WK72CVH/2025-11-21/damage/ae699d0b-ae4e-4eea-8d6b-009311b41a43_2.jpg?w=600, https://abimg003.imgix.net/WK72CVH/2025-11-21/damage/92dbf016-0f24-41e3-9e80-724c53235a1f_1.jpg?w=600, https://abimg003.imgix.net/WK72CVH/2025-11-21/damage/15ec092c-f7b0-4208-8b40-1dca9a511870_1.jpg?w=600, https://abimg003.imgix.net/WK72CVH/2025-11-21/damage/445a1fef-3264-42d4-b144-9e4101b99254_1.jpg?w=600, https://abimg003.imgix.net/WK72CVH/2025-11-21/damage/5762a8a0-4c3e-478e-8680-674cee7adbdf_1.jpg?w=600, https://abimg003.imgix.net/WK72CVH/2025-11-21/damage/073622c4-8b0f-4b61-9d12-6f02f1ac1300_1.jpg?w=600, https://abimg003.imgix.net/WK72CVH/2025-11-21/damage/fd1cbe89-c3a7-432a-88b2-e108d60cdd70_1.jpg?w=600, https://abimg003.imgix.net/WK72CVH/2025-11-21/damage/fd1cbe89-c3a7-432a-88b2-e108d60cdd70_2.jpg?w=600, https://abimg003.imgix.net/WK72CVH/2025-11-21/damage/274e0925-bdc9-4611-91a3-f2b621d1411f_1.jpg?w=600, https://abimg003.imgix.net/WK72CVH/2025-11-21/damage/2d33b4c5-70e3-4204-8f04-f9b5f9874317_1.jpg?w=600, https://abimg003.imgix.net/WK72CVH/2025-11-21/damage/78a8e85e-c742-49c1-9405-0e79403ce291_1.jpg?w=600, https://abimg003.imgix.net/WK72CVH/2025-11-21/damage/2ad7d024-b224-44f7-8e24-d5b249698d04_1.jpg?w=600, https://abimg003.imgix.net/WK72CVH/2025-11-21/damage/a0c845cf-a973-41b9-83b9-e99120c46db8_1.jpg?w=600, https://abimg003.imgix.net/WK72CVH/2025-11-21/damage/d95a35a5-e577-4c8a-9307-e1c9383fdc2b_1.jpg?w=600",Door nsr – Previous Repair; Rear Panel Trim Int – Scuffed Over 25mm; Bumper Front – Previous Repair; Bumper Front – Scratched UpTo 25mm Thru Paint; Door osr – Previous Repair; Door osr – Dented 2 Or Less UpTo 10mm; Qtr Panel nsr – Previous Repair; Qtr Panel osr – Poor Previous Repair Poor Paint; Tailgate – Previous Repair; Door Pad osr – Scuffed UpTo 25mm; Bumper Rear – Poor Previous Repair Poor Paint; Bonnet – Previous Repair; Bonnet – Scratched UpTo 25mm Thru Paint; Roof – Dented 2 Or Less UpTo 10mm; Fascia Trim – Damaged Replace; Qtr Panel Trim os – Broken Replace; Door Mirror Assy osf – Scratched (Painted) UpTo 25mm Thru Paint; Wing nsf – Dented 2 Or Less UpTo 10mm; General Interior – Soiled Light,2022
VAUXHALL CORSA ELECTRIC HATCHBACK,Aston Barclay Prees Heath,100kW Elite Nav Premium 50kWh 5dr Auto [7.4kWCh],"https://abimg003.imgix.net/AO71XXK/2025-11-24/image/86359d2b-6678-42a4-a143-531a20d62ce9_removebg.jpg?w=600, https://abimg003.imgix.net/AO71XXK/2025-11-24/image/3fae752a-bc0a-49f9-835b-4f2c925bb88b_removebg.jpg?w=600, https://abimg003.imgix.net/AO71XXK/2025-11-24/image/67293924-6862-4686-926e-9675338d134a_removebg.jpg?w=600, https://abimg003.imgix.net/AO71XXK/2025-11-24/image/3d5f99fb-b98c-48f8-8373-c610ca130426_removebg.jpg?w=600, https://abimg003.imgix.net/AO71XXK/2025-11-24/image/41ffd0ee-a798-4b08-839a-0a844a3014a5_removebg.jpg?w=600, https://abimg003.imgix.net/AO71XXK/2025-11-24/image/2ca04f6d-bc13-4445-befd-af212c575b6e_removebg.jpg?w=600, https://abimg003.imgix.net/AO71XXK/2025-11-24/image/d0fbeb12-2822-4da9-b177-9eb7b68f93f7_removebg.jpg?w=600, https://abimg003.imgix.net/AO71XXK/2025-11-24/image/7233a3d9-7c0c-4b51-9ec5-d0c21e36ee72_removebg.jpg?w=600, https://abimg003.imgix.net/AO71XXK/2025-11-24/image/b69161fc-e566-4c3a-9bae-ba6010ea20f2_removebg.jpg?w=600, https://abimg003.imgix.net/AO71XXK/2025-11-24/image/f588f5bb-ffb3-4df5-b1df-c001887e4f1d_removebg.jpg?w=600",Available,,10:15,2025-12-02,Aston Barclay Prees Heath,17790,2021-11-25,AO71XXK,55821,True,BLACK,Hatchback,5,Electric,automatic,False,,,Margin,0,False,Greenhous Group,"Service book 04/22- 7k, 09/22- 16k, 07/23- 32k, 07/24- 50k",spare key,4,07/24,50k,3,7700,6,9695,6775,,10087,7804,AA EV/Hybrid,2025-11-24,VXKUHZKXZM4321427,,,VAUXHALL,CORSA ELECTRIC HATCHBACK,,,Hatchback,automatic,,,5,2021-11-25,2,https://abimg002.imgix.net/54bbf0ee-c524-4159-a0c1-7261d2f57942.pdf,https://abimg002.imgix.net/ee4694a3-4815-466f-ac03-2c1b445cc652.pdf,"NSF: 2.0, OSF: 3.0, OSR: 2.0, NSR: 3.0",,"Heated seats, Leather or substitute, Air con, Sat nav","https://abimg003.imgix.net/AO71XXK/2025-11-24/damage/5ad1e5df-35d6-404c-90d3-4114e7a59fa1_1.jpg?w=600, https://abimg003.imgix.net/AO71XXK/2025-11-24/damage/d0c468b7-8b81-4b72-bfd0-1c2951a2a6c3_1.jpg?w=600, https://abimg003.imgix.net/AO71XXK/2025-11-24/damage/003e26f5-5271-44a2-b947-f34190c12626_1.jpg?w=600, https://abimg003.imgix.net/AO71XXK/2025-11-24/damage/4c05f005-7f48-4d5b-902f-0e8ac8198fa1_1.jpg?w=600, https://abimg003.imgix.net/AO71XXK/2025-11-24/damage/4c05f005-7f48-4d5b-902f-0e8ac8198fa1_2.jpg?w=600, https://abimg003.imgix.net/AO71XXK/2025-11-24/damage/98824505-3204-4ff3-828d-342acae3f8f1_1.jpg?w=600",Door nsr – Scratched Over 25mm Thru Paint; Bumper Front – Scratched 25 to 100mm Thru Paint; Qtr Panel nsr – Previous Repair; Qtr Panel osr – Dented 2 Or Less UpTo 10mm; Wheel osr – Scratched Over 50mm; Wheel nsr – Scratched Over 50mm; Bumper Rear – Scratched 25 to 100mm Thru Paint; Roof – Dented Over 30mm; General Exterior – Decals Fitted Body Transfers; Wheel osf – Scratched Over 50mm; Wheel nsf – Scratched Over 50mm,2021
LAND ROVER DISCOVERY DIESEL SW,Aston Barclay Prees Heath,2.0 SD4 HSE Luxury 5dr Auto,"https://abimg003.imgix.net/OV17HKF/2025-11-27/image/2732ca23-50c3-4749-ad3b-f736024343be_removebg.jpg?w=600, https://abimg003.imgix.net/OV17HKF/2025-11-27/image/a59d44d6-b413-4039-8fd4-39d659cfe817_removebg.jpg?w=600, https://abimg003.imgix.net/OV17HKF/2025-11-27/image/c5b9a488-0929-4c2c-8dc0-2b98f9805e00_removebg.jpg?w=600, https://abimg003.imgix.net/OV17HKF/2025-11-27/image/0859ca39-5806-422c-bfad-d1446a166d8f_removebg.jpg?w=600, https://abimg003.imgix.net/OV17HKF/2025-11-27/image/6fd39f40-ac30-4fba-a120-f828cbb86f87_removebg.jpg?w=600, https://abimg003.imgix.net/OV17HKF/2025-11-27/image/e4892a68-6275-4b13-aee1-7526f565767b_removebg.jpg?w=600, https://abimg003.imgix.net/OV17HKF/2025-11-27/image/12767bfb-2717-46fb-b95a-b53b242034c2_removebg.jpg?w=600, https://abimg003.imgix.net/OV17HKF/2025-11-27/image/bc8996fa-632b-4b5f-9735-baa8d212e096_removebg.jpg?w=600, https://abimg003.imgix.net/OV17HKF/2025-11-27/image/67fed412-087e-4b48-a3b0-93481af0e06d_removebg.jpg?w=600, https://abimg003.imgix.net/OV17HKF/2025-11-27/image/d9f7610f-bf20-4954-a855-52a9cae19ebd_removebg.jpg?w=600, https://abimg003.imgix.net/OV17HKF/2025-11-27/image/493208f1-12c0-4d00-bdc7-82f6bf020fb5_removebg.jpg?w=600",Available,,10:15,2025-12-02,Aston Barclay Prees Heath,17790,2017-03-27,OV17HKF,46608,True,RED,Station Wagon,5,Diesel,automatic,True,2026-10-23,171,Margin,2,False,Pinkstones,Service print 07/19-27K 10/20-32K 10/22-39K 10/24-43K,"vosa@ 27k, 32k, 36k, 39k, 41k, 43k, 46k, SPARE KEY IN OFFICE",4,10/24,43K,1,17000,6,19795,15650,,22934,17476,AA,2025-11-27,SALRA2AN5HA008507,,,LAND ROVER,DISCOVERY DIESEL SW,19.99,,Station Wagon,automatic,,,7,2017-03-27,2,https://abimg002.imgix.net/05750c8d-eef8-4d95-87f3-f07e5c4e6031.pdf,https://abimg002.imgix.net/a2f7fdfc-8c29-48fd-872a-e3262efb1e0a.pdf,"NSF: 5.0, OSF: 5.0, OSR: 5.0, NSR: 5.0",,"Sunroof, Panoramic roof, Leather or substitute, Air con, Sat nav","https://abimg003.imgix.net/OV17HKF/2025-11-27/damage/2552eb25-5975-4000-ae4c-49bba0db7025_1.jpg?w=600, https://abimg003.imgix.net/OV17HKF/2025-11-27/damage/b281ce0a-9608-4ab6-9457-85cee30e12a3_1.jpg?w=600, https://abimg003.imgix.net/OV17HKF/2025-11-27/damage/b5354f4d-63fe-4521-828a-4fc27f80e4d6_1.jpg?w=600, https://abimg003.imgix.net/OV17HKF/2025-11-27/damage/2d0b4bb2-c963-4101-956d-4d9e9121325b_1.jpg?w=600",Screen Front – Chipped UpTo 10mm; Qtr Panel nsr – Dented Between 10mm + 30mm; Wheel nsr – Scratched Over 50mm; Wheel osf – Scratched Over 50mm,2017
MERCEDES-BENZ E CLASS DIESEL SALOON,Aston Barclay Prees Heath,E220d SE 4dr 9G-Tronic,,Available,,10:15,2025-12-02,Aston Barclay Prees Heath,17790,2016-09-27,YK66YFW,98880,True,BLACK,Saloon,4,Diesel,automatic,False,2026-09-29,102,Margin,1,False,TCB Group - Prime,,"vosa - 59k, 74k, 87k, 89k, 91k, 93k, 94k",,,,,8825,6,11795,7950,,10984,7247,,,WDD2130042A111662,,,MERCEDES-BENZ,E CLASS DIESEL SALOON,19.5,,Saloon,automatic,,,,2016-09-27,,,,,,,,,2016
VAUXHALL CORSA HATCHBACK,Aston Barclay Prees Heath,1.2 Turbo 130 Ultimate 5dr Auto,"https://abimg003.imgix.net/AX73OKZ/2025-11-21/image/9a4166d7-009c-464e-94f4-0f27c6d6f6e3_removebg.jpg?w=600, https://abimg003.imgix.net/AX73OKZ/2025-11-21/image/254fe49b-ee86-4f15-991c-9425aff3833d_removebg.jpg?w=600, https://abimg003.imgix.net/AX73OKZ/2025-11-21/image/9e7e9a91-2e9e-4d64-9d02-aa8ab5e67f31_removebg.jpg?w=600, https://abimg003.imgix.net/AX73OKZ/2025-11-21/image/8402c48e-677c-4d40-ba01-2f11634886fc_removebg.jpg?w=600, https://abimg003.imgix.net/AX73OKZ/2025-11-21/image/d0a2d35f-1047-4dc7-ad2d-edf1645b6c17_removebg.jpg?w=600, https://abimg003.imgix.net/AX73OKZ/2025-11-21/image/74e9414a-8370-4afc-92d7-09b287b47812_removebg.jpg?w=600, https://abimg003.imgix.net/AX73OKZ/2025-11-21/image/741cd762-94cc-4a24-b701-0b1c474b4efa_removebg.jpg?w=600, https://abimg003.imgix.net/AX73OKZ/2025-11-21/image/b9a7f77e-0e46-4aed-afb6-ad86cad3ac19_removebg.jpg?w=600",Available,,10:15,2025-12-02,Aston Barclay Prees Heath,17790,2024-02-19,AX73OKZ,10448,True,BLUE,Hatchback,5,Petrol,automatic,False,,123,Margin,0,False,Greenhous Group,Service book 08/25-10k,spare key in office,1,08/25,10k,1,15500,6,17495,14300,,17677,14149,AA,2025-11-21,VXKUPHNSSP4346022,,,VAUXHALL,CORSA HATCHBACK,11.99,,Hatchback,automatic,,,5,2024-02-19,2,https://abimg002.imgix.net/1e6efbab-5ea8-4e35-b717-03c76bcbb5e4.pdf,https://abimg002.imgix.net/48e6d99f-6012-49fe-aa09-92ba0a21455f.pdf,"NSF: 5.0, OSF: 5.0, OSR: 5.0, NSR: 5.0",,"Leather or substitute, Air con","https://abimg003.imgix.net/AX73OKZ/2025-11-21/damage/1b345678-29c9-4008-9c36-b07b287a026e_1.jpg?w=600, https://abimg003.imgix.net/AX73OKZ/2025-11-21/damage/06d100e5-3174-4a36-806e-b13640a677fe_1.jpg?w=600, https://abimg003.imgix.net/AX73OKZ/2025-11-21/damage/8dfc710f-1a39-460a-b785-d57ddfe438be_1.jpg?w=600, https://abimg003.imgix.net/AX73OKZ/2025-11-21/damage/aabc5f94-82dd-4013-b093-82056c6ddc49_1.jpg?w=600",Door nsr – Scratched UpTo 25mm Thru Paint; Fuel Flap – Scratched UpTo 25mm Thru Paint; Tailgate Pad – Scuffed UpTo 25mm; Door osf – Scratched UpTo 25mm Thru Paint; General Interior – Soiled Light,2024
RENAULT CAPTUR HATCHBACK,Aston Barclay Prees Heath,1.3 TCE 155 S Edition 5dr EDC,"https://abimg003.imgix.net/LL70ZNW/2025-11-12/image/d6a4493b-4cab-45af-b3e7-703158b20456_removebg.jpg?w=600, https://abimg003.imgix.net/LL70ZNW/2025-11-12/image/e551a330-a6d3-42d0-9010-13a8061baa0f_removebg.jpg?w=600, https://abimg003.imgix.net/LL70ZNW/2025-11-12/image/dde6f4c9-71f5-4841-9900-2eeaca7bc3c6_removebg.jpg?w=600, https://abimg003.imgix.net/LL70ZNW/2025-11-12/image/f173b789-3b14-410f-ab34-a9d816ddb870_removebg.jpg?w=600, https://abimg003.imgix.net/LL70ZNW/2025-11-12/image/5d597209-e89f-47b8-a4a6-141e4315459c_removebg.jpg?w=600, https://abimg003.imgix.net/LL70ZNW/2025-11-12/image/6651a0f7-9b97-43b7-9806-b37925ab1444_removebg.jpg?w=600, https://abimg003.imgix.net/LL70ZNW/2025-11-12/image/012e5fa9-aa8e-466d-81ba-c77475e4f595_removebg.jpg?w=600, https://abimg003.imgix.net/LL70ZNW/2025-11-12/image/c390cf07-8126-4f65-a01b-a09c85901d37_removebg.jpg?w=600",Available,,10:15,2025-12-02,Aston Barclay Prees Heath,17790,2021-01-06,LL70ZNW,15073,True,BLACK,Hatchback,5,Petrol,automatic,True,2026-07-26,142,Margin,3,False,Arnold Clark,Service print 03/25- 12k,"Category N Insurance Loss. No Structural Damage and Repairable - Insurer Decided Not to Repair CAT N - NON-STRUCTURAL - Damage is normal wear and minor dents/scratches CAT N - NON-STRUCTURAL - Damage is water/flood and mechanical vosa@ 8k, 10k, 13k,",1,03/25,12k,2,13000,6,15395,11800,,15306,12591,AA,2025-11-12,VF1RJB00266057367,,,RENAULT,CAPTUR HATCHBACK,13.33,,Hatchback,automatic,,,5,2021-01-06,1,https://abimg002.imgix.net/ddfec0a3-6872-4390-8f5d-6a003002aecd.pdf,https://abimg002.imgix.net/6035811e-3c76-49e5-9eae-3663822e007b.pdf,"NSF: 3.0, OSF: 3.0, OSR: 3.0, NSR: 4.0",,"Leather or substitute, Air con, Sat nav","https://abimg003.imgix.net/LL70ZNW/2025-11-12/damage/d0123f93-ed22-4d96-ba42-969f8dae1089_1.jpg?w=600, https://abimg003.imgix.net/LL70ZNW/2025-11-12/damage/a6278794-4b33-47bc-bb80-85313f74e9d9_1.jpg?w=600",Door osr – Previous Repair; Wheel osr – Corroded Light; Tailgate – Scratched Over 25mm Not Thru Paint; Bumper Rear – Previous Repair; Wheel nsr – Corroded Light; Bonnet – Scratched Over 25mm Thru Paint; Wheel osf – Corroded Light; Wheel nsf – Corroded Light,2021
VOLKSWAGEN GOLF HATCHBACK,Aston Barclay Prees Heath,1.5 TSI 150 Life 5dr,"https://abimg003.imgix.net/DF23WFN/2025-11-28/image/c3b4ac7c-b8b1-469a-9aa6-66986f479d6d_removebg.jpg?w=600, https://abimg003.imgix.net/DF23WFN/2025-11-28/image/e5ebf4e1-6b35-42b6-80c3-0673f2f3ea96_removebg.jpg?w=600, https://abimg003.imgix.net/DF23WFN/2025-11-28/image/b6fd46a5-9b09-464a-9505-9630ceaf5e85_removebg.jpg?w=600, https://abimg003.imgix.net/DF23WFN/2025-11-28/image/41d327f3-d193-4695-8828-789c8201fddf_removebg.jpg?w=600, https://abimg003.imgix.net/DF23WFN/2025-11-28/image/52bae396-7a79-4e93-a641-8d333749608a_removebg.jpg?w=600, https://abimg003.imgix.net/DF23WFN/2025-11-28/image/7e3cdf43-fbac-48cc-a609-70088143b433_removebg.jpg?w=600, https://abimg003.imgix.net/DF23WFN/2025-11-28/image/fec3eb4d-8eac-4b16-976c-4cd0672f1bab_removebg.jpg?w=600, https://abimg003.imgix.net/DF23WFN/2025-11-28/image/15f024f6-4eed-4b10-97ff-f107d3ed7f95_removebg.jpg?w=600, https://abimg003.imgix.net/DF23WFN/2025-11-28/image/4abfbb83-335e-421f-ad5e-f8d467f5e68a_removebg.jpg?w=600, https://abimg003.imgix.net/DF23WFN/2025-11-28/image/b6b1900f-8411-435d-b177-286e4bd53d0f_removebg.jpg?w=600, https://abimg003.imgix.net/DF23WFN/2025-11-28/image/89455725-a40a-4066-9a92-a5ba9b2662ec_removebg.jpg?w=600, https://abimg003.imgix.net/DF23WFN/2025-11-28/image/dc8f0bf8-2813-43ac-9a5b-c75522a2e56b_removebg.jpg?w=600, https://abimg003.imgix.net/DF23WFN/2025-11-28/image/ccdffc3f-f7ac-4c15-9ef0-35734b49af83_removebg.jpg?w=600, https://abimg003.imgix.net/DF23WFN/2025-11-28/image/c35883d3-df80-4ab7-8fba-cfc65cd34ad8_removebg.jpg?w=600, https://abimg003.imgix.net/DF23WFN/2025-11-28/image/0df0195f-8899-4a5a-9bbc-c7cda1a77ff2_removebg.jpg?w=600",Available,,10:15,2025-12-02,Aston Barclay Prees Heath,17790,2023-07-24,DF23WFN,28961,True,WHITE,Hatchback,5,Petrol,manual,False,,126,Qualifying,0,False,Accident Exchange,Service invoice 03/25-18K,SPARE KEY IN OFFICE,1,03/25,18K,2,14650,6,16895,13450,,16633,14013,AA,2025-11-28,WVWZZZCD1PW033094,,,VOLKSWAGEN,GOLF HATCHBACK,14.98,,Hatchback,manual,,,5,2023-07-24,1,https://abimg002.imgix.net/2e64b29a-e5c3-42a7-9fbc-c842e97d9843.pdf,https://abimg002.imgix.net/783489d4-2f7a-4344-85cd-58c643e8e086.pdf,"NSF: 3.0, OSF: 3.0, OSR: 5.0, NSR: 4.0",,"Air con, Sat nav","https://abimg003.imgix.net/DF23WFN/2025-11-28/damage/e7787b83-255d-4013-a891-f988ecf41a8f_1.jpg?w=600, https://abimg003.imgix.net/DF23WFN/2025-11-28/damage/0c2fe00f-aba9-4682-b6a4-5290d20c1667_1.jpg?w=600, https://abimg003.imgix.net/DF23WFN/2025-11-28/damage/b8eeb69b-cb08-4a2c-b622-148a4d54709c_1.jpg?w=600, https://abimg003.imgix.net/DF23WFN/2025-11-28/damage/4e24149a-f391-4ad1-bbc5-5528183766b1_1.jpg?w=600, https://abimg003.imgix.net/DF23WFN/2025-11-28/damage/c6d11e1a-0560-42d0-ba1d-cbad5f66efca_1.jpg?w=600",Door nsr – Previous Repair; Bumper Front – Dented With Paint Damage; Tailgate Pad – Scuffed UpTo 25mm; Wheel osr – Scratched Up To 50mm; Tailgate – Dented 2 Or Less UpTo 10mm; Door osf – Previous Repair; Shelfload Cover Rear – Missing Replace; Bumper Rear – Previous Repair; Bumper Rear – Dented 2 Or Less UpTo 10mm; Carpets Front – Burn UpTo 3mm; General Interior – Soiled Light,2023
NISSAN QASHQAI HATCHBACK,Aston Barclay Prees Heath,1.3 DiG-T Tekna 5dr,"https://abimg003.imgix.net/VT19FMD/2025-11-26/image/975f5b19-354d-4fff-a61e-938d30e450e3_removebg.jpg?w=600, https://abimg003.imgix.net/VT19FMD/2025-11-26/image/0351e65b-b7eb-42a7-8fcc-5df5ac2e8e77_removebg.jpg?w=600, https://abimg003.imgix.net/VT19FMD/2025-11-26/image/0a778009-3538-4171-849f-361112a807a8_removebg.jpg?w=600, https://abimg003.imgix.net/VT19FMD/2025-11-26/image/b1e07ea7-1570-46a7-91ef-ac4e0784fa8e_removebg.jpg?w=600, https://abimg003.imgix.net/VT19FMD/2025-11-26/image/4fe7e5dd-5ef7-415b-8141-69d72f0f2dee_removebg.jpg?w=600, https://abimg003.imgix.net/VT19FMD/2025-11-26/image/88bd60ce-f8b6-46e0-ac79-fef0f63a923c_removebg.jpg?w=600, https://abimg003.imgix.net/VT19FMD/2025-11-26/image/0dc23069-91aa-4834-a8f2-e9b034aa02a3_removebg.jpg?w=600, https://abimg003.imgix.net/VT19FMD/2025-11-26/image/857c6b89-3e4a-4cc2-af85-906be1b17253_removebg.jpg?w=600, https://abimg003.imgix.net/VT19FMD/2025-11-26/image/526a1707-1d0a-4d43-b31f-98a0a27d19ac_removebg.jpg?w=600, https://abimg003.imgix.net/VT19FMD/2025-11-26/image/42105f0d-1539-4ae0-9eff-84caac298a9a_removebg.jpg?w=600, https://abimg003.imgix.net/VT19FMD/2025-11-26/image/51e2082f-c28d-4b8d-ab88-d4edf9088fe8_removebg.jpg?w=600",Available,,10:15,2025-12-02,Aston Barclay Prees Heath,17790,2019-06-29,VT19FMD,62856,False,GREY,Hatchback,5,Petrol,manual,True,2026-11-02,130,Margin,1,False,Local Dealer Group,Service print 03/20-10k 05/21-17k 04/22-29k 03/24-47k,vosa @ 30k 39k 49k 59k 62k spare key in office,4,03/24,47k,2,8700,6,11095,7675,,10856,7777,AA,2025-11-26,SJNFFAJ11U2632657,,,NISSAN,QASHQAI HATCHBACK,13.32,,Hatchback,manual,,,5,2019-06-29,1,https://abimg002.imgix.net/cf6a3633-e8b4-44e7-91be-8bb5520d194a.pdf,https://abimg002.imgix.net/79dcc091-ea01-46a9-aecd-5914b4a87991.pdf,"NSF: 2.0, OSF: 3.0, OSR: 6.0, NSR: 5.0",,"Alloys, Parking sensors, Panoramic roof, Heated windscreen, Heated seats, Leather or substitute, AUX/USB, Radio/CD, Cruise control, Climate control, Air con, Sat nav","https://abimg003.imgix.net/VT19FMD/2025-11-26/damage/d8d7c2d9-107a-4396-ad6a-cf5dbb571c7a_1.jpg?w=600, https://abimg003.imgix.net/VT19FMD/2025-11-26/damage/eb05577f-242f-4e9d-8ef1-28a2140d6f93_1.jpg?w=600, https://abimg003.imgix.net/VT19FMD/2025-11-26/damage/47a9e107-9894-4782-8b4e-a49a77a4c345_1.jpg?w=600, https://abimg003.imgix.net/VT19FMD/2025-11-26/damage/dfa27c47-c846-427e-9b8e-fce9461ae097_1.jpg?w=600, https://abimg003.imgix.net/VT19FMD/2025-11-26/damage/fc9e02e7-f2ec-4204-86fb-324ad1eaa31f_1.jpg?w=600, https://abimg003.imgix.net/VT19FMD/2025-11-26/damage/d8857e95-b21d-4332-932f-7f170694c1d5_1.jpg?w=600, https://abimg003.imgix.net/VT19FMD/2025-11-26/damage/9c51d792-f8e3-4d8e-bf55-108e66cc7f9f_1.jpg?w=600, https://abimg003.imgix.net/VT19FMD/2025-11-26/damage/06268ee9-8599-4856-b400-4322a429e563_1.jpg?w=600, https://abimg003.imgix.net/VT19FMD/2025-11-26/damage/b7505403-cb7b-49fe-9ecd-d1160745ec5c_1.jpg?w=600, https://abimg003.imgix.net/VT19FMD/2025-11-26/damage/8f12d3ea-82ab-4d10-b798-70163be3fbf4_1.jpg?w=600, https://abimg003.imgix.net/VT19FMD/2025-11-26/damage/8f12d3ea-82ab-4d10-b798-70163be3fbf4_2.jpg?w=600, https://abimg003.imgix.net/VT19FMD/2025-11-26/damage/60998ae4-6fe3-4f7c-b3c1-73b3d5894224_1.jpg?w=600, https://abimg003.imgix.net/VT19FMD/2025-11-26/damage/f7ee7708-857f-442a-9d3e-2b326f1e496f_1.jpg?w=600",Door nsr – Chipped 1 To 5; Bumper Front – Scratched 25 to 100mm Thru Paint; Aperture Seal osf – Broken Replace; Wing nsf – Scratched UpTo 25mm Thru Paint; Door osr – Chipped Edge Chip; Wheel osr – Corroded Light; Wheel nsr – Corroded Light; Bumper Rear – Scratched Up To 25mm Thru Paint; Bumper Rear – Insecure Action Required; Door osf – Dented Between 10mm + 30mm; Wheel osf – Corroded Light; Wheel nsf – Corroded Light,2019
