Auction Name,Sheet id,Auction House,Title,Reg,Make,Model,Variant,Lot,Body type,Fuel Type,Transmission,Center,Start Date,Start Time,D.O.R,Year,Mileage,Mileage Warranted,V5,MOT Expiry Date,Service History,VAT Status,Vendor,Former Keepers,CC,Service Notes,Inspection Report,Images,Damaged_images,Damage_details,Additional Information,Colour,Keys,CAP Clean,CAP Below,CAP Average,Features,General Condition,Grade,Doors,Seats,MOT Due,Euro Status,No of services,Last service mileage,Tyres Condition,Auction Type,Non Runner
"Main Agent Car, Commercial and ex-Fire Service Equipment Auction",20,Wilsons Auctions,Ford Puma ST (Performance Pack),AE73KVG,Ford,Puma ST,ST (Performance Pack),2010,Hatchback,Petrol,Manual,Wilsons Auctions Oxford,2025-12-18,14:00,30/09/2023,2023,11653,Correct,Here,,No,VAT Qualifying,FORD CREDIT DIRECT,,1.5,,,"https://assets.wilsonsauctions.com///lots_asset-250080%2FGeneralImages-6_17677785313286605774657899416228.jpg_104913/320x231.webp,https://assets.wilsonsauctions.com///lots_asset-250080%2FGeneralImages-0_17677783471124033399368166436840.jpg_72228/320x231.webp,https://assets.wilsonsauctions.com///lots_asset-250080%2FGeneralImages-1_17677783660983345817758243725762.jpg_57712/320x231.webp,https://assets.wilsonsauctions.com///lots_asset-250080%2FGeneralImages-2_17677784099696998153625690367572.jpg_91413/320x231.webp,https://assets.wilsonsauctions.com///lots_asset-250080%2FGeneralImages-3_17677784266223862739600706457404.jpg_94423/320x231.webp,https://assets.wilsonsauctions.com///lots_asset-250080%2FGeneralImages-4_17677784407507621481646980122027.jpg_92544/320x231.webp,https://assets.wilsonsauctions.com///lots_asset-250080%2FGeneralImages-5_17677784536464426611564509773549.jpg_97793/320x231.webp,https://assets.wilsonsauctions.com///lots_asset-250080%2FGeneralImages-7_17677785530458522027757679916202.jpg_91064/320x231.webp",,,,Grey Matter,Present,"£16,750",,"£15,400",,,,5,,,,,,,Online Auction,No
"Main Agent Car, Commercial and ex-Fire Service Equipment Auction",20,Wilsons Auctions,Ford Puma ST (Performance Pack),AF73WLB,Ford,Puma ST,ST (Performance Pack),2029,Hatchback,Petrol,Manual,Wilsons Auctions Oxford,2025-12-18,14:00,01/09/2023,2023,15094,Correct,Here,,Yes,VAT Qualifying,FORD CREDIT DIRECT,,1.5,,,"https://assets.wilsonsauctions.com///lots_asset-250841%2FGeneralImages-4_17677831151551412198808339526086.jpg_99568/320x231.webp,https://assets.wilsonsauctions.com///lots_asset-250841%2FGeneralImages-0_17677827866591786551637568883592.jpg_92273/320x231.webp,https://assets.wilsonsauctions.com///lots_asset-250841%2FGeneralImages-1_17677827969959079573133280279665.jpg_77825/320x231.webp,https://assets.wilsonsauctions.com///lots_asset-250841%2FGeneralImages-2_17677829304541872639677495989825.jpg_60012/320x231.webp,https://assets.wilsonsauctions.com///lots_asset-250841%2FGeneralImages-3_17677829366586478347566741790387.jpg_58377/320x231.webp,https://assets.wilsonsauctions.com///lots_asset-250841%2FGeneralImages-5_1767783121897497041919517967581.jpg_70050/320x231.webp,https://assets.wilsonsauctions.com///lots_asset-250841%2FGeneralImages-6_17677831277992490932477238966782.jpg_56572/320x231.webp,https://assets.wilsonsauctions.com///lots_asset-250841%2FGeneralImages-7_1767783135569187954117028254598.jpg_122415/320x231.webp,https://assets.wilsonsauctions.com///lots_asset-250841%2FDamageImages-0_17677832154837637515829391609877.jpg_76754/320x231.webp",,,,Azura Blue,Present,"£16,475",,"£15,125",,,,5,,,,,,,Online Auction,No
"Main Agent Car, Commercial and ex-Fire Service Equipment Auction",20,Wilsons Auctions,Ford Puma ST (Performance Pack),AF73XUG,Ford,Puma ST,ST (Performance Pack),2001,Hatchback,Petrol,Manual,Wilsons Auctions Oxford,2025-12-18,14:00,29/09/2023,2023,18406,Correct,Here,,Yes,VAT Qualifying,FORD CREDIT DIRECT,,1.5,,,"https://assets.wilsonsauctions.com///lots_asset-249103%2FGeneralImages-5_17676193937708322668120859405429.jpg_91614/320x231.webp,https://assets.wilsonsauctions.com///lots_asset-249103%2FGeneralImages-0_17676192413542293626959415858981.jpg_92046/320x231.webp,https://assets.wilsonsauctions.com///lots_asset-249103%2FGeneralImages-1_17676192541574572246588656722989.jpg_101516/320x231.webp,https://assets.wilsonsauctions.com///lots_asset-249103%2FGeneralImages-2_1767619371244952068359492510816.jpg_65541/320x231.webp,https://assets.wilsonsauctions.com///lots_asset-249103%2FGeneralImages-3_17676193769087089259154313048709.jpg_88287/320x231.webp,https://assets.wilsonsauctions.com///lots_asset-249103%2FGeneralImages-4_17676193832197864225954021418906.jpg_82459/320x231.webp,https://assets.wilsonsauctions.com///lots_asset-249103%2FGeneralImages-6_17676193998698076152209643545656.jpg_52080/320x231.webp,https://assets.wilsonsauctions.com///lots_asset-249103%2FGeneralImages-7_17676194063207205539629025729070.jpg_111168/320x231.webp,https://assets.wilsonsauctions.com///lots_asset-249103%2FDamageImages-0_17676194869033315274345695300540.jpg_97998/320x231.webp,https://assets.wilsonsauctions.com///lots_asset-249103%2FDamageImages-1_1767619511397698908201779231362.jpg_63474/320x231.webp",,,,Frozen White,Present,"£16,175",,"£14,825",,,,5,,,,,,,Online Auction,No
"Main Agent Car, Commercial and ex-Fire Service Equipment Auction",20,Wilsons Auctions,MG HS T-GDI Exclusive S-A,AJ23PUH,MG,HS T-GDI,T-GDI Exclusive S-A,1026,Estate,Petrol,Semi Automatic,Wilsons Auctions Oxford,2025-12-18,14:00,12/07/2023,2023,23536,Correct,Here,,Yes,Margin,,,1.5,,,"https://assets.wilsonsauctions.com///lots_asset-256014%2FGeneralImages-0_17685779293518714699540262882915.jpg_111915/320x231.webp,https://assets.wilsonsauctions.com///lots_asset-256014%2FGeneralImages-0_17685780422384338838796049199435.jpg_67700/320x231.webp,https://assets.wilsonsauctions.com///lots_asset-256014%2FGeneralImages-1_17685780502888343245189527402616.jpg_78822/320x231.webp,https://assets.wilsonsauctions.com///lots_asset-256014%2FGeneralImages-2_17685780615036777721422554308120.jpg_77273/320x231.webp,https://assets.wilsonsauctions.com///lots_asset-256014%2FGeneralImages-1_17685779400875835327297001171358.jpg_101881/320x231.webp,https://assets.wilsonsauctions.com///lots_asset-256014%2FGeneralImages-2_17685779477728799414549795853625.jpg_83797/320x231.webp,https://assets.wilsonsauctions.com///lots_asset-256014%2FGeneralImages-3_17685779581375743543650345830303.jpg_102126/320x231.webp,https://assets.wilsonsauctions.com///lots_asset-256014%2FGeneralImages-4_17685779683905690963463952619246.jpg_62173/320x231.webp,https://assets.wilsonsauctions.com///lots_asset-256014%2FGeneralImages-5_17685779862382472554732770604019.jpg_82857/320x231.webp,https://assets.wilsonsauctions.com///lots_asset-256014%2FGeneralImages-6_17685779924542810748878788036325.jpg_79547/320x231.webp,https://assets.wilsonsauctions.com///lots_asset-256014%2FGeneralImages-7_17685780066565579780048979729148.jpg_61655/320x231.webp,https://assets.wilsonsauctions.com///lots_asset-256014%2FGeneralImages-8_17685780160384675301934567364876.jpg_90569/320x231.webp,https://assets.wilsonsauctions.com///lots_asset-256014%2FDamageImages-0_17685780927764857695205388433951.jpg_56240/320x231.webp,https://assets.wilsonsauctions.com///lots_asset-256014%2FDamageImages-1_17685781382265269760840525510362.jpg_40268/320x231.webp,https://assets.wilsonsauctions.com///lots_asset-256014%2FDamageImages-2_17685781770922788537466721076340.jpg_50659/320x231.webp,https://assets.wilsonsauctions.com///lots_asset-256014%2FDamageImages-3_17685782296535752199590905549980.jpg_97157/320x231.webp,https://assets.wilsonsauctions.com///lots_asset-256014%2FDamageImages-4_17685782744544925941169863339974.jpg_84021/320x231.webp",,,,Red,Present,"£14,250",,"£13,050",,,2,5,,,,,,,Online Auction,No
"Main Agent Car, Commercial and ex-Fire Service Equipment Auction",20,Wilsons Auctions,Ford Puma ST (Performance Pack),AK73JFE,Ford,Puma ST,ST (Performance Pack),2032,Hatchback,Petrol,Manual,Wilsons Auctions Oxford,2025-12-18,14:00,14/10/2023,2023,24208,Correct,Here,,Yes,VAT Qualifying,FORD CREDIT DIRECT,,1.5,,,"https://assets.wilsonsauctions.com///lots_asset-250331%2FGeneralImages-5_17678663425124079613938156980423.jpg_89476/320x231.webp,https://assets.wilsonsauctions.com///lots_asset-250331%2FGeneralImages-0_17678662147536264494729513402138.jpg_76028/320x231.webp,https://assets.wilsonsauctions.com///lots_asset-250331%2FGeneralImages-0_17678660622397111856870019566288.jpg_96375/320x231.webp,https://assets.wilsonsauctions.com///lots_asset-250331%2FGeneralImages-1_17678660760891659321484474981006.jpg_81375/320x231.webp,https://assets.wilsonsauctions.com///lots_asset-250331%2FGeneralImages-2_17678662015275528263744298872184.jpg_54491/320x231.webp,https://assets.wilsonsauctions.com///lots_asset-250331%2FGeneralImages-3_17678662087305471930590647728846.jpg_62614/320x231.webp,https://assets.wilsonsauctions.com///lots_asset-250331%2FGeneralImages-4_17678662207788754897339501536891.jpg_73093/320x231.webp,https://assets.wilsonsauctions.com///lots_asset-250331%2FGeneralImages-6_17678663502957225924693269809256.jpg_65730/320x231.webp,https://assets.wilsonsauctions.com///lots_asset-250331%2FGeneralImages-7_17678663584758325917658431220052.jpg_100755/320x231.webp,https://assets.wilsonsauctions.com///lots_asset-250331%2FDamageImages-0_1767866442708186472670213127706.jpg_76534/320x231.webp,https://assets.wilsonsauctions.com///lots_asset-250331%2FDamageImages-1_17678666368908898767515584626559.jpg_56857/320x231.webp",,,,Desert Island Blue,Present,"£15,725",,"£14,400",,,,5,,,,,,,Online Auction,No
"Main Agent Car, Commercial and ex-Fire Service Equipment Auction",20,Wilsons Auctions,Ford Puma ST (Performance Pack),AO73VSF,Ford,Puma ST,ST (Performance Pack),2012,Hatchback,Petrol,Manual,Wilsons Auctions Oxford,2025-12-18,14:00,22/11/2023,2023,19900,Correct,Here,,Yes,VAT Qualifying,FORD CREDIT DIRECT,,1.5,,,"https://assets.wilsonsauctions.com///lots_asset-248681%2FGeneralImages-4_17676975111075450826521432563274.jpg_115670/320x231.webp,https://assets.wilsonsauctions.com///lots_asset-248681%2FGeneralImages-0_17676973968551600713382551206700.jpg_75005/320x231.webp,https://assets.wilsonsauctions.com///lots_asset-248681%2FGeneralImages-1_17676974117514316889789825599336.jpg_64186/320x231.webp,https://assets.wilsonsauctions.com///lots_asset-248681%2FGeneralImages-2_17676974676726511630900973455485.jpg_91644/320x231.webp,https://assets.wilsonsauctions.com///lots_asset-248681%2FGeneralImages-3_17676974930833849913614593707355.jpg_79140/320x231.webp,https://assets.wilsonsauctions.com///lots_asset-248681%2FGeneralImages-5_1767697529266484972445114681643.jpg_107129/320x231.webp,https://assets.wilsonsauctions.com///lots_asset-248681%2FGeneralImages-6_17676975462793163774351440857218.jpg_108744/320x231.webp,https://assets.wilsonsauctions.com///lots_asset-248681%2FGeneralImages-7_17676975652621007147269802127442.jpg_105338/320x231.webp",,,,Magnetic Grey,Present,"£16,050",,"£14,700",,,,5,,,,,,,Online Auction,No
"Main Agent Car, Commercial and ex-Fire Service Equipment Auction",20,Wilsons Auctions,Ford Puma ST (Performance Pack),AP73BVY,Ford,Puma ST,ST (Performance Pack),2054,Hatchback,Petrol,Manual,Wilsons Auctions Oxford,2025-12-18,14:00,09/09/2023,2023,27043,Correct,Here,,Yes,VAT Qualifying,FORD CREDIT DIRECT,,1.5,,,"https://assets.wilsonsauctions.com///lots_asset-253411%2FGeneralImages-4_17683117867931435728505528215008.jpg_63194/320x231.webp,https://assets.wilsonsauctions.com///lots_asset-253411%2FGeneralImages-0_1768311433909759191342425656556.jpg_65782/320x231.webp,https://assets.wilsonsauctions.com///lots_asset-253411%2FGeneralImages-1_1768311544485799069405593458674.jpg_69894/320x231.webp,https://assets.wilsonsauctions.com///lots_asset-253411%2FGeneralImages-2_17683115504902038794256886042686.jpg_60439/320x231.webp,https://assets.wilsonsauctions.com///lots_asset-253411%2FGeneralImages-3_17683115563346319659757609663519.jpg_80673/320x231.webp,https://assets.wilsonsauctions.com///lots_asset-253411%2FGeneralImages-5_17683117956488522098171663136846.jpg_58564/320x231.webp,https://assets.wilsonsauctions.com///lots_asset-253411%2FGeneralImages-6_17683118014591499761821564622825.jpg_99571/320x231.webp",,,,Grey Matter,Present,"£15,500",,"£14,200",,,,5,,,,,,,Online Auction,No
"Main Agent Car, Commercial and ex-Fire Service Equipment Auction",20,Wilsons Auctions,Ford Puma Titanium Mhev,AU73LLN,Ford,Puma Titanium,Titanium Mhev,2008,Hatchback,Hyb petrol,Manual,Wilsons Auctions Oxford,2025-12-18,14:00,27/09/2023,2023,12513,Correct,Here,,Yes,VAT Qualifying,FORD CREDIT DIRECT,,1.0,,,"https://assets.wilsonsauctions.com///lots_asset-256049%2FGeneralImages-0_17685754064885899824003746378335.jpg_88066/320x231.webp,https://assets.wilsonsauctions.com///lots_asset-256049%2FGeneralImages-0_17685755223567813852463840934843.jpg_84320/320x231.webp,https://assets.wilsonsauctions.com///lots_asset-256049%2FGeneralImages-1_17685754135631077306873883168749.jpg_90223/320x231.webp,https://assets.wilsonsauctions.com///lots_asset-256049%2FGeneralImages-2_1768575424662919468016389791962.jpg_84656/320x231.webp,https://assets.wilsonsauctions.com///lots_asset-256049%2FGeneralImages-3_17685754332641341084239489019711.jpg_100593/320x231.webp,https://assets.wilsonsauctions.com///lots_asset-256049%2FGeneralImages-4_17685754688569010711149099724504.jpg_99090/320x231.webp,https://assets.wilsonsauctions.com///lots_asset-256049%2FGeneralImages-5_17685754770946618318090205500418.jpg_58489/320x231.webp,https://assets.wilsonsauctions.com///lots_asset-256049%2FGeneralImages-6_17685754918287117101187658836048.jpg_70915/320x231.webp,https://assets.wilsonsauctions.com///lots_asset-256049%2FGeneralImages-7_17685755003753429983880116926328.jpg_47400/320x231.webp,https://assets.wilsonsauctions.com///lots_asset-256049%2FGeneralImages-8_17685755102304369443068861187249.jpg_99792/320x231.webp,https://assets.wilsonsauctions.com///lots_asset-256049%2FDamageImages-0_17685755701824297340988695184545.jpg_67613/320x231.webp,https://assets.wilsonsauctions.com///lots_asset-256049%2FDamageImages-1_17685756109645308087931042420264.jpg_70575/320x231.webp,https://assets.wilsonsauctions.com///lots_asset-256049%2FDamageImages-2_17685756665593471305199341611654.jpg_87773/320x231.webp,https://assets.wilsonsauctions.com///lots_asset-256049%2FDamageImages-3_17685757966925864803215188327508.jpg_91212/320x231.webp",,,,Agate Black,Present,"£12,475",,"£11,250",,,2,5,,,,,,,Online Auction,No
"Main Agent Car, Commercial and ex-Fire Service Equipment Auction",20,Wilsons Auctions,Ford Puma ST (Performance Pack),AV73MYL,Ford,Puma ST,ST (Performance Pack),2020,Hatchback,Petrol,Manual,Wilsons Auctions Oxford,2025-12-18,14:00,30/09/2023,2023,23328,Correct,Here,,No,VAT Qualifying,FORD CREDIT DIRECT,,1.5,,,"https://assets.wilsonsauctions.com///lots_asset-250592%2FGeneralImages-5_1767785602561547078133563804881.jpg_85339/320x231.webp,https://assets.wilsonsauctions.com///lots_asset-250592%2FGeneralImages-0_17677854487211377523020692242052.jpg_115645/320x231.webp,https://assets.wilsonsauctions.com///lots_asset-250592%2FGeneralImages-1_17677854570105354722052419165258.jpg_99815/320x231.webp,https://assets.wilsonsauctions.com///lots_asset-250592%2FGeneralImages-2_17677855764374288804039302628550.jpg_62019/320x231.webp,https://assets.wilsonsauctions.com///lots_asset-250592%2FGeneralImages-3_17677855830268123935990052346509.jpg_72212/320x231.webp,https://assets.wilsonsauctions.com///lots_asset-250592%2FGeneralImages-4_17677855886121162580763599412618.jpg_69308/320x231.webp,https://assets.wilsonsauctions.com///lots_asset-250592%2FGeneralImages-6_17677856115102869828241143992970.jpg_74621/320x231.webp,https://assets.wilsonsauctions.com///lots_asset-250592%2FGeneralImages-7_17677856214157257827005203485143.jpg_109392/320x231.webp,https://assets.wilsonsauctions.com///lots_asset-250592%2FDamageImages-0_17677857998067964766516211526334.jpg_66012/320x231.webp,https://assets.wilsonsauctions.com///lots_asset-250592%2FDamageImages-1_17677858254234281726009092186149.jpg_73440/320x231.webp,https://assets.wilsonsauctions.com///lots_asset-250592%2FDamageImages-2_17677858473863375955841707630947.jpg_64195/320x231.webp,https://assets.wilsonsauctions.com///lots_asset-250592%2FDamageImages-3_17677858829733062746554802092927.jpg_65937/320x231.webp",,,,Azura Blue,Present,"£15,800",,"£14,450",,,,5,,,,,,,Online Auction,No
"Main Agent Car, Commercial and ex-Fire Service Equipment Auction",20,Wilsons Auctions,Ford Fiesta Active Turbo,AY73HUJ,Ford,Fiesta Active,Active Turbo,2003,Hatchback,Petrol,Manual,Wilsons Auctions Oxford,2025-12-18,14:00,30/09/2023,2023,22657,Correct,Here,,No,VAT Qualifying,FORD CREDIT DIRECT,,1.0,,,"https://assets.wilsonsauctions.com///lots_asset-253503%2FGeneralImages-5_17685770574111565118517567768109.jpg_71974/320x231.webp,https://assets.wilsonsauctions.com///lots_asset-253503%2FGeneralImages-0_17685769067758184025855287580043.jpg_27783/320x231.webp,https://assets.wilsonsauctions.com///lots_asset-253503%2FGeneralImages-1_17685769146483355293631991532422.jpg_16771/320x231.webp,https://assets.wilsonsauctions.com///lots_asset-253503%2FGeneralImages-2_17685770376293476700891437842275.jpg_44181/320x231.webp,https://assets.wilsonsauctions.com///lots_asset-253503%2FGeneralImages-3_17685770438573980462635275251024.jpg_66844/320x231.webp,https://assets.wilsonsauctions.com///lots_asset-253503%2FGeneralImages-4_17685770496058751503152760040326.jpg_63192/320x231.webp,https://assets.wilsonsauctions.com///lots_asset-253503%2FGeneralImages-6_17685770631392254044105288961135.jpg_61238/320x231.webp,https://assets.wilsonsauctions.com///lots_asset-253503%2FGeneralImages-7_17685770770321023677778501614072.jpg_90133/320x231.webp,https://assets.wilsonsauctions.com///lots_asset-253503%2FDamageImages-0_17685771380385916225261201993623.jpg_66227/320x231.webp,https://assets.wilsonsauctions.com///lots_asset-253503%2FDamageImages-1_17685771554576804462981565741067.jpg_77708/320x231.webp,https://assets.wilsonsauctions.com///lots_asset-253503%2FDamageImages-2_17685771735717286902108550990928.jpg_64984/320x231.webp,https://assets.wilsonsauctions.com///lots_asset-253503%2FDamageImages-3_17685771857412117745648124793084.jpg_63739/320x231.webp,https://assets.wilsonsauctions.com///lots_asset-253503%2FDamageImages-4_1768577211928530104105986227291.jpg_52822/320x231.webp,https://assets.wilsonsauctions.com///lots_asset-253503%2FDamageImages-5_17685772313741814413216041658474.jpg_56178/320x231.webp,https://assets.wilsonsauctions.com///lots_asset-253503%2FDamageImages-6_17685772575815991694917236315553.jpg_62282/320x231.webp,https://assets.wilsonsauctions.com///lots_asset-253503%2FDamageImages-7_17685772788625772344531311090239.jpg_75871/320x231.webp,https://assets.wilsonsauctions.com///lots_asset-253503%2FDamageImages-8_17685772975295089124392836999209.jpg_55751/320x231.webp",,,,Chrome Blue,Present,"£11,675",,"£10,625",,,2,5,,,,,,,Online Auction,No
"Main Agent Car, Commercial and ex-Fire Service Equipment Auction",20,Wilsons Auctions,Ford Puma St-Line X Mhev,AY73JFZ,Ford,Puma St-Line,St-Line X Mhev,2026,Hatchback,Hyb petrol,Manual,Wilsons Auctions Oxford,2025-12-18,14:00,30/09/2023,2023,19131,Correct,Here,,Yes,VAT Qualifying,FORD CREDIT DIRECT,,1.0,,,"https://assets.wilsonsauctions.com///lots_asset-245580%2FGeneralImages-5_1767004909995602074768375550942.jpg_75579/320x231.webp,https://assets.wilsonsauctions.com///lots_asset-245580%2FGeneralImages-0_17670047274369074092849598662917.jpg_108148/320x231.webp,https://assets.wilsonsauctions.com///lots_asset-245580%2FGeneralImages-1_17670047325927201105834423596078.jpg_99996/320x231.webp,https://assets.wilsonsauctions.com///lots_asset-245580%2FGeneralImages-2_17670048867646541755769651843196.jpg_73643/320x231.webp,https://assets.wilsonsauctions.com///lots_asset-245580%2FGeneralImages-3_17670048929617604593557899143985.jpg_62060/320x231.webp,https://assets.wilsonsauctions.com///lots_asset-245580%2FGeneralImages-4_17670048998602682846175689767780.jpg_73285/320x231.webp,https://assets.wilsonsauctions.com///lots_asset-245580%2FGeneralImages-6_17670049164278226517793360678185.jpg_76584/320x231.webp,https://assets.wilsonsauctions.com///lots_asset-245580%2FGeneralImages-7_17670049271443798989005233211130.jpg_72442/320x231.webp,https://assets.wilsonsauctions.com///lots_asset-245580%2FDamageImages-0_17670050374725667767570770729579.jpg_84045/320x231.webp,https://assets.wilsonsauctions.com///lots_asset-245580%2FDamageImages-1_17670050527581381818858311236034.jpg_116832/320x231.webp,https://assets.wilsonsauctions.com///lots_asset-245580%2FDamageImages-2_17670050931558273993827772021290.jpg_36013/320x231.webp,https://assets.wilsonsauctions.com///lots_asset-245580%2FDamageImages-3_1767005175133767422419904669659.jpg_72897/320x231.webp",,,,Magnetic Grey,Present,"£14,175",,"£12,925",,,2,5,,,,,,,Online Auction,No
"Main Agent Car, Commercial and ex-Fire Service Equipment Auction",20,Wilsons Auctions,Ford Puma St-Line Vignale Mhev,BA73YNZ,Ford,Puma St-Line,St-Line Vignale Mhev,2048,Hatchback,Hyb petrol,Manual,Wilsons Auctions Oxford,2025-12-18,14:00,23/10/2023,2023,12150,Correct,Here,,Yes,VAT Qualifying,FORD CREDIT DIRECT,,1.0,,,"https://assets.wilsonsauctions.com///lots_asset-250317%2FGeneralImages-5_17678669986978046045170170312653.jpg_102272/320x231.webp,https://assets.wilsonsauctions.com///lots_asset-250317%2FGeneralImages-0_17678668673272456728060236811361.jpg_105053/320x231.webp,https://assets.wilsonsauctions.com///lots_asset-250317%2FGeneralImages-1_17678668791093765665491483954909.jpg_44573/320x231.webp,https://assets.wilsonsauctions.com///lots_asset-250317%2FGeneralImages-2_17678669751218230575520721541929.jpg_61490/320x231.webp,https://assets.wilsonsauctions.com///lots_asset-250317%2FGeneralImages-3_17678669823683040181916675693978.jpg_56788/320x231.webp,https://assets.wilsonsauctions.com///lots_asset-250317%2FGeneralImages-4_17678669883944244668988928853907.jpg_66345/320x231.webp,https://assets.wilsonsauctions.com///lots_asset-250317%2FGeneralImages-6_17678670062801075474425312200094.jpg_57297/320x231.webp,https://assets.wilsonsauctions.com///lots_asset-250317%2FGeneralImages-7_17678670132143396717034651773612.jpg_85694/320x231.webp,https://assets.wilsonsauctions.com///lots_asset-250317%2FDamageImages-0_17678670965573534328801681048592.jpg_70574/320x231.webp,https://assets.wilsonsauctions.com///lots_asset-250317%2FDamageImages-1_17678671103602855225305865158917.jpg_67154/320x231.webp,https://assets.wilsonsauctions.com///lots_asset-250317%2FDamageImages-2_17678671680011484516756243589321.jpg_58410/320x231.webp,https://assets.wilsonsauctions.com///lots_asset-250317%2FDamageImages-3_17678671834564499256369591646789.jpg_50285/320x231.webp,https://assets.wilsonsauctions.com///lots_asset-250317%2FDamageImages-4_17678671956943750743945107264539.jpg_95493/320x231.webp",,,,Magnetic Grey,Present,"£14,950",,"£13,600",,,,5,,,,,,,Online Auction,No
"Main Agent Car, Commercial and ex-Fire Service Equipment Auction",20,Wilsons Auctions,Ford Puma Titanium Mhev,BD73ARX,Ford,Puma Titanium,Titanium Mhev,2017,Hatchback,Hyb petrol,Manual,Wilsons Auctions Oxford,2025-12-18,14:00,29/09/2023,2023,14086,Correct,Here,,Yes,VAT Qualifying,FORD CREDIT DIRECT,,1.0,,,"https://assets.wilsonsauctions.com///lots_asset-256449%2FGeneralImages-5_17684741005973897567458472038967.jpg_105240/320x231.webp,https://assets.wilsonsauctions.com///lots_asset-256449%2FGeneralImages-0_17684737268572908823608118515318.jpg_132102/320x231.webp,https://assets.wilsonsauctions.com///lots_asset-256449%2FGeneralImages-1_17684737451985246030870052029670.jpg_86991/320x231.webp,https://assets.wilsonsauctions.com///lots_asset-256449%2FGeneralImages-2_17684738531243424452620657965172.jpg_60226/320x231.webp,https://assets.wilsonsauctions.com///lots_asset-256449%2FGeneralImages-3_17684738593342225586205494196122.jpg_75985/320x231.webp,https://assets.wilsonsauctions.com///lots_asset-256449%2FGeneralImages-4_17684738643013171055795299694220.jpg_70931/320x231.webp,https://assets.wilsonsauctions.com///lots_asset-256449%2FGeneralImages-6_17684741066219098955071814903745.jpg_56019/320x231.webp,https://assets.wilsonsauctions.com///lots_asset-256449%2FGeneralImages-7_1768474117730768654377476792314.jpg_110332/320x231.webp,https://assets.wilsonsauctions.com///lots_asset-256449%2FDamageImages-0_17684742203413957275342456868516.jpg_81530/320x231.webp,https://assets.wilsonsauctions.com///lots_asset-256449%2FDamageImages-1_17684742418892567240901475379542.jpg_67290/320x231.webp,https://assets.wilsonsauctions.com///lots_asset-256449%2FDamageImages-2_17684743023526119230538234977302.jpg_56548/320x231.webp,https://assets.wilsonsauctions.com///lots_asset-256449%2FDamageImages-3_17684743166575695996975489400971.jpg_88496/320x231.webp,https://assets.wilsonsauctions.com///lots_asset-256449%2FDamageImages-4_17684743593562996092192604762349.jpg_82561/320x231.webp",,,,Agate Black,Present,"£12,375",,"£11,175",,,,5,,,,,,,Online Auction,No
"Main Agent Car, Commercial and ex-Fire Service Equipment Auction",20,Wilsons Auctions,Ford Puma ST (Performance Pack),BD73DKV,Ford,Puma ST,ST (Performance Pack),2016,Hatchback,Petrol,Manual,Wilsons Auctions Oxford,2025-12-18,14:00,29/09/2023,2023,7026,Correct,Here,,Yes,VAT Qualifying,FORD CREDIT DIRECT,,1.5,,,"https://assets.wilsonsauctions.com///lots_asset-249915%2FGeneralImages-6_17677154973783260687638029036282.jpg_91344/320x231.webp,https://assets.wilsonsauctions.com///lots_asset-249915%2FGeneralImages-0_17677153355995490291021401737344.jpg_66520/320x231.webp,https://assets.wilsonsauctions.com///lots_asset-249915%2FGeneralImages-1_17677153517152249696569358558801.jpg_49078/320x231.webp,https://assets.wilsonsauctions.com///lots_asset-249915%2FGeneralImages-2_17677154305659125820031625828763.jpg_82875/320x231.webp,https://assets.wilsonsauctions.com///lots_asset-249915%2FGeneralImages-3_17677154430896675069324298118589.jpg_53889/320x231.webp,https://assets.wilsonsauctions.com///lots_asset-249915%2FGeneralImages-4_17677154595892601910171163808388.jpg_74736/320x231.webp,https://assets.wilsonsauctions.com///lots_asset-249915%2FGeneralImages-5_17677154760561780885126839413655.jpg_68201/320x231.webp,https://assets.wilsonsauctions.com///lots_asset-249915%2FGeneralImages-7_17677155148181944235044614730782.jpg_79314/320x231.webp",,,,Magnetic Grey,Present,"£17,150",,"£15,800",,,,5,,,,,,,Online Auction,No
"Main Agent Car, Commercial and ex-Fire Service Equipment Auction",20,Wilsons Auctions,Ford Puma Titanium Mhev,BD73KLM,Ford,Puma Titanium,Titanium Mhev,2022,Hatchback,Hyb petrol,Manual,Wilsons Auctions Oxford,2025-12-18,14:00,04/10/2023,2023,8973,Correct,Here,,No,VAT Qualifying,FORD CREDIT DIRECT,,1.0,,,"https://assets.wilsonsauctions.com///lots_asset-250590%2FGeneralImages-5_17678006025098002583827299357624.jpg_87197/320x231.webp,https://assets.wilsonsauctions.com///lots_asset-250590%2FGeneralImages-0_17678004129211116947955750156218.jpg_83945/320x231.webp,https://assets.wilsonsauctions.com///lots_asset-250590%2FGeneralImages-1_17678004267487827873940124270760.jpg_98386/320x231.webp,https://assets.wilsonsauctions.com///lots_asset-250590%2FGeneralImages-2_17678005438503627132523436484436.jpg_69035/320x231.webp,https://assets.wilsonsauctions.com///lots_asset-250590%2FGeneralImages-3_17678005648965591756005466534699.jpg_62761/320x231.webp,https://assets.wilsonsauctions.com///lots_asset-250590%2FGeneralImages-4_17678005867646261598117083917602.jpg_77354/320x231.webp,https://assets.wilsonsauctions.com///lots_asset-250590%2FGeneralImages-6_17678006362968180757158744393887.jpg_56950/320x231.webp,https://assets.wilsonsauctions.com///lots_asset-250590%2FGeneralImages-7_17678006446943312698174076510570.jpg_70226/320x231.webp,https://assets.wilsonsauctions.com///lots_asset-250590%2FDamageImages-0_17678007370423238710784269713692.jpg_67845/320x231.webp,https://assets.wilsonsauctions.com///lots_asset-250590%2FDamageImages-1_1767800749494444673842219922701.jpg_57324/320x231.webp,https://assets.wilsonsauctions.com///lots_asset-250590%2FDamageImages-2_17678008410051686570163029907041.jpg_50654/320x231.webp",,,,Agate Black,Present,"£12,725",,"£11,475",,,2,5,,,,,,,Online Auction,No
"Main Agent Car, Commercial and ex-Fire Service Equipment Auction",20,Wilsons Auctions,Ford Puma ST Mhev Auto,BG73VJJ,Ford,Puma ST,ST Mhev Auto,2027,Hatchback,Hyb petrol,Automatic,Wilsons Auctions Oxford,2025-12-18,14:00,30/09/2023,2023,30333,Correct,Here,,Yes,VAT Qualifying,FORD CREDIT DIRECT,,1.0,,,"https://assets.wilsonsauctions.com///lots_asset-249884%2FGeneralImages-5_17677850971247165739571579120218.jpg_106588/320x231.webp,https://assets.wilsonsauctions.com///lots_asset-249884%2FGeneralImages-0_17677849783454955178499910205073.jpg_107459/320x231.webp,https://assets.wilsonsauctions.com///lots_asset-249884%2FGeneralImages-1_17677849888266672772560035510805.jpg_118791/320x231.webp,https://assets.wilsonsauctions.com///lots_asset-249884%2FGeneralImages-2_176778507240735570922987721375.jpg_75177/320x231.webp,https://assets.wilsonsauctions.com///lots_asset-249884%2FGeneralImages-3_17677850814906203342643412439297.jpg_62095/320x231.webp,https://assets.wilsonsauctions.com///lots_asset-249884%2FGeneralImages-4_17677850915562991419770003455599.jpg_67626/320x231.webp,https://assets.wilsonsauctions.com///lots_asset-249884%2FGeneralImages-6_17677851029077526488254180439318.jpg_80364/320x231.webp,https://assets.wilsonsauctions.com///lots_asset-249884%2FGeneralImages-7_17677851102183245959570115276422.jpg_112742/320x231.webp,https://assets.wilsonsauctions.com///lots_asset-249884%2FDamageImages-0_17677851992865459149986717263970.jpg_95203/320x231.webp,https://assets.wilsonsauctions.com///lots_asset-249884%2FDamageImages-1_17677852365395536542224971913207.jpg_62856/320x231.webp,https://assets.wilsonsauctions.com///lots_asset-249884%2FDamageImages-2_17677852647142192165984362305027.jpg_76249/320x231.webp",,,,Grey Matter,Present,"£16,800",,"£15,450",,,,5,,,,,,,Online Auction,No
"Main Agent Car, Commercial and ex-Fire Service Equipment Auction",20,Wilsons Auctions,Ford Galaxy EcoBlue Titanium Auto,BK72OVO,Ford,Galaxy EcoBlue,EcoBlue Titanium Auto,1063,Mpv,Diesel,Automatic,Wilsons Auctions Oxford,2025-12-18,14:00,29/09/2022,2022,55016,Correct,Here,11-12-2026,Yes,Margin,,,2.0,,,"https://assets.wilsonsauctions.com///lots_asset-261822%2FGeneralImages-0_17689265579688866058312595777152.jpg_121407/320x231.webp,https://assets.wilsonsauctions.com///lots_asset-261822%2FGeneralImages-0_17689266852198009251491675530148.jpg_52682/320x231.webp,https://assets.wilsonsauctions.com///lots_asset-261822%2FGeneralImages-1_1768926582206809157513035533759.jpg_113774/320x231.webp,https://assets.wilsonsauctions.com///lots_asset-261822%2FGeneralImages-2_17689265972174895268712099986213.jpg_92142/320x231.webp,https://assets.wilsonsauctions.com///lots_asset-261822%2FGeneralImages-3_17689266140192630249762553961246.jpg_92163/320x231.webp,https://assets.wilsonsauctions.com///lots_asset-261822%2FGeneralImages-4_1768926634150955937121422968297.jpg_84367/320x231.webp,https://assets.wilsonsauctions.com///lots_asset-261822%2FGeneralImages-5_17689266437181832657534967428083.jpg_96879/320x231.webp,https://assets.wilsonsauctions.com///lots_asset-261822%2FGeneralImages-6_17689266579529088011568801887060.jpg_88445/320x231.webp,https://assets.wilsonsauctions.com///lots_asset-261822%2FGeneralImages-7_17689266647556767038584757797165.jpg_69334/320x231.webp,https://assets.wilsonsauctions.com///lots_asset-261822%2FDamageImages-0_17689267226067496598199232944076.jpg_113160/320x231.webp,https://assets.wilsonsauctions.com///lots_asset-261822%2FDamageImages-1_17689267514247581817990635444720.jpg_120197/320x231.webp,https://assets.wilsonsauctions.com///lots_asset-261822%2FDamageImages-2_17689267724846987849203450550725.jpg_58043/320x231.webp,https://assets.wilsonsauctions.com///lots_asset-261822%2FDamageImages-3_17689268015674488405985664401696.jpg_93287/320x231.webp,https://assets.wilsonsauctions.com///lots_asset-261822%2FDamageImages-4_17689268546328324696388625129417.jpg_81492/320x231.webp,https://assets.wilsonsauctions.com///lots_asset-261822%2FDamageImages-5_17689269163876263747732690763711.jpg_88790/320x231.webp,https://assets.wilsonsauctions.com///lots_asset-261822%2FDamageImages-6_17689269599653604426043304047372.jpg_94527/320x231.webp",,,,Black,Present,"£16,150",,"£14,975",,,,5,,,,,,,Online Auction,No
"Main Agent Car, Commercial and ex-Fire Service Equipment Auction",20,Wilsons Auctions,Ford Puma St-Line X Mhev,BL73RHZ,Ford,Puma St-Line,St-Line X Mhev,2038,Hatchback,Hyb petrol,Manual,Wilsons Auctions Oxford,2025-12-18,14:00,23/11/2023,2023,5020,Correct,Here,,Yes,VAT Qualifying,FORD CREDIT DIRECT,1,1.0,,,"https://assets.wilsonsauctions.com///lots_asset-253422%2FGeneralImages-5_17684076236012057336818510097195.jpg_84855/320x231.webp,https://assets.wilsonsauctions.com///lots_asset-253422%2FGeneralImages-0_17684074816462191335942467051433.jpg_65657/320x231.webp,https://assets.wilsonsauctions.com///lots_asset-253422%2FGeneralImages-1_17684074926712243136210068131966.jpg_48517/320x231.webp,https://assets.wilsonsauctions.com///lots_asset-253422%2FGeneralImages-2_17684075945086554312334652027202.jpg_69199/320x231.webp,https://assets.wilsonsauctions.com///lots_asset-253422%2FGeneralImages-3_17684076021961051903935363018992.jpg_67952/320x231.webp,https://assets.wilsonsauctions.com///lots_asset-253422%2FGeneralImages-4_17684076175104770345254205295134.jpg_67126/320x231.webp,https://assets.wilsonsauctions.com///lots_asset-253422%2FGeneralImages-6_17684076315747518739791237784225.jpg_69021/320x231.webp,https://assets.wilsonsauctions.com///lots_asset-253422%2FGeneralImages-7_1768407640064372671727916108538.jpg_93253/320x231.webp,https://assets.wilsonsauctions.com///lots_asset-253422%2FDamageImages-0_17684080057118582275612021263416.jpg_60426/320x231.webp,https://assets.wilsonsauctions.com///lots_asset-253422%2FDamageImages-1_17684080516978251762740605345077.jpg_33792/320x231.webp,https://assets.wilsonsauctions.com///lots_asset-253422%2FDamageImages-2_17684081110507721943672458670635.jpg_40832/320x231.webp",,,,Solar Silver,Present,"£14,325",,"£13,075",,,,5,,,,,,,Online Auction,No
"Main Agent Car, Commercial and ex-Fire Service Equipment Auction",20,Wilsons Auctions,Ford Puma ST Mhev Auto,BP73YSB,Ford,Puma ST,ST Mhev Auto,2002,Hatchback,Hyb petrol,Automatic,Wilsons Auctions Oxford,2025-12-18,14:00,21/12/2023,2023,14186,Correct,Here,,No,VAT Qualifying,FORD CREDIT DIRECT,,1.0,,,"https://assets.wilsonsauctions.com///lots_asset-244897%2FGeneralImages-0_17663970976022131455939579950236.jpg_118112/320x231.webp,https://assets.wilsonsauctions.com///lots_asset-244897%2FGeneralImages-1_17663971199642423055641289709382.jpg_98509/320x231.webp,https://assets.wilsonsauctions.com///lots_asset-244897%2FGeneralImages-2_17663971263091747973349680271567.jpg_92077/320x231.webp,https://assets.wilsonsauctions.com///lots_asset-244897%2FGeneralImages-3_17663971412771311349357725108992.jpg_70976/320x231.webp,https://assets.wilsonsauctions.com///lots_asset-244897%2FGeneralImages-4_17663971537514312015987702748344.jpg_87063/320x231.webp,https://assets.wilsonsauctions.com///lots_asset-244897%2FGeneralImages-5_17663971754662962523417176218822.jpg_80422/320x231.webp,https://assets.wilsonsauctions.com///lots_asset-244897%2FGeneralImages-6_17663971904216773085786058959757.jpg_73097/320x231.webp,https://assets.wilsonsauctions.com///lots_asset-244897%2FGeneralImages-7_17663971984288375056365316942855.jpg_90968/320x231.webp,https://assets.wilsonsauctions.com///lots_asset-244897%2FDamageImages-0_17664008675444993280881183970523.jpg_62401/320x231.webp,https://assets.wilsonsauctions.com///lots_asset-244897%2FDamageImages-1_17664009042142086802661164338766.jpg_56835/320x231.webp,https://assets.wilsonsauctions.com///lots_asset-244897%2FDamageImages-2_17664015283982608511158005676471.jpg_26526/320x231.webp",,,,Grey Matter,Present,"£18,250",,"£16,900",,,,5,,,,,,,Online Auction,No
"Main Agent Car, Commercial and ex-Fire Service Equipment Auction",20,Wilsons Auctions,Nissan Qashqai DiG-T MH 158 N-Connecta CVT,BT72RZY,Nissan,Qashqai DiG-T,DiG-T MH 158 N-Connecta CVT,1074,Hatchback,Hyb petrol,,Wilsons Auctions Oxford,2025-12-18,14:00,30/11/2022,2022,19004,Correct,To follow,09-09-2026,Yes,Margin,,,1.3,,,"https://assets.wilsonsauctions.com///lots_asset-262143%2FGeneralImages-4_17689835501916962293463729456926.jpg_74352/320x231.webp,https://assets.wilsonsauctions.com///lots_asset-262143%2FGeneralImages-0_17689835013038036505081017839358.jpg_56149/320x231.webp,https://assets.wilsonsauctions.com///lots_asset-262143%2FGeneralImages-1_17689835108747986120427470674183.jpg_45612/320x231.webp,https://assets.wilsonsauctions.com///lots_asset-262143%2FGeneralImages-2_17689835373147599906212929120836.jpg_72622/320x231.webp,https://assets.wilsonsauctions.com///lots_asset-262143%2FGeneralImages-3_17689835453631132018354246841992.jpg_61491/320x231.webp,https://assets.wilsonsauctions.com///lots_asset-262143%2FGeneralImages-5_17689835571358113914784024190721.jpg_37142/320x231.webp,https://assets.wilsonsauctions.com///lots_asset-262143%2FGeneralImages-6_17689835683964339990762113412686.jpg_84537/320x231.webp,https://assets.wilsonsauctions.com///lots_asset-262143%2FGeneralImages-7_17689862089553364843771366920459.jpg_74129/320x231.webp,https://assets.wilsonsauctions.com///lots_asset-262143%2FGeneralImages-8_17689862148303007271514626768018.jpg_72315/320x231.webp,https://assets.wilsonsauctions.com///lots_asset-262143%2FDamageImages-0_17689837526094859841934577882919.jpg_34332/320x231.webp,https://assets.wilsonsauctions.com///lots_asset-262143%2FDamageImages-1_17689837739075044297968437837396.jpg_58002/320x231.webp,https://assets.wilsonsauctions.com///lots_asset-262143%2FDamageImages-2_17689837890327850052228741482873.jpg_46377/320x231.webp,https://assets.wilsonsauctions.com///lots_asset-262143%2FDamageImages-3_17689838118734824018736854404981.jpg_61681/320x231.webp,https://assets.wilsonsauctions.com///lots_asset-262143%2FDamageImages-4_17689839089555953183458387625891.jpg_48065/320x231.webp,https://assets.wilsonsauctions.com///lots_asset-262143%2FDamageImages-5_17689839302724278507204884302673.jpg_56148/320x231.webp",,,,Red,Present,"£14,800",,"£13,525",,,2,5,,,,,,,Online Auction,No
"Main Agent Car, Commercial and ex-Fire Service Equipment Auction",20,Wilsons Auctions,Ford Puma St-Line X Mhev,BU73FNG,Ford,Puma St-Line,St-Line X Mhev,2014,Hatchback,Hyb petrol,Manual,Wilsons Auctions Oxford,2025-12-18,14:00,30/09/2023,2023,14052,Correct,Here,,Yes,VAT Qualifying,FORD CREDIT DIRECT,,1.0,,,"https://assets.wilsonsauctions.com///lots_asset-250599%2FGeneralImages-5_17677845121857870224228437904118.jpg_100713/320x231.webp,https://assets.wilsonsauctions.com///lots_asset-250599%2FGeneralImages-0_17677843585127355251008337456466.jpg_137483/320x231.webp,https://assets.wilsonsauctions.com///lots_asset-250599%2FGeneralImages-1_17677843674737630560366586731547.jpg_106113/320x231.webp,https://assets.wilsonsauctions.com///lots_asset-250599%2FGeneralImages-2_17677844867188370342325954800666.jpg_78852/320x231.webp,https://assets.wilsonsauctions.com///lots_asset-250599%2FGeneralImages-3_17677844955593047051436307428143.jpg_69322/320x231.webp,https://assets.wilsonsauctions.com///lots_asset-250599%2FGeneralImages-4_17677845013015536886444400416669.jpg_83378/320x231.webp,https://assets.wilsonsauctions.com///lots_asset-250599%2FGeneralImages-6_17677845181528170033474618767453.jpg_60273/320x231.webp,https://assets.wilsonsauctions.com///lots_asset-250599%2FGeneralImages-7_1767784525089804672462097215291.jpg_96029/320x231.webp,https://assets.wilsonsauctions.com///lots_asset-250599%2FDamageImages-0_17677847247482911422266119094190.jpg_97968/320x231.webp,https://assets.wilsonsauctions.com///lots_asset-250599%2FDamageImages-1_17677847546655743188569384858066.jpg_43395/320x231.webp",,,,Desert Island Blue,Present,"£13,725",,"£12,475",,,2,5,,,,,,,Online Auction,No
"Main Agent Car, Commercial and ex-Fire Service Equipment Auction",20,Wilsons Auctions,BMW 218i M Sport Auto,CA21NTF,BMW,218i M,M Sport Auto,1071,Coupe,Petrol,Automatic,Wilsons Auctions Oxford,2025-12-18,14:00,30/04/2021,2021,74611,Correct,To follow,06-06-2026,Yes,Margin,,,1.5,,,"https://assets.wilsonsauctions.com///lots_asset-249945%2FGeneralImages-5_17689221647106297134138936852040.jpg_75578/320x231.webp,https://assets.wilsonsauctions.com///lots_asset-249945%2FGeneralImages-0_17689207315903551916607953217643.jpg_85132/320x231.webp,https://assets.wilsonsauctions.com///lots_asset-249945%2FGeneralImages-1_17689207363885050032699234815950.jpg_54031/320x231.webp,https://assets.wilsonsauctions.com///lots_asset-249945%2FGeneralImages-2_17689208747254314539609041032404.jpg_73911/320x231.webp,https://assets.wilsonsauctions.com///lots_asset-249945%2FGeneralImages-0_17689207124108961050505076190187.jpg_62921/320x231.webp,https://assets.wilsonsauctions.com///lots_asset-249945%2FGeneralImages-1_17689207227455598591110993556825.jpg_56641/320x231.webp,https://assets.wilsonsauctions.com///lots_asset-249945%2FGeneralImages-2_17689208613197710312072352964948.jpg_81591/320x231.webp,https://assets.wilsonsauctions.com///lots_asset-249945%2FGeneralImages-3_17689208687304005213905633650445.jpg_61623/320x231.webp,https://assets.wilsonsauctions.com///lots_asset-249945%2FGeneralImages-4_17689220615545497628779578957620.jpg_78491/320x231.webp,https://assets.wilsonsauctions.com///lots_asset-249945%2FGeneralImages-6_17689221732313309911343968298251.jpg_67098/320x231.webp,https://assets.wilsonsauctions.com///lots_asset-249945%2FGeneralImages-7_17689221808088469368006552587928.jpg_90718/320x231.webp,https://assets.wilsonsauctions.com///lots_asset-249945%2FDamageImages-0_17689222549603015868634671680419.jpg_82460/320x231.webp,https://assets.wilsonsauctions.com///lots_asset-249945%2FDamageImages-1_17689222728597233151049958507472.jpg_25242/320x231.webp,https://assets.wilsonsauctions.com///lots_asset-249945%2FDamageImages-2_17689222873755251880922957354945.jpg_57063/320x231.webp,https://assets.wilsonsauctions.com///lots_asset-249945%2FDamageImages-3_17689223002753045178577845905974.jpg_76689/320x231.webp,https://assets.wilsonsauctions.com///lots_asset-249945%2FDamageImages-4_17689223260534909901273866745485.jpg_74846/320x231.webp,https://assets.wilsonsauctions.com///lots_asset-249945%2FDamageImages-5_17689223658286319104287011915112.jpg_22807/320x231.webp,https://assets.wilsonsauctions.com///lots_asset-249945%2FDamageImages-6_17689223911303648382574005818206.jpg_64979/320x231.webp,https://assets.wilsonsauctions.com///lots_asset-249945%2FDamageImages-7_17689224087538311227620775395517.jpg_52972/320x231.webp,https://assets.wilsonsauctions.com///lots_asset-249945%2FDamageImages-8_17689224307442583238794553367331.jpg_55768/320x231.webp,https://assets.wilsonsauctions.com///lots_asset-249945%2FDamageImages-9_17689224625136004396360700459575.jpg_90313/320x231.webp,https://assets.wilsonsauctions.com///lots_asset-249945%2FDamageImages-10_17689224882869138392473458340638.jpg_61677/320x231.webp,https://assets.wilsonsauctions.com///lots_asset-249945%2FDamageImages-11_17689225106671256209234477195344.jpg_31293/320x231.webp,https://assets.wilsonsauctions.com///lots_asset-249945%2FDamageImages-12_17689225282046527565123023879243.jpg_54892/320x231.webp,https://assets.wilsonsauctions.com///lots_asset-249945%2FDamageImages-13_17689225496859222835604857880017.jpg_39486/320x231.webp",,,,White,Present,"£13,400",,"£12,275",,,,2,,,,,,,Online Auction,No
"Main Agent Car, Commercial and ex-Fire Service Equipment Auction",20,Wilsons Auctions,Nissan Juke DiG-T 114 N-Connecta,CA21OKG,Nissan,Juke DiG-T,DiG-T 114 N-Connecta,1004,Hatchback,Petrol,Manual,Wilsons Auctions Oxford,2025-12-18,14:00,15/06/2021,2021,3511,Correct,Here,19-02-2026,Yes,Margin,,,1.0,,,"https://assets.wilsonsauctions.com///lots_asset-253042%2FGeneralImages-0_17685609013483869667585361563692.jpg_129521/320x231.webp,https://assets.wilsonsauctions.com///lots_asset-253042%2FGeneralImages-0_1768561051283918082170718160713.jpg_91144/320x231.webp,https://assets.wilsonsauctions.com///lots_asset-253042%2FGeneralImages-1_17685610610806245670491224147970.jpg_89616/320x231.webp,https://assets.wilsonsauctions.com///lots_asset-253042%2FGeneralImages-2_17685610775814142898113297000204.jpg_94300/320x231.webp,https://assets.wilsonsauctions.com///lots_asset-253042%2FGeneralImages-3_17685610847523672631850082212252.jpg_74924/320x231.webp,https://assets.wilsonsauctions.com///lots_asset-253042%2FGeneralImages-1_17685609112418996628955133345417.jpg_109209/320x231.webp,https://assets.wilsonsauctions.com///lots_asset-253042%2FGeneralImages-2_17685609242971027415847995355192.jpg_74850/320x231.webp,https://assets.wilsonsauctions.com///lots_asset-253042%2FGeneralImages-3_17685609351843206330828351253479.jpg_92160/320x231.webp,https://assets.wilsonsauctions.com///lots_asset-253042%2FGeneralImages-4_17685609560284587243995150433160.jpg_74616/320x231.webp,https://assets.wilsonsauctions.com///lots_asset-253042%2FGeneralImages-5_17685609669957776947016231967344.jpg_34473/320x231.webp,https://assets.wilsonsauctions.com///lots_asset-253042%2FGeneralImages-6_17685610142504101094897064975614.jpg_87612/320x231.webp,https://assets.wilsonsauctions.com///lots_asset-253042%2FGeneralImages-7_17685610209508551040394278964952.jpg_56736/320x231.webp,https://assets.wilsonsauctions.com///lots_asset-253042%2FGeneralImages-8_17685610398174102891705034353950.jpg_69939/320x231.webp,https://assets.wilsonsauctions.com///lots_asset-253042%2FDamageImages-0_17685611311381820068871945679085.jpg_41104/320x231.webp,https://assets.wilsonsauctions.com///lots_asset-253042%2FDamageImages-1_17685611624683204085533757554290.jpg_149203/320x231.webp,https://assets.wilsonsauctions.com///lots_asset-253042%2FDamageImages-2_17685611995027651913102105155928.jpg_50247/320x231.webp,https://assets.wilsonsauctions.com///lots_asset-253042%2FDamageImages-3_17685615272375285404954341753234.jpg_59241/320x231.webp",,,,Red,Present,"£11,650",,"£10,450",,,,5,,,,,,,Online Auction,No
"Main Agent Car, Commercial and ex-Fire Service Equipment Auction",20,Wilsons Auctions,KIA Picanto 2,CA23ZGB,KIA,Picanto 2,2,1077,Hatchback,Petrol,Manual,Wilsons Auctions Oxford,2025-12-18,14:00,05/05/2023,2023,19616,Correct,To follow,,Yes,Margin,,,1.0,,,"https://assets.wilsonsauctions.com///lots_asset-253031%2FGeneralImages-5_17689865517636214811188448156274.jpg_88968/320x231.webp,https://assets.wilsonsauctions.com///lots_asset-253031%2FGeneralImages-0_17689862888336609585006063723703.jpg_51770/320x231.webp,https://assets.wilsonsauctions.com///lots_asset-253031%2FGeneralImages-1_17689863291718084193439178360780.jpg_49834/320x231.webp,https://assets.wilsonsauctions.com///lots_asset-253031%2FGeneralImages-2_17689864309969029618251289711112.jpg_74534/320x231.webp,https://assets.wilsonsauctions.com///lots_asset-253031%2FGeneralImages-3_17689864490264167193147324721395.jpg_49312/320x231.webp,https://assets.wilsonsauctions.com///lots_asset-253031%2FGeneralImages-4_17689864552278956531292553470624.jpg_58109/320x231.webp,https://assets.wilsonsauctions.com///lots_asset-253031%2FGeneralImages-6_17689865608573361042920604831386.jpg_63469/320x231.webp,https://assets.wilsonsauctions.com///lots_asset-253031%2FGeneralImages-7_17689865674295057308020144965307.jpg_92012/320x231.webp,https://assets.wilsonsauctions.com///lots_asset-253031%2FDamageImages-0_17689863161614158187262772488163.jpg_67916/320x231.webp,https://assets.wilsonsauctions.com///lots_asset-253031%2FDamageImages-1_17689866404881780505847188997607.jpg_66030/320x231.webp,https://assets.wilsonsauctions.com///lots_asset-253031%2FDamageImages-2_17689866666391416398816964646033.jpg_101577/320x231.webp,https://assets.wilsonsauctions.com///lots_asset-253031%2FDamageImages-3_17689866966857332938162935941828.jpg_84595/320x231.webp,https://assets.wilsonsauctions.com///lots_asset-253031%2FDamageImages-4_17689867166678871404836027502821.jpg_55517/320x231.webp,https://assets.wilsonsauctions.com///lots_asset-253031%2FDamageImages-5_17689867481003736273741751317879.jpg_77026/320x231.webp,https://assets.wilsonsauctions.com///lots_asset-253031%2FDamageImages-6_17689867792454811694368993726291.jpg_104306/320x231.webp,https://assets.wilsonsauctions.com///lots_asset-253031%2FDamageImages-7_17689868103324306238562832051512.jpg_54633/320x231.webp",,,,White,Present,"£7,925",,"£7,000",,,,5,,,,,,,Online Auction,No
"Main Agent Car, Commercial and ex-Fire Service Equipment Auction",20,Wilsons Auctions,BMW X1 sDrive 20i SE Auto,CA70KBY,BMW,X1 sDrive,sDrive 20i SE Auto,1051,Estate,Petrol,Automatic,Wilsons Auctions Oxford,2025-12-18,14:00,14/12/2020,2020,1862,Correct,Here,10-04-2026,Yes,Margin,,,2.0,,,"https://assets.wilsonsauctions.com///lots_asset-253045%2FGeneralImages-5_17688294280453066258160183953186.jpg_79303/320x231.webp,https://assets.wilsonsauctions.com///lots_asset-253045%2FGeneralImages-0_17688290583796654662933430656899.jpg_134667/320x231.webp,https://assets.wilsonsauctions.com///lots_asset-253045%2FGeneralImages-1_17688290990966947696294953420613.jpg_57061/320x231.webp,https://assets.wilsonsauctions.com///lots_asset-253045%2FGeneralImages-2_17688292673254114958848095674913.jpg_75471/320x231.webp,https://assets.wilsonsauctions.com///lots_asset-253045%2FGeneralImages-3_17688292744822046175361453581157.jpg_54130/320x231.webp,https://assets.wilsonsauctions.com///lots_asset-253045%2FGeneralImages-4_17688292804208383317086627917190.jpg_79957/320x231.webp,https://assets.wilsonsauctions.com///lots_asset-253045%2FGeneralImages-6_1768829433880477374280395985824.jpg_69363/320x231.webp,https://assets.wilsonsauctions.com///lots_asset-253045%2FGeneralImages-7_17688294429025002651915525023874.jpg_90865/320x231.webp,https://assets.wilsonsauctions.com///lots_asset-253045%2FDamageImages-0_17688290769437682067517786466130.jpg_87769/320x231.webp,https://assets.wilsonsauctions.com///lots_asset-253045%2FDamageImages-1_176882955801566021865141669931.jpg_60572/320x231.webp,https://assets.wilsonsauctions.com///lots_asset-253045%2FDamageImages-2_17688295812272727078539348929139.jpg_37521/320x231.webp,https://assets.wilsonsauctions.com///lots_asset-253045%2FDamageImages-3_17688296053623518826673622400991.jpg_74581/320x231.webp,https://assets.wilsonsauctions.com///lots_asset-253045%2FDamageImages-4_1768829633834361456140550129096.jpg_35291/320x231.webp,https://assets.wilsonsauctions.com///lots_asset-253045%2FDamageImages-5_17688296555086047736126331592573.jpg_51090/320x231.webp",,,,Orange,Present,"£18,650",,"£17,325",,,,,,,,,,,Online Auction,No
"Main Agent Car, Commercial and ex-Fire Service Equipment Auction",20,Wilsons Auctions,Peugeot 5008 BlueHDi Allure,CA70OAW,Peugeot,5008 BlueHDi,BlueHDi Allure,1025,Mpv,Diesel,Manual,Wilsons Auctions Oxford,2025-12-18,14:00,14/12/2020,2020,52805,Correct,Buyer To Apply,31-08-2026,Yes,Margin,,,1.5,,,"https://assets.wilsonsauctions.com///lots_asset-258917%2FGeneralImages-0_17685765684374827508543529472813.jpg_103097/320x231.webp,https://assets.wilsonsauctions.com///lots_asset-258917%2FGeneralImages-0_17685766681853956818558490894433.jpg_91718/320x231.webp,https://assets.wilsonsauctions.com///lots_asset-258917%2FGeneralImages-1_17685765778152369564724151614679.jpg_104036/320x231.webp,https://assets.wilsonsauctions.com///lots_asset-258917%2FGeneralImages-2_17685765884826863572346782906208.jpg_73496/320x231.webp,https://assets.wilsonsauctions.com///lots_asset-258917%2FGeneralImages-3_17685765994342163987524439423674.jpg_80954/320x231.webp,https://assets.wilsonsauctions.com///lots_asset-258917%2FGeneralImages-4_17685766150815456323069451055188.jpg_76305/320x231.webp,https://assets.wilsonsauctions.com///lots_asset-258917%2FGeneralImages-5_17685766250022118661137836734349.jpg_68813/320x231.webp,https://assets.wilsonsauctions.com///lots_asset-258917%2FGeneralImages-6_17685766417497519368181427543115.jpg_74945/320x231.webp,https://assets.wilsonsauctions.com///lots_asset-258917%2FGeneralImages-7_17685766487558618891724893971894.jpg_63518/320x231.webp,https://assets.wilsonsauctions.com///lots_asset-258917%2FGeneralImages-8_17685766580682517243772882652841.jpg_52461/320x231.webp,https://assets.wilsonsauctions.com///lots_asset-258917%2FDamageImages-0_17685767153068472813112104255626.jpg_68091/320x231.webp,https://assets.wilsonsauctions.com///lots_asset-258917%2FDamageImages-1_17685767486708918549657272697282.jpg_67359/320x231.webp,https://assets.wilsonsauctions.com///lots_asset-258917%2FDamageImages-2_17685767813865395576425761440421.jpg_91185/320x231.webp,https://assets.wilsonsauctions.com///lots_asset-258917%2FDamageImages-3_17685768176033365031642043051073.jpg_57940/320x231.webp,https://assets.wilsonsauctions.com///lots_asset-258917%2FDamageImages-4_17685768481327990028077887506487.jpg_108004/320x231.webp,https://assets.wilsonsauctions.com///lots_asset-258917%2FDamageImages-5_17685768744052797178987059711585.jpg_38966/320x231.webp,https://assets.wilsonsauctions.com///lots_asset-258917%2FDamageImages-6_1768576907450185916333481333943.jpg_154684/320x231.webp,https://assets.wilsonsauctions.com///lots_asset-258917%2FDamageImages-7_17685769546861996513362936724765.jpg_135087/320x231.webp,https://assets.wilsonsauctions.com///lots_asset-258917%2FDamageImages-8_17685769833983579993187455024274.jpg_52720/320x231.webp,https://assets.wilsonsauctions.com///lots_asset-258917%2FDamageImages-9_17685770172017264011256236576534.jpg_78618/320x231.webp,https://assets.wilsonsauctions.com///lots_asset-258917%2FDamageImages-10_17685770589134498430697093385889.jpg_19756/320x231.webp,https://assets.wilsonsauctions.com///lots_asset-258917%2FDamageImages-11_17685770940974832036904863801249.jpg_79242/320x231.webp,https://assets.wilsonsauctions.com///lots_asset-258917%2FDamageImages-12_17685771282777292620110268830329.jpg_81330/320x231.webp",,,,Grey,Present,"£13,250",,"£12,000",,,,5,,,,,,,Online Auction,No
"Main Agent Car, Commercial and ex-Fire Service Equipment Auction",20,Wilsons Auctions,BMW 1 18i [136] M Sport [LCP] Auto,CA72UZN,BMW,1 18i,18i [136] M Sport [LCP] Auto,1072,Hatchback,Petrol,Automatic,Wilsons Auctions Oxford,2025-12-18,14:00,23/11/2022,2022,36909,Correct,To follow,,Yes,Margin,,,1.5,,,"https://assets.wilsonsauctions.com///lots_asset-249980%2FGeneralImages-3_1768923098247139787075859540989.jpg_82790/320x231.webp,https://assets.wilsonsauctions.com///lots_asset-249980%2FGeneralImages-0_17689229535556781007535572700636.jpg_73030/320x231.webp,https://assets.wilsonsauctions.com///lots_asset-249980%2FGeneralImages-1_1768922961086610538400955653750.jpg_55812/320x231.webp,https://assets.wilsonsauctions.com///lots_asset-249980%2FGeneralImages-0_17689229418308866435916651465517.jpg_48819/320x231.webp,https://assets.wilsonsauctions.com///lots_asset-249980%2FGeneralImages-1_17689229481275721796791026929656.jpg_53117/320x231.webp,https://assets.wilsonsauctions.com///lots_asset-249980%2FGeneralImages-2_17689229688844094164526573789738.jpg_86346/320x231.webp,https://assets.wilsonsauctions.com///lots_asset-249980%2FGeneralImages-4_17689231059912535065344996614218.jpg_62751/320x231.webp,https://assets.wilsonsauctions.com///lots_asset-249980%2FGeneralImages-5_17689231132325517257599107215522.jpg_87662/320x231.webp,https://assets.wilsonsauctions.com///lots_asset-249980%2FDamageImages-0_17689232330538396707958267376915.jpg_61964/320x231.webp,https://assets.wilsonsauctions.com///lots_asset-249980%2FDamageImages-1_17689231760222237827377649328850.jpg_66687/320x231.webp,https://assets.wilsonsauctions.com///lots_asset-249980%2FDamageImages-2_17689231947033213433226607199800.jpg_81066/320x231.webp,https://assets.wilsonsauctions.com///lots_asset-249980%2FDamageImages-3_1768923221473251269355350407234.jpg_35154/320x231.webp,https://assets.wilsonsauctions.com///lots_asset-249980%2FDamageImages-4_17689232915857400620229101964790.jpg_107059/320x231.webp,https://assets.wilsonsauctions.com///lots_asset-249980%2FDamageImages-5_17689232724334952987395333354880.jpg_82642/320x231.webp,https://assets.wilsonsauctions.com///lots_asset-249980%2FDamageImages-6_17689233394368562139276808598513.jpg_51858/320x231.webp,https://assets.wilsonsauctions.com///lots_asset-249980%2FDamageImages-7_1768923357429548171322189469494.jpg_68222/320x231.webp,https://assets.wilsonsauctions.com///lots_asset-249980%2FDamageImages-8_17689233877862459491795751204713.jpg_100171/320x231.webp,https://assets.wilsonsauctions.com///lots_asset-249980%2FDamageImages-9_17689234142161514190440093048281.jpg_52659/320x231.webp,https://assets.wilsonsauctions.com///lots_asset-249980%2FDamageImages-10_17689234368637310637117401864191.jpg_38145/320x231.webp,https://assets.wilsonsauctions.com///lots_asset-249980%2FDamageImages-11_17689234709288471617583781119416.jpg_19546/320x231.webp",,,,Grey,Present,"£17,300",,"£16,125",,,,5,,,,,,,Online Auction,No
"Main Agent Car, Commercial and ex-Fire Service Equipment Auction",20,Wilsons Auctions,Ford Grand Tourneo Connect EcoBlue Active A,CF25ARX,Ford,Grand Tourneo,Tourneo Connect EcoBlue Active A,1008,Mpv,Diesel,Automatic,Wilsons Auctions Oxford,2025-12-18,14:00,13/06/2025,2025,4462,Correct,Here,,No,Margin,,,2.0,,,"https://assets.wilsonsauctions.com///lots_asset-247961%2FGeneralImages-5_1768477524859381607114207669133.jpg_98878/320x231.webp,https://assets.wilsonsauctions.com///lots_asset-247961%2FGeneralImages-0_17684767338806975306164532517391.jpg_82964/320x231.webp,https://assets.wilsonsauctions.com///lots_asset-247961%2FGeneralImages-1_17684769405591949272126927016505.jpg_49536/320x231.webp,https://assets.wilsonsauctions.com///lots_asset-247961%2FGeneralImages-2_17684769481046683605258880362771.jpg_51716/320x231.webp,https://assets.wilsonsauctions.com///lots_asset-247961%2FGeneralImages-3_17684769534047893151608482549064.jpg_72153/320x231.webp,https://assets.wilsonsauctions.com///lots_asset-247961%2FGeneralImages-4_17684769647944888326454012005508.jpg_46047/320x231.webp,https://assets.wilsonsauctions.com///lots_asset-247961%2FGeneralImages-6_17684775344053835934433069674929.jpg_58890/320x231.webp,https://assets.wilsonsauctions.com///lots_asset-247961%2FGeneralImages-7_17684775417577971832166069740929.jpg_94049/320x231.webp,https://assets.wilsonsauctions.com///lots_asset-247961%2FDamageImages-0_17684776961852195119108335905920.jpg_80498/320x231.webp,https://assets.wilsonsauctions.com///lots_asset-247961%2FDamageImages-1_1768477736397523505096014797066.jpg_71311/320x231.webp",,,,Blue,Present,"£24,250",,"£22,950",,,,5,,,,,,,Online Auction,No
"Main Agent Car, Commercial and ex-Fire Service Equipment Auction",20,Wilsons Auctions,Ford Focus EcoBoost Active X,CK24HBG,Ford,Focus EcoBoost,EcoBoost Active X,1043,Hatchback,Petrol,Manual,Wilsons Auctions Oxford,2025-12-18,14:00,08/03/2024,2024,19339,Correct,To follow,,No,Margin,,,1.0,,,"https://assets.wilsonsauctions.com///lots_asset-246584%2FGeneralImages-4_17688286478027997618207060817223.jpg_60671/320x231.webp,https://assets.wilsonsauctions.com///lots_asset-246584%2FGeneralImages-0_17688284447512523770236471718899.jpg_127361/320x231.webp,https://assets.wilsonsauctions.com///lots_asset-246584%2FGeneralImages-1_17688285368463977820244412857457.jpg_74234/320x231.webp,https://assets.wilsonsauctions.com///lots_asset-246584%2FGeneralImages-2_17688285440788536322163138909742.jpg_57126/320x231.webp,https://assets.wilsonsauctions.com///lots_asset-246584%2FGeneralImages-3_17688285517223939589826401198617.jpg_81096/320x231.webp,https://assets.wilsonsauctions.com///lots_asset-246584%2FGeneralImages-5_17688286539994571521556786596341.jpg_80069/320x231.webp,https://assets.wilsonsauctions.com///lots_asset-246584%2FGeneralImages-6_1768828662033813873267710420624.jpg_74740/320x231.webp,https://assets.wilsonsauctions.com///lots_asset-246584%2FDamageImages-0_17688287326692217892896061567803.jpg_71088/320x231.webp,https://assets.wilsonsauctions.com///lots_asset-246584%2FDamageImages-1_17688287964773208116257348977198.jpg_77052/320x231.webp,https://assets.wilsonsauctions.com///lots_asset-246584%2FDamageImages-2_17688288152973082635821265554380.jpg_64601/320x231.webp,https://assets.wilsonsauctions.com///lots_asset-246584%2FDamageImages-3_17688288451456605037513782966697.jpg_55085/320x231.webp,https://assets.wilsonsauctions.com///lots_asset-246584%2FDamageImages-4_17688288665503084094097525897348.jpg_76785/320x231.webp",,,,Blue,Present,"£15,800",,"£14,625",,,,5,,,,,,,Online Auction,No
"Main Agent Car, Commercial and ex-Fire Service Equipment Auction",20,Wilsons Auctions,Volkswagen Tiguan AllSpace TSI Life S-A,CK72HTL,Volkswagen,Tiguan AllSpace,AllSpace TSI Life S-A,1053,Estate,Petrol,Semi Automatic,Wilsons Auctions Oxford,2025-12-18,14:00,11/10/2022,2022,43454,Correct,Here,29-10-2026,Yes,Margin,,,1.5,,,"https://assets.wilsonsauctions.com///lots_asset-260428%2FGeneralImages-5_1768832697856585407617239212844.jpg_82680/320x231.webp,https://assets.wilsonsauctions.com///lots_asset-260428%2FGeneralImages-0_17688323366536128918584887773689.jpg_96268/320x231.webp,https://assets.wilsonsauctions.com///lots_asset-260428%2FGeneralImages-1_17688323581998362385941357048363.jpg_108847/320x231.webp,https://assets.wilsonsauctions.com///lots_asset-260428%2FGeneralImages-2_17688325141476392322088734742967.jpg_95391/320x231.webp,https://assets.wilsonsauctions.com///lots_asset-260428%2FGeneralImages-3_17688325202845726316084133927170.jpg_75542/320x231.webp,https://assets.wilsonsauctions.com///lots_asset-260428%2FGeneralImages-4_17688325485896451962276149582543.jpg_78172/320x231.webp,https://assets.wilsonsauctions.com///lots_asset-260428%2FGeneralImages-6_17688327095983339061869517624600.jpg_68665/320x231.webp,https://assets.wilsonsauctions.com///lots_asset-260428%2FGeneralImages-7_17688327188948986324080093349415.jpg_94293/320x231.webp,https://assets.wilsonsauctions.com///lots_asset-260428%2FDamageImages-0_17688323772253765636559614589569.jpg_62928/320x231.webp,https://assets.wilsonsauctions.com///lots_asset-260428%2FDamageImages-1_176883253968056421246204956955.jpg_51987/320x231.webp,https://assets.wilsonsauctions.com///lots_asset-260428%2FDamageImages-2_17688328345945662627184750138639.jpg_80418/320x231.webp,https://assets.wilsonsauctions.com///lots_asset-260428%2FDamageImages-3_17688328539091757079965655184099.jpg_97490/320x231.webp,https://assets.wilsonsauctions.com///lots_asset-260428%2FDamageImages-4_17688328710287242702992479434172.jpg_71262/320x231.webp,https://assets.wilsonsauctions.com///lots_asset-260428%2FDamageImages-5_17688329283703587223510874352654.jpg_55347/320x231.webp,https://assets.wilsonsauctions.com///lots_asset-260428%2FDamageImages-6_17688329462884901137131842290646.jpg_44764/320x231.webp,https://assets.wilsonsauctions.com///lots_asset-260428%2FDamageImages-7_17688329760742008166999696229520.jpg_91737/320x231.webp,https://assets.wilsonsauctions.com///lots_asset-260428%2FDamageImages-8_17688329880895547170047460874401.jpg_60115/320x231.webp,https://assets.wilsonsauctions.com///lots_asset-260428%2FDamageImages-9_1768833030285825422633278088946.jpg_72333/320x231.webp",,,,Silver,Present,"£18,700",,"£17,325",,,,,,,,,,,Online Auction,No
"Main Agent Car, Commercial and ex-Fire Service Equipment Auction",20,Wilsons Auctions,Skoda Karoq TSI SE Drive S-A,CL73HYY,Skoda,Karoq TSI,TSI SE Drive S-A,1002,Estate,Petrol,Semi Automatic,Wilsons Auctions Oxford,2025-12-18,14:00,09/02/2024,2024,33107,Correct,Here,,Yes,Margin,,,1.5,,,"https://assets.wilsonsauctions.com///lots_asset-247403%2FGeneralImages-0_17685592740567245447255730683562.jpg_105313/320x231.webp,https://assets.wilsonsauctions.com///lots_asset-247403%2FGeneralImages-0_17685594162667241921369245363308.jpg_112584/320x231.webp,https://assets.wilsonsauctions.com///lots_asset-247403%2FGeneralImages-1_17685594312304462015306753799733.jpg_88884/320x231.webp,https://assets.wilsonsauctions.com///lots_asset-247403%2FGeneralImages-2_17685594460165928675958887320241.jpg_90983/320x231.webp,https://assets.wilsonsauctions.com///lots_asset-247403%2FGeneralImages-1_17685593052408468403581963503760.jpg_110829/320x231.webp,https://assets.wilsonsauctions.com///lots_asset-247403%2FGeneralImages-2_17685593116354822252470360432444.jpg_85229/320x231.webp,https://assets.wilsonsauctions.com///lots_asset-247403%2FGeneralImages-3_17685593234712403018536460598817.jpg_92847/320x231.webp,https://assets.wilsonsauctions.com///lots_asset-247403%2FGeneralImages-4_17685593450256994897573075278954.jpg_92760/320x231.webp,https://assets.wilsonsauctions.com///lots_asset-247403%2FGeneralImages-5_17685593573727339129085549977739.jpg_93089/320x231.webp,https://assets.wilsonsauctions.com///lots_asset-247403%2FGeneralImages-6_17685593842387189555783258684252.jpg_81703/320x231.webp,https://assets.wilsonsauctions.com///lots_asset-247403%2FGeneralImages-7_17685593941486781484496044487548.jpg_73990/320x231.webp,https://assets.wilsonsauctions.com///lots_asset-247403%2FGeneralImages-8_17685594041616959444000307496767.jpg_62834/320x231.webp,https://assets.wilsonsauctions.com///lots_asset-247403%2FDamageImages-0_17685594713384435692623306394812.jpg_104562/320x231.webp,https://assets.wilsonsauctions.com///lots_asset-247403%2FDamageImages-1_17685597423965647318762955106034.jpg_57552/320x231.webp,https://assets.wilsonsauctions.com///lots_asset-247403%2FDamageImages-2_17685598506486064107767988485497.jpg_82057/320x231.webp,https://assets.wilsonsauctions.com///lots_asset-247403%2FDamageImages-3_17685598818813928650091005131483.jpg_74438/320x231.webp,https://assets.wilsonsauctions.com///lots_asset-247403%2FDamageImages-4_17685599338622999644448662259217.jpg_94450/320x231.webp",,,,Grey,Present,"£17,550",,"£16,200",,,,5,,,,,,,Online Auction,No
"Main Agent Car, Commercial and ex-Fire Service Equipment Auction",20,Wilsons Auctions,Ford Puma ST,CN73UKC,Ford,Puma ST,ST,2043,Hatchback,Petrol,Manual,Wilsons Auctions Oxford,2025-12-18,14:00,16/10/2023,2023,18946,Correct,Here,,No,VAT Qualifying,FORD CREDIT DIRECT,,1.5,,,"https://assets.wilsonsauctions.com///lots_asset-246764%2FGeneralImages-5_17676075353976047956003542212078.jpg_83013/320x231.webp,https://assets.wilsonsauctions.com///lots_asset-246764%2FGeneralImages-0_17676074219073522511323580475479.jpg_88721/320x231.webp,https://assets.wilsonsauctions.com///lots_asset-246764%2FGeneralImages-1_17676074292188214485061712394962.jpg_81152/320x231.webp,https://assets.wilsonsauctions.com///lots_asset-246764%2FGeneralImages-2_17676074665683054407128034559177.jpg_75215/320x231.webp,https://assets.wilsonsauctions.com///lots_asset-246764%2FGeneralImages-3_17676074721306537825141342514645.jpg_75702/320x231.webp,https://assets.wilsonsauctions.com///lots_asset-246764%2FGeneralImages-4_17676075239018369245494154595793.jpg_92402/320x231.webp,https://assets.wilsonsauctions.com///lots_asset-246764%2FGeneralImages-6_17676075415924639716794623079383.jpg_58872/320x231.webp,https://assets.wilsonsauctions.com///lots_asset-246764%2FGeneralImages-7_1767607547849509645715967967651.jpg_102457/320x231.webp,https://assets.wilsonsauctions.com///lots_asset-246764%2FDamageImages-0_17676076171037473706900147134288.jpg_65284/320x231.webp,https://assets.wilsonsauctions.com///lots_asset-246764%2FDamageImages-1_17676076369167946388244745968932.jpg_92281/320x231.webp,https://assets.wilsonsauctions.com///lots_asset-246764%2FDamageImages-2_17676076531689036075819934375598.jpg_65992/320x231.webp,https://assets.wilsonsauctions.com///lots_asset-246764%2FDamageImages-3_17676077195687582473008499057926.jpg_78708/320x231.webp,https://assets.wilsonsauctions.com///lots_asset-246764%2FDamageImages-6_17676078184987502266566401019142.jpg_60825/320x231.webp,https://assets.wilsonsauctions.com///lots_asset-246764%2FDamageImages-7_17676078490113959653360319051255.jpg_55414/320x231.webp",,,,White,Present,"£15,700",,"£14,350",,,2,5,,,,,,,Online Auction,No
"Main Agent Car, Commercial and ex-Fire Service Equipment Auction",20,Wilsons Auctions,Ford Puma St-Line X Mhev,CN73UKP,Ford,Puma St-Line,St-Line X Mhev,2005,Hatchback,Hyb petrol,Manual,Wilsons Auctions Oxford,2025-12-18,14:00,30/09/2023,2023,16814,Correct,Here,,Yes,VAT Qualifying,FORD CREDIT DIRECT,,1.0,,,"https://assets.wilsonsauctions.com///lots_asset-245576%2FGeneralImages-5_17670001437237592507237121898830.jpg_73732/320x231.webp,https://assets.wilsonsauctions.com///lots_asset-245576%2FGeneralImages-0_17669999497845859460686197343094.jpg_103494/320x231.webp,https://assets.wilsonsauctions.com///lots_asset-245576%2FGeneralImages-1_17669999563782499247579534890461.jpg_122266/320x231.webp,https://assets.wilsonsauctions.com///lots_asset-245576%2FGeneralImages-2_17670001177997448313604290514773.jpg_66007/320x231.webp,https://assets.wilsonsauctions.com///lots_asset-245576%2FGeneralImages-3_17670001250552056137124150968634.jpg_69563/320x231.webp,https://assets.wilsonsauctions.com///lots_asset-245576%2FGeneralImages-4_17670001336062695840101045022465.jpg_87306/320x231.webp,https://assets.wilsonsauctions.com///lots_asset-245576%2FGeneralImages-6_17670001622228659352805484162226.jpg_99357/320x231.webp,https://assets.wilsonsauctions.com///lots_asset-245576%2FGeneralImages-7_17670001694731094978910080732251.jpg_79953/320x231.webp,https://assets.wilsonsauctions.com///lots_asset-245576%2FDamageImages-0_1767000331510330433256846934393.jpg_109504/320x231.webp,https://assets.wilsonsauctions.com///lots_asset-245576%2FDamageImages-1_17670003063073727958413689694261.jpg_75468/320x231.webp,https://assets.wilsonsauctions.com///lots_asset-245576%2FDamageImages-2_17670003814785356061655814039672.jpg_42007/320x231.webp,https://assets.wilsonsauctions.com///lots_asset-245576%2FDamageImages-3_17670003989138513653406970509867.jpg_60401/320x231.webp,https://assets.wilsonsauctions.com///lots_asset-245576%2FDamageImages-4_17670004485394662899954647900391.jpg_57790/320x231.webp,https://assets.wilsonsauctions.com///lots_asset-245576%2FDamageImages-5_17670004828497727047391510178390.jpg_59336/320x231.webp",,,,Solar Silver,Present,"£13,525",,"£12,275",,,2,5,,,,,,,Online Auction,No
"Main Agent Car, Commercial and ex-Fire Service Equipment Auction",20,Wilsons Auctions,Ford Puma ST,CN73UNL,Ford,Puma ST,ST,2009,Hatchback,Petrol,Manual,Wilsons Auctions Oxford,2025-12-18,14:00,26/10/2023,2023,21582,Correct,Here,23-10-2026,Yes,VAT Qualifying,FORD CREDIT DIRECT,,1.5,,,"https://assets.wilsonsauctions.com///lots_asset-253768%2FGeneralImages-5_17684067269685715446512646187775.jpg_67303/320x231.webp,https://assets.wilsonsauctions.com///lots_asset-253768%2FGeneralImages-0_17684065959078464650920685667755.jpg_85816/320x231.webp,https://assets.wilsonsauctions.com///lots_asset-253768%2FGeneralImages-1_17684066117231423729590668964765.jpg_56037/320x231.webp,https://assets.wilsonsauctions.com///lots_asset-253768%2FGeneralImages-2_17684067000415377802103979157152.jpg_51505/320x231.webp,https://assets.wilsonsauctions.com///lots_asset-253768%2FGeneralImages-3_17684067056015271930773785422446.jpg_59337/320x231.webp,https://assets.wilsonsauctions.com///lots_asset-253768%2FGeneralImages-4_17684067108171083611649271446638.jpg_77057/320x231.webp,https://assets.wilsonsauctions.com///lots_asset-253768%2FGeneralImages-6_17684067388683751087433633829235.jpg_57354/320x231.webp,https://assets.wilsonsauctions.com///lots_asset-253768%2FGeneralImages-7_17684067470357071303968904942250.jpg_97780/320x231.webp,https://assets.wilsonsauctions.com///lots_asset-253768%2FDamageImages-0_17684068246201634483608418632067.jpg_63693/320x231.webp,https://assets.wilsonsauctions.com///lots_asset-253768%2FDamageImages-1_17684068889223200127210798937357.jpg_89938/320x231.webp,https://assets.wilsonsauctions.com///lots_asset-253768%2FDamageImages-2_17684069028503050262100728067011.jpg_75754/320x231.webp,https://assets.wilsonsauctions.com///lots_asset-253768%2FDamageImages-3_17684069774941270103725547863594.jpg_50025/320x231.webp,https://assets.wilsonsauctions.com///lots_asset-253768%2FDamageImages-4_17684070155624514278100620636133.jpg_26967/320x231.webp,https://assets.wilsonsauctions.com///lots_asset-253768%2FDamageImages-5_1768407034373568939107918099597.jpg_57965/320x231.webp,https://assets.wilsonsauctions.com///lots_asset-253768%2FDamageImages-6_17684071301724240876717092061636.jpg_58557/320x231.webp",,,,Azura Blue,Present,"£15,475",,"£14,150",,,2,5,,,,,,,Online Auction,No
"Main Agent Car, Commercial and ex-Fire Service Equipment Auction",20,Wilsons Auctions,Ford Puma Titanium Mhev,CN73UOR,Ford,Puma Titanium,Titanium Mhev,2034,Hatchback,Hyb petrol,Manual,Wilsons Auctions Oxford,2025-12-18,14:00,17/10/2023,2023,11575,Correct,Here,,Yes,VAT Qualifying,FORD CREDIT DIRECT,,1.0,,,"https://assets.wilsonsauctions.com///lots_asset-252300%2FGeneralImages-5_17683132837052236782645622108133.jpg_95385/320x231.webp,https://assets.wilsonsauctions.com///lots_asset-252300%2FGeneralImages-0_17683130470446196913865605066486.jpg_133699/320x231.webp,https://assets.wilsonsauctions.com///lots_asset-252300%2FGeneralImages-1_17683130557075964876317422807843.jpg_176479/320x231.webp,https://assets.wilsonsauctions.com///lots_asset-252300%2FGeneralImages-2_17683131592742549655532596631663.jpg_65614/320x231.webp,https://assets.wilsonsauctions.com///lots_asset-252300%2FGeneralImages-3_17683131656217575382988508275841.jpg_68636/320x231.webp,https://assets.wilsonsauctions.com///lots_asset-252300%2FGeneralImages-4_17683131717697680943599309643153.jpg_80829/320x231.webp,https://assets.wilsonsauctions.com///lots_asset-252300%2FGeneralImages-6_17683132924584208760759509476317.jpg_71974/320x231.webp,https://assets.wilsonsauctions.com///lots_asset-252300%2FGeneralImages-7_17683132997118413927298295556714.jpg_111479/320x231.webp,https://assets.wilsonsauctions.com///lots_asset-252300%2FDamageImages-0_17683133835589091420422866128734.jpg_72274/320x231.webp,https://assets.wilsonsauctions.com///lots_asset-252300%2FDamageImages-1_17683134316228293061954963125190.jpg_23269/320x231.webp,https://assets.wilsonsauctions.com///lots_asset-252300%2FDamageImages-2_17683134634621374048552188751810.jpg_76645/320x231.webp,https://assets.wilsonsauctions.com///lots_asset-252300%2FDamageImages-3_17683134756398932166352236023346.jpg_54540/320x231.webp,https://assets.wilsonsauctions.com///lots_asset-252300%2FDamageImages-4_1768313495923261813456345801673.jpg_29091/320x231.webp,https://assets.wilsonsauctions.com///lots_asset-252300%2FDamageImages-5_17683135267723054447107902345903.jpg_51527/320x231.webp",,,,Fantastic Red,Present,"£12,550",,"£11,325",,,2,5,,,,,,,Online Auction,No
"Main Agent Car, Commercial and ex-Fire Service Equipment Auction",20,Wilsons Auctions,Ford Puma ST (Performance Pack),CN73URZ,Ford,Puma ST,ST (Performance Pack),2045,Hatchback,Petrol,Manual,Wilsons Auctions Oxford,2025-12-18,14:00,18/09/2023,2023,14520,Correct,Here,,Yes,VAT Qualifying,FORD CREDIT DIRECT,,1.5,,,"https://assets.wilsonsauctions.com///lots_asset-248588%2FGeneralImages-5_1767621148999380073847883867029.jpg_82697/320x231.webp,https://assets.wilsonsauctions.com///lots_asset-248588%2FGeneralImages-0_1767620986307655028704212720580.jpg_110702/320x231.webp,https://assets.wilsonsauctions.com///lots_asset-248588%2FGeneralImages-1_17676209944364127359915012580035.jpg_126225/320x231.webp,https://assets.wilsonsauctions.com///lots_asset-248588%2FGeneralImages-2_17676211222081408604465632974546.jpg_71136/320x231.webp,https://assets.wilsonsauctions.com///lots_asset-248588%2FGeneralImages-3_1767621127850724204164443971466.jpg_83719/320x231.webp,https://assets.wilsonsauctions.com///lots_asset-248588%2FGeneralImages-4_17676211382853414026054128153250.jpg_78001/320x231.webp,https://assets.wilsonsauctions.com///lots_asset-248588%2FGeneralImages-6_17676211555661040600106884323215.jpg_52663/320x231.webp,https://assets.wilsonsauctions.com///lots_asset-248588%2FGeneralImages-7_17676211618492649048480021667477.jpg_109921/320x231.webp,https://assets.wilsonsauctions.com///lots_asset-248588%2FDamageImages-0_17676212299375311942324522915723.jpg_85458/320x231.webp,https://assets.wilsonsauctions.com///lots_asset-248588%2FDamageImages-1_17676212515533441320108743238317.jpg_83969/320x231.webp,https://assets.wilsonsauctions.com///lots_asset-248588%2FDamageImages-2_17676212701017986970581180195168.jpg_83572/320x231.webp,https://assets.wilsonsauctions.com///lots_asset-248588%2FDamageImages-3_17676212897987833882878575843616.jpg_61677/320x231.webp,https://assets.wilsonsauctions.com///lots_asset-248588%2FDamageImages-4_1767621353600691620468565533387.jpg_46294/320x231.webp,https://assets.wilsonsauctions.com///lots_asset-248588%2FDamageImages-5_17676214087028958213731440368366.jpg_37506/320x231.webp",,,,Grey Matter,Present,"£16,525",,"£15,175",,,2,5,,,,,,,Online Auction,No
"Main Agent Car, Commercial and ex-Fire Service Equipment Auction",20,Wilsons Auctions,Ford Puma St-Line X Mhev,CN73UVZ,Ford,Puma St-Line,St-Line X Mhev,2023,Hatchback,Hyb petrol,Manual,Wilsons Auctions Oxford,2025-12-18,14:00,26/09/2023,2023,26579,Correct,Here,,Yes,VAT Qualifying,FORD CREDIT DIRECT,,1.0,,,"https://assets.wilsonsauctions.com///lots_asset-250656%2FGeneralImages-5_176779940503832249135078744707.jpg_71268/320x231.webp,https://assets.wilsonsauctions.com///lots_asset-250656%2FGeneralImages-0_17677992194917588802202383473273.jpg_79655/320x231.webp,https://assets.wilsonsauctions.com///lots_asset-250656%2FGeneralImages-1_17677992272383028143266514820792.jpg_104574/320x231.webp,https://assets.wilsonsauctions.com///lots_asset-250656%2FGeneralImages-2_17677993848998020892412769282823.jpg_60226/320x231.webp,https://assets.wilsonsauctions.com///lots_asset-250656%2FGeneralImages-3_17677993906084688051157169486298.jpg_51095/320x231.webp,https://assets.wilsonsauctions.com///lots_asset-250656%2FGeneralImages-4_17677993970202577920241406600806.jpg_61490/320x231.webp,https://assets.wilsonsauctions.com///lots_asset-250656%2FGeneralImages-6_17677994126001995628509729326715.jpg_51104/320x231.webp,https://assets.wilsonsauctions.com///lots_asset-250656%2FGeneralImages-7_17677994196051449293683011667555.jpg_82445/320x231.webp,https://assets.wilsonsauctions.com///lots_asset-250656%2FDamageImages-0_17677993388212974584245509842311.jpg_108523/320x231.webp,https://assets.wilsonsauctions.com///lots_asset-250656%2FDamageImages-1_17677994930982815095758335073513.jpg_74744/320x231.webp,https://assets.wilsonsauctions.com///lots_asset-250656%2FDamageImages-2_17677995146387464475595893930625.jpg_88864/320x231.webp,https://assets.wilsonsauctions.com///lots_asset-250656%2FDamageImages-3_17677995352164747168081961676029.jpg_19233/320x231.webp",,,,Frozen White,Present,"£12,875",,"£11,650",,,2,5,,,,,,,Online Auction,No
"Main Agent Car, Commercial and ex-Fire Service Equipment Auction",20,Wilsons Auctions,Seat Ateca TSI EVO Xperience,PX72ZZE,Seat,Ateca TSI,TSI EVO Xperience,1037,Hatchback,Petrol,Manual,Wilsons Auctions Oxford,2025-12-18,14:00,11/11/2022,2022,45094,Correct,Here,10-11-2026,Yes,Margin,,,1.5,,,"https://assets.wilsonsauctions.com///lots_asset-259735%2FGeneralImages-0_17688181244574221551961561920966.jpg_87815/320x231.webp,https://assets.wilsonsauctions.com///lots_asset-259735%2FGeneralImages-0_17688182620006750581208169085676.jpg_100611/320x231.webp,https://assets.wilsonsauctions.com///lots_asset-259735%2FGeneralImages-1_17688182754105931505863171797934.jpg_96804/320x231.webp,https://assets.wilsonsauctions.com///lots_asset-259735%2FGeneralImages-1_17688181499964794073727755725248.jpg_81333/320x231.webp,https://assets.wilsonsauctions.com///lots_asset-259735%2FGeneralImages-2_17688181604418973414931020449974.jpg_64752/320x231.webp,https://assets.wilsonsauctions.com///lots_asset-259735%2FGeneralImages-3_17688181718678100755703351362611.jpg_86029/320x231.webp,https://assets.wilsonsauctions.com///lots_asset-259735%2FGeneralImages-4_17688181897794254214978552178153.jpg_92095/320x231.webp,https://assets.wilsonsauctions.com///lots_asset-259735%2FGeneralImages-5_17688182013984852529710771914237.jpg_71918/320x231.webp,https://assets.wilsonsauctions.com///lots_asset-259735%2FGeneralImages-6_17688182262801573412463887371524.jpg_73893/320x231.webp,https://assets.wilsonsauctions.com///lots_asset-259735%2FGeneralImages-7_17688182378019175685711444503007.jpg_57165/320x231.webp,https://assets.wilsonsauctions.com///lots_asset-259735%2FGeneralImages-8_17688182505296621316784367071903.jpg_96473/320x231.webp,https://assets.wilsonsauctions.com///lots_asset-259735%2FDamageImages-0_17688183252207705445283981424405.jpg_61291/320x231.webp,https://assets.wilsonsauctions.com///lots_asset-259735%2FDamageImages-1_17688183953133572489705094550064.jpg_52236/320x231.webp,https://assets.wilsonsauctions.com///lots_asset-259735%2FDamageImages-2_17688184335655549120775884082806.jpg_78943/320x231.webp,https://assets.wilsonsauctions.com///lots_asset-259735%2FDamageImages-3_17688184706508117924336258893142.jpg_66291/320x231.webp,https://assets.wilsonsauctions.com///lots_asset-259735%2FDamageImages-4_17688185334814276563892823225486.jpg_115239/320x231.webp,https://assets.wilsonsauctions.com///lots_asset-259735%2FDamageImages-5_1768826820048707756979965667785.jpg_102915/320x231.webp",,,,Blue,Present,"£13,800",,"£12,550",,,2,5,,,,,,,Online Auction,No
"Main Agent Car, Commercial and ex-Fire Service Equipment Auction",20,Wilsons Auctions,Citroen E-C4 100kW E-series 50kWh,CU74XMW,Citroen,E-C4 100kW,100kW E-series 50kWh,1055,Hatchback,Electric,Automatic,Wilsons Auctions Oxford,2025-12-18,14:00,02/09/2024,2024,46853,Correct,To follow,,Yes,Margin,,,,,,"https://assets.wilsonsauctions.com///lots_asset-246722%2FGeneralImages-0_17689204803946179137018752052588.jpg_104880/320x231.webp,https://assets.wilsonsauctions.com///lots_asset-246722%2FGeneralImages-0_17689205818528204485828247838372.jpg_32088/320x231.webp,https://assets.wilsonsauctions.com///lots_asset-246722%2FGeneralImages-1_1768920488714580384263607151715.jpg_94509/320x231.webp,https://assets.wilsonsauctions.com///lots_asset-246722%2FGeneralImages-2_17689204980035745014164753703066.jpg_94183/320x231.webp,https://assets.wilsonsauctions.com///lots_asset-246722%2FGeneralImages-3_17689205093046924085656747036795.jpg_62829/320x231.webp,https://assets.wilsonsauctions.com///lots_asset-246722%2FGeneralImages-4_17689205278554182718315137568837.jpg_94912/320x231.webp,https://assets.wilsonsauctions.com///lots_asset-246722%2FGeneralImages-5_17689205397628681581996444507086.jpg_63843/320x231.webp,https://assets.wilsonsauctions.com///lots_asset-246722%2FGeneralImages-6_17689205598882595603003451799631.jpg_79761/320x231.webp,https://assets.wilsonsauctions.com///lots_asset-246722%2FGeneralImages-7_17689205682358228806710913830102.jpg_43775/320x231.webp,https://assets.wilsonsauctions.com///lots_asset-246722%2FDamageImages-0_17689206192744536529335656877507.jpg_93742/320x231.webp,https://assets.wilsonsauctions.com///lots_asset-246722%2FDamageImages-1_176892064849298742651081019733.jpg_87048/320x231.webp,https://assets.wilsonsauctions.com///lots_asset-246722%2FDamageImages-2_1768920680638934378112254089629.jpg_98190/320x231.webp,https://assets.wilsonsauctions.com///lots_asset-246722%2FDamageImages-3_17689208291053569043301584400035.jpg_63489/320x231.webp",,,,White,Present,"£11,100",,"£10,000",,,,5,,,,,,,Online Auction,No
"Main Agent Car, Commercial and ex-Fire Service Equipment Auction",20,Wilsons Auctions,Hyundai Bayon TGDi 48V MHEV Ultimate,CV23TFZ,Hyundai,Bayon TGDi,TGDi 48V MHEV Ultimate,1048,Hatchback,Hyb petrol,Manual,Wilsons Auctions Oxford,2025-12-18,14:00,23/03/2023,2023,31314,Correct,Buyer To Apply,,Yes,Margin,,,1.0,,,"https://assets.wilsonsauctions.com///lots_asset-259683%2FGeneralImages-6_17688207102081996274967273301427.jpg_70067/320x231.webp,https://assets.wilsonsauctions.com///lots_asset-259683%2FGeneralImages-0_17688203989763553377941341102483.jpg_62161/320x231.webp,https://assets.wilsonsauctions.com///lots_asset-259683%2FGeneralImages-1_17688204330558531639943601987643.jpg_84698/320x231.webp,https://assets.wilsonsauctions.com///lots_asset-259683%2FGeneralImages-2_17688205657525481924611546572103.jpg_67625/320x231.webp,https://assets.wilsonsauctions.com///lots_asset-259683%2FGeneralImages-3_17688205763326536090649790259712.jpg_66654/320x231.webp,https://assets.wilsonsauctions.com///lots_asset-259683%2FGeneralImages-0_17688203584214833949325975234443.jpg_96956/320x231.webp,https://assets.wilsonsauctions.com///lots_asset-259683%2FGeneralImages-1_17688203693865849040486921153420.jpg_83636/320x231.webp,https://assets.wilsonsauctions.com///lots_asset-259683%2FGeneralImages-2_17688203770385927795173752865905.jpg_64496/320x231.webp,https://assets.wilsonsauctions.com///lots_asset-259683%2FGeneralImages-3_17688205520184419225101541671888.jpg_67119/320x231.webp,https://assets.wilsonsauctions.com///lots_asset-259683%2FGeneralImages-4_17688205595353035218756515340895.jpg_43847/320x231.webp,https://assets.wilsonsauctions.com///lots_asset-259683%2FGeneralImages-5_1768820581935488642887846338452.jpg_75932/320x231.webp,https://assets.wilsonsauctions.com///lots_asset-259683%2FGeneralImages-7_17688207172282444222157444087176.jpg_83279/320x231.webp,https://assets.wilsonsauctions.com///lots_asset-259683%2FDamageImages-0_17688204190743578138697235262437.jpg_104067/320x231.webp,https://assets.wilsonsauctions.com///lots_asset-259683%2FDamageImages-1_17688208119811276294744667858083.jpg_69344/320x231.webp,https://assets.wilsonsauctions.com///lots_asset-259683%2FDamageImages-2_17688208342644301217015861318522.jpg_99195/320x231.webp,https://assets.wilsonsauctions.com///lots_asset-259683%2FDamageImages-3_17688208515913063362893113681628.jpg_79606/320x231.webp,https://assets.wilsonsauctions.com///lots_asset-259683%2FDamageImages-4_17688208691494207217906602947725.jpg_63153/320x231.webp,https://assets.wilsonsauctions.com///lots_asset-259683%2FDamageImages-5_17688208826147822233919692896245.jpg_38354/320x231.webp,https://assets.wilsonsauctions.com///lots_asset-259683%2FDamageImages-6_17688209069878656100230775713320.jpg_62564/320x231.webp,https://assets.wilsonsauctions.com///lots_asset-259683%2FDamageImages-7_17688209396607724553766216244409.jpg_25408/320x231.webp,https://assets.wilsonsauctions.com///lots_asset-259683%2FDamageImages-8_17688209668131903830827667929475.jpg_61443/320x231.webp,https://assets.wilsonsauctions.com///lots_asset-259683%2FDamageImages-9_17688210032939085622482585371233.jpg_85982/320x231.webp,https://assets.wilsonsauctions.com///lots_asset-259683%2FDamageImages-10_17688210284634241710399960123066.jpg_62055/320x231.webp,https://assets.wilsonsauctions.com///lots_asset-259683%2FDamageImages-11_17688210420743620153344864703908.jpg_47642/320x231.webp,https://assets.wilsonsauctions.com///lots_asset-259683%2FDamageImages-12_1768821064393861654370428471543.jpg_83891/320x231.webp,https://assets.wilsonsauctions.com///lots_asset-259683%2FDamageImages-13_17688210777275116658347834279110.jpg_56273/320x231.webp,https://assets.wilsonsauctions.com///lots_asset-259683%2FDamageImages-14_17688210969928591822511590686439.jpg_60696/320x231.webp,https://assets.wilsonsauctions.com///lots_asset-259683%2FDamageImages-15_1768821111190669788205134500302.jpg_64111/320x231.webp,https://assets.wilsonsauctions.com///lots_asset-259683%2FDamageImages-16_17688211653574632522515561036900.jpg_40055/320x231.webp,https://assets.wilsonsauctions.com///lots_asset-259683%2FDamageImages-17_17688211807479035122177168339955.jpg_38008/320x231.webp",,,,Red,Present,"£11,400",,"£10,175",,,,5,,,,,,,Online Auction,No
"Main Agent Car, Commercial and ex-Fire Service Equipment Auction",20,Wilsons Auctions,BMW 218i SE,CV70XML,BMW,218i SE,SE,1075,Estate,Petrol,Manual,Wilsons Auctions Oxford,2025-12-18,14:00,30/11/2020,2020,23621,Correct,To follow,17-07-2026,Yes,Margin,,,1.5,,,"https://assets.wilsonsauctions.com///lots_asset-253796%2FGeneralImages-0_17689849525835050019295558305839.jpg_68722/320x231.webp,https://assets.wilsonsauctions.com///lots_asset-253796%2FGeneralImages-0_17689850629909091780843864412984.jpg_60979/320x231.webp,https://assets.wilsonsauctions.com///lots_asset-253796%2FGeneralImages-1_17689850819854931037380982163581.jpg_93251/320x231.webp,https://assets.wilsonsauctions.com///lots_asset-253796%2FGeneralImages-2_17689850927836818505961987180322.jpg_89726/320x231.webp,https://assets.wilsonsauctions.com///lots_asset-253796%2FGeneralImages-1_17689849603926697030885883629537.jpg_104563/320x231.webp,https://assets.wilsonsauctions.com///lots_asset-253796%2FGeneralImages-2_17689849734044546833218577468500.jpg_91540/320x231.webp,https://assets.wilsonsauctions.com///lots_asset-253796%2FGeneralImages-3_17689849851994499456480540876305.jpg_95591/320x231.webp,https://assets.wilsonsauctions.com///lots_asset-253796%2FGeneralImages-4_17689850003435463598173978592218.jpg_89999/320x231.webp,https://assets.wilsonsauctions.com///lots_asset-253796%2FGeneralImages-5_1768985024123444512371965137156.jpg_96762/320x231.webp,https://assets.wilsonsauctions.com///lots_asset-253796%2FGeneralImages-6_17689850342367256992631443803836.jpg_83755/320x231.webp,https://assets.wilsonsauctions.com///lots_asset-253796%2FGeneralImages-7_17689850470751226175007431022662.jpg_52719/320x231.webp,https://assets.wilsonsauctions.com///lots_asset-253796%2FDamageImages-0_17689851162815175801551073616428.jpg_101880/320x231.webp,https://assets.wilsonsauctions.com///lots_asset-253796%2FDamageImages-1_17689851635586227740487922792949.jpg_85496/320x231.webp,https://assets.wilsonsauctions.com///lots_asset-253796%2FDamageImages-2_17689852076582799090141925314707.jpg_99936/320x231.webp,https://assets.wilsonsauctions.com///lots_asset-253796%2FDamageImages-3_1768985238772250864244859913607.jpg_65494/320x231.webp,https://assets.wilsonsauctions.com///lots_asset-253796%2FDamageImages-4_17689852835737379139386787315796.jpg_66318/320x231.webp,https://assets.wilsonsauctions.com///lots_asset-253796%2FDamageImages-5_176898532370582746864600435887.jpg_108776/320x231.webp,https://assets.wilsonsauctions.com///lots_asset-253796%2FDamageImages-6_17689853752024826217485994900967.jpg_80186/320x231.webp,https://assets.wilsonsauctions.com///lots_asset-253796%2FDamageImages-7_17689854462371929297122947007059.jpg_96746/320x231.webp,https://assets.wilsonsauctions.com///lots_asset-253796%2FDamageImages-8_176898547402747207250655107233.jpg_73046/320x231.webp",,,,Black,Present,"£11,250",,"£10,150",,,,,,,,,,,Online Auction,No
"Main Agent Car, Commercial and ex-Fire Service Equipment Auction",20,Wilsons Auctions,Ford Puma St-Line Mhev,CV73UBL,Ford,Puma St-Line,St-Line Mhev,2025,Hatchback,Hyb petrol,Manual,Wilsons Auctions Oxford,2025-12-18,14:00,28/09/2023,2023,23091,Correct,Here,,Yes,VAT Qualifying,FORD CREDIT DIRECT,,1.0,,,"https://assets.wilsonsauctions.com///lots_asset-246777%2FGeneralImages-5_17676071783586145247968729292932.jpg_101124/320x231.webp,https://assets.wilsonsauctions.com///lots_asset-246777%2FGeneralImages-0_17676070609238328933123934830154.jpg_84375/320x231.webp,https://assets.wilsonsauctions.com///lots_asset-246777%2FGeneralImages-1_17676070696695253909217295702067.jpg_50242/320x231.webp,https://assets.wilsonsauctions.com///lots_asset-246777%2FGeneralImages-2_17676071065443180751130321565790.jpg_70359/320x231.webp,https://assets.wilsonsauctions.com///lots_asset-246777%2FGeneralImages-3_1767607112772265144355049207187.jpg_61643/320x231.webp,https://assets.wilsonsauctions.com///lots_asset-246777%2FGeneralImages-4_17676071706284754737322113293802.jpg_72231/320x231.webp,https://assets.wilsonsauctions.com///lots_asset-246777%2FGeneralImages-6_17676071842997544955388191716333.jpg_57990/320x231.webp,https://assets.wilsonsauctions.com///lots_asset-246777%2FGeneralImages-7_17676071908252595577995426500707.jpg_109593/320x231.webp,https://assets.wilsonsauctions.com///lots_asset-246777%2FDamageImages-0_17676072979071415580672457832238.jpg_47099/320x231.webp,https://assets.wilsonsauctions.com///lots_asset-246777%2FDamageImages-1_17676073670865296704076737871494.jpg_44213/320x231.webp",,,,Solar Silver,Present,"£12,475",,"£11,225",,,,5,,,,,,,Online Auction,No
"Main Agent Car, Commercial and ex-Fire Service Equipment Auction",20,Wilsons Auctions,MG ZS Hybrid+ Trophy Auto,CV74EOJ,MG,ZS Hybrid+,Hybrid+ Trophy Auto,1003,Hatchback,Hyb petrol,Automatic,Wilsons Auctions Oxford,2025-12-18,14:00,29/01/2025,2025,9389,Correct,To follow,,No,Margin,,,1.5,,,"https://assets.wilsonsauctions.com///lots_asset-246501%2FGeneralImages-0_1768563068454682909323992657338.jpg_108788/320x231.webp,https://assets.wilsonsauctions.com///lots_asset-246501%2FGeneralImages-0_1768563199760646559452309459240.jpg_80110/320x231.webp,https://assets.wilsonsauctions.com///lots_asset-246501%2FGeneralImages-1_17685632090576252923212363228475.jpg_134398/320x231.webp,https://assets.wilsonsauctions.com///lots_asset-246501%2FGeneralImages-2_17685632249113907053634764954634.jpg_85542/320x231.webp,https://assets.wilsonsauctions.com///lots_asset-246501%2FGeneralImages-3_17685632399748461582567469676646.jpg_107255/320x231.webp,https://assets.wilsonsauctions.com///lots_asset-246501%2FGeneralImages-1_17685630745135150851572913119769.jpg_90808/320x231.webp,https://assets.wilsonsauctions.com///lots_asset-246501%2FGeneralImages-2_17685630878411611415347576455523.jpg_75655/320x231.webp,https://assets.wilsonsauctions.com///lots_asset-246501%2FGeneralImages-3_17685630969766470124907834401033.jpg_82122/320x231.webp,https://assets.wilsonsauctions.com///lots_asset-246501%2FGeneralImages-4_17685631140121659386987510454806.jpg_98020/320x231.webp,https://assets.wilsonsauctions.com///lots_asset-246501%2FGeneralImages-5_17685631240586626592555565172353.jpg_63000/320x231.webp,https://assets.wilsonsauctions.com///lots_asset-246501%2FGeneralImages-6_17685631632283458296963420363554.jpg_77158/320x231.webp,https://assets.wilsonsauctions.com///lots_asset-246501%2FGeneralImages-7_17685631716153979474682817899579.jpg_57731/320x231.webp,https://assets.wilsonsauctions.com///lots_asset-246501%2FGeneralImages-8_17685631858244906978018954498086.jpg_97693/320x231.webp,https://assets.wilsonsauctions.com///lots_asset-246501%2FDamageImages-0_17685625550343055822919169938459.jpg_187135/320x231.webp,https://assets.wilsonsauctions.com///lots_asset-246501%2FDamageImages-1_176856259431078453737368093716.jpg_223574/320x231.webp,https://assets.wilsonsauctions.com///lots_asset-246501%2FDamageImages-2_17685626647574704240463655575197.jpg_126213/320x231.webp,https://assets.wilsonsauctions.com///lots_asset-246501%2FDamageImages-3_17685626995964286807458696586028.jpg_125368/320x231.webp,https://assets.wilsonsauctions.com///lots_asset-246501%2FDamageImages-4_17685627320725118022829269243230.jpg_83740/320x231.webp,https://assets.wilsonsauctions.com///lots_asset-246501%2FDamageImages-5_17685628233577307604378098615452.jpg_103924/320x231.webp,https://assets.wilsonsauctions.com///lots_asset-246501%2FDamageImages-6_17685628668552033546045387204626.jpg_201396/320x231.webp,https://assets.wilsonsauctions.com///lots_asset-246501%2FDamageImages-7_17685629090906111868639005502891.jpg_270759/320x231.webp,https://assets.wilsonsauctions.com///lots_asset-246501%2FDamageImages-8_17685629435575341922721824426479.jpg_222848/320x231.webp,https://assets.wilsonsauctions.com///lots_asset-246501%2FDamageImages-9_17685629763361739309122907484757.jpg_31993/320x231.webp",,,,Red,Present,"£16,250",,"£14,850",,,2,5,,,,,,,Online Auction,No
"Main Agent Car, Commercial and ex-Fire Service Equipment Auction",20,Wilsons Auctions,Renault Captur E-Tech full hybrid 145 Techno Auto,DC73XSE,Renault,Captur E-Tech,E-Tech full hybrid 145 Techno Auto,1049,Hatchback,Hyb petrol,Automatic,Wilsons Auctions Oxford,2025-12-18,14:00,11/02/2024,2024,10447,Correct,Here,,No,Margin,,,1.6,,,"https://assets.wilsonsauctions.com///lots_asset-260387%2FGeneralImages-4_17688216940203701689552930317661.jpg_101995/320x231.webp,https://assets.wilsonsauctions.com///lots_asset-260387%2FGeneralImages-0_17688216376983892904729715164734.jpg_27208/320x231.webp,https://assets.wilsonsauctions.com///lots_asset-260387%2FGeneralImages-0_17688213740628320812776141943971.jpg_91038/320x231.webp,https://assets.wilsonsauctions.com///lots_asset-260387%2FGeneralImages-1_17688216249115336451175630465329.jpg_76365/320x231.webp,https://assets.wilsonsauctions.com///lots_asset-260387%2FGeneralImages-2_17688216325278774882452764944207.jpg_46841/320x231.webp,https://assets.wilsonsauctions.com///lots_asset-260387%2FGeneralImages-3_1768821643762985084301061303032.jpg_64889/320x231.webp,https://assets.wilsonsauctions.com///lots_asset-260387%2FGeneralImages-5_17688217022434310201693972146062.jpg_51542/320x231.webp,https://assets.wilsonsauctions.com///lots_asset-260387%2FGeneralImages-6_17688217172973845902763327117505.jpg_97987/320x231.webp,https://assets.wilsonsauctions.com///lots_asset-260387%2FDamageImages-0_17688214051578673715956562265460.jpg_108053/320x231.webp,https://assets.wilsonsauctions.com///lots_asset-260387%2FDamageImages-1_17688214221002758676956336286505.jpg_84699/320x231.webp,https://assets.wilsonsauctions.com///lots_asset-260387%2FDamageImages-2_1768821437519886838251193168381.jpg_62930/320x231.webp,https://assets.wilsonsauctions.com///lots_asset-260387%2FDamageImages-3_17688214515997188689006804194129.jpg_99044/320x231.webp,https://assets.wilsonsauctions.com///lots_asset-260387%2FDamageImages-4_17688214666343313080895017532887.jpg_47595/320x231.webp,https://assets.wilsonsauctions.com///lots_asset-260387%2FDamageImages-5_17688217977524256218585485004595.jpg_61421/320x231.webp,https://assets.wilsonsauctions.com///lots_asset-260387%2FDamageImages-6_17688218127022786623912716206747.jpg_80446/320x231.webp,https://assets.wilsonsauctions.com///lots_asset-260387%2FDamageImages-7_17688218275818337223085936960186.jpg_63920/320x231.webp,https://assets.wilsonsauctions.com///lots_asset-260387%2FDamageImages-8_1768821861046161120926348662881.jpg_95210/320x231.webp,https://assets.wilsonsauctions.com///lots_asset-260387%2FDamageImages-9_17688218753846982810910720412682.jpg_69580/320x231.webp,https://assets.wilsonsauctions.com///lots_asset-260387%2FDamageImages-10_17688218908326757309435433771585.jpg_105292/320x231.webp,https://assets.wilsonsauctions.com///lots_asset-260387%2FDamageImages-11_17688219172045762584628020643739.jpg_84787/320x231.webp,https://assets.wilsonsauctions.com///lots_asset-260387%2FDamageImages-12_17688219482558352875161877027221.jpg_50310/320x231.webp,https://assets.wilsonsauctions.com///lots_asset-260387%2FDamageImages-13_17688219679468589207852815189876.jpg_43062/320x231.webp,https://assets.wilsonsauctions.com///lots_asset-260387%2FDamageImages-14_17688220030423777768440970808806.jpg_70673/320x231.webp,https://assets.wilsonsauctions.com///lots_asset-260387%2FDamageImages-15_17688220169471212605350099023892.jpg_101058/320x231.webp,https://assets.wilsonsauctions.com///lots_asset-260387%2FDamageImages-16_17688220390205258263303840324914.jpg_92615/320x231.webp,https://assets.wilsonsauctions.com///lots_asset-260387%2FDamageImages-17_17688220564615539735693238957627.jpg_64711/320x231.webp,https://assets.wilsonsauctions.com///lots_asset-260387%2FDamageImages-18_17688220748565681101266609560409.jpg_74286/320x231.webp,https://assets.wilsonsauctions.com///lots_asset-260387%2FDamageImages-19_1768822089205850234600059720432.jpg_68155/320x231.webp,https://assets.wilsonsauctions.com///lots_asset-260387%2FDamageImages-20_17688221109015546722156787003949.jpg_80113/320x231.webp,https://assets.wilsonsauctions.com///lots_asset-260387%2FDamageImages-21_17688221399927806579539212874334.jpg_37130/320x231.webp,https://assets.wilsonsauctions.com///lots_asset-260387%2FDamageImages-22_17688221659247620441588420866236.jpg_43863/320x231.webp",,,,Grey,Present,"£15,350",,"£13,975",,,,5,,,,,,,Online Auction,No
"Main Agent Car, Commercial and ex-Fire Service Equipment Auction",20,Wilsons Auctions,Hyundai Tucson TGDi Premium 2WD,DG73NDO,Hyundai,Tucson TGDi,TGDi Premium 2WD,1045,Estate,Petrol,Manual,Wilsons Auctions Oxford,2025-12-18,14:00,22/01/2024,2024,5374,Correct,Here,,Yes,Margin,,,1.6,,,"https://assets.wilsonsauctions.com///lots_asset-257049%2FGeneralImages-0_17690041012834206228707249651482.jpg_59226/320x231.webp,https://assets.wilsonsauctions.com///lots_asset-257049%2FGeneralImages-1_17690041088614219298376784469375.jpg_68213/320x231.webp,https://assets.wilsonsauctions.com///lots_asset-257049%2FGeneralImages-2_1769004117484460343099014028846.jpg_52290/320x231.webp,https://assets.wilsonsauctions.com///lots_asset-257049%2FGeneralImages-3_17690041282642360698914875783619.jpg_56641/320x231.webp,https://assets.wilsonsauctions.com///lots_asset-257049%2FGeneralImages-4_17690041369145779459688504145621.jpg_41767/320x231.webp,https://assets.wilsonsauctions.com///lots_asset-257049%2FGeneralImages-5_17690042052508775761075489130966.jpg_70035/320x231.webp,https://assets.wilsonsauctions.com///lots_asset-257049%2FGeneralImages-6_17690042207376169152678792870933.jpg_38507/320x231.webp,https://assets.wilsonsauctions.com///lots_asset-257049%2FGeneralImages-7_17690042756537849379836322320776.jpg_69489/320x231.webp,https://assets.wilsonsauctions.com///lots_asset-257049%2FDamageImages-0_17690041513391264803819618841493.jpg_55520/320x231.webp,https://assets.wilsonsauctions.com///lots_asset-257049%2FDamageImages-1_17690041657724579772703533739242.jpg_45001/320x231.webp,https://assets.wilsonsauctions.com///lots_asset-257049%2FDamageImages-2_17690041907686005356400784152976.jpg_32577/320x231.webp,https://assets.wilsonsauctions.com///lots_asset-257049%2FDamageImages-3_17690043378971328717654416538384.jpg_46936/320x231.webp,https://assets.wilsonsauctions.com///lots_asset-257049%2FDamageImages-4_17690043651867761452961508098180.jpg_64763/320x231.webp,https://assets.wilsonsauctions.com///lots_asset-257049%2FDamageImages-5_17690043815197925634479646265741.jpg_50461/320x231.webp,https://assets.wilsonsauctions.com///lots_asset-257049%2FDamageImages-6_17690044024392248427241606041012.jpg_39888/320x231.webp,https://assets.wilsonsauctions.com///lots_asset-257049%2FDamageImages-7_17690044179797535468366651251069.jpg_44263/320x231.webp,https://assets.wilsonsauctions.com///lots_asset-257049%2FDamageImages-8_17690044655795654601712147820754.jpg_122263/320x231.webp,https://assets.wilsonsauctions.com///lots_asset-257049%2FDamageImages-9_17690045089627722485288747805152.jpg_52153/320x231.webp",,,,Grey,Present,"£18,700",,"£17,300",,,,,,,,,,,Online Auction,No
"Main Agent Car, Commercial and ex-Fire Service Equipment Auction",20,Wilsons Auctions,Ford Puma ST,DV73LZD,Ford,Puma ST,ST,2056,Hatchback,Petrol,Manual,Wilsons Auctions Oxford,2025-12-18,14:00,22/09/2023,2023,26134,Correct,Here,,No,VAT Qualifying,FORD CREDIT DIRECT,,1.5,,,"https://assets.wilsonsauctions.com///lots_asset-248174%2FGeneralImages-5_17676245297942802609053255383066.jpg_80728/320x231.webp,https://assets.wilsonsauctions.com///lots_asset-248174%2FGeneralImages-0_17676244076374181749980425333529.jpg_140954/320x231.webp,https://assets.wilsonsauctions.com///lots_asset-248174%2FGeneralImages-1_17676244168906449784755780688477.jpg_104114/320x231.webp,https://assets.wilsonsauctions.com///lots_asset-248174%2FGeneralImages-2_17676245091316465575682154590763.jpg_65785/320x231.webp,https://assets.wilsonsauctions.com///lots_asset-248174%2FGeneralImages-3_1767624514810452661361462135430.jpg_70871/320x231.webp,https://assets.wilsonsauctions.com///lots_asset-248174%2FGeneralImages-4_17676245212071131237863328745400.jpg_87606/320x231.webp,https://assets.wilsonsauctions.com///lots_asset-248174%2FGeneralImages-6_17676245358588723639896590961008.jpg_67678/320x231.webp,https://assets.wilsonsauctions.com///lots_asset-248174%2FGeneralImages-7_17676245432586472418839525839791.jpg_100320/320x231.webp,https://assets.wilsonsauctions.com///lots_asset-248174%2FDamageImages-0_17676246072036888115223027234957.jpg_79374/320x231.webp,https://assets.wilsonsauctions.com///lots_asset-248174%2FDamageImages-1_1767624620351147769839624184734.jpg_79322/320x231.webp,https://assets.wilsonsauctions.com///lots_asset-248174%2FDamageImages-2_1767624633368361482825127765064.jpg_77798/320x231.webp,https://assets.wilsonsauctions.com///lots_asset-248174%2FDamageImages-3_17676246514062501374732993758858.jpg_78100/320x231.webp,https://assets.wilsonsauctions.com///lots_asset-248174%2FDamageImages-4_17676246660383313141206564454358.jpg_81774/320x231.webp,https://assets.wilsonsauctions.com///lots_asset-248174%2FDamageImages-5_17676246799215348350634462242806.jpg_105230/320x231.webp,https://assets.wilsonsauctions.com///lots_asset-248174%2FDamageImages-6_17676247177161674046008966762350.jpg_72779/320x231.webp,https://assets.wilsonsauctions.com///lots_asset-248174%2FDamageImages-7_17676247424679072194183144947523.jpg_61714/320x231.webp,https://assets.wilsonsauctions.com///lots_asset-248174%2FDamageImages-8_17676247570881350059618898150438.jpg_101392/320x231.webp,https://assets.wilsonsauctions.com///lots_asset-248174%2FDamageImages-9_17676247830512139039761027838595.jpg_63060/320x231.webp,https://assets.wilsonsauctions.com///lots_asset-248174%2FDamageImages-10_17676247961838599040363915967891.jpg_80740/320x231.webp,https://assets.wilsonsauctions.com///lots_asset-248174%2FDamageImages-11_17676248219215101073039723150148.jpg_70546/320x231.webp",,,,Agate Black,Present,"£15,150",,"£13,825",,,,5,,,,,,,Online Auction,No
"Main Agent Car, Commercial and ex-Fire Service Equipment Auction",20,Wilsons Auctions,Ford Puma Vivid Ruby Edition Mhev A,DY73NFG,Ford,Puma Vivid,Vivid Ruby Edition Mhev A,2018,Hatchback,Hyb petrol,Automatic,Wilsons Auctions Oxford,2025-12-18,14:00,21/09/2023,2023,17348,Correct,Here,,Yes,VAT Qualifying,FORD CREDIT DIRECT,,1.0,,,"https://assets.wilsonsauctions.com///lots_asset-250583%2FGeneralImages-5_17677961482916858899347885709488.jpg_95371/320x231.webp,https://assets.wilsonsauctions.com///lots_asset-250583%2FGeneralImages-0_17677958909412845644650249648650.jpg_52953/320x231.webp,https://assets.wilsonsauctions.com///lots_asset-250583%2FGeneralImages-1_17677960496217265356597899910378.jpg_91395/320x231.webp,https://assets.wilsonsauctions.com///lots_asset-250583%2FGeneralImages-0_17677958748166613383736514356099.jpg_110674/320x231.webp,https://assets.wilsonsauctions.com///lots_asset-250583%2FGeneralImages-1_17677958859295743025588725696319.jpg_183012/320x231.webp,https://assets.wilsonsauctions.com///lots_asset-250583%2FGeneralImages-2_17677960345497727908769501414611.jpg_59068/320x231.webp,https://assets.wilsonsauctions.com///lots_asset-250583%2FGeneralImages-3_17677960412597719508656226889468.jpg_77238/320x231.webp,https://assets.wilsonsauctions.com///lots_asset-250583%2FGeneralImages-4_17677960599124636282275569233450.jpg_75324/320x231.webp,https://assets.wilsonsauctions.com///lots_asset-250583%2FGeneralImages-6_17677961653728457042744610917677.jpg_50321/320x231.webp,https://assets.wilsonsauctions.com///lots_asset-250583%2FGeneralImages-7_17677961720101440114473915676788.jpg_97143/320x231.webp,https://assets.wilsonsauctions.com///lots_asset-250583%2FDamageImages-0_17677962477727533415688495294775.jpg_58853/320x231.webp,https://assets.wilsonsauctions.com///lots_asset-250583%2FDamageImages-1_17677962588157834718165757460587.jpg_64323/320x231.webp,https://assets.wilsonsauctions.com///lots_asset-250583%2FDamageImages-2_17677962962877015578085760650543.jpg_27342/320x231.webp,https://assets.wilsonsauctions.com///lots_asset-250583%2FDamageImages-3_17677963387849071558686873461500.jpg_40978/320x231.webp",,,,Vivid Ruby,Present,"£15,700",,"£14,350",,,,5,,,,,,,Online Auction,No
"Main Agent Car, Commercial and ex-Fire Service Equipment Auction",20,Wilsons Auctions,Audi Q2 30 TDI Sport S-A,EA70EPO,Audi,Q2 30,30 TDI Sport S-A,1011,Estate,Diesel,Semi Automatic,Wilsons Auctions Oxford,2025-12-18,14:00,23/10/2020,2020,23924,Correct,Here,22-10-2026,Yes,Margin,,,1.6,,,"https://assets.wilsonsauctions.com///lots_asset-246914%2FGeneralImages-0_17684779126134897533558308571052.jpg_99475/320x231.webp,https://assets.wilsonsauctions.com///lots_asset-246914%2FGeneralImages-0_17684780688911634777108984704001.jpg_77462/320x231.webp,https://assets.wilsonsauctions.com///lots_asset-246914%2FGeneralImages-1_17684780838133312537971702491094.jpg_97312/320x231.webp,https://assets.wilsonsauctions.com///lots_asset-246914%2FGeneralImages-1_17684779243113975862431931190.jpg_98315/320x231.webp,https://assets.wilsonsauctions.com///lots_asset-246914%2FGeneralImages-2_17684779487633776199712686051418.jpg_90248/320x231.webp,https://assets.wilsonsauctions.com///lots_asset-246914%2FGeneralImages-3_17684779568804346473824236196685.jpg_91460/320x231.webp,https://assets.wilsonsauctions.com///lots_asset-246914%2FGeneralImages-4_17684779807962434558752538240806.jpg_80101/320x231.webp,https://assets.wilsonsauctions.com///lots_asset-246914%2FGeneralImages-5_17684779896618253110182720657249.jpg_56016/320x231.webp,https://assets.wilsonsauctions.com///lots_asset-246914%2FGeneralImages-6_17684780267474323880980100866762.jpg_81358/320x231.webp,https://assets.wilsonsauctions.com///lots_asset-246914%2FGeneralImages-7_17684780451215357754668772307771.jpg_50473/320x231.webp,https://assets.wilsonsauctions.com///lots_asset-246914%2FGeneralImages-8_17684780559554953110872981090490.jpg_74057/320x231.webp,https://assets.wilsonsauctions.com///lots_asset-246914%2FDamageImages-0_17684823817406438988049287856484.jpg_69129/320x231.webp,https://assets.wilsonsauctions.com///lots_asset-246914%2FDamageImages-1_17684824428798382007009755286010.jpg_72111/320x231.webp,https://assets.wilsonsauctions.com///lots_asset-246914%2FDamageImages-2_17684825383751418261932003835249.jpg_39570/320x231.webp,https://assets.wilsonsauctions.com///lots_asset-246914%2FDamageImages-3_17684826099203779123085943345459.jpg_54112/320x231.webp,https://assets.wilsonsauctions.com///lots_asset-246914%2FDamageImages-4_17684826452384867747240004788931.jpg_66827/320x231.webp,https://assets.wilsonsauctions.com///lots_asset-246914%2FDamageImages-5_17684827027008280534171366251123.jpg_53380/320x231.webp",,,,White,Present,"£13,850",,"£12,725",,,2,5,,,,,,,Online Auction,No
"Main Agent Car, Commercial and ex-Fire Service Equipment Auction",20,Wilsons Auctions,Ford Puma St-Line X Mhev,EA73PNX,Ford,Puma St-Line,St-Line X Mhev,2037,Hatchback,Hyb petrol,Manual,Wilsons Auctions Oxford,2025-12-18,14:00,26/09/2023,2023,10377,Correct,Here,,No,VAT Qualifying,FORD CREDIT DIRECT,,1.0,,,"https://assets.wilsonsauctions.com///lots_asset-256417%2FGeneralImages-5_1768473283972952809722166675880.jpg_87425/320x231.webp,https://assets.wilsonsauctions.com///lots_asset-256417%2FGeneralImages-0_17684729804237827516655392720113.jpg_107971/320x231.webp,https://assets.wilsonsauctions.com///lots_asset-256417%2FGeneralImages-1_1768472989643834330650871097569.jpg_80690/320x231.webp,https://assets.wilsonsauctions.com///lots_asset-256417%2FGeneralImages-2_17684731141701583645341570551871.jpg_57711/320x231.webp,https://assets.wilsonsauctions.com///lots_asset-256417%2FGeneralImages-3_17684731212808935398186704020899.jpg_71970/320x231.webp,https://assets.wilsonsauctions.com///lots_asset-256417%2FGeneralImages-4_17684731268967852852715469600476.jpg_59182/320x231.webp,https://assets.wilsonsauctions.com///lots_asset-256417%2FGeneralImages-6_17684732909671343238730149245563.jpg_55884/320x231.webp,https://assets.wilsonsauctions.com///lots_asset-256417%2FGeneralImages-7_1768473298190933740368918798827.jpg_92529/320x231.webp,https://assets.wilsonsauctions.com///lots_asset-256417%2FDamageImages-0_17684733859285880365709850653646.jpg_77750/320x231.webp,https://assets.wilsonsauctions.com///lots_asset-256417%2FDamageImages-1_17684734024078052850339674294744.jpg_17763/320x231.webp",,,,Frozen White,Present,"£13,975",,"£12,725",,,,5,,,,,,,Online Auction,No
"Main Agent Car, Commercial and ex-Fire Service Equipment Auction",20,Wilsons Auctions,Ford Puma St-Line X Mhev,EF73VTP,Ford,Puma St-Line,St-Line X Mhev,2057,Hatchback,Hyb petrol,Manual,Wilsons Auctions Oxford,2025-12-18,14:00,30/11/2023,2023,21189,Correct,Here,,Yes,VAT Qualifying,FORD CREDIT DIRECT,,1.0,,,"https://assets.wilsonsauctions.com///lots_asset-254795%2FGeneralImages-5_17689021979088675230228489219405.jpg_67394/320x231.webp,https://assets.wilsonsauctions.com///lots_asset-254795%2FGeneralImages-0_17689020477671450167787662671785.jpg_74610/320x231.webp,https://assets.wilsonsauctions.com///lots_asset-254795%2FGeneralImages-1_17689020561114979127280397286488.jpg_91873/320x231.webp,https://assets.wilsonsauctions.com///lots_asset-254795%2FGeneralImages-2_17689021749621335955844045797967.jpg_65640/320x231.webp,https://assets.wilsonsauctions.com///lots_asset-254795%2FGeneralImages-3_17689021820564518543677629250529.jpg_64516/320x231.webp,https://assets.wilsonsauctions.com///lots_asset-254795%2FGeneralImages-4_17689021877776890474011545775162.jpg_67859/320x231.webp,https://assets.wilsonsauctions.com///lots_asset-254795%2FGeneralImages-6_17689022043965912493076275614935.jpg_86269/320x231.webp,https://assets.wilsonsauctions.com///lots_asset-254795%2FGeneralImages-7_17689022133357798991919226535174.jpg_82459/320x231.webp,https://assets.wilsonsauctions.com///lots_asset-254795%2FDamageImages-0_17689023609163751357746472493707.jpg_39175/320x231.webp",,,,Grey Matter,Present,"£13,225",,"£11,975",,,,5,,,,,,,Online Auction,No
"Main Agent Car, Commercial and ex-Fire Service Equipment Auction",20,Wilsons Auctions,Toyota Yaris Hybrid Design CVT,EJ24CYS,Toyota,Yaris Hybrid,Hybrid Design CVT,1041,Hatchback,Hyb petrol,,Wilsons Auctions Oxford,2025-12-18,14:00,26/04/2024,2024,22486,Correct,Here,,Yes,Margin,,,1.5,,,"https://assets.wilsonsauctions.com///lots_asset-258903%2FGeneralImages-7_17688211749614124539525098916810.jpg_96486/320x231.webp,https://assets.wilsonsauctions.com///lots_asset-258903%2FGeneralImages-0_17688212078022888293248922789888.jpg_61312/320x231.webp,https://assets.wilsonsauctions.com///lots_asset-258903%2FGeneralImages-0_176882064601747075823631064985.jpg_138326/320x231.webp,https://assets.wilsonsauctions.com///lots_asset-258903%2FGeneralImages-1_17688206669588795675814529934490.jpg_133286/320x231.webp,https://assets.wilsonsauctions.com///lots_asset-258903%2FGeneralImages-2_17688206984164739499303637672414.jpg_136402/320x231.webp,https://assets.wilsonsauctions.com///lots_asset-258903%2FGeneralImages-3_17688207071978233841554040645707.jpg_80566/320x231.webp,https://assets.wilsonsauctions.com///lots_asset-258903%2FGeneralImages-4_17688207193573967105184215562981.jpg_62247/320x231.webp,https://assets.wilsonsauctions.com///lots_asset-258903%2FGeneralImages-5_17688207321014189201746029935546.jpg_211519/320x231.webp,https://assets.wilsonsauctions.com///lots_asset-258903%2FGeneralImages-6_17688207441934081137997817786111.jpg_100576/320x231.webp,https://assets.wilsonsauctions.com///lots_asset-258903%2FGeneralImages-8_17688211831341399824681713352167.jpg_95852/320x231.webp,https://assets.wilsonsauctions.com///lots_asset-258903%2FDamageImages-0_17688213555004024664666951705815.jpg_98858/320x231.webp,https://assets.wilsonsauctions.com///lots_asset-258903%2FDamageImages-1_17688214047692285171089187255581.jpg_78546/320x231.webp,https://assets.wilsonsauctions.com///lots_asset-258903%2FDamageImages-2_17688214309856326798220422846217.jpg_79351/320x231.webp,https://assets.wilsonsauctions.com///lots_asset-258903%2FDamageImages-3_17688214748357132386279116886384.jpg_85973/320x231.webp,https://assets.wilsonsauctions.com///lots_asset-258903%2FDamageImages-4_17688215163523181040317284286546.jpg_67868/320x231.webp,https://assets.wilsonsauctions.com///lots_asset-258903%2FDamageImages-5_17688215676665165861580142120570.jpg_97810/320x231.webp,https://assets.wilsonsauctions.com///lots_asset-258903%2FDamageImages-6_17688215937631046395461578530435.jpg_61172/320x231.webp,https://assets.wilsonsauctions.com///lots_asset-258903%2FDamageImages-7_17688216437287063552534229969453.jpg_94402/320x231.webp,https://assets.wilsonsauctions.com///lots_asset-258903%2FDamageImages-8_17688216736622710390621675626704.jpg_75277/320x231.webp,https://assets.wilsonsauctions.com///lots_asset-258903%2FDamageImages-9_17688217640764549084021253022757.jpg_54862/320x231.webp,https://assets.wilsonsauctions.com///lots_asset-258903%2FDamageImages-10_17688234981457262414770273824103.jpg_112927/320x231.webp",,,,Black,Present,"£16,150",,"£14,950",,,,5,,,,,,,Online Auction,No
"Main Agent Car, Commercial and ex-Fire Service Equipment Auction",20,Wilsons Auctions,Ford Ecosport St-Line,EK72FGX,Ford,Ecosport St-Line,St-Line,2051,Hatchback,Petrol,Manual,Wilsons Auctions Oxford,2025-12-18,14:00,16/09/2022,2022,56567,Correct,Here,15-09-2026,Yes,VAT Qualifying,FORD CREDIT DIRECT,,1.0,,,"https://assets.wilsonsauctions.com///lots_asset-245409%2FGeneralImages-3_17669981599705593455477709983780.jpg_79522/320x231.webp,https://assets.wilsonsauctions.com///lots_asset-245409%2FGeneralImages-0_1766998130411241694881703946584.jpg_76538/320x231.webp,https://assets.wilsonsauctions.com///lots_asset-245409%2FGeneralImages-1_17669981409931005485651067125124.jpg_55496/320x231.webp,https://assets.wilsonsauctions.com///lots_asset-245409%2FGeneralImages-2_17669981482068054165165493566220.jpg_98017/320x231.webp,https://assets.wilsonsauctions.com///lots_asset-245409%2FGeneralImages-4_17669981663567685495622769485330.jpg_75800/320x231.webp,https://assets.wilsonsauctions.com///lots_asset-245409%2FGeneralImages-5_17669981732067671077983615231783.jpg_99894/320x231.webp,https://assets.wilsonsauctions.com///lots_asset-245409%2FGeneralImages-6_17669981809748264321714474387038.jpg_92461/320x231.webp,https://assets.wilsonsauctions.com///lots_asset-245409%2FDamageImages-0_17669983353984423311100279002176.jpg_91812/320x231.webp,https://assets.wilsonsauctions.com///lots_asset-245409%2FDamageImages-1_17669983639006538298706819486748.jpg_62111/320x231.webp,https://assets.wilsonsauctions.com///lots_asset-245409%2FDamageImages-2_17669983827126804394424154449525.jpg_96201/320x231.webp,https://assets.wilsonsauctions.com///lots_asset-245409%2FDamageImages-3_17669984176021208770111796798476.jpg_62130/320x231.webp,https://assets.wilsonsauctions.com///lots_asset-245409%2FDamageImages-4_17669984377667279097412406200322.jpg_81484/320x231.webp,https://assets.wilsonsauctions.com///lots_asset-245409%2FDamageImages-5_17669984873317957486450494910682.jpg_47820/320x231.webp,https://assets.wilsonsauctions.com///lots_asset-245409%2FDamageImages-6_17669985019965961612907878525037.jpg_83453/320x231.webp,https://assets.wilsonsauctions.com///lots_asset-245409%2FDamageImages-7_17669985422511021278312558815308.jpg_64163/320x231.webp,https://assets.wilsonsauctions.com///lots_asset-245409%2FDamageImages-8_17669985588806519880986306125710.jpg_77451/320x231.webp,https://assets.wilsonsauctions.com///lots_asset-245409%2FDamageImages-9_17669985884132533554207177368582.jpg_66442/320x231.webp,https://assets.wilsonsauctions.com///lots_asset-245409%2FDamageImages-10_17669986134938507737744311700933.jpg_63821/320x231.webp",,,,Desert Island Blue,Present,"£8,375",,"£7,350",,,,5,,,,,,,Online Auction,No
"Main Agent Car, Commercial and ex-Fire Service Equipment Auction",20,Wilsons Auctions,Ford Puma St-Line X Mhev,EK73YBO,Ford,Puma St-Line,St-Line X Mhev,2044,Hatchback,Hyb petrol,Manual,Wilsons Auctions Oxford,2025-12-18,14:00,17/10/2023,2023,12952,Correct,Here,,No,VAT Qualifying,FORD CREDIT DIRECT,,1.0,,,"https://assets.wilsonsauctions.com///lots_asset-248684%2FGeneralImages-5_17676188929632470820284367357558.jpg_94193/320x231.webp,https://assets.wilsonsauctions.com///lots_asset-248684%2FGeneralImages-0_17676190543301715449922052065851.jpg_67042/320x231.webp,https://assets.wilsonsauctions.com///lots_asset-248684%2FGeneralImages-0_1767618747420862028722089117294.jpg_108955/320x231.webp,https://assets.wilsonsauctions.com///lots_asset-248684%2FGeneralImages-1_17676187555357090310409970185483.jpg_90283/320x231.webp,https://assets.wilsonsauctions.com///lots_asset-248684%2FGeneralImages-2_17676188734338402654500277666193.jpg_84437/320x231.webp,https://assets.wilsonsauctions.com///lots_asset-248684%2FGeneralImages-3_1767618878782508705336334875319.jpg_73750/320x231.webp,https://assets.wilsonsauctions.com///lots_asset-248684%2FGeneralImages-4_17676188836645011807653966437413.jpg_68078/320x231.webp,https://assets.wilsonsauctions.com///lots_asset-248684%2FGeneralImages-6_17676188989995766207174906614582.jpg_63222/320x231.webp,https://assets.wilsonsauctions.com///lots_asset-248684%2FGeneralImages-7_17676189062635881061261190700344.jpg_83975/320x231.webp,https://assets.wilsonsauctions.com///lots_asset-248684%2FDamageImages-0_17676187854754999637954473632542.jpg_142225/320x231.webp,https://assets.wilsonsauctions.com///lots_asset-248684%2FDamageImages-1_17676189735797355858659991155654.jpg_84498/320x231.webp,https://assets.wilsonsauctions.com///lots_asset-248684%2FDamageImages-2_17676190028573590248037711330596.jpg_28529/320x231.webp,https://assets.wilsonsauctions.com///lots_asset-248684%2FDamageImages-5_17676191301442240276223294590652.jpg_77016/320x231.webp",,,,Frozen White,Present,"£13,800",,"£12,550",,,2,5,,,,,,,Online Auction,No
"Main Agent Car, Commercial and ex-Fire Service Equipment Auction",20,Wilsons Auctions,Lexus UX 300e 150kW 72.8 kWh,EN24SZV,Lexus,UX 300e,300e 150kW 72.8 kWh,1023,Estate,Electric,Automatic,Wilsons Auctions Oxford,2025-12-18,14:00,24/07/2024,2024,5974,Correct,To follow,,Yes,Margin,,,,,,"https://assets.wilsonsauctions.com///lots_asset-261265%2FGeneralImages-6_17690042944864409763811101495796.jpg_119342/320x231.webp,https://assets.wilsonsauctions.com///lots_asset-261265%2FGeneralImages-0_17690041960787021943667329318884.jpg_94170/320x231.webp,https://assets.wilsonsauctions.com///lots_asset-261265%2FGeneralImages-1_17690042109422694888915919742242.jpg_86569/320x231.webp,https://assets.wilsonsauctions.com///lots_asset-261265%2FGeneralImages-2_17690042241196148275616051297469.jpg_88966/320x231.webp,https://assets.wilsonsauctions.com///lots_asset-261265%2FGeneralImages-3_1769004248887419571863453332478.jpg_90222/320x231.webp,https://assets.wilsonsauctions.com///lots_asset-261265%2FGeneralImages-4_17690042696866535590571517860052.jpg_77444/320x231.webp,https://assets.wilsonsauctions.com///lots_asset-261265%2FGeneralImages-5_17690042875986245479122909051964.jpg_92938/320x231.webp,https://assets.wilsonsauctions.com///lots_asset-261265%2FGeneralImages-7_17690043120269123715537477233566.jpg_116652/320x231.webp,https://assets.wilsonsauctions.com///lots_asset-261265%2FDamageImages-0_17690044556715586910983635607317.jpg_59146/320x231.webp,https://assets.wilsonsauctions.com///lots_asset-261265%2FDamageImages-1_17690045057394670748335130740619.jpg_54426/320x231.webp,https://assets.wilsonsauctions.com///lots_asset-261265%2FDamageImages-2_17690045434657314328995267212299.jpg_109043/320x231.webp,https://assets.wilsonsauctions.com///lots_asset-261265%2FDamageImages-3_17690045926654469783332297416241.jpg_159164/320x231.webp,https://assets.wilsonsauctions.com///lots_asset-261265%2FDamageImages-4_17690046275856799468132538236871.jpg_109483/320x231.webp,https://assets.wilsonsauctions.com///lots_asset-261265%2FDamageImages-5_17690046878477626754395004665413.jpg_75738/320x231.webp,https://assets.wilsonsauctions.com///lots_asset-261265%2FDamageImages-6_17690047287121030500566355410595.jpg_69894/320x231.webp,https://assets.wilsonsauctions.com///lots_asset-261265%2FDamageImages-7_17690047699567494484352653094816.jpg_93237/320x231.webp,https://assets.wilsonsauctions.com///lots_asset-261265%2FDamageImages-8_17690048066971170412287525083194.jpg_60045/320x231.webp,https://assets.wilsonsauctions.com///lots_asset-261265%2FDamageImages-9_1769004833141614279560856180895.jpg_116095/320x231.webp,https://assets.wilsonsauctions.com///lots_asset-261265%2FDamageImages-10_17690048659304616451808484658957.jpg_108482/320x231.webp,https://assets.wilsonsauctions.com///lots_asset-261265%2FDamageImages-11_17690049060242470455800965328015.jpg_84703/320x231.webp,https://assets.wilsonsauctions.com///lots_asset-261265%2FDamageImages-12_17690049435685655670445161002977.jpg_87740/320x231.webp",,,,Blue,Present,"£21,000",,"£19,600",,,,,,,,,,,Online Auction,No
"Main Agent Car, Commercial and ex-Fire Service Equipment Auction",20,Wilsons Auctions,Hyundai Bayon TGDi Advance,FD25CKE,Hyundai,Bayon TGDi,TGDi Advance,1012,Hatchback,Petrol,Manual,Wilsons Auctions Oxford,2025-12-18,14:00,25/08/2025,2025,3255,Correct,Buyer To Apply,,No,Margin,,,1.0,,,"https://assets.wilsonsauctions.com///lots_asset-261273%2FGeneralImages-2_17690029962076026555115294722937.jpg_72415/320x231.webp,https://assets.wilsonsauctions.com///lots_asset-261273%2FGeneralImages-0_17690030672638552380561192725705.jpg_73132/320x231.webp,https://assets.wilsonsauctions.com///lots_asset-261273%2FGeneralImages-1_17690030876878249873056989322135.jpg_77073/320x231.webp,https://assets.wilsonsauctions.com///lots_asset-261273%2FGeneralImages-0_1769002969459106602511467823718.jpg_89434/320x231.webp,https://assets.wilsonsauctions.com///lots_asset-261273%2FGeneralImages-1_1769002983708355488663776870504.jpg_59776/320x231.webp,https://assets.wilsonsauctions.com///lots_asset-261273%2FGeneralImages-3_17690030041927653063633617937080.jpg_100038/320x231.webp,https://assets.wilsonsauctions.com///lots_asset-261273%2FGeneralImages-4_17690030163054421007075989417857.jpg_77380/320x231.webp,https://assets.wilsonsauctions.com///lots_asset-261273%2FGeneralImages-5_17690030261928692833453458300794.jpg_69337/320x231.webp,https://assets.wilsonsauctions.com///lots_asset-261273%2FGeneralImages-6_17690030429082401051607280105712.jpg_100795/320x231.webp,https://assets.wilsonsauctions.com///lots_asset-261273%2FGeneralImages-7_17690030527432623551100613308872.jpg_80678/320x231.webp,https://assets.wilsonsauctions.com///lots_asset-261273%2FDamageImages-0_17690032180757585593816668606557.jpg_47160/320x231.webp,https://assets.wilsonsauctions.com///lots_asset-261273%2FDamageImages-1_17690032534288392902632208707498.jpg_63109/320x231.webp,https://assets.wilsonsauctions.com///lots_asset-261273%2FDamageImages-2_17690033011571920358708062192158.jpg_67169/320x231.webp,https://assets.wilsonsauctions.com///lots_asset-261273%2FDamageImages-3_17690033301412168157451371358550.jpg_97126/320x231.webp,https://assets.wilsonsauctions.com///lots_asset-261273%2FDamageImages-4_17690033750752248783141430619916.jpg_41012/320x231.webp",,,,Grey,Present,"£14,500",,"£13,250",,,,5,,,,,,,Online Auction,No
"Main Agent Car, Commercial and ex-Fire Service Equipment Auction",20,Wilsons Auctions,Ford Puma ST Mhev Auto,FD73LAA,Ford,Puma ST,ST Mhev Auto,2052,Hatchback,Hyb petrol,Automatic,Wilsons Auctions Oxford,2025-12-18,14:00,01/12/2023,2023,15683,Correct,Here,,Yes,VAT Qualifying,FORD CREDIT DIRECT,,1.0,,,"https://assets.wilsonsauctions.com///lots_asset-250083%2FGeneralImages-5_17678653525415007060518058732092.jpg_91544/320x231.webp,https://assets.wilsonsauctions.com///lots_asset-250083%2FGeneralImages-0_17678652532101333448260065868656.jpg_47741/320x231.webp,https://assets.wilsonsauctions.com///lots_asset-250083%2FGeneralImages-1_1767865262814978734408623889357.jpg_66295/320x231.webp,https://assets.wilsonsauctions.com///lots_asset-250083%2FGeneralImages-2_17678653317762917064611971255376.jpg_60051/320x231.webp,https://assets.wilsonsauctions.com///lots_asset-250083%2FGeneralImages-3_17678653375756686310320630639004.jpg_55420/320x231.webp,https://assets.wilsonsauctions.com///lots_asset-250083%2FGeneralImages-4_17678653426399071905797599794630.jpg_53065/320x231.webp,https://assets.wilsonsauctions.com///lots_asset-250083%2FGeneralImages-6_176786535980984890529960461546.jpg_52807/320x231.webp,https://assets.wilsonsauctions.com///lots_asset-250083%2FGeneralImages-7_17678653681263697153538420953204.jpg_86370/320x231.webp,https://assets.wilsonsauctions.com///lots_asset-250083%2FDamageImages-0_17678654542548845772227454986066.jpg_86841/320x231.webp,https://assets.wilsonsauctions.com///lots_asset-250083%2FDamageImages-1_17678654685229027401773867428387.jpg_34433/320x231.webp",,,,Frozen White,Present,"£18,100",,"£16,750",,,,5,,,,,,,Online Auction,No
"Main Agent Car, Commercial and ex-Fire Service Equipment Auction",20,Wilsons Auctions,Ford Puma St-Line X Mhev Auto,FJ73RFZ,Ford,Puma St-Line,St-Line X Mhev Auto,2042,Hatchback,Hyb petrol,Automatic,Wilsons Auctions Oxford,2025-12-18,14:00,16/09/2023,2023,19300,Correct,Here,,Yes,VAT Qualifying,FORD CREDIT DIRECT,,1.0,,,"https://assets.wilsonsauctions.com///lots_asset-256673%2FGeneralImages-5_17683993306327633653038994360632.jpg_80342/320x231.webp,https://assets.wilsonsauctions.com///lots_asset-256673%2FGeneralImages-0_17683990167366064501332161670989.jpg_110582/320x231.webp,https://assets.wilsonsauctions.com///lots_asset-256673%2FGeneralImages-1_17683990266801130477152352586089.jpg_86039/320x231.webp,https://assets.wilsonsauctions.com///lots_asset-256673%2FGeneralImages-2_17683991281514114321860010111688.jpg_61718/320x231.webp,https://assets.wilsonsauctions.com///lots_asset-256673%2FGeneralImages-3_17683991342678149837982672502809.jpg_57183/320x231.webp,https://assets.wilsonsauctions.com///lots_asset-256673%2FGeneralImages-4_17683993222554365867140199846830.jpg_74917/320x231.webp,https://assets.wilsonsauctions.com///lots_asset-256673%2FGeneralImages-6_17683993368644217303138975610588.jpg_67741/320x231.webp,https://assets.wilsonsauctions.com///lots_asset-256673%2FGeneralImages-7_17683993442304181057724500952737.jpg_86469/320x231.webp,https://assets.wilsonsauctions.com///lots_asset-256673%2FDamageImages-0_17683994297703299210285854109320.jpg_93740/320x231.webp",,,,Magnetic Grey,Present,"£14,900",,"£13,650",,,,5,,,,,,,Online Auction,No
"Main Agent Car, Commercial and ex-Fire Service Equipment Auction",20,Wilsons Auctions,Ford Puma St-Line X Mhev,FJ73RGX,Ford,Puma St-Line,St-Line X Mhev,2039,Hatchback,Hyb petrol,Manual,Wilsons Auctions Oxford,2025-12-18,14:00,28/09/2023,2023,17199,Correct,Here,,Yes,VAT Qualifying,FORD CREDIT DIRECT,,1.0,,,"https://assets.wilsonsauctions.com///lots_asset-257125%2FGeneralImages-5_1768401390002584874617981724954.jpg_94072/320x231.webp,https://assets.wilsonsauctions.com///lots_asset-257125%2FGeneralImages-0_1768401265087190716610341902891.jpg_134191/320x231.webp,https://assets.wilsonsauctions.com///lots_asset-257125%2FGeneralImages-1_17684012749273904170188717201216.jpg_82193/320x231.webp,https://assets.wilsonsauctions.com///lots_asset-257125%2FGeneralImages-2_1768401367490527576553816404425.jpg_59373/320x231.webp,https://assets.wilsonsauctions.com///lots_asset-257125%2FGeneralImages-3_17684013740877655964170707725983.jpg_69368/320x231.webp,https://assets.wilsonsauctions.com///lots_asset-257125%2FGeneralImages-4_17684013827108066158145013955234.jpg_66735/320x231.webp,https://assets.wilsonsauctions.com///lots_asset-257125%2FGeneralImages-6_17684013963628091581006414839541.jpg_49909/320x231.webp,https://assets.wilsonsauctions.com///lots_asset-257125%2FGeneralImages-7_17684014032851434000829906439805.jpg_95370/320x231.webp,https://assets.wilsonsauctions.com///lots_asset-257125%2FDamageImages-0_17684014928346278473998729825850.jpg_107797/320x231.webp,https://assets.wilsonsauctions.com///lots_asset-257125%2FDamageImages-1_1768401506464564814631269071443.jpg_83888/320x231.webp,https://assets.wilsonsauctions.com///lots_asset-257125%2FDamageImages-2_17684016148328107709924720638851.jpg_36958/320x231.webp,https://assets.wilsonsauctions.com///lots_asset-257125%2FDamageImages-3_17684016612725333496259622598174.jpg_34687/320x231.webp,https://assets.wilsonsauctions.com///lots_asset-257125%2FDamageImages-4_17684016838347295672059124159913.jpg_36112/320x231.webp",,,,Fantastic Red,Present,"£14,300",,"£13,050",,,,5,,,,,,,Online Auction,No
"Main Agent Car, Commercial and ex-Fire Service Equipment Auction",20,Wilsons Auctions,Ford Focus EcoBlue ST-Line Vignale A,FL72XHP,Ford,Focus EcoBlue,EcoBlue ST-Line Vignale A,1009,Estate,Diesel,Automatic,Wilsons Auctions Oxford,2025-12-18,14:00,24/10/2022,2022,58565,Correct,Buyer To Apply,27-11-2026,Yes,Margin,,,1.5,,,"https://assets.wilsonsauctions.com///lots_asset-247405%2FGeneralImages-0_17684839924338815820508313796808.jpg_93232/320x231.webp,https://assets.wilsonsauctions.com///lots_asset-247405%2FGeneralImages-0_17684841921153104990345009264020.jpg_95698/320x231.webp,https://assets.wilsonsauctions.com///lots_asset-247405%2FGeneralImages-1_17684842137706221455465127021177.jpg_74793/320x231.webp,https://assets.wilsonsauctions.com///lots_asset-247405%2FGeneralImages-1_17684840014838092644620179575393.jpg_95460/320x231.webp,https://assets.wilsonsauctions.com///lots_asset-247405%2FGeneralImages-2_17684840274078894836027101920529.jpg_108850/320x231.webp,https://assets.wilsonsauctions.com///lots_asset-247405%2FGeneralImages-3_17684840962835035077040133421319.jpg_90467/320x231.webp,https://assets.wilsonsauctions.com///lots_asset-247405%2FGeneralImages-4_17684841098228314767978641435661.jpg_94899/320x231.webp,https://assets.wilsonsauctions.com///lots_asset-247405%2FGeneralImages-5_17684841188154447471079952270778.jpg_67273/320x231.webp,https://assets.wilsonsauctions.com///lots_asset-247405%2FGeneralImages-6_176848414931873938461564602785.jpg_72490/320x231.webp,https://assets.wilsonsauctions.com///lots_asset-247405%2FGeneralImages-7_17684841681914063642617389584573.jpg_46325/320x231.webp,https://assets.wilsonsauctions.com///lots_asset-247405%2FGeneralImages-8_17684841761504102807407170516451.jpg_71847/320x231.webp,https://assets.wilsonsauctions.com///lots_asset-247405%2FDamageImages-0_17684842846229095470554276819545.jpg_109154/320x231.webp,https://assets.wilsonsauctions.com///lots_asset-247405%2FDamageImages-1_17684843166063650701009754123559.jpg_88894/320x231.webp,https://assets.wilsonsauctions.com///lots_asset-247405%2FDamageImages-2_17684847214138045103481247619087.jpg_58533/320x231.webp",,,,White,Present,"£13,350",,"£12,225",,,,5,,,,,,,Online Auction,No
"Main Agent Car, Commercial and ex-Fire Service Equipment Auction",20,Wilsons Auctions,Volkswagen Caddy Maxi C20 Life TDI,FN72OMF,Volkswagen,Caddy Maxi,Maxi C20 Life TDI,1057,Mpv,Diesel,Manual,Wilsons Auctions Oxford,2025-12-18,14:00,24/11/2022,2022,46070,Correct,Here,23-11-2026,Yes,Margin,,,2.0,,,"https://assets.wilsonsauctions.com///lots_asset-255012%2FGeneralImages-6_17683030815454104290006198816684.jpg_115584/320x231.webp,https://assets.wilsonsauctions.com///lots_asset-255012%2FGeneralImages-0_17683028655519156771552455941397.jpg_84684/320x231.webp,https://assets.wilsonsauctions.com///lots_asset-255012%2FGeneralImages-0_1768302800362232394982253612713.jpg_84973/320x231.webp,https://assets.wilsonsauctions.com///lots_asset-255012%2FGeneralImages-1_17683028283177204157434350753430.jpg_72750/320x231.webp,https://assets.wilsonsauctions.com///lots_asset-255012%2FGeneralImages-2_17683028505646076859470114912709.jpg_88422/320x231.webp,https://assets.wilsonsauctions.com///lots_asset-255012%2FGeneralImages-3_17683028952678317901641742935182.jpg_113295/320x231.webp,https://assets.wilsonsauctions.com///lots_asset-255012%2FGeneralImages-4_17683029132727503433016124043858.jpg_68507/320x231.webp,https://assets.wilsonsauctions.com///lots_asset-255012%2FGeneralImages-5_17683029347327283112650188955313.jpg_66293/320x231.webp,https://assets.wilsonsauctions.com///lots_asset-255012%2FGeneralImages-7_17683031014277981631239226535737.jpg_103283/320x231.webp,https://assets.wilsonsauctions.com///lots_asset-255012%2FDamageImages-0_17683029872544261824087048489752.jpg_55249/320x231.webp,https://assets.wilsonsauctions.com///lots_asset-255012%2FDamageImages-1_17683031369138248420192475474307.jpg_92614/320x231.webp,https://assets.wilsonsauctions.com///lots_asset-255012%2FDamageImages-2_17683031966964476925370540425707.jpg_103745/320x231.webp,https://assets.wilsonsauctions.com///lots_asset-255012%2FDamageImages-3_17683034276756397922522151349133.jpg_82175/320x231.webp",,,,Blue,Present,"£18,300",,"£17,100",,,2,5,,,,,,,Online Auction,No
"Main Agent Car, Commercial and ex-Fire Service Equipment Auction",20,Wilsons Auctions,Vauxhall Mokka Turbo Ultimate Auto,FT73CEK,Vauxhall,Mokka Turbo,Turbo Ultimate Auto,1069,Hatchback,Petrol,Automatic,Wilsons Auctions Oxford,2025-12-18,14:00,15/12/2023,2023,17061,Correct,Here,,Yes,Margin,,,1.2,,,"https://assets.wilsonsauctions.com///lots_asset-256004%2FGeneralImages-6_17683131250677126974890788504402.jpg_89119/320x231.webp,https://assets.wilsonsauctions.com///lots_asset-256004%2FGeneralImages-0_17683129883685239076404806197595.jpg_76311/320x231.webp,https://assets.wilsonsauctions.com///lots_asset-256004%2FGeneralImages-1_17683130082496417500546808208883.jpg_67906/320x231.webp,https://assets.wilsonsauctions.com///lots_asset-256004%2FGeneralImages-2_17683130412172313610056989586517.jpg_105986/320x231.webp,https://assets.wilsonsauctions.com///lots_asset-256004%2FGeneralImages-3_17683130813387228120315907252534.jpg_135655/320x231.webp,https://assets.wilsonsauctions.com///lots_asset-256004%2FGeneralImages-4_17683130959785365718977801170128.jpg_86411/320x231.webp,https://assets.wilsonsauctions.com///lots_asset-256004%2FGeneralImages-5_17683131026781982994169345130186.jpg_59410/320x231.webp,https://assets.wilsonsauctions.com///lots_asset-256004%2FGeneralImages-7_17683131399159047710693368312196.jpg_77644/320x231.webp,https://assets.wilsonsauctions.com///lots_asset-256004%2FDamageImages-0_17683131936968475619103714024867.jpg_83084/320x231.webp,https://assets.wilsonsauctions.com///lots_asset-256004%2FDamageImages-1_17683132500488940241099816609184.jpg_69032/320x231.webp,https://assets.wilsonsauctions.com///lots_asset-256004%2FDamageImages-2_1768313317698693256880542396283.jpg_97804/320x231.webp,https://assets.wilsonsauctions.com///lots_asset-256004%2FDamageImages-3_17683133472144791819296090769363.jpg_77670/320x231.webp",,,,Red,Present,"£14,900",,"£13,600",,,,5,,,,,,,Online Auction,No
"Main Agent Car, Commercial and ex-Fire Service Equipment Auction",20,Wilsons Auctions,Peugeot Traveller BlueHDi 150 Allure Standard,FY18OWW,Peugeot,Traveller BlueHDi,BlueHDi 150 Allure Standard,1040,Mpv,Diesel,Manual,Wilsons Auctions Oxford,2025-12-18,14:00,13/04/2018,2018,85195,Correct,Here,07-03-2026,Yes,Margin,,,2.0,,,"https://assets.wilsonsauctions.com///lots_asset-259701%2FGeneralImages-6_1768819721978671853900298155319.jpg_82442/320x231.webp,https://assets.wilsonsauctions.com///lots_asset-259701%2FGeneralImages-0_1768819556468715591106130776069.jpg_66354/320x231.webp,https://assets.wilsonsauctions.com///lots_asset-259701%2FGeneralImages-1_17688195869544597048914181190375.jpg_55497/320x231.webp,https://assets.wilsonsauctions.com///lots_asset-259701%2FGeneralImages-2_17688195924362228694722299681233.jpg_62956/320x231.webp,https://assets.wilsonsauctions.com///lots_asset-259701%2FGeneralImages-0_17688193285203910048512569042981.jpg_103546/320x231.webp,https://assets.wilsonsauctions.com///lots_asset-259701%2FGeneralImages-1_17688193346637377878234178605731.jpg_105138/320x231.webp,https://assets.wilsonsauctions.com///lots_asset-259701%2FGeneralImages-2_17688195394857184889181354509165.jpg_75372/320x231.webp,https://assets.wilsonsauctions.com///lots_asset-259701%2FGeneralImages-3_17688195462249166302505377434270.jpg_57638/320x231.webp,https://assets.wilsonsauctions.com///lots_asset-259701%2FGeneralImages-4_17688195711596997377519587307991.jpg_72395/320x231.webp,https://assets.wilsonsauctions.com///lots_asset-259701%2FGeneralImages-5_17688195985713584901469715214164.jpg_66514/320x231.webp,https://assets.wilsonsauctions.com///lots_asset-259701%2FGeneralImages-7_17688197287308574559894361850238.jpg_54984/320x231.webp,https://assets.wilsonsauctions.com///lots_asset-259701%2FGeneralImages-8_17688197359676901795243288200216.jpg_88596/320x231.webp,https://assets.wilsonsauctions.com///lots_asset-259701%2FDamageImages-0_17688193507962157483866404606671.jpg_52983/320x231.webp,https://assets.wilsonsauctions.com///lots_asset-259701%2FDamageImages-1_17688193621754542739563295117222.jpg_82573/320x231.webp,https://assets.wilsonsauctions.com///lots_asset-259701%2FDamageImages-2_17688193931823756863184001022887.jpg_74898/320x231.webp,https://assets.wilsonsauctions.com///lots_asset-259701%2FDamageImages-3_17688198256967353873120454605259.jpg_104223/320x231.webp,https://assets.wilsonsauctions.com///lots_asset-259701%2FDamageImages-4_17688198393072785919936476632438.jpg_121652/320x231.webp,https://assets.wilsonsauctions.com///lots_asset-259701%2FDamageImages-5_17688198526664958609747008296043.jpg_82621/320x231.webp,https://assets.wilsonsauctions.com///lots_asset-259701%2FDamageImages-6_17688198832724724149603598747986.jpg_31779/320x231.webp,https://assets.wilsonsauctions.com///lots_asset-259701%2FDamageImages-7_17688199222147810092224091038432.jpg_41483/320x231.webp,https://assets.wilsonsauctions.com///lots_asset-259701%2FDamageImages-8_17688200558238642057422486558002.jpg_70975/320x231.webp,https://assets.wilsonsauctions.com///lots_asset-259701%2FDamageImages-9_1768819966393884144140921704854.jpg_73723/320x231.webp,https://assets.wilsonsauctions.com///lots_asset-259701%2FDamageImages-10_17688199830486532688245786736870.jpg_71706/320x231.webp,https://assets.wilsonsauctions.com///lots_asset-259701%2FDamageImages-11_17688200143442900100737938607737.jpg_40014/320x231.webp,https://assets.wilsonsauctions.com///lots_asset-259701%2FDamageImages-12_1768820111063460166454183095079.jpg_67092/320x231.webp,https://assets.wilsonsauctions.com///lots_asset-259701%2FDamageImages-13_17688201336566162413479802668006.jpg_39444/320x231.webp,https://assets.wilsonsauctions.com///lots_asset-259701%2FDamageImages-14_17688201571971494806313351294543.jpg_55619/320x231.webp",,,,Grey,Present,"£14,350",,"£13,200",,,,5,,,,,,,Online Auction,No
"Main Agent Car, Commercial and ex-Fire Service Equipment Auction",20,Wilsons Auctions,MG ZS T GDi Exclusive Auto,GD72CDN,MG,ZS T,T GDi Exclusive Auto,1019,Hatchback,Petrol,Automatic,Wilsons Auctions Oxford,2025-12-18,14:00,09/01/2023,2023,17876,Correct,Here,04-12-2026,Yes,Margin,,,1.0,,,"https://assets.wilsonsauctions.com///lots_asset-256054%2FGeneralImages-5_17684835602814436612786071294858.jpg_82109/320x231.webp,https://assets.wilsonsauctions.com///lots_asset-256054%2FGeneralImages-0_17684833235177376024587912159488.jpg_78769/320x231.webp,https://assets.wilsonsauctions.com///lots_asset-256054%2FGeneralImages-1_17684833327375889057820661802734.jpg_60520/320x231.webp,https://assets.wilsonsauctions.com///lots_asset-256054%2FGeneralImages-2_17684833404623279920922259849684.jpg_76470/320x231.webp,https://assets.wilsonsauctions.com///lots_asset-256054%2FGeneralImages-3_17684833995798445567514761878418.jpg_78967/320x231.webp,https://assets.wilsonsauctions.com///lots_asset-256054%2FGeneralImages-4_17684834050106422850476469771344.jpg_41480/320x231.webp,https://assets.wilsonsauctions.com///lots_asset-256054%2FGeneralImages-6_17684835663041356278273952190897.jpg_57393/320x231.webp,https://assets.wilsonsauctions.com///lots_asset-256054%2FGeneralImages-7_17684835730232199586589891158929.jpg_97482/320x231.webp,https://assets.wilsonsauctions.com///lots_asset-256054%2FDamageImages-0_17684833648605501507524556474442.jpg_31651/320x231.webp,https://assets.wilsonsauctions.com///lots_asset-256054%2FDamageImages-1_17684836894384777098123168161538.jpg_33712/320x231.webp,https://assets.wilsonsauctions.com///lots_asset-256054%2FDamageImages-2_17684837142478584981924033112941.jpg_58580/320x231.webp,https://assets.wilsonsauctions.com///lots_asset-256054%2FDamageImages-3_17684837462334002235386559661367.jpg_38253/320x231.webp,https://assets.wilsonsauctions.com///lots_asset-256054%2FDamageImages-4_17684837707518211034243305504612.jpg_75359/320x231.webp,https://assets.wilsonsauctions.com///lots_asset-256054%2FDamageImages-5_17684837974806117448332963421496.jpg_67930/320x231.webp,https://assets.wilsonsauctions.com///lots_asset-256054%2FDamageImages-6_1768483838001880805293846880208.jpg_31802/320x231.webp",,,,Red,Present,"£12,300",,"£11,125",,,,5,,,,,,,Online Auction,No
"Main Agent Car, Commercial and ex-Fire Service Equipment Auction",20,Wilsons Auctions,Ford Puma St-Line Mhev,GF73MPO,Ford,Puma St-Line,St-Line Mhev,2047,Hatchback,Hyb petrol,Manual,Wilsons Auctions Oxford,2025-12-18,14:00,30/09/2023,2023,18632,Correct,Here,,Yes,VAT Qualifying,FORD CREDIT DIRECT,,1.0,,,"https://assets.wilsonsauctions.com///lots_asset-248690%2FGeneralImages-5_17678014812712597448328214729496.jpg_88427/320x231.webp,https://assets.wilsonsauctions.com///lots_asset-248690%2FGeneralImages-0_17678013346279176036377458995044.jpg_77153/320x231.webp,https://assets.wilsonsauctions.com///lots_asset-248690%2FGeneralImages-1_1767801347662779533114294385.jpg_82983/320x231.webp,https://assets.wilsonsauctions.com///lots_asset-248690%2FGeneralImages-2_1767801456932745265775999153422.jpg_50452/320x231.webp,https://assets.wilsonsauctions.com///lots_asset-248690%2FGeneralImages-3_1767801463279178661081531699157.jpg_73920/320x231.webp,https://assets.wilsonsauctions.com///lots_asset-248690%2FGeneralImages-4_17678014684097804869343244003567.jpg_75766/320x231.webp,https://assets.wilsonsauctions.com///lots_asset-248690%2FGeneralImages-6_17678014873927362414297910236285.jpg_58633/320x231.webp,https://assets.wilsonsauctions.com///lots_asset-248690%2FGeneralImages-7_1767801498258578464681480493530.jpg_79427/320x231.webp",,,,Grey Matter,Present,"£12,750",,"£11,500",,,,5,,,,,,,Online Auction,No
"Main Agent Car, Commercial and ex-Fire Service Equipment Auction",20,Wilsons Auctions,Ford Puma Titanium Mhev,GF73VKR,Ford,Puma Titanium,Titanium Mhev,2019,Hatchback,Hyb petrol,Manual,Wilsons Auctions Oxford,2025-12-18,14:00,27/10/2023,2023,18479,Correct,Here,,Yes,VAT Qualifying,FORD CREDIT DIRECT,,1.0,,,"https://assets.wilsonsauctions.com///lots_asset-255397%2FGeneralImages-5_17683903534547824785104933885726.jpg_86682/320x231.webp,https://assets.wilsonsauctions.com///lots_asset-255397%2FGeneralImages-0_17683900968959170564779596545852.jpg_104544/320x231.webp,https://assets.wilsonsauctions.com///lots_asset-255397%2FGeneralImages-1_17683901106351216943896818322271.jpg_108228/320x231.webp,https://assets.wilsonsauctions.com///lots_asset-255397%2FGeneralImages-2_1768390233291558738144257357686.jpg_70609/320x231.webp,https://assets.wilsonsauctions.com///lots_asset-255397%2FGeneralImages-3_17683902425331931944272040648138.jpg_60519/320x231.webp,https://assets.wilsonsauctions.com///lots_asset-255397%2FGeneralImages-4_17683902479938021504362473287983.jpg_58675/320x231.webp,https://assets.wilsonsauctions.com///lots_asset-255397%2FGeneralImages-6_17683903620741851070600640273628.jpg_81191/320x231.webp,https://assets.wilsonsauctions.com///lots_asset-255397%2FGeneralImages-7_17683903740534562212993955866952.jpg_87357/320x231.webp",,,,Frozen White,Present,"£12,100",,"£10,925",,,,5,,,,,,,Online Auction,No
"Main Agent Car, Commercial and ex-Fire Service Equipment Auction",20,Wilsons Auctions,Audi Q2 30 TFSI S Line,DF21AYN,Audi,Q2 30,30 TFSI S Line,1018,Estate,Petrol,Manual,Wilsons Auctions Oxford,2025-12-18,14:00,04/03/2021,2021,20076,Correct,Here,02-02-2026,Yes,Margin,,,1.0,,,"https://assets.wilsonsauctions.com///lots_asset-257035%2FGeneralImages-0_1768568437512413481386289777429.jpg_118576/320x231.webp,https://assets.wilsonsauctions.com///lots_asset-257035%2FGeneralImages-0_17685685816701791319351255896630.jpg_77965/320x231.webp,https://assets.wilsonsauctions.com///lots_asset-257035%2FGeneralImages-1_17685685991923487562353317320549.jpg_90044/320x231.webp,https://assets.wilsonsauctions.com///lots_asset-257035%2FGeneralImages-2_1768568606485488093669459266246.jpg_144305/320x231.webp,https://assets.wilsonsauctions.com///lots_asset-257035%2FGeneralImages-1_17685684474131980962391414601586.jpg_82650/320x231.webp,https://assets.wilsonsauctions.com///lots_asset-257035%2FGeneralImages-2_17685684562785833701854847749511.jpg_112750/320x231.webp,https://assets.wilsonsauctions.com///lots_asset-257035%2FGeneralImages-3_17685684683956503113941420567683.jpg_89855/320x231.webp,https://assets.wilsonsauctions.com///lots_asset-257035%2FGeneralImages-4_17685684904793539593927644647836.jpg_83713/320x231.webp,https://assets.wilsonsauctions.com///lots_asset-257035%2FGeneralImages-5_17685685208267651573612925757731.jpg_66366/320x231.webp,https://assets.wilsonsauctions.com///lots_asset-257035%2FGeneralImages-6_17685685421587225518048151101059.jpg_60251/320x231.webp,https://assets.wilsonsauctions.com///lots_asset-257035%2FGeneralImages-7_17685685527601475829164705300478.jpg_61804/320x231.webp,https://assets.wilsonsauctions.com///lots_asset-257035%2FGeneralImages-8_17685685659224633824988283033713.jpg_93118/320x231.webp,https://assets.wilsonsauctions.com///lots_asset-257035%2FDamageImages-0_17685686506462208547534146668046.jpg_92579/320x231.webp,https://assets.wilsonsauctions.com///lots_asset-257035%2FDamageImages-1_17685686766794459491951214588785.jpg_72680/320x231.webp,https://assets.wilsonsauctions.com///lots_asset-257035%2FDamageImages-2_17685687139234496982728639131769.jpg_90009/320x231.webp,https://assets.wilsonsauctions.com///lots_asset-257035%2FDamageImages-3_17685688082738882448796172409339.jpg_78429/320x231.webp,https://assets.wilsonsauctions.com///lots_asset-257035%2FDamageImages-4_1768568842003798331910699732054.jpg_71868/320x231.webp,https://assets.wilsonsauctions.com///lots_asset-257035%2FDamageImages-5_17685689065717099900155729818689.jpg_64258/320x231.webp,https://assets.wilsonsauctions.com///lots_asset-257035%2FDamageImages-6_17685689615722650679272029100959.jpg_55791/320x231.webp,https://assets.wilsonsauctions.com///lots_asset-257035%2FDamageImages-7_1768568990715302989124490447956.jpg_77427/320x231.webp",,,,Black,Present,"£15,650",,"£14,475",,,,,,,,,,,Online Auction,No
"Main Agent Car, Commercial and ex-Fire Service Equipment Auction",20,Wilsons Auctions,Ford Fiesta Stline X Edition T Mhev,GJ72XTX,Ford,Fiesta Stline,Stline X Edition T Mhev,2046,Hatchback,Petrol,Manual,Wilsons Auctions Oxford,2025-12-18,14:00,27/09/2022,2022,26758,Correct,Here,26-09-2026,Yes,VAT Qualifying,FORD CREDIT DIRECT,,1.0,,,"https://assets.wilsonsauctions.com///lots_asset-248678%2FGeneralImages-5_17676222783438429136279932808465.jpg_76310/320x231.webp,https://assets.wilsonsauctions.com///lots_asset-248678%2FGeneralImages-0_17676221160134950446974121221698.jpg_129516/320x231.webp,https://assets.wilsonsauctions.com///lots_asset-248678%2FGeneralImages-1_17676221262184579641267052984427.jpg_85453/320x231.webp,https://assets.wilsonsauctions.com///lots_asset-248678%2FGeneralImages-2_17676222554177629644580767120920.jpg_62986/320x231.webp,https://assets.wilsonsauctions.com///lots_asset-248678%2FGeneralImages-3_17676222628237974203734392587212.jpg_70111/320x231.webp,https://assets.wilsonsauctions.com///lots_asset-248678%2FGeneralImages-4_17676222682583172534411293597354.jpg_84082/320x231.webp,https://assets.wilsonsauctions.com///lots_asset-248678%2FGeneralImages-6_17676223127975859500157397435723.jpg_86470/320x231.webp,https://assets.wilsonsauctions.com///lots_asset-248678%2FGeneralImages-7_17676223200725862879598697410830.jpg_80912/320x231.webp,https://assets.wilsonsauctions.com///lots_asset-248678%2FDamageImages-0_17676222942023339357647702168294.jpg_96452/320x231.webp,https://assets.wilsonsauctions.com///lots_asset-248678%2FDamageImages-1_1767622381323158135591360062367.jpg_80948/320x231.webp,https://assets.wilsonsauctions.com///lots_asset-248678%2FDamageImages-2_17676224012266003914478840563557.jpg_90360/320x231.webp,https://assets.wilsonsauctions.com///lots_asset-248678%2FDamageImages-3_17676224240918225522176129880240.jpg_63698/320x231.webp,https://assets.wilsonsauctions.com///lots_asset-248678%2FDamageImages-4_17676224644661518805729611090671.jpg_92491/320x231.webp,https://assets.wilsonsauctions.com///lots_asset-248678%2FDamageImages-5_17676225063162727337714469538983.jpg_80557/320x231.webp,https://assets.wilsonsauctions.com///lots_asset-248678%2FDamageImages-6_17676225232164865528178378712825.jpg_71825/320x231.webp",,,,Frozen White,Present,"£12,150",,"£11,075",,,2,5,,,,,,,Online Auction,No
"Main Agent Car, Commercial and ex-Fire Service Equipment Auction",20,Wilsons Auctions,Ford Puma St-Line Vignale Mhev,GL73FYK,Ford,Puma St-Line,St-Line Vignale Mhev,2059,Hatchback,Hyb petrol,Manual,Wilsons Auctions Oxford,2025-12-18,14:00,20/10/2023,2023,17675,Correct,Here,,Yes,VAT Qualifying,FORD CREDIT DIRECT,,1.0,,,"https://assets.wilsonsauctions.com///lots_asset-248677%2FGeneralImages-6_17676132081856758560029855794729.jpg_90737/320x231.webp,https://assets.wilsonsauctions.com///lots_asset-248677%2FGeneralImages-0_17676130201211042371758277548987.jpg_133738/320x231.webp,https://assets.wilsonsauctions.com///lots_asset-248677%2FGeneralImages-1_17676130282953566287424758297746.jpg_114853/320x231.webp,https://assets.wilsonsauctions.com///lots_asset-248677%2FGeneralImages-2_17676131416828474177586431537131.jpg_73131/320x231.webp,https://assets.wilsonsauctions.com///lots_asset-248677%2FGeneralImages-3_17676131540846173166752878128636.jpg_77596/320x231.webp,https://assets.wilsonsauctions.com///lots_asset-248677%2FGeneralImages-4_17676131592203666412574411697626.jpg_84709/320x231.webp,https://assets.wilsonsauctions.com///lots_asset-248677%2FGeneralImages-5_17676132032929166845121673496458.jpg_89283/320x231.webp,https://assets.wilsonsauctions.com///lots_asset-248677%2FGeneralImages-7_17676132137549081681539174420168.jpg_52661/320x231.webp,https://assets.wilsonsauctions.com///lots_asset-248677%2FGeneralImages-8_17676132207509091832523527855973.jpg_116569/320x231.webp,https://assets.wilsonsauctions.com///lots_asset-248677%2FDamageImages-0_1767613178988935281224488124202.jpg_62236/320x231.webp,https://assets.wilsonsauctions.com///lots_asset-248677%2FDamageImages-2_17676133314387727669008661591673.jpg_65202/320x231.webp,https://assets.wilsonsauctions.com///lots_asset-248677%2FDamageImages-3_17676134251523607380321559953575.jpg_77618/320x231.webp",,,,White,Present,"£15,275",,"£13,925",,,2,5,,,,,,,Online Auction,No
"Main Agent Car, Commercial and ex-Fire Service Equipment Auction",20,Wilsons Auctions,Vauxhall Combo Life Turbo D Energy XL,GU19FXY,Vauxhall,Combo Life,Life Turbo D Energy XL,1014,Mpv,Diesel,Manual,Wilsons Auctions Oxford,2025-12-18,14:00,29/03/2019,2019,79803,Correct,Here,04-11-2026,Yes,Margin,,,1.5,,,"https://assets.wilsonsauctions.com///lots_asset-246766%2FGeneralImages-0_17685556323095450328861626984598.jpg_104284/320x231.webp,https://assets.wilsonsauctions.com///lots_asset-246766%2FGeneralImages-0_17685557860887822888510692331920.jpg_78376/320x231.webp,https://assets.wilsonsauctions.com///lots_asset-246766%2FGeneralImages-1_17685566471976452817884989302325.jpg_81550/320x231.webp,https://assets.wilsonsauctions.com///lots_asset-246766%2FGeneralImages-1_17685556625521569387325040104591.jpg_102007/320x231.webp,https://assets.wilsonsauctions.com///lots_asset-246766%2FGeneralImages-2_17685556751672945142940228306962.jpg_68643/320x231.webp,https://assets.wilsonsauctions.com///lots_asset-246766%2FGeneralImages-3_17685556888847157497153337930354.jpg_96909/320x231.webp,https://assets.wilsonsauctions.com///lots_asset-246766%2FGeneralImages-4_17685557126642183526820252211588.jpg_98803/320x231.webp,https://assets.wilsonsauctions.com///lots_asset-246766%2FGeneralImages-5_17685557238205721691904142405617.jpg_98579/320x231.webp,https://assets.wilsonsauctions.com///lots_asset-246766%2FGeneralImages-6_17685557368782765713625992468297.jpg_77474/320x231.webp,https://assets.wilsonsauctions.com///lots_asset-246766%2FGeneralImages-7_17685557508971132268688491788108.jpg_55665/320x231.webp,https://assets.wilsonsauctions.com///lots_asset-246766%2FGeneralImages-8_17685557682134441652309347871620.jpg_47638/320x231.webp,https://assets.wilsonsauctions.com///lots_asset-246766%2FDamageImages-0_17685558208542797109585056235744.jpg_87013/320x231.webp,https://assets.wilsonsauctions.com///lots_asset-246766%2FDamageImages-1_17685558653813936045901664179901.jpg_51256/320x231.webp,https://assets.wilsonsauctions.com///lots_asset-246766%2FDamageImages-2_17685559402983045158273236690799.jpg_71165/320x231.webp,https://assets.wilsonsauctions.com///lots_asset-246766%2FDamageImages-3_17685559826303632094074881492407.jpg_56845/320x231.webp,https://assets.wilsonsauctions.com///lots_asset-246766%2FDamageImages-4_17685560107171948589159606965424.jpg_62207/320x231.webp,https://assets.wilsonsauctions.com///lots_asset-246766%2FDamageImages-5_17685560586967059660788733244644.jpg_66297/320x231.webp,https://assets.wilsonsauctions.com///lots_asset-246766%2FDamageImages-6_17685562600263582063588391905011.jpg_64028/320x231.webp,https://assets.wilsonsauctions.com///lots_asset-246766%2FDamageImages-7_17685563340843862671883858058826.jpg_84492/320x231.webp,https://assets.wilsonsauctions.com///lots_asset-246766%2FDamageImages-8_17685563817566287701676859591796.jpg_91314/320x231.webp,https://assets.wilsonsauctions.com///lots_asset-246766%2FDamageImages-9_17685564197882739759002250114157.jpg_89699/320x231.webp,https://assets.wilsonsauctions.com///lots_asset-246766%2FDamageImages-10_17685564600536244106241260682888.jpg_49016/320x231.webp,https://assets.wilsonsauctions.com///lots_asset-246766%2FDamageImages-11_17685565247967101786474366245197.jpg_41382/320x231.webp,https://assets.wilsonsauctions.com///lots_asset-246766%2FDamageImages-12_17685566125308820032195358938814.jpg_72685/320x231.webp",,,,Red,Present,"£8,075",,"£7,050",,,,5,,,,,,,Online Auction,No
"Main Agent Car, Commercial and ex-Fire Service Equipment Auction",20,Wilsons Auctions,Ford Puma St-Line Mhev,GV73HZG,Ford,Puma St-Line,St-Line Mhev,2033,Hatchback,Hyb petrol,Manual,Wilsons Auctions Oxford,2025-12-18,14:00,23/11/2023,2023,7256,Correct,Here,,Yes,VAT Qualifying,FORD CREDIT DIRECT,,1.0,,,"https://assets.wilsonsauctions.com///lots_asset-253505%2FGeneralImages-5_17683898247951416144316169761300.jpg_90861/320x231.webp,https://assets.wilsonsauctions.com///lots_asset-253505%2FGeneralImages-0_17683896815063693924632841156223.jpg_107956/320x231.webp,https://assets.wilsonsauctions.com///lots_asset-253505%2FGeneralImages-1_17683896917121099175806649706935.jpg_102199/320x231.webp,https://assets.wilsonsauctions.com///lots_asset-253505%2FGeneralImages-2_17683898017754820668333321659978.jpg_60374/320x231.webp,https://assets.wilsonsauctions.com///lots_asset-253505%2FGeneralImages-3_17683898096481762704647796631605.jpg_63445/320x231.webp,https://assets.wilsonsauctions.com///lots_asset-253505%2FGeneralImages-4_17683898154031985364709436775256.jpg_69805/320x231.webp,https://assets.wilsonsauctions.com///lots_asset-253505%2FGeneralImages-6_17683898308876877324207030002939.jpg_70174/320x231.webp,https://assets.wilsonsauctions.com///lots_asset-253505%2FGeneralImages-7_17683898398276989922581395087307.jpg_104531/320x231.webp",,,,Grey Matter,Present,"£14,350",,"£13,100",,,,5,,,,,,,Online Auction,No
"Main Agent Car, Commercial and ex-Fire Service Equipment Auction",20,Wilsons Auctions,Ford Focus EcoBoost 125 Active X Edition Auto,GX71JNK,Ford,Focus EcoBoost,EcoBoost 125 Active X Edition Auto,1061,Hatchback,Hyb petrol,Automatic,Wilsons Auctions Oxford,2025-12-18,14:00,05/10/2021,2021,11723,Correct,Buyer To Apply,,Yes,Margin,,,1.0,,,"https://assets.wilsonsauctions.com///lots_asset-258901%2FGeneralImages-0_17688340635567847240174293890579.jpg_112909/320x231.webp,https://assets.wilsonsauctions.com///lots_asset-258901%2FGeneralImages-0_17688342082505935510772501959686.jpg_90044/320x231.webp,https://assets.wilsonsauctions.com///lots_asset-258901%2FGeneralImages-1_17688342429777478455220736036210.jpg_87370/320x231.webp,https://assets.wilsonsauctions.com///lots_asset-258901%2FGeneralImages-2_17688342537615587197699717268407.jpg_101335/320x231.webp,https://assets.wilsonsauctions.com///lots_asset-258901%2FGeneralImages-1_17688340727277890717396564664185.jpg_80209/320x231.webp,https://assets.wilsonsauctions.com///lots_asset-258901%2FGeneralImages-2_17688340852769209887370866517707.jpg_86955/320x231.webp,https://assets.wilsonsauctions.com///lots_asset-258901%2FGeneralImages-3_17688340969375907521618630512677.jpg_85521/320x231.webp,https://assets.wilsonsauctions.com///lots_asset-258901%2FGeneralImages-4_17688341191672905102444842442707.jpg_80780/320x231.webp,https://assets.wilsonsauctions.com///lots_asset-258901%2FGeneralImages-5_17688341288163175795426465807447.jpg_95598/320x231.webp,https://assets.wilsonsauctions.com///lots_asset-258901%2FGeneralImages-6_17688341667989159050109582955773.jpg_90900/320x231.webp,https://assets.wilsonsauctions.com///lots_asset-258901%2FGeneralImages-7_17688341750181348606150239514467.jpg_74331/320x231.webp,https://assets.wilsonsauctions.com///lots_asset-258901%2FGeneralImages-8_17688341857285540272201343146372.jpg_92695/320x231.webp,https://assets.wilsonsauctions.com///lots_asset-258901%2FDamageImages-0_17688343712697118587046331941124.jpg_80288/320x231.webp,https://assets.wilsonsauctions.com///lots_asset-258901%2FDamageImages-1_17688344217995397395676206336732.jpg_80033/320x231.webp,https://assets.wilsonsauctions.com///lots_asset-258901%2FDamageImages-2_17688344584951633502819610234429.jpg_58357/320x231.webp,https://assets.wilsonsauctions.com///lots_asset-258901%2FDamageImages-3_17688344920994417249363377722456.jpg_95553/320x231.webp,https://assets.wilsonsauctions.com///lots_asset-258901%2FDamageImages-4_17688345410467343850020789917320.jpg_119096/320x231.webp,https://assets.wilsonsauctions.com///lots_asset-258901%2FDamageImages-5_17688345783281013914148305317898.jpg_85047/320x231.webp,https://assets.wilsonsauctions.com///lots_asset-258901%2FDamageImages-6_17688346154463930946087120566331.jpg_90543/320x231.webp,https://assets.wilsonsauctions.com///lots_asset-258901%2FDamageImages-7_17688346687852730016776528144628.jpg_53828/320x231.webp",,,,Black,Present,"£13,600",,"£12,525",,,,5,,,,,,,Online Auction,No
"Main Agent Car, Commercial and ex-Fire Service Equipment Auction",20,Wilsons Auctions,Peugeot Traveller BlueHDi 180 Allure Long Auto,GY70UAX,Peugeot,Traveller BlueHDi,BlueHDi 180 Allure Long Auto,1027,Mpv,Diesel,Automatic,Wilsons Auctions Oxford,2025-12-18,14:00,30/10/2020,2020,41013,Correct,Here,,Yes,Margin,,,2.0,,,"https://assets.wilsonsauctions.com///lots_asset-255993%2FGeneralImages-0_17685726340687383172698869343033.jpg_91342/320x231.webp,https://assets.wilsonsauctions.com///lots_asset-255993%2FGeneralImages-0_17685727578933126392146318179107.jpg_82955/320x231.webp,https://assets.wilsonsauctions.com///lots_asset-255993%2FGeneralImages-1_17685727857872881020926416446509.jpg_122375/320x231.webp,https://assets.wilsonsauctions.com///lots_asset-255993%2FGeneralImages-2_17685727939701373758526851528539.jpg_96495/320x231.webp,https://assets.wilsonsauctions.com///lots_asset-255993%2FGeneralImages-3_17685728006394885564791735344104.jpg_94193/320x231.webp,https://assets.wilsonsauctions.com///lots_asset-255993%2FGeneralImages-4_17685740587487360805037659154192.jpg_111339/320x231.webp,https://assets.wilsonsauctions.com///lots_asset-255993%2FGeneralImages-5_17685742415416333219123371823785.jpg_257212/320x231.webp,https://assets.wilsonsauctions.com///lots_asset-255993%2FGeneralImages-6_17685742525566414858194447285295.jpg_208762/320x231.webp,https://assets.wilsonsauctions.com///lots_asset-255993%2FGeneralImages-7_17685742602894645248295532645647.jpg_104604/320x231.webp,https://assets.wilsonsauctions.com///lots_asset-255993%2FGeneralImages-1_1768572647210187580677756200913.jpg_90886/320x231.webp,https://assets.wilsonsauctions.com///lots_asset-255993%2FGeneralImages-2_17685726794551025486587436428664.jpg_76677/320x231.webp,https://assets.wilsonsauctions.com///lots_asset-255993%2FGeneralImages-3_17685726859643643364425818244963.jpg_94902/320x231.webp,https://assets.wilsonsauctions.com///lots_asset-255993%2FGeneralImages-4_17685727011252891665516079691348.jpg_82561/320x231.webp,https://assets.wilsonsauctions.com///lots_asset-255993%2FGeneralImages-5_17685727139213558544770892186318.jpg_85440/320x231.webp,https://assets.wilsonsauctions.com///lots_asset-255993%2FGeneralImages-6_1768572727999941232440698894340.jpg_87624/320x231.webp,https://assets.wilsonsauctions.com///lots_asset-255993%2FGeneralImages-7_17685727341891173293652061740153.jpg_80112/320x231.webp,https://assets.wilsonsauctions.com///lots_asset-255993%2FGeneralImages-8_17685727457723814366813613229214.jpg_56018/320x231.webp,https://assets.wilsonsauctions.com///lots_asset-255993%2FDamageImages-0_1768572894309669853924565436387.jpg_35350/320x231.webp,https://assets.wilsonsauctions.com///lots_asset-255993%2FDamageImages-1_17685729231598373293129885250264.jpg_50917/320x231.webp,https://assets.wilsonsauctions.com///lots_asset-255993%2FDamageImages-2_17685729524383788114911052855996.jpg_37151/320x231.webp,https://assets.wilsonsauctions.com///lots_asset-255993%2FDamageImages-3_1768572979590300662230990196931.jpg_56551/320x231.webp,https://assets.wilsonsauctions.com///lots_asset-255993%2FDamageImages-4_17685730049047433430018014192297.jpg_72041/320x231.webp,https://assets.wilsonsauctions.com///lots_asset-255993%2FDamageImages-5_17685730325868349054175280827567.jpg_72633/320x231.webp,https://assets.wilsonsauctions.com///lots_asset-255993%2FDamageImages-6_17685730722583224343523953147764.jpg_61212/320x231.webp,https://assets.wilsonsauctions.com///lots_asset-255993%2FDamageImages-7_17685731193325810299847853499760.jpg_47413/320x231.webp,https://assets.wilsonsauctions.com///lots_asset-255993%2FDamageImages-8_1768573156872105123695398737146.jpg_42739/320x231.webp,https://assets.wilsonsauctions.com///lots_asset-255993%2FDamageImages-9_17685731925353697283761443139168.jpg_29998/320x231.webp,https://assets.wilsonsauctions.com///lots_asset-255993%2FDamageImages-10_17685732245327789050728389463010.jpg_58752/320x231.webp,https://assets.wilsonsauctions.com///lots_asset-255993%2FDamageImages-11_17685733765169136012821838412649.jpg_54366/320x231.webp,https://assets.wilsonsauctions.com///lots_asset-255993%2FDamageImages-12_17685734064945247235247448582477.jpg_84112/320x231.webp,https://assets.wilsonsauctions.com///lots_asset-255993%2FDamageImages-13_17685734379282342539169610963566.jpg_66019/320x231.webp,https://assets.wilsonsauctions.com///lots_asset-255993%2FDamageImages-14_17685734714828101177248195066600.jpg_74359/320x231.webp,https://assets.wilsonsauctions.com///lots_asset-255993%2FDamageImages-15_17685735004958162455187586489527.jpg_51479/320x231.webp,https://assets.wilsonsauctions.com///lots_asset-255993%2FDamageImages-16_1768573607037375632554693293185.jpg_110647/320x231.webp,https://assets.wilsonsauctions.com///lots_asset-255993%2FDamageImages-17_17685736608262665774596474165864.jpg_90302/320x231.webp,https://assets.wilsonsauctions.com///lots_asset-255993%2FDamageImages-18_17685736891422942373344310969649.jpg_68324/320x231.webp,https://assets.wilsonsauctions.com///lots_asset-255993%2FDamageImages-19_17685737210568227062608236547137.jpg_109786/320x231.webp,https://assets.wilsonsauctions.com///lots_asset-255993%2FDamageImages-20_17685737501202346391276224931195.jpg_120619/320x231.webp",,,,Grey,Present,"£22,200",,"£20,900",,,,5,,,,,,,Online Auction,No
"Main Agent Car, Commercial and ex-Fire Service Equipment Auction",20,Wilsons Auctions,Ford Fiesta Stline X Edition T Mhev,HN73JWC,Ford,Fiesta Stline,Stline X Edition T Mhev,2024,Hatchback,Hyb petrol,Manual,Wilsons Auctions Oxford,2025-12-18,14:00,23/09/2023,2023,17800,Correct,Here,,Yes,VAT Qualifying,FORD CREDIT DIRECT,,1.0,,,"https://assets.wilsonsauctions.com///lots_asset-254790%2FGeneralImages-5_17683127000642306568276151973219.jpg_105217/320x231.webp,https://assets.wilsonsauctions.com///lots_asset-254790%2FGeneralImages-0_17683124376977961783879016221821.jpg_72870/320x231.webp,https://assets.wilsonsauctions.com///lots_asset-254790%2FGeneralImages-1_17683124469656176345756648196597.jpg_88331/320x231.webp,https://assets.wilsonsauctions.com///lots_asset-254790%2FGeneralImages-2_17683125681752629722315145781621.jpg_64728/320x231.webp,https://assets.wilsonsauctions.com///lots_asset-254790%2FGeneralImages-3_17683125746536973002254836754560.jpg_58338/320x231.webp,https://assets.wilsonsauctions.com///lots_asset-254790%2FGeneralImages-4_17683125808593161113071604283075.jpg_77655/320x231.webp,https://assets.wilsonsauctions.com///lots_asset-254790%2FGeneralImages-6_17683127060793464704307597075128.jpg_61668/320x231.webp,https://assets.wilsonsauctions.com///lots_asset-254790%2FGeneralImages-7_17683127132585442633670997311028.jpg_105371/320x231.webp,https://assets.wilsonsauctions.com///lots_asset-254790%2FDamageImages-0_1768312784205222702751035623431.jpg_72744/320x231.webp,https://assets.wilsonsauctions.com///lots_asset-254790%2FDamageImages-1_17683128022543646443837411121122.jpg_83900/320x231.webp,https://assets.wilsonsauctions.com///lots_asset-254790%2FDamageImages-2_17683128424507168684176554270013.jpg_59580/320x231.webp,https://assets.wilsonsauctions.com///lots_asset-254790%2FDamageImages-3_17683128936733721921207659987950.jpg_31879/320x231.webp",,,,Magnetic Grey,Present,"£13,625",,"£12,500",,,,5,,,,,,,Online Auction,No
"Main Agent Car, Commercial and ex-Fire Service Equipment Auction",20,Wilsons Auctions,Vauxhall Corsa Turbo Ultimate,HN73XUD,Vauxhall,Corsa Turbo,Turbo Ultimate,1067,Hatchback,Petrol,Manual,Wilsons Auctions Oxford,2025-12-18,14:00,19/10/2023,2023,7436,Correct,Here,,Yes,Margin,,,1.2,,,"https://assets.wilsonsauctions.com///lots_asset-236562%2FGeneralImages-0_17690089288587358362689261727966.jpg_107624/320x231.webp,https://assets.wilsonsauctions.com///lots_asset-236562%2FGeneralImages-0_17690091047029018478566251032280.jpg_83062/320x231.webp,https://assets.wilsonsauctions.com///lots_asset-236562%2FGeneralImages-1_17690089435957895435226640526847.jpg_110978/320x231.webp,https://assets.wilsonsauctions.com///lots_asset-236562%2FGeneralImages-2_17690089542632321480281045884651.jpg_95163/320x231.webp,https://assets.wilsonsauctions.com///lots_asset-236562%2FGeneralImages-3_17690089688715523794571832943553.jpg_70434/320x231.webp,https://assets.wilsonsauctions.com///lots_asset-236562%2FGeneralImages-4_17690089802689203385607822640929.jpg_89203/320x231.webp,https://assets.wilsonsauctions.com///lots_asset-236562%2FGeneralImages-5_17690089915685092917281907645262.jpg_71535/320x231.webp,https://assets.wilsonsauctions.com///lots_asset-236562%2FGeneralImages-6_17690090379995293381610796507575.jpg_87627/320x231.webp,https://assets.wilsonsauctions.com///lots_asset-236562%2FGeneralImages-7_17690090473484566657027772265491.jpg_60522/320x231.webp,https://assets.wilsonsauctions.com///lots_asset-236562%2FDamageImages-0_17690094196174737959408211253990.jpg_106077/320x231.webp,https://assets.wilsonsauctions.com///lots_asset-236562%2FDamageImages-1_17690094549837514142123329964419.jpg_98120/320x231.webp,https://assets.wilsonsauctions.com///lots_asset-236562%2FDamageImages-2_17690095183292347350750931431718.jpg_81067/320x231.webp,https://assets.wilsonsauctions.com///lots_asset-236562%2FDamageImages-3_17690095752242707822445585331548.jpg_69415/320x231.webp,https://assets.wilsonsauctions.com///lots_asset-236562%2FDamageImages-4_17690096123285997513322207082368.jpg_76003/320x231.webp,https://assets.wilsonsauctions.com///lots_asset-236562%2FDamageImages-5_17690096482301571971690398603950.jpg_47091/320x231.webp,https://assets.wilsonsauctions.com///lots_asset-236562%2FDamageImages-6_17690096980093770677551787072724.jpg_83492/320x231.webp,https://assets.wilsonsauctions.com///lots_asset-236562%2FDamageImages-7_17690097264418453372913495656470.jpg_56730/320x231.webp,https://assets.wilsonsauctions.com///lots_asset-236562%2FDamageImages-8_17690097659628778075011243728845.jpg_58872/320x231.webp,https://assets.wilsonsauctions.com///lots_asset-236562%2FDamageImages-9_17690098226002687857086455841713.jpg_50265/320x231.webp,https://assets.wilsonsauctions.com///lots_asset-236562%2FDamageImages-10_17690098945028859577188093730048.jpg_54017/320x231.webp,https://assets.wilsonsauctions.com///lots_asset-236562%2FDamageImages-11_17690099295532185917494226660377.jpg_92625/320x231.webp",,,,Red,Present,"£12,600",,"£11,475",,,,5,,,,,,,Online Auction,No
"Main Agent Car, Commercial and ex-Fire Service Equipment Auction",20,Wilsons Auctions,MG ZS T GDi Exclusive Auto,K13XEV,MG,ZS T,T GDi Exclusive Auto,1038,Hatchback,Petrol,Automatic,Wilsons Auctions Oxford,2025-12-18,14:00,25/03/2024,2024,6273,Correct,Buyer To Apply,,Yes,Margin,,,1.0,,,"https://assets.wilsonsauctions.com///lots_asset-195522%2FGeneralImages-6_1768818813591993746625525024678.jpg_94544/320x231.webp,https://assets.wilsonsauctions.com///lots_asset-195522%2FGeneralImages-0_17688180701498991401623556657326.jpg_61341/320x231.webp,https://assets.wilsonsauctions.com///lots_asset-195522%2FGeneralImages-1_17688180862237915206708745608018.jpg_69504/320x231.webp,https://assets.wilsonsauctions.com///lots_asset-195522%2FGeneralImages-2_17688181228606783986753227839812.jpg_43642/320x231.webp,https://assets.wilsonsauctions.com///lots_asset-195522%2FGeneralImages-3_17688182615196777926857558380339.jpg_69006/320x231.webp,https://assets.wilsonsauctions.com///lots_asset-195522%2FGeneralImages-4_17688182680236501490788302057170.jpg_57039/320x231.webp,https://assets.wilsonsauctions.com///lots_asset-195522%2FGeneralImages-5_17688188071614697160895696465084.jpg_66112/320x231.webp,https://assets.wilsonsauctions.com///lots_asset-195522%2FGeneralImages-7_17688188234883182428610466558126.jpg_89443/320x231.webp,https://assets.wilsonsauctions.com///lots_asset-195522%2FDamageImages-0_1768818114279296436924254321076.jpg_92485/320x231.webp,https://assets.wilsonsauctions.com///lots_asset-195522%2FDamageImages-1_17688181500481796801353070668349.jpg_46715/320x231.webp,https://assets.wilsonsauctions.com///lots_asset-195522%2FDamageImages-2_17688188954922982693584954422762.jpg_71362/320x231.webp,https://assets.wilsonsauctions.com///lots_asset-195522%2FDamageImages-3_17688189064652283175661244479673.jpg_76329/320x231.webp,https://assets.wilsonsauctions.com///lots_asset-195522%2FDamageImages-4_17688189517718502492457718942975.jpg_53099/320x231.webp,https://assets.wilsonsauctions.com///lots_asset-195522%2FDamageImages-5_17688189637206022489650187484315.jpg_32301/320x231.webp,https://assets.wilsonsauctions.com///lots_asset-195522%2FDamageImages-6_17688189761322512702949961162286.jpg_73137/320x231.webp,https://assets.wilsonsauctions.com///lots_asset-195522%2FDamageImages-7_17688190054384448195547523655714.jpg_59198/320x231.webp,https://assets.wilsonsauctions.com///lots_asset-195522%2FDamageImages-8_17688190191354457748337758912095.jpg_52875/320x231.webp",,,,Silver,Present,"£14,000",,"£12,750",,,,5,,,,,,,Online Auction,No
"Main Agent Car, Commercial and ex-Fire Service Equipment Auction",20,Wilsons Auctions,Ford Puma St-Line Vignale Mhev,KM73AVB,Ford,Puma St-Line,St-Line Vignale Mhev,2006,Hatchback,Hyb petrol,Manual,Wilsons Auctions Oxford,2025-12-18,14:00,20/09/2023,2023,35223,Correct,Here,,No,VAT Qualifying,FORD CREDIT DIRECT,,1.0,,,"https://assets.wilsonsauctions.com///lots_asset-245389%2FGeneralImages-5_17669994872788616683098497459054.jpg_77470/320x231.webp,https://assets.wilsonsauctions.com///lots_asset-245389%2FGeneralImages-0_1766999287045451429781993280351.jpg_74914/320x231.webp,https://assets.wilsonsauctions.com///lots_asset-245389%2FGeneralImages-1_17669992997324593089216513265669.jpg_100332/320x231.webp,https://assets.wilsonsauctions.com///lots_asset-245389%2FGeneralImages-2_17669994560297840059584676884917.jpg_80679/320x231.webp,https://assets.wilsonsauctions.com///lots_asset-245389%2FGeneralImages-3_17669994638293848771651673236334.jpg_92803/320x231.webp,https://assets.wilsonsauctions.com///lots_asset-245389%2FGeneralImages-4_17669994776891276806321551576110.jpg_91562/320x231.webp,https://assets.wilsonsauctions.com///lots_asset-245389%2FGeneralImages-6_17669994964171448970620375029432.jpg_91968/320x231.webp,https://assets.wilsonsauctions.com///lots_asset-245389%2FGeneralImages-7_17669995052754341907873514480408.jpg_101491/320x231.webp,https://assets.wilsonsauctions.com///lots_asset-245389%2FDamageImages-0_17669996018354023271920748199594.jpg_49531/320x231.webp,https://assets.wilsonsauctions.com///lots_asset-245389%2FDamageImages-1_17669996201334255489861827171310.jpg_108214/320x231.webp,https://assets.wilsonsauctions.com///lots_asset-245389%2FDamageImages-2_17669996347331435625136617140339.jpg_90314/320x231.webp,https://assets.wilsonsauctions.com///lots_asset-245389%2FDamageImages-3_17669996944339033429092975069585.jpg_69118/320x231.webp,https://assets.wilsonsauctions.com///lots_asset-245389%2FDamageImages-4_17669997631096839136754544806035.jpg_42088/320x231.webp,https://assets.wilsonsauctions.com///lots_asset-245389%2FDamageImages-5_17669997968793177741151053335844.jpg_43383/320x231.webp",,,,Solar Silver,Present,"£13,275",,"£12,025",,,2,5,,,,,,,Online Auction,No
"Main Agent Car, Commercial and ex-Fire Service Equipment Auction",20,Wilsons Auctions,Ford Puma Titanium Mhev,KM73TCY,Ford,Puma Titanium,Titanium Mhev,2049,Hatchback,Hyb petrol,Manual,Wilsons Auctions Oxford,2025-12-18,14:00,29/09/2023,2023,24921,Correct,Here,,Yes,VAT Qualifying,FORD CREDIT DIRECT,,1.0,,,"https://assets.wilsonsauctions.com///lots_asset-249109%2FGeneralImages-5_1767619966509186629043571639768.jpg_104221/320x231.webp,https://assets.wilsonsauctions.com///lots_asset-249109%2FGeneralImages-0_17676197228738011189981471180049.jpg_114821/320x231.webp,https://assets.wilsonsauctions.com///lots_asset-249109%2FGeneralImages-1_17676197306482070174672942874414.jpg_141186/320x231.webp,https://assets.wilsonsauctions.com///lots_asset-249109%2FGeneralImages-2_17676199425556010995464624715974.jpg_69634/320x231.webp,https://assets.wilsonsauctions.com///lots_asset-249109%2FGeneralImages-3_17676199486404601694287168805152.jpg_83005/320x231.webp,https://assets.wilsonsauctions.com///lots_asset-249109%2FGeneralImages-4_17676199550068622029988702812735.jpg_80578/320x231.webp,https://assets.wilsonsauctions.com///lots_asset-249109%2FGeneralImages-6_17676199720412621978819840780607.jpg_67015/320x231.webp,https://assets.wilsonsauctions.com///lots_asset-249109%2FGeneralImages-7_17676199786763662458541714267774.jpg_116349/320x231.webp,https://assets.wilsonsauctions.com///lots_asset-249109%2FDamageImages-0_17676199193167542366670234839598.jpg_50799/320x231.webp,https://assets.wilsonsauctions.com///lots_asset-249109%2FDamageImages-1_17676200906705912089091072470382.jpg_111482/320x231.webp,https://assets.wilsonsauctions.com///lots_asset-249109%2FDamageImages-2_17676201037831357127130386727489.jpg_95755/320x231.webp,https://assets.wilsonsauctions.com///lots_asset-249109%2FDamageImages-3_17676201220202895214144903703949.jpg_64497/320x231.webp,https://assets.wilsonsauctions.com///lots_asset-249109%2FDamageImages-5_17676202197028604311462493335815.jpg_59461/320x231.webp",,,,Desert Island Blue,Present,"£11,725",,"£10,550",,,2,5,,,,,,,Online Auction,No
"Main Agent Car, Commercial and ex-Fire Service Equipment Auction",20,Wilsons Auctions,Ford Puma St-Line X Mhev,KX73NKL,Ford,Puma St-Line,St-Line X Mhev,2058,Hatchback,Hyb petrol,Manual,Wilsons Auctions Oxford,2025-12-18,14:00,02/09/2023,2023,27439,Correct,Here,,Yes,VAT Qualifying,FORD CREDIT DIRECT,,1.0,,,"https://assets.wilsonsauctions.com///lots_asset-257249%2FGeneralImages-6_1768578278424917227149077100046.jpg_106589/320x231.webp,https://assets.wilsonsauctions.com///lots_asset-257249%2FGeneralImages-0_17685781288721923888636779102735.jpg_52500/320x231.webp,https://assets.wilsonsauctions.com///lots_asset-257249%2FGeneralImages-1_17685781374048986182191910560490.jpg_22608/320x231.webp,https://assets.wilsonsauctions.com///lots_asset-257249%2FGeneralImages-2_17685782530449155559838730758789.jpg_54604/320x231.webp,https://assets.wilsonsauctions.com///lots_asset-257249%2FGeneralImages-3_17685782592072929068781241020598.jpg_70497/320x231.webp,https://assets.wilsonsauctions.com///lots_asset-257249%2FGeneralImages-4_17685782643507772181131651072547.jpg_60206/320x231.webp,https://assets.wilsonsauctions.com///lots_asset-257249%2FGeneralImages-5_17685782733344136235210159580723.jpg_70986/320x231.webp,https://assets.wilsonsauctions.com///lots_asset-257249%2FGeneralImages-7_17685782921161819764805634235284.jpg_56200/320x231.webp,https://assets.wilsonsauctions.com///lots_asset-257249%2FGeneralImages-8_17685782985657762029098224063301.jpg_76950/320x231.webp,https://assets.wilsonsauctions.com///lots_asset-257249%2FDamageImages-0_17685783394395650989136155244812.jpg_29456/320x231.webp,https://assets.wilsonsauctions.com///lots_asset-257249%2FDamageImages-1_17685783704958123413830654450854.jpg_49401/320x231.webp",,,,Frozen White,Present,"£13,575",,"£12,325",,,2,5,,,,,,,Online Auction,No
"Main Agent Car, Commercial and ex-Fire Service Equipment Auction",20,Wilsons Auctions,Ford Mustang Mach-E EXT Range RWD,LJ72NNT,Ford,Mustang Mach-E,Mach-E EXT Range RWD,2041,Hatchback,Electric,Automatic,Wilsons Auctions Oxford,2025-12-18,14:00,23/12/2022,2022,31335,Correct,Here,22-12-2026,Yes,VAT Qualifying,FORD CREDIT DIRECT,,,,,"https://assets.wilsonsauctions.com///lots_asset-254785%2FGeneralImages-5_17683985749398032868169827945316.jpg_79876/320x231.webp,https://assets.wilsonsauctions.com///lots_asset-254785%2FGeneralImages-0_17683982369975237757772565923744.jpg_116564/320x231.webp,https://assets.wilsonsauctions.com///lots_asset-254785%2FGeneralImages-1_17683982478841763195456397549670.jpg_166960/320x231.webp,https://assets.wilsonsauctions.com///lots_asset-254785%2FGeneralImages-2_17683985234405561215035323608598.jpg_84708/320x231.webp,https://assets.wilsonsauctions.com///lots_asset-254785%2FGeneralImages-3_17683985332235782412945368579426.jpg_53267/320x231.webp,https://assets.wilsonsauctions.com///lots_asset-254785%2FGeneralImages-4_17683985671888854674541353382837.jpg_72014/320x231.webp,https://assets.wilsonsauctions.com///lots_asset-254785%2FGeneralImages-6_176839858196886609848426961258.jpg_67588/320x231.webp,https://assets.wilsonsauctions.com///lots_asset-254785%2FGeneralImages-7_17683985911302374373791266369981.jpg_57409/320x231.webp,https://assets.wilsonsauctions.com///lots_asset-254785%2FGeneralImages-8_176839859738542183977425307176.jpg_90377/320x231.webp,https://assets.wilsonsauctions.com///lots_asset-254785%2FDamageImages-0_17683986825353918271327969843053.jpg_44095/320x231.webp,https://assets.wilsonsauctions.com///lots_asset-254785%2FDamageImages-1_17683986945683182961985086517312.jpg_122472/320x231.webp",,,,Iced Blue Silver,Present,"£20,500",,"£19,150",,,,5,,,,,,,Online Auction,No
"Main Agent Car, Commercial and ex-Fire Service Equipment Auction",20,Wilsons Auctions,BMW 320i Sport Auto,LM70RLV,BMW,320i Sport,Sport Auto,1046,Saloon,Petrol,Automatic,Wilsons Auctions Oxford,2025-12-18,14:00,19/02/2021,2021,77353,Correct,Here,18-02-2026,Yes,Margin,,,2.0,,,"https://assets.wilsonsauctions.com///lots_asset-254723%2FGeneralImages-5_17682329837217396207702482506548.jpg_84029/320x231.webp,https://assets.wilsonsauctions.com///lots_asset-254723%2FGeneralImages-0_17682329659268534418147092057793.jpg_81481/320x231.webp,https://assets.wilsonsauctions.com///lots_asset-254723%2FGeneralImages-0_176823279316540324541891422518.jpg_116259/320x231.webp,https://assets.wilsonsauctions.com///lots_asset-254723%2FGeneralImages-1_1768232803729478497186759263327.jpg_129774/320x231.webp,https://assets.wilsonsauctions.com///lots_asset-254723%2FGeneralImages-2_17682329502776063162340530321143.jpg_64738/320x231.webp,https://assets.wilsonsauctions.com///lots_asset-254723%2FGeneralImages-3_17682329594693575512278662821834.jpg_59471/320x231.webp,https://assets.wilsonsauctions.com///lots_asset-254723%2FGeneralImages-4_17682329727607613470439327442006.jpg_75917/320x231.webp,https://assets.wilsonsauctions.com///lots_asset-254723%2FGeneralImages-6_17682329905897987855218823357124.jpg_60756/320x231.webp,https://assets.wilsonsauctions.com///lots_asset-254723%2FGeneralImages-7_1768232998155200032620317171179.jpg_72385/320x231.webp,https://assets.wilsonsauctions.com///lots_asset-254723%2FDamageImages-0_17682330780898744889268787666903.jpg_59610/320x231.webp,https://assets.wilsonsauctions.com///lots_asset-254723%2FDamageImages-1_17682330999218438003097462475977.jpg_57735/320x231.webp,https://assets.wilsonsauctions.com///lots_asset-254723%2FDamageImages-2_17682331142778722141874389918509.jpg_78283/320x231.webp,https://assets.wilsonsauctions.com///lots_asset-254723%2FDamageImages-3_17682331343543921510544780256247.jpg_84462/320x231.webp,https://assets.wilsonsauctions.com///lots_asset-254723%2FDamageImages-4_17682331829811260640457229192201.jpg_67459/320x231.webp,https://assets.wilsonsauctions.com///lots_asset-254723%2FDamageImages-5_17682331985101989726259516856404.jpg_66712/320x231.webp,https://assets.wilsonsauctions.com///lots_asset-254723%2FDamageImages-6_17682332152215951392954525075878.jpg_53359/320x231.webp,https://assets.wilsonsauctions.com///lots_asset-254723%2FDamageImages-7_1768233231468368547516948835730.jpg_60155/320x231.webp,https://assets.wilsonsauctions.com///lots_asset-254723%2FDamageImages-8_17682332510146914445447814350784.jpg_60042/320x231.webp,https://assets.wilsonsauctions.com///lots_asset-254723%2FDamageImages-9_17682332778286865161798111391791.jpg_56452/320x231.webp,https://assets.wilsonsauctions.com///lots_asset-254723%2FDamageImages-10_1768233296636968372529293870797.jpg_93128/320x231.webp,https://assets.wilsonsauctions.com///lots_asset-254723%2FDamageImages-11_17682333247633040566510199541799.jpg_74214/320x231.webp,https://assets.wilsonsauctions.com///lots_asset-254723%2FDamageImages-12_17682333678332977402482595547234.jpg_84102/320x231.webp,https://assets.wilsonsauctions.com///lots_asset-254723%2FDamageImages-13_17682333952023193053270568072331.jpg_64668/320x231.webp,https://assets.wilsonsauctions.com///lots_asset-254723%2FDamageImages-14_1768233411936937491231454424737.jpg_67785/320x231.webp,https://assets.wilsonsauctions.com///lots_asset-254723%2FDamageImages-15_17682334561295713513099028096767.jpg_57168/320x231.webp",,,,Blue,Present,"£14,000",,"£12,825",,,,4,,,,,,,Online Auction,No
"Main Agent Car, Commercial and ex-Fire Service Equipment Auction",20,Wilsons Auctions,Vauxhall Corsa Turbo 130 Ultimate Auto,LO74JPJ,Vauxhall,Corsa Turbo,Turbo 130 Ultimate Auto,1047,Hatchback,Petrol,Automatic,Wilsons Auctions Oxford,2025-12-18,14:00,21/12/2024,2024,28134,Correct,Here,,Yes,Margin,,,1.2,,,"https://assets.wilsonsauctions.com///lots_asset-243867%2FGeneralImages-3_17682976092386168246676223141096.jpg_93687/320x231.webp,https://assets.wilsonsauctions.com///lots_asset-243867%2FGeneralImages-0_17682975644154637112992850910136.jpg_75709/320x231.webp,https://assets.wilsonsauctions.com///lots_asset-243867%2FGeneralImages-1_17682975752197368178432787897946.jpg_89951/320x231.webp,https://assets.wilsonsauctions.com///lots_asset-243867%2FGeneralImages-2_1768297590339437072403281010103.jpg_109757/320x231.webp,https://assets.wilsonsauctions.com///lots_asset-243867%2FGeneralImages-4_17682976375641693712859669611348.jpg_94141/320x231.webp,https://assets.wilsonsauctions.com///lots_asset-243867%2FGeneralImages-5_17682981259093057929122316794708.jpg_76166/320x231.webp,https://assets.wilsonsauctions.com///lots_asset-243867%2FGeneralImages-6_17682981387711198567018757946081.jpg_85469/320x231.webp,https://assets.wilsonsauctions.com///lots_asset-243867%2FDamageImages-0_17682979257841899859718425157435.jpg_61341/320x231.webp,https://assets.wilsonsauctions.com///lots_asset-243867%2FDamageImages-1_17682979537317793023526326864277.jpg_45683/320x231.webp,https://assets.wilsonsauctions.com///lots_asset-243867%2FDamageImages-2_17682979793836363639591511690303.jpg_68579/320x231.webp,https://assets.wilsonsauctions.com///lots_asset-243867%2FDamageImages-3_17682980079116585568236486242137.jpg_93677/320x231.webp,https://assets.wilsonsauctions.com///lots_asset-243867%2FDamageImages-4_17682980430788921852880700308932.jpg_71195/320x231.webp,https://assets.wilsonsauctions.com///lots_asset-243867%2FDamageImages-5_17682980819451908073242659307392.jpg_41575/320x231.webp",,,,Grey,Present,"£14,300",,"£13,125",,,,5,,,,,,,Online Auction,No
"Main Agent Car, Commercial and ex-Fire Service Equipment Auction",20,Wilsons Auctions,Nissan Juke DiG-T N-Connecta S-A,MC25UZM,Nissan,Juke DiG-T,DiG-T N-Connecta S-A,1070,Hatchback,Petrol,Semi Automatic,Wilsons Auctions Oxford,2025-12-18,14:00,30/06/2025,2025,1098,Correct,Here,,No,Margin,,,1.0,,,"https://assets.wilsonsauctions.com///lots_asset-260445%2FGeneralImages-5_17688319376653171683184364106359.jpg_84047/320x231.webp,https://assets.wilsonsauctions.com///lots_asset-260445%2FGeneralImages-0_17688317508513073459017340707160.jpg_61813/320x231.webp,https://assets.wilsonsauctions.com///lots_asset-260445%2FGeneralImages-0_17688313722727502072615100568224.jpg_112867/320x231.webp,https://assets.wilsonsauctions.com///lots_asset-260445%2FGeneralImages-1_17688313865322244315511423870429.jpg_88197/320x231.webp,https://assets.wilsonsauctions.com///lots_asset-260445%2FGeneralImages-2_17688317257778200526338437290512.jpg_63552/320x231.webp,https://assets.wilsonsauctions.com///lots_asset-260445%2FGeneralImages-3_17688317328683332349555297482224.jpg_65605/320x231.webp,https://assets.wilsonsauctions.com///lots_asset-260445%2FGeneralImages-4_17688317384864154598530312160400.jpg_60270/320x231.webp,https://assets.wilsonsauctions.com///lots_asset-260445%2FGeneralImages-6_17688319451142780134360250061071.jpg_76976/320x231.webp,https://assets.wilsonsauctions.com///lots_asset-260445%2FGeneralImages-7_17688319534457746672809638783164.jpg_84764/320x231.webp,https://assets.wilsonsauctions.com///lots_asset-260445%2FDamageImages-0_17688314023072698135792791674104.jpg_121153/320x231.webp,https://assets.wilsonsauctions.com///lots_asset-260445%2FDamageImages-1_17688314293125506812682197028635.jpg_63360/320x231.webp,https://assets.wilsonsauctions.com///lots_asset-260445%2FDamageImages-2_17688320471318222430655049669589.jpg_143619/320x231.webp,https://assets.wilsonsauctions.com///lots_asset-260445%2FDamageImages-3_17688320996616583432715450573359.jpg_79202/320x231.webp,https://assets.wilsonsauctions.com///lots_asset-260445%2FDamageImages-4_17688321223828142041068708093940.jpg_83875/320x231.webp",,,,Grey,Present,"£16,850",,"£15,500",,,,5,,,,,,,Online Auction,No
"Main Agent Car, Commercial and ex-Fire Service Equipment Auction",20,Wilsons Auctions,Citroen E-C4 100kW Shine Plus 50kWh,MJ72HOA,Citroen,E-C4 100kW,100kW Shine Plus 50kWh,1044,Hatchback,Electric,Automatic,Wilsons Auctions Oxford,2025-12-18,14:00,30/11/2022,2022,10265,Correct,Buyer To Apply,17-09-2026,Yes,Margin,,,,,,"https://assets.wilsonsauctions.com///lots_asset-260440%2FGeneralImages-0_1768829072009380645421822286883.jpg_101916/320x231.webp,https://assets.wilsonsauctions.com///lots_asset-260440%2FGeneralImages-0_17688292708676164800474996694489.jpg_68952/320x231.webp,https://assets.wilsonsauctions.com///lots_asset-260440%2FGeneralImages-1_17688292804937053801261199529644.jpg_47276/320x231.webp,https://assets.wilsonsauctions.com///lots_asset-260440%2FGeneralImages-1_17688290921637163983693166637734.jpg_73263/320x231.webp,https://assets.wilsonsauctions.com///lots_asset-260440%2FGeneralImages-2_17688291035171928386864017010251.jpg_80953/320x231.webp,https://assets.wilsonsauctions.com///lots_asset-260440%2FGeneralImages-3_17688291175829085134841935723352.jpg_84136/320x231.webp,https://assets.wilsonsauctions.com///lots_asset-260440%2FGeneralImages-4_1768829135904259873363735346440.jpg_89297/320x231.webp,https://assets.wilsonsauctions.com///lots_asset-260440%2FGeneralImages-5_17688291569332945365890502830724.jpg_97126/320x231.webp,https://assets.wilsonsauctions.com///lots_asset-260440%2FGeneralImages-6_17688291632242111840610906553877.jpg_38322/320x231.webp,https://assets.wilsonsauctions.com///lots_asset-260440%2FGeneralImages-7_17688292240166269631329596807604.jpg_44583/320x231.webp,https://assets.wilsonsauctions.com///lots_asset-260440%2FGeneralImages-8_1768829258116879739915679684300.jpg_70348/320x231.webp,https://assets.wilsonsauctions.com///lots_asset-260440%2FDamageImages-0_17688293299541763621338729678640.jpg_68299/320x231.webp,https://assets.wilsonsauctions.com///lots_asset-260440%2FDamageImages-1_17688293538353294415279180746940.jpg_41112/320x231.webp,https://assets.wilsonsauctions.com///lots_asset-260440%2FDamageImages-2_17688293956796751098060596976479.jpg_124882/320x231.webp,https://assets.wilsonsauctions.com///lots_asset-260440%2FDamageImages-3_17688294312523442933883618690418.jpg_58225/320x231.webp,https://assets.wilsonsauctions.com///lots_asset-260440%2FDamageImages-4_17688294628326474418571520973862.jpg_36204/320x231.webp,https://assets.wilsonsauctions.com///lots_asset-260440%2FDamageImages-5_17688295051803212830549670689338.jpg_33927/320x231.webp,https://assets.wilsonsauctions.com///lots_asset-260440%2FDamageImages-6_17688295367628386078166497475012.jpg_61116/320x231.webp,https://assets.wilsonsauctions.com///lots_asset-260440%2FDamageImages-7_17688295883805689832027890993084.jpg_123834/320x231.webp",,,,Brown,Present,"£12,000",,"£10,875",,,,5,,,,,,,Online Auction,No
"Main Agent Car, Commercial and ex-Fire Service Equipment Auction",20,Wilsons Auctions,Vauxhall Mokka Turbo GS Line Auto,ML72DZP,Vauxhall,Mokka Turbo,Turbo GS Line Auto,1030,Hatchback,Petrol,Automatic,Wilsons Auctions Oxford,2025-12-18,14:00,20/09/2022,2022,10261,Correct,Here,19-09-2026,Yes,Margin,,,1.2,,,"https://assets.wilsonsauctions.com///lots_asset-246972%2FGeneralImages-5_17682054122415761992526941707243.jpg_72083/320x231.webp,https://assets.wilsonsauctions.com///lots_asset-246972%2FGeneralImages-0_17682051525764176048918876469531.jpg_35169/320x231.webp,https://assets.wilsonsauctions.com///lots_asset-246972%2FGeneralImages-1_17682051627248766397895225105494.jpg_44465/320x231.webp,https://assets.wilsonsauctions.com///lots_asset-246972%2FGeneralImages-2_17682052793015364770595992060053.jpg_47940/320x231.webp,https://assets.wilsonsauctions.com///lots_asset-246972%2FGeneralImages-3_17682052872647185809908409148454.jpg_38622/320x231.webp,https://assets.wilsonsauctions.com///lots_asset-246972%2FGeneralImages-4_176820529581925496279230092178.jpg_71847/320x231.webp,https://assets.wilsonsauctions.com///lots_asset-246972%2FGeneralImages-6_17682054210788058387159378646611.jpg_60060/320x231.webp,https://assets.wilsonsauctions.com///lots_asset-246972%2FGeneralImages-7_17682054299926766017096612397298.jpg_87353/320x231.webp,https://assets.wilsonsauctions.com///lots_asset-246972%2FDamageImages-0_17682055222561168631483761443817.jpg_84361/320x231.webp,https://assets.wilsonsauctions.com///lots_asset-246972%2FDamageImages-1_17682055434586645105192284013639.jpg_83319/320x231.webp,https://assets.wilsonsauctions.com///lots_asset-246972%2FDamageImages-2_17682055717781677729336072343209.jpg_90078/320x231.webp,https://assets.wilsonsauctions.com///lots_asset-246972%2FDamageImages-3_17682056108078055240327864741927.jpg_88586/320x231.webp,https://assets.wilsonsauctions.com///lots_asset-246972%2FDamageImages-4_1768205667458142544822167237763.jpg_32266/320x231.webp,https://assets.wilsonsauctions.com///lots_asset-246972%2FDamageImages-5_17682056911094500914230770821997.jpg_26274/320x231.webp,https://assets.wilsonsauctions.com///lots_asset-246972%2FDamageImages-6_17682057179628467290614132219315.jpg_77907/320x231.webp,https://assets.wilsonsauctions.com///lots_asset-246972%2FDamageImages-7_17682057349416610933498624608570.jpg_104482/320x231.webp",,,,Grey,Present,"£13,400",,"£12,150",,,,5,,,,,,,Online Auction,No
"Main Agent Car, Commercial and ex-Fire Service Equipment Auction",20,Wilsons Auctions,KIA Sportage T GDi 157 48V ISG GT-Line,ML74TWW,KIA,Sportage T,T GDi 157 48V ISG GT-Line,1052,Estate,Hyb petrol,Manual,Wilsons Auctions Oxford,2025-12-18,14:00,09/12/2024,2024,10711,Correct,Buyer To Apply,,No,Margin,,,1.6,,,"https://assets.wilsonsauctions.com///lots_asset-260443%2FGeneralImages-0_17688303291954618725254110961538.jpg_98770/320x231.webp,https://assets.wilsonsauctions.com///lots_asset-260443%2FGeneralImages-0_17688304430041480555578214525.jpg_66299/320x231.webp,https://assets.wilsonsauctions.com///lots_asset-260443%2FGeneralImages-1_17688304554244650615121489432348.jpg_77314/320x231.webp,https://assets.wilsonsauctions.com///lots_asset-260443%2FGeneralImages-1_17688303379404055770706600937901.jpg_95333/320x231.webp,https://assets.wilsonsauctions.com///lots_asset-260443%2FGeneralImages-2_17688303481152843157293395009174.jpg_84482/320x231.webp,https://assets.wilsonsauctions.com///lots_asset-260443%2FGeneralImages-3_1768830364304544315069381611225.jpg_101556/320x231.webp,https://assets.wilsonsauctions.com///lots_asset-260443%2FGeneralImages-4_17688303783075038683784934223093.jpg_90343/320x231.webp,https://assets.wilsonsauctions.com///lots_asset-260443%2FGeneralImages-5_17688303851588912450744486046518.jpg_108198/320x231.webp,https://assets.wilsonsauctions.com///lots_asset-260443%2FGeneralImages-6_17688304018891143064992006348809.jpg_71591/320x231.webp,https://assets.wilsonsauctions.com///lots_asset-260443%2FGeneralImages-7_17688304117831837659956359764482.jpg_66022/320x231.webp,https://assets.wilsonsauctions.com///lots_asset-260443%2FGeneralImages-8_17688304264687042252493907934931.jpg_80161/320x231.webp,https://assets.wilsonsauctions.com///lots_asset-260443%2FDamageImages-0_17688305004911809626836370356368.jpg_166222/320x231.webp,https://assets.wilsonsauctions.com///lots_asset-260443%2FDamageImages-1_17688305462065428301450016670912.jpg_84339/320x231.webp,https://assets.wilsonsauctions.com///lots_asset-260443%2FDamageImages-2_17688305875707820125904787973827.jpg_127224/320x231.webp,https://assets.wilsonsauctions.com///lots_asset-260443%2FDamageImages-3_17688307834688174103148108250481.jpg_88288/320x231.webp,https://assets.wilsonsauctions.com///lots_asset-260443%2FDamageImages-4_17688308317815050112076486382015.jpg_134450/320x231.webp,https://assets.wilsonsauctions.com///lots_asset-260443%2FDamageImages-5_17688308681864699840520298541986.jpg_108114/320x231.webp,https://assets.wilsonsauctions.com///lots_asset-260443%2FDamageImages-6_17688309085981827287386484010368.jpg_91310/320x231.webp",,,,Black,Present,"£22,500",,"£21,125",,,,,,,,,,,Online Auction,No
"Main Agent Car, Commercial and ex-Fire Service Equipment Auction",20,Wilsons Auctions,Ford Fiesta St-3 Turbo,MV73BZA,Ford,Fiesta St-3,St-3 Turbo,2053,Hatchback,Petrol,Manual,Wilsons Auctions Oxford,2025-12-18,14:00,23/09/2023,2023,14716,Correct,Here,,Yes,VAT Qualifying,FORD CREDIT DIRECT,,1.5,,,"https://assets.wilsonsauctions.com///lots_asset-255068%2FGeneralImages-5_17683097401878644212316340715388.jpg_79249/320x231.webp,https://assets.wilsonsauctions.com///lots_asset-255068%2FGeneralImages-0_17683094540228639412407267941903.jpg_99949/320x231.webp,https://assets.wilsonsauctions.com///lots_asset-255068%2FGeneralImages-1_1768309462742473080279050905471.jpg_117726/320x231.webp,https://assets.wilsonsauctions.com///lots_asset-255068%2FGeneralImages-2_17683096033672896570935691333084.jpg_71045/320x231.webp,https://assets.wilsonsauctions.com///lots_asset-255068%2FGeneralImages-3_17683096110243961279007076089798.jpg_75451/320x231.webp,https://assets.wilsonsauctions.com///lots_asset-255068%2FGeneralImages-4_17683096182054361651184701456470.jpg_71419/320x231.webp,https://assets.wilsonsauctions.com///lots_asset-255068%2FGeneralImages-6_17683097476141558258729238730570.jpg_63296/320x231.webp,https://assets.wilsonsauctions.com///lots_asset-255068%2FGeneralImages-7_17683097542565819968122588482712.jpg_92655/320x231.webp,https://assets.wilsonsauctions.com///lots_asset-255068%2FDamageImages-0_17683098329252919788180070441528.jpg_75123/320x231.webp,https://assets.wilsonsauctions.com///lots_asset-255068%2FDamageImages-1_17683098515911870191077688303029.jpg_71391/320x231.webp,https://assets.wilsonsauctions.com///lots_asset-255068%2FDamageImages-2_17683098739347935448819627473081.jpg_108916/320x231.webp,https://assets.wilsonsauctions.com///lots_asset-255068%2FDamageImages-3_17683098857181300535336730156202.jpg_32550/320x231.webp,https://assets.wilsonsauctions.com///lots_asset-255068%2FDamageImages-4_17683099278743198087149170875906.jpg_58845/320x231.webp,https://assets.wilsonsauctions.com///lots_asset-255068%2FDamageImages-5_17683099412522761352993761090417.jpg_55731/320x231.webp",,,,White,Present,"£16,300",,"£15,125",,,,5,,,,,,,Online Auction,No
"Main Agent Car, Commercial and ex-Fire Service Equipment Auction",20,Wilsons Auctions,Vauxhall Corsa Turbo 130 Ultimate Auto,NC73OTJ,Vauxhall,Corsa Turbo,Turbo 130 Ultimate Auto,1064,Hatchback,Petrol,Automatic,Wilsons Auctions Oxford,2025-12-18,14:00,21/02/2024,2024,13600,Correct,Here,,Yes,Margin,,,1.2,,,"https://assets.wilsonsauctions.com///lots_asset-258635%2FGeneralImages-5_17689937049247410524236071849120.jpg_99887/320x231.webp,https://assets.wilsonsauctions.com///lots_asset-258635%2FGeneralImages-0_17689933984965306164493522545980.jpg_94160/320x231.webp,https://assets.wilsonsauctions.com///lots_asset-258635%2FGeneralImages-1_1768993425893338241221227957458.jpg_54026/320x231.webp,https://assets.wilsonsauctions.com///lots_asset-258635%2FGeneralImages-2_17689935880903524877977099081805.jpg_67234/320x231.webp,https://assets.wilsonsauctions.com///lots_asset-258635%2FGeneralImages-3_17689935942103865522419576499688.jpg_53474/320x231.webp,https://assets.wilsonsauctions.com///lots_asset-258635%2FGeneralImages-4_17689935991013196625367299401768.jpg_85048/320x231.webp,https://assets.wilsonsauctions.com///lots_asset-258635%2FGeneralImages-6_17689937110141424819749712616369.jpg_71981/320x231.webp,https://assets.wilsonsauctions.com///lots_asset-258635%2FGeneralImages-7_17689937212952324064103191221807.jpg_78733/320x231.webp,https://assets.wilsonsauctions.com///lots_asset-258635%2FDamageImages-0_17689934417763033508962602205503.jpg_91272/320x231.webp,https://assets.wilsonsauctions.com///lots_asset-258635%2FDamageImages-1_17689934590206002122419073751793.jpg_79657/320x231.webp,https://assets.wilsonsauctions.com///lots_asset-258635%2FDamageImages-2_17689934874283156385456167223191.jpg_96481/320x231.webp,https://assets.wilsonsauctions.com///lots_asset-258635%2FDamageImages-3_17689937893626373366896855111575.jpg_67513/320x231.webp,https://assets.wilsonsauctions.com///lots_asset-258635%2FDamageImages-4_17689938038831653424876411314767.jpg_79807/320x231.webp,https://assets.wilsonsauctions.com///lots_asset-258635%2FDamageImages-5_17689938224047905200382960347044.jpg_94329/320x231.webp,https://assets.wilsonsauctions.com///lots_asset-258635%2FDamageImages-6_17689938427788295402709788579172.jpg_98407/320x231.webp,https://assets.wilsonsauctions.com///lots_asset-258635%2FDamageImages-7_17689938658021154970941217208314.jpg_51676/320x231.webp,https://assets.wilsonsauctions.com///lots_asset-258635%2FDamageImages-8_17689938898918346369625916177522.jpg_61890/320x231.webp,https://assets.wilsonsauctions.com///lots_asset-258635%2FDamageImages-9_17689939090398167254566897879031.jpg_75282/320x231.webp,https://assets.wilsonsauctions.com///lots_asset-258635%2FDamageImages-10_17689939346981205519699919825248.jpg_56790/320x231.webp,https://assets.wilsonsauctions.com///lots_asset-258635%2FDamageImages-11_17689939630723009473090764083695.jpg_52571/320x231.webp,https://assets.wilsonsauctions.com///lots_asset-258635%2FDamageImages-12_17689939921143206647387060568288.jpg_54215/320x231.webp,https://assets.wilsonsauctions.com///lots_asset-258635%2FDamageImages-13_17689940172542951879407280684785.jpg_56911/320x231.webp,https://assets.wilsonsauctions.com///lots_asset-258635%2FDamageImages-14_1768994033370198027799319195438.jpg_64129/320x231.webp,https://assets.wilsonsauctions.com///lots_asset-258635%2FDamageImages-15_17689940550316309880787534304784.jpg_61230/320x231.webp,https://assets.wilsonsauctions.com///lots_asset-258635%2FDamageImages-16_17689940858302276514363239931674.jpg_35430/320x231.webp,https://assets.wilsonsauctions.com///lots_asset-258635%2FDamageImages-17_17689941299531630744212921181233.jpg_18306/320x231.webp",,,,Grey,Present,"£14,800",,"£13,700",,,,5,,,,,,,Online Auction,No
"Main Agent Car, Commercial and ex-Fire Service Equipment Auction",20,Wilsons Auctions,Ford Puma St-Line Mhev,NK72VWW,Ford,Puma St-Line,St-Line Mhev,2013,Hatchback,Petrol,Manual,Wilsons Auctions Oxford,2025-12-18,14:00,15/09/2022,2022,15617,Correct,Here,14-09-2026,No,VAT Qualifying,FORD CREDIT DIRECT,,1.0,,,"https://assets.wilsonsauctions.com///lots_asset-249099%2FGeneralImages-5_17676256561065793203111995754003.jpg_101961/320x231.webp,https://assets.wilsonsauctions.com///lots_asset-249099%2FGeneralImages-0_176762551647289657426872746315.jpg_110602/320x231.webp,https://assets.wilsonsauctions.com///lots_asset-249099%2FGeneralImages-1_17676255241704754302283066227945.jpg_106677/320x231.webp,https://assets.wilsonsauctions.com///lots_asset-249099%2FGeneralImages-2_17676256275751473816275825347276.jpg_65317/320x231.webp,https://assets.wilsonsauctions.com///lots_asset-249099%2FGeneralImages-3_17676256340481501447374637191340.jpg_61560/320x231.webp,https://assets.wilsonsauctions.com///lots_asset-249099%2FGeneralImages-4_17676256396184168849482908770738.jpg_84307/320x231.webp,https://assets.wilsonsauctions.com///lots_asset-249099%2FGeneralImages-6_1767625662866411314624786918406.jpg_65021/320x231.webp,https://assets.wilsonsauctions.com///lots_asset-249099%2FGeneralImages-7_17676256703322872646325669375966.jpg_115291/320x231.webp,https://assets.wilsonsauctions.com///lots_asset-249099%2FDamageImages-0_17676257574705669447451036590099.jpg_109415/320x231.webp,https://assets.wilsonsauctions.com///lots_asset-249099%2FDamageImages-1_17676257887496712338652691719323.jpg_41060/320x231.webp,https://assets.wilsonsauctions.com///lots_asset-249099%2FDamageImages-2_17676258096347823395185878328892.jpg_65504/320x231.webp,https://assets.wilsonsauctions.com///lots_asset-249099%2FDamageImages-5_17676258707553335366597508357684.jpg_87386/320x231.webp,https://assets.wilsonsauctions.com///lots_asset-249099%2FDamageImages-6_17676258934646624890180535967355.jpg_89630/320x231.webp",,,,Magnetic Grey,Present,"£12,075",,"£10,900",,,,5,,,,,,,Online Auction,No
"Main Agent Car, Commercial and ex-Fire Service Equipment Auction",20,Wilsons Auctions,MG HS Excite S-A,NU72RDX,MG,HS Excite,Excite S-A,1021,Estate,Petrol,Semi Automatic,Wilsons Auctions Oxford,2025-12-18,14:00,18/11/2022,2022,12844,Correct,Here,,Yes,Margin,,,1.5,,,"https://assets.wilsonsauctions.com///lots_asset-256055%2FGeneralImages-5_17684761968598355863791822735891.jpg_97546/320x231.webp,https://assets.wilsonsauctions.com///lots_asset-256055%2FGeneralImages-0_1768475916947435629119429740470.jpg_109950/320x231.webp,https://assets.wilsonsauctions.com///lots_asset-256055%2FGeneralImages-1_17684759259235339291519733729874.jpg_114282/320x231.webp,https://assets.wilsonsauctions.com///lots_asset-256055%2FGeneralImages-2_17684760486916881558616035717421.jpg_61699/320x231.webp,https://assets.wilsonsauctions.com///lots_asset-256055%2FGeneralImages-3_17684760546934043270275010868738.jpg_64797/320x231.webp,https://assets.wilsonsauctions.com///lots_asset-256055%2FGeneralImages-4_17684760708844517740912644442639.jpg_73123/320x231.webp,https://assets.wilsonsauctions.com///lots_asset-256055%2FGeneralImages-6_17684762225281980496219700131331.jpg_61305/320x231.webp,https://assets.wilsonsauctions.com///lots_asset-256055%2FGeneralImages-7_17684762301467612805594163535804.jpg_110636/320x231.webp,https://assets.wilsonsauctions.com///lots_asset-256055%2FDamageImages-0_17684759821647287740292204280265.jpg_67741/320x231.webp,https://assets.wilsonsauctions.com///lots_asset-256055%2FDamageImages-1_17684763115342471207097698887445.jpg_98926/320x231.webp,https://assets.wilsonsauctions.com///lots_asset-256055%2FDamageImages-2_17684763342591541845967994076082.jpg_127041/320x231.webp,https://assets.wilsonsauctions.com///lots_asset-256055%2FDamageImages-3_17684763462825957593614684374644.jpg_140085/320x231.webp,https://assets.wilsonsauctions.com///lots_asset-256055%2FDamageImages-4_17684763660876476299619641895722.jpg_74314/320x231.webp,https://assets.wilsonsauctions.com///lots_asset-256055%2FDamageImages-5_17684764302872598254398481120123.jpg_83983/320x231.webp,https://assets.wilsonsauctions.com///lots_asset-256055%2FDamageImages-6_17684764518636385498476936914441.jpg_104842/320x231.webp,https://assets.wilsonsauctions.com///lots_asset-256055%2FDamageImages-7_17684764663154684343232795547179.jpg_58172/320x231.webp,https://assets.wilsonsauctions.com///lots_asset-256055%2FDamageImages-8_17684764835969027016878569314078.jpg_92209/320x231.webp,https://assets.wilsonsauctions.com///lots_asset-256055%2FDamageImages-9_1768476508776191726729902116553.jpg_75952/320x231.webp,https://assets.wilsonsauctions.com///lots_asset-256055%2FDamageImages-10_17684765421122693045327978515235.jpg_79992/320x231.webp,https://assets.wilsonsauctions.com///lots_asset-256055%2FDamageImages-11_17685698812165547402363200806041.jpg_132301/320x231.webp",,,,Blue,Present,"£13,700",,"£12,450",,,,,,,,,,,Online Auction,No
"Main Agent Car, Commercial and ex-Fire Service Equipment Auction",20,Wilsons Auctions,Ford Puma St-Line Mhev,NX73JJZ,Ford,Puma St-Line,St-Line Mhev,2036,Hatchback,Hyb petrol,Manual,Wilsons Auctions Oxford,2025-12-18,14:00,20/09/2023,2023,22560,Correct,Here,,Yes,VAT Qualifying,FORD CREDIT DIRECT,,1.0,,,"https://assets.wilsonsauctions.com///lots_asset-245091%2FGeneralImages-0_17664038915397141654039395325382.jpg_111752/320x231.webp,https://assets.wilsonsauctions.com///lots_asset-245091%2FGeneralImages-1_17664039129435852068154075610299.jpg_123384/320x231.webp,https://assets.wilsonsauctions.com///lots_asset-245091%2FGeneralImages-2_17664039203287296604621746843101.jpg_93063/320x231.webp,https://assets.wilsonsauctions.com///lots_asset-245091%2FGeneralImages-3_17664039369283315089993231983465.jpg_81024/320x231.webp,https://assets.wilsonsauctions.com///lots_asset-245091%2FGeneralImages-4_17664039432113880938137462616553.jpg_93338/320x231.webp,https://assets.wilsonsauctions.com///lots_asset-245091%2FGeneralImages-5_1766403965108787261741536284135.jpg_72475/320x231.webp,https://assets.wilsonsauctions.com///lots_asset-245091%2FGeneralImages-6_17664039754566574865084010282184.jpg_86212/320x231.webp,https://assets.wilsonsauctions.com///lots_asset-245091%2FGeneralImages-7_17664039855087209515621746375063.jpg_83043/320x231.webp,https://assets.wilsonsauctions.com///lots_asset-245091%2FDamageImages-0_17664041601904615289588575624894.jpg_85961/320x231.webp,https://assets.wilsonsauctions.com///lots_asset-245091%2FDamageImages-1_17664042243656321860067258726668.jpg_47893/320x231.webp,https://assets.wilsonsauctions.com///lots_asset-245091%2FDamageImages-2_1766404251789593022509510270593.jpg_87785/320x231.webp,https://assets.wilsonsauctions.com///lots_asset-245091%2FDamageImages-3_17664042785074665524691779568315.jpg_63242/320x231.webp,https://assets.wilsonsauctions.com///lots_asset-245091%2FDamageImages-4_17664043651273552260137093925495.jpg_58554/320x231.webp,https://assets.wilsonsauctions.com///lots_asset-245091%2FDamageImages-5_17664044516667842321438897906644.jpg_80809/320x231.webp",,,,Solar Silver,Present,"£12,500",,"£11,250",,,2,5,,,,,,,Online Auction,No
"Main Agent Car, Commercial and ex-Fire Service Equipment Auction",20,Wilsons Auctions,Volvo Xc40 B4P Plus Black Edition A,OV25NUH,Volvo,Xc40 B4P,B4P Plus Black Edition A,1062,Estate,Hyb petrol,Automatic,Wilsons Auctions Oxford,2025-12-18,14:00,27/03/2025,2025,5838,Correct,Here,,No,Margin,,,2.0,,,"https://assets.wilsonsauctions.com///lots_asset-200668%2FGeneralImages-5_17670060512372963174321244926030.jpg_85370/320x231.webp,https://assets.wilsonsauctions.com///lots_asset-200668%2FGeneralImages-0_17670058652694069794609718399345.jpg_146968/320x231.webp,https://assets.wilsonsauctions.com///lots_asset-200668%2FGeneralImages-1_17670058798632156095673061850086.jpg_135818/320x231.webp,https://assets.wilsonsauctions.com///lots_asset-200668%2FGeneralImages-2_1767006025026341684903799516231.jpg_76825/320x231.webp,https://assets.wilsonsauctions.com///lots_asset-200668%2FGeneralImages-3_17670060359264942311533370040349.jpg_59989/320x231.webp,https://assets.wilsonsauctions.com///lots_asset-200668%2FGeneralImages-4_17670060428241739355886966518992.jpg_93415/320x231.webp,https://assets.wilsonsauctions.com///lots_asset-200668%2FGeneralImages-6_17670060580818768288496887161916.jpg_72327/320x231.webp,https://assets.wilsonsauctions.com///lots_asset-200668%2FGeneralImages-7_17670060734755951716916164214276.jpg_82885/320x231.webp,https://assets.wilsonsauctions.com///lots_asset-200668%2FDamageImages-0_17670058978808643950474874555341.jpg_150195/320x231.webp,https://assets.wilsonsauctions.com///lots_asset-200668%2FDamageImages-1_17670061661417323102390296255459.jpg_83978/320x231.webp,https://assets.wilsonsauctions.com///lots_asset-200668%2FDamageImages-2_17670061829051976166503175113037.jpg_93089/320x231.webp,https://assets.wilsonsauctions.com///lots_asset-200668%2FDamageImages-3_17670062140376049836413909988089.jpg_49948/320x231.webp,https://assets.wilsonsauctions.com///lots_asset-200668%2FDamageImages-4_17670062520192022622493671509185.jpg_60942/320x231.webp,https://assets.wilsonsauctions.com///lots_asset-200668%2FDamageImages-5_17670063091861313587064203600554.jpg_64876/320x231.webp",,,,Black,Present,"£29,000",,"£27,700",,,,,,,,,,,Online Auction,No
"Main Agent Car, Commercial and ex-Fire Service Equipment Auction",20,Wilsons Auctions,Ford Puma St-Line X Mhev,OV73HFN,Ford,Puma St-Line,St-Line X Mhev,2028,Hatchback,Hyb petrol,Manual,Wilsons Auctions Oxford,2025-12-18,14:00,12/09/2023,2023,15601,Correct,Here,02-09-2026,Yes,VAT Qualifying,FORD CREDIT DIRECT,,1.0,,,"https://assets.wilsonsauctions.com///lots_asset-248079%2FGeneralImages-3_17677831618643589041927133892475.jpg_128780/320x231.webp,https://assets.wilsonsauctions.com///lots_asset-248079%2FGeneralImages-0_17677831095687035945649481828763.jpg_72118/320x231.webp,https://assets.wilsonsauctions.com///lots_asset-248079%2FGeneralImages-1_17677831250576129370124550325887.jpg_72669/320x231.webp,https://assets.wilsonsauctions.com///lots_asset-248079%2FGeneralImages-2_17677831452268074608827223195192.jpg_85291/320x231.webp,https://assets.wilsonsauctions.com///lots_asset-248079%2FGeneralImages-4_17677831747609054692815293113728.jpg_82163/320x231.webp,https://assets.wilsonsauctions.com///lots_asset-248079%2FGeneralImages-5_17677831970608690578780287535177.jpg_81509/320x231.webp,https://assets.wilsonsauctions.com///lots_asset-248079%2FGeneralImages-6_17677832135596865309691138013946.jpg_109984/320x231.webp,https://assets.wilsonsauctions.com///lots_asset-248079%2FGeneralImages-7_17677832476561944366166613700144.jpg_79759/320x231.webp,https://assets.wilsonsauctions.com///lots_asset-248079%2FGeneralImages-8_17677832616444476182693511732939.jpg_50606/320x231.webp",,,,Grey Matter,Present,"£13,600",,"£12,350",,,,5,,,,,,,Online Auction,No
"Main Agent Car, Commercial and ex-Fire Service Equipment Auction",20,Wilsons Auctions,Ford Puma St-Line X Mhev,OW73BPV,Ford,Puma St-Line,St-Line X Mhev,2011,Hatchback,Hyb petrol,Manual,Wilsons Auctions Oxford,2025-12-18,14:00,29/11/2023,2023,12917,Correct,Here,,No,VAT Qualifying,FORD CREDIT DIRECT,,1.0,,,"https://assets.wilsonsauctions.com///lots_asset-250322%2FGeneralImages-6_17677118576673468949190363896211.jpg_110969/320x231.webp,https://assets.wilsonsauctions.com///lots_asset-250322%2FGeneralImages-0_1767711689237800395290993094436.jpg_63796/320x231.webp,https://assets.wilsonsauctions.com///lots_asset-250322%2FGeneralImages-1_17677117033423033715121834314450.jpg_71120/320x231.webp,https://assets.wilsonsauctions.com///lots_asset-250322%2FGeneralImages-2_17677117865163328199035755774256.jpg_84770/320x231.webp,https://assets.wilsonsauctions.com///lots_asset-250322%2FGeneralImages-3_17677118053737953758930904151364.jpg_90506/320x231.webp,https://assets.wilsonsauctions.com///lots_asset-250322%2FGeneralImages-4_17677118238128402226563012789157.jpg_92249/320x231.webp,https://assets.wilsonsauctions.com///lots_asset-250322%2FGeneralImages-5_17677118396815472899205758827943.jpg_74094/320x231.webp,https://assets.wilsonsauctions.com///lots_asset-250322%2FGeneralImages-7_17677118741293331147153909359530.jpg_67535/320x231.webp",,,,Desert Island Blue,Present,"£13,800",,"£12,550",,,,5,,,,,,,Online Auction,No
"Main Agent Car, Commercial and ex-Fire Service Equipment Auction",20,Wilsons Auctions,Volkswagen T-Roc TSI 115 Match,PF24XYH,Volkswagen,T-Roc TSI,TSI 115 Match,1039,Hatchback,Petrol,Manual,Wilsons Auctions Oxford,2025-12-18,14:00,23/08/2024,2024,2549,Correct,Here,,No,Margin,,,1.0,,,"https://assets.wilsonsauctions.com///lots_asset-260432%2FGeneralImages-2_17688197831867939755144606756686.jpg_77935/320x231.webp,https://assets.wilsonsauctions.com///lots_asset-260432%2FGeneralImages-0_17688199073215608804944738909148.jpg_76966/320x231.webp,https://assets.wilsonsauctions.com///lots_asset-260432%2FGeneralImages-1_17688199322098049757664689924011.jpg_80162/320x231.webp,https://assets.wilsonsauctions.com///lots_asset-260432%2FGeneralImages-0_17688193812306996814595672955452.jpg_126119/320x231.webp,https://assets.wilsonsauctions.com///lots_asset-260432%2FGeneralImages-1_17688193885426167756494101116188.jpg_159729/320x231.webp,https://assets.wilsonsauctions.com///lots_asset-260432%2FGeneralImages-3_17688198019779160746676542596923.jpg_114085/320x231.webp,https://assets.wilsonsauctions.com///lots_asset-260432%2FGeneralImages-4_17688198135435217060540639721500.jpg_77732/320x231.webp,https://assets.wilsonsauctions.com///lots_asset-260432%2FGeneralImages-5_17688198230283530303051688780079.jpg_91101/320x231.webp,https://assets.wilsonsauctions.com///lots_asset-260432%2FGeneralImages-6_17688198475775552030005462370289.jpg_94464/320x231.webp,https://assets.wilsonsauctions.com///lots_asset-260432%2FGeneralImages-7_17688198764297698480877380665943.jpg_50295/320x231.webp,https://assets.wilsonsauctions.com///lots_asset-260432%2FGeneralImages-8_1768819884131719916553738569482.jpg_78006/320x231.webp,https://assets.wilsonsauctions.com///lots_asset-260432%2FDamageImages-0_1768819980429400006359304486415.jpg_43125/320x231.webp,https://assets.wilsonsauctions.com///lots_asset-260432%2FDamageImages-1_17688200456791762965475427310956.jpg_40238/320x231.webp,https://assets.wilsonsauctions.com///lots_asset-260432%2FDamageImages-2_17688200755513298202832197170160.jpg_78902/320x231.webp,https://assets.wilsonsauctions.com///lots_asset-260432%2FDamageImages-3_17688201245947059357087749743346.jpg_84188/320x231.webp,https://assets.wilsonsauctions.com///lots_asset-260432%2FDamageImages-4_17688201824784970568991843458318.jpg_66795/320x231.webp,https://assets.wilsonsauctions.com///lots_asset-260432%2FDamageImages-5_17688202364937194637013366113348.jpg_41632/320x231.webp,https://assets.wilsonsauctions.com///lots_asset-260432%2FDamageImages-6_17688202798604818112366809164180.jpg_52777/320x231.webp,https://assets.wilsonsauctions.com///lots_asset-260432%2FDamageImages-7_17688203226026869891039605047615.jpg_67337/320x231.webp,https://assets.wilsonsauctions.com///lots_asset-260432%2FDamageImages-8_17688203643371938688774607969906.jpg_48002/320x231.webp",,,,Grey,Present,"£18,100",,"£16,800",,,,5,,,,,,,Online Auction,No
"Main Agent Car, Commercial and ex-Fire Service Equipment Auction",20,Wilsons Auctions,Ford Puma ST (Performance Pack),RE73PMU,Ford,Puma ST,ST (Performance Pack),2030,Hatchback,Petrol,Manual,Wilsons Auctions Oxford,2025-12-18,14:00,07/10/2023,2023,13132,Correct,Here,,Yes,VAT Qualifying,FORD CREDIT DIRECT,,1.5,,,"https://assets.wilsonsauctions.com///lots_asset-250308%2FGeneralImages-6_17677146743364626595525293448171.jpg_63633/320x231.webp,https://assets.wilsonsauctions.com///lots_asset-250308%2FGeneralImages-0_17677145025476993378535578361652.jpg_54982/320x231.webp,https://assets.wilsonsauctions.com///lots_asset-250308%2FGeneralImages-1_17677145417362745336097728391953.jpg_85735/320x231.webp,https://assets.wilsonsauctions.com///lots_asset-250308%2FGeneralImages-2_17677146058823744733330399410435.jpg_90492/320x231.webp,https://assets.wilsonsauctions.com///lots_asset-250308%2FGeneralImages-3_17677146187626888289774215646640.jpg_86126/320x231.webp,https://assets.wilsonsauctions.com///lots_asset-250308%2FGeneralImages-4_17677146434838519198586050615072.jpg_68335/320x231.webp,https://assets.wilsonsauctions.com///lots_asset-250308%2FGeneralImages-5_17677146572955364861610144713525.jpg_79344/320x231.webp,https://assets.wilsonsauctions.com///lots_asset-250308%2FGeneralImages-7_17677146923316459881867504684435.jpg_65960/320x231.webp",,,,Fantastic Red,Present,"£16,625",,"£15,275",,,,5,,,,,,,Online Auction,No
"Main Agent Car, Commercial and ex-Fire Service Equipment Auction",20,Wilsons Auctions,Peugeot 2008 PureTech 130 GT Auto,RO72NFK,Peugeot,2008 PureTech,PureTech 130 GT Auto,1010,Hatchback,Petrol,Automatic,Wilsons Auctions Oxford,2025-12-18,14:00,16/11/2022,2022,39415,Correct,Buyer To Apply,,Yes,Margin,,,1.2,,,"https://assets.wilsonsauctions.com///lots_asset-255448%2FGeneralImages-6_17684042235286038792591956370216.jpg_127110/320x231.webp,https://assets.wilsonsauctions.com///lots_asset-255448%2FGeneralImages-0_1768404079767234943597318786004.jpg_59339/320x231.webp,https://assets.wilsonsauctions.com///lots_asset-255448%2FGeneralImages-1_17684040904469064690806742420202.jpg_66050/320x231.webp,https://assets.wilsonsauctions.com///lots_asset-255448%2FGeneralImages-2_17684041600096915229504531978524.jpg_101522/320x231.webp,https://assets.wilsonsauctions.com///lots_asset-255448%2FGeneralImages-3_17684041775791524428554571306374.jpg_83474/320x231.webp,https://assets.wilsonsauctions.com///lots_asset-255448%2FGeneralImages-4_17684041931503152934582889579702.jpg_85964/320x231.webp,https://assets.wilsonsauctions.com///lots_asset-255448%2FGeneralImages-5_17684042004917577158575334914745.jpg_86932/320x231.webp,https://assets.wilsonsauctions.com///lots_asset-255448%2FGeneralImages-7_17684042415721657968407282719755.jpg_76306/320x231.webp,https://assets.wilsonsauctions.com///lots_asset-255448%2FDamageImages-0_17684043754581031770113308611866.jpg_39715/320x231.webp,https://assets.wilsonsauctions.com///lots_asset-255448%2FDamageImages-1_17684044160562404875120486586553.jpg_69552/320x231.webp,https://assets.wilsonsauctions.com///lots_asset-255448%2FDamageImages-2_17684044493394348584422465761247.jpg_63869/320x231.webp,https://assets.wilsonsauctions.com///lots_asset-255448%2FDamageImages-3_17684045640525288542367900893379.jpg_38096/320x231.webp,https://assets.wilsonsauctions.com///lots_asset-255448%2FDamageImages-4_17684046167913675361123289640654.jpg_79231/320x231.webp",,,,Blue,Present,"£12,850",,"£11,550",,,,5,,,,,,,Online Auction,No
"Main Agent Car, Commercial and ex-Fire Service Equipment Auction",20,Wilsons Auctions,Peugeot 208 PureTech 130 GT Auto,RV71ABN,Peugeot,208 PureTech,PureTech 130 GT Auto,1015,Hatchback,Petrol,Automatic,Wilsons Auctions Oxford,2025-12-18,14:00,30/09/2021,2021,2967,Correct,Here,29-09-2026,Yes,Margin,,,1.2,,,"https://assets.wilsonsauctions.com///lots_asset-253770%2FGeneralImages-0_17684951406732850431856950100298.jpg_108700/320x231.webp,https://assets.wilsonsauctions.com///lots_asset-253770%2FGeneralImages-0_17684952386723782890290701895772.jpg_102459/320x231.webp,https://assets.wilsonsauctions.com///lots_asset-253770%2FGeneralImages-1_17684951483471385030842385843653.jpg_67273/320x231.webp,https://assets.wilsonsauctions.com///lots_asset-253770%2FGeneralImages-2_17684951811645536921704447410583.jpg_107958/320x231.webp,https://assets.wilsonsauctions.com///lots_asset-253770%2FGeneralImages-3_17684951906247989014844128172808.jpg_63417/320x231.webp,https://assets.wilsonsauctions.com///lots_asset-253770%2FGeneralImages-4_17684952036985758344573057032808.jpg_96550/320x231.webp,https://assets.wilsonsauctions.com///lots_asset-253770%2FGeneralImages-5_17684952142605428732864439372711.jpg_57487/320x231.webp,https://assets.wilsonsauctions.com///lots_asset-253770%2FGeneralImages-6_17684952288908666713534750363950.jpg_83285/320x231.webp,https://assets.wilsonsauctions.com///lots_asset-253770%2FGeneralImages-7_17684952482061288441511267153515.jpg_69641/320x231.webp,https://assets.wilsonsauctions.com///lots_asset-253770%2FGeneralImages-8_17684952581113079414288792890308.jpg_82878/320x231.webp,https://assets.wilsonsauctions.com///lots_asset-253770%2FDamageImages-0_17684952933751326242677505353172.jpg_91911/320x231.webp,https://assets.wilsonsauctions.com///lots_asset-253770%2FDamageImages-1_17684953287625111082769460042405.jpg_89304/320x231.webp,https://assets.wilsonsauctions.com///lots_asset-253770%2FDamageImages-2_1768495351643224139283273953832.jpg_95272/320x231.webp,https://assets.wilsonsauctions.com///lots_asset-253770%2FDamageImages-3_17684954799618255365422222731720.jpg_97169/320x231.webp,https://assets.wilsonsauctions.com///lots_asset-253770%2FDamageImages-4_17684955118966342590421333117227.jpg_109835/320x231.webp,https://assets.wilsonsauctions.com///lots_asset-253770%2FDamageImages-5_17684955394766868500760705697805.jpg_105169/320x231.webp,https://assets.wilsonsauctions.com///lots_asset-253770%2FDamageImages-6_17684955806932384899844965942131.jpg_69539/320x231.webp",,,,Black,Present,"£14,000",,"£12,925",,,2,5,,,,,,,Online Auction,No
"Main Agent Car, Commercial and ex-Fire Service Equipment Auction",20,Wilsons Auctions,Volkswagen Tiguan TSI 150 R-Line S-A,SB70CXV,Volkswagen,Tiguan TSI,TSI 150 R-Line S-A,1020,Estate,Petrol,Semi Automatic,Wilsons Auctions Oxford,2025-12-18,14:00,19/01/2021,2021,75703,Correct,Here,21-10-2026,Yes,Margin,,,1.5,,,"https://assets.wilsonsauctions.com///lots_asset-247409%2FGeneralImages-0_17684760293536217106783204681977.jpg_88907/320x231.webp,https://assets.wilsonsauctions.com///lots_asset-247409%2FGeneralImages-0_17684761853135247521888433531910.jpg_88423/320x231.webp,https://assets.wilsonsauctions.com///lots_asset-247409%2FGeneralImages-1_17684761971311096287879763741176.jpg_84178/320x231.webp,https://assets.wilsonsauctions.com///lots_asset-247409%2FGeneralImages-1_17684760371626293736786832691215.jpg_90620/320x231.webp,https://assets.wilsonsauctions.com///lots_asset-247409%2FGeneralImages-2_17684760531839106579329200679232.jpg_91066/320x231.webp,https://assets.wilsonsauctions.com///lots_asset-247409%2FGeneralImages-3_17684760650994622736295735899711.jpg_90112/320x231.webp,https://assets.wilsonsauctions.com///lots_asset-247409%2FGeneralImages-4_1768476082983688645418401598848.jpg_100318/320x231.webp,https://assets.wilsonsauctions.com///lots_asset-247409%2FGeneralImages-5_17684760931663488819273994427985.jpg_65145/320x231.webp,https://assets.wilsonsauctions.com///lots_asset-247409%2FGeneralImages-6_17684761430636338500997913913922.jpg_81118/320x231.webp,https://assets.wilsonsauctions.com///lots_asset-247409%2FGeneralImages-7_17684761608031890623079489684220.jpg_40183/320x231.webp,https://assets.wilsonsauctions.com///lots_asset-247409%2FGeneralImages-8_17684761703804129377702603571176.jpg_48661/320x231.webp,https://assets.wilsonsauctions.com///lots_asset-247409%2FDamageImages-0_17684762639851063772435566307667.jpg_87608/320x231.webp,https://assets.wilsonsauctions.com///lots_asset-247409%2FDamageImages-1_17684763082738728650156293085495.jpg_40426/320x231.webp,https://assets.wilsonsauctions.com///lots_asset-247409%2FDamageImages-2_17684763446538945710556306414613.jpg_52732/320x231.webp,https://assets.wilsonsauctions.com///lots_asset-247409%2FDamageImages-3_17684763932314857507060462266605.jpg_59290/320x231.webp,https://assets.wilsonsauctions.com///lots_asset-247409%2FDamageImages-4_17684764265848208190075459886538.jpg_50213/320x231.webp,https://assets.wilsonsauctions.com///lots_asset-247409%2FDamageImages-5_17684764538297707024604663435067.jpg_94375/320x231.webp,https://assets.wilsonsauctions.com///lots_asset-247409%2FDamageImages-6_17684764869143054617248457898164.jpg_113662/320x231.webp,https://assets.wilsonsauctions.com///lots_asset-247409%2FDamageImages-7_17684765183636821196081233335546.jpg_150667/320x231.webp,https://assets.wilsonsauctions.com///lots_asset-247409%2FDamageImages-8_17684765432802363611417808340701.jpg_64170/320x231.webp,https://assets.wilsonsauctions.com///lots_asset-247409%2FDamageImages-9_17684765895463488927870549096305.jpg_97341/320x231.webp,https://assets.wilsonsauctions.com///lots_asset-247409%2FDamageImages-10_17684766212105256433529797223402.jpg_111352/320x231.webp,https://assets.wilsonsauctions.com///lots_asset-247409%2FDamageImages-11_17684766550262743787227745708351.jpg_86772/320x231.webp,https://assets.wilsonsauctions.com///lots_asset-247409%2FDamageImages-12_17684766817091151233737489353825.jpg_109528/320x231.webp,https://assets.wilsonsauctions.com///lots_asset-247409%2FDamageImages-13_17684767131606044177589871480195.jpg_28302/320x231.webp,https://assets.wilsonsauctions.com///lots_asset-247409%2FDamageImages-14_17684767931608095182256053625304.jpg_57227/320x231.webp",,,,White,Present,"£16,300",,"£15,000",,,,5,,,,,,,Online Auction,No
"Main Agent Car, Commercial and ex-Fire Service Equipment Auction",20,Wilsons Auctions,Nissan Juke DiG-T N-Connecta S-A,SJ25HBK,Nissan,Juke DiG-T,DiG-T N-Connecta S-A,1058,Hatchback,Petrol,Semi Automatic,Wilsons Auctions Oxford,2025-12-18,14:00,27/06/2025,2025,5666,Correct,Here,,No,Margin,,,1.0,,,"https://assets.wilsonsauctions.com///lots_asset-254708%2FGeneralImages-5_17682272428776004715143993254245.jpg_84036/320x231.webp,https://assets.wilsonsauctions.com///lots_asset-254708%2FGeneralImages-0_17682270099304893198209253149380.jpg_111155/320x231.webp,https://assets.wilsonsauctions.com///lots_asset-254708%2FGeneralImages-1_17682270234653656800219708658410.jpg_89918/320x231.webp,https://assets.wilsonsauctions.com///lots_asset-254708%2FGeneralImages-2_17682271483377208174793794756187.jpg_87147/320x231.webp,https://assets.wilsonsauctions.com///lots_asset-254708%2FGeneralImages-3_17682271556009034840056081037012.jpg_42984/320x231.webp,https://assets.wilsonsauctions.com///lots_asset-254708%2FGeneralImages-4_17682271623067309796050680677402.jpg_69798/320x231.webp,https://assets.wilsonsauctions.com///lots_asset-254708%2FGeneralImages-6_17682272504412126333619285809793.jpg_68491/320x231.webp,https://assets.wilsonsauctions.com///lots_asset-254708%2FGeneralImages-7_17682272569314193856343710004435.jpg_103623/320x231.webp,https://assets.wilsonsauctions.com///lots_asset-254708%2FDamageImages-0_17682270415415598630510114046726.jpg_116119/320x231.webp,https://assets.wilsonsauctions.com///lots_asset-254708%2FDamageImages-1_1768227319270552280289736482771.jpg_54872/320x231.webp,https://assets.wilsonsauctions.com///lots_asset-254708%2FDamageImages-2_17682273380218059001874939727015.jpg_78452/320x231.webp,https://assets.wilsonsauctions.com///lots_asset-254708%2FDamageImages-3_17682273506128020767001064632110.jpg_68191/320x231.webp,https://assets.wilsonsauctions.com///lots_asset-254708%2FDamageImages-4_1768227366404922207449367542404.jpg_72386/320x231.webp,https://assets.wilsonsauctions.com///lots_asset-254708%2FDamageImages-5_17682273805094350516939718313670.jpg_86750/320x231.webp,https://assets.wilsonsauctions.com///lots_asset-254708%2FDamageImages-6_1768227408763525026366344842227.jpg_91507/320x231.webp,https://assets.wilsonsauctions.com///lots_asset-254708%2FDamageImages-7_17682274227808562577045160329300.jpg_60903/320x231.webp,https://assets.wilsonsauctions.com///lots_asset-254708%2FDamageImages-8_17682274670775270476896296268230.jpg_91019/320x231.webp,https://assets.wilsonsauctions.com///lots_asset-254708%2FDamageImages-9_17682275170408539359315500875044.jpg_71347/320x231.webp",,,,Yellow,Present,"£16,450",,"£15,125",,,,5,,,,,,,Online Auction,No
"Main Agent Car, Commercial and ex-Fire Service Equipment Auction",20,Wilsons Auctions,Hyundai Tucson TGDi SE Connect 2WD,SM72HFY,Hyundai,Tucson TGDi,TGDi SE Connect 2WD,1060,Estate,Petrol,Manual,Wilsons Auctions Oxford,2025-12-18,14:00,29/11/2022,2022,17919,Correct,Buyer To Apply,,Yes,Margin,,,1.6,,,"https://assets.wilsonsauctions.com///lots_asset-258636%2FGeneralImages-0_17688317575965985585866674315416.jpg_125019/320x231.webp,https://assets.wilsonsauctions.com///lots_asset-258636%2FGeneralImages-0_17688319008362084698642357500980.jpg_84013/320x231.webp,https://assets.wilsonsauctions.com///lots_asset-258636%2FGeneralImages-1_17688319166162128429585482186400.jpg_77325/320x231.webp,https://assets.wilsonsauctions.com///lots_asset-258636%2FGeneralImages-1_17688317734721333211887378239256.jpg_108365/320x231.webp,https://assets.wilsonsauctions.com///lots_asset-258636%2FGeneralImages-2_17688317838115361594660199793369.jpg_93410/320x231.webp,https://assets.wilsonsauctions.com///lots_asset-258636%2FGeneralImages-3_17688317952844752593044081736171.jpg_106391/320x231.webp,https://assets.wilsonsauctions.com///lots_asset-258636%2FGeneralImages-4_17688318075937229392329914261275.jpg_91632/320x231.webp,https://assets.wilsonsauctions.com///lots_asset-258636%2FGeneralImages-5_17688318181075738454671021245213.jpg_99664/320x231.webp,https://assets.wilsonsauctions.com///lots_asset-258636%2FGeneralImages-6_17688318410005912155211520767500.jpg_58982/320x231.webp,https://assets.wilsonsauctions.com///lots_asset-258636%2FGeneralImages-7_17688318598568342976733172682346.jpg_65166/320x231.webp,https://assets.wilsonsauctions.com///lots_asset-258636%2FGeneralImages-8_17688318688576758020046157138596.jpg_97980/320x231.webp,https://assets.wilsonsauctions.com///lots_asset-258636%2FDamageImages-0_17688319520602659698505653105898.jpg_91561/320x231.webp,https://assets.wilsonsauctions.com///lots_asset-258636%2FDamageImages-1_17688320179095781990843391452054.jpg_71330/320x231.webp,https://assets.wilsonsauctions.com///lots_asset-258636%2FDamageImages-2_17688320943062811535278670040000.jpg_104335/320x231.webp,https://assets.wilsonsauctions.com///lots_asset-258636%2FDamageImages-3_17688321561025373264209978586149.jpg_76630/320x231.webp",,,,Grey,Present,"£15,550",,"£14,225",,,2,5,,,,,,,Online Auction,No
"Main Agent Car, Commercial and ex-Fire Service Equipment Auction",20,Wilsons Auctions,Vauxhall Grandland Turbo Ultimate,SR73DXG,Vauxhall,Grandland Turbo,Turbo Ultimate,1024,Hatchback,Petrol,Manual,Wilsons Auctions Oxford,2025-12-18,14:00,31/01/2024,2024,30088,Correct,Here,,No,Margin,,,1.2,,,"https://assets.wilsonsauctions.com///lots_asset-247408%2FGeneralImages-4_17684754697195961420690590878500.jpg_85827/320x231.webp,https://assets.wilsonsauctions.com///lots_asset-247408%2FGeneralImages-0_17684750509255227153125691257451.jpg_66027/320x231.webp,https://assets.wilsonsauctions.com///lots_asset-247408%2FGeneralImages-1_17684753268777338801376977192156.jpg_63348/320x231.webp,https://assets.wilsonsauctions.com///lots_asset-247408%2FGeneralImages-2_17684753347957762128280618468005.jpg_62361/320x231.webp,https://assets.wilsonsauctions.com///lots_asset-247408%2FGeneralImages-3_17684753401842385235032630309214.jpg_64549/320x231.webp,https://assets.wilsonsauctions.com///lots_asset-247408%2FGeneralImages-5_17684754766206505628890605549722.jpg_73620/320x231.webp,https://assets.wilsonsauctions.com///lots_asset-247408%2FGeneralImages-6_17684754852997937358795347309643.jpg_88932/320x231.webp,https://assets.wilsonsauctions.com///lots_asset-247408%2FDamageImages-0_17684751454326899312733850718148.jpg_88088/320x231.webp,https://assets.wilsonsauctions.com///lots_asset-247408%2FDamageImages-1_17684753679503627015912268757886.jpg_84903/320x231.webp,https://assets.wilsonsauctions.com///lots_asset-247408%2FDamageImages-2_17684755672154978165612807201994.jpg_63037/320x231.webp,https://assets.wilsonsauctions.com///lots_asset-247408%2FDamageImages-3_17684756205782344228885193237821.jpg_96612/320x231.webp,https://assets.wilsonsauctions.com///lots_asset-247408%2FDamageImages-4_17684756401807708351717104447066.jpg_57061/320x231.webp,https://assets.wilsonsauctions.com///lots_asset-247408%2FDamageImages-5_17684756830336691952701417940669.jpg_51911/320x231.webp,https://assets.wilsonsauctions.com///lots_asset-247408%2FDamageImages-6_17684757057944158371909264507725.jpg_79570/320x231.webp,https://assets.wilsonsauctions.com///lots_asset-247408%2FDamageImages-7_17684757445166022827487409497956.jpg_38973/320x231.webp",,,,White,Present,"£14,200",,"£12,875",,,,5,,,,,,,Online Auction,No
"Main Agent Car, Commercial and ex-Fire Service Equipment Auction",20,Wilsons Auctions,Mazda Cx-30 e-Skyactiv G MHEV [140] Prime-Line,SV25EUO,Mazda,Cx-30 e-Skyactiv,e-Skyactiv G MHEV [140] Prime-Line,1016,Hatchback,Petrol,Manual,Wilsons Auctions Oxford,2025-12-18,14:00,22/08/2025,2025,1287,Correct,Buyer To Apply,,No,Margin,,,2.5,,,"https://assets.wilsonsauctions.com///lots_asset-257046%2FGeneralImages-0_17684907353198393597841154573317.jpg_89390/320x231.webp,https://assets.wilsonsauctions.com///lots_asset-257046%2FGeneralImages-0_17684909177924461177328050416426.jpg_78255/320x231.webp,https://assets.wilsonsauctions.com///lots_asset-257046%2FGeneralImages-1_17684909350146215553359837867638.jpg_79610/320x231.webp,https://assets.wilsonsauctions.com///lots_asset-257046%2FGeneralImages-1_17684907473484601393921028269827.jpg_74770/320x231.webp,https://assets.wilsonsauctions.com///lots_asset-257046%2FGeneralImages-2_1768490758531630420591324581070.jpg_91238/320x231.webp,https://assets.wilsonsauctions.com///lots_asset-257046%2FGeneralImages-3_17684907722637855685677738672026.jpg_92335/320x231.webp,https://assets.wilsonsauctions.com///lots_asset-257046%2FGeneralImages-4_17684908184053960770840907503969.jpg_102364/320x231.webp,https://assets.wilsonsauctions.com///lots_asset-257046%2FGeneralImages-5_17684908318793458154322070938894.jpg_74711/320x231.webp,https://assets.wilsonsauctions.com///lots_asset-257046%2FGeneralImages-6_17684908671264028272897254424984.jpg_80753/320x231.webp,https://assets.wilsonsauctions.com///lots_asset-257046%2FGeneralImages-7_17684908962198186872247241500.jpg_39240/320x231.webp,https://assets.wilsonsauctions.com///lots_asset-257046%2FGeneralImages-8_176849090394357881168121575119.jpg_52353/320x231.webp,https://assets.wilsonsauctions.com///lots_asset-257046%2FDamageImages-0_17684909681856615088165919485557.jpg_47003/320x231.webp,https://assets.wilsonsauctions.com///lots_asset-257046%2FDamageImages-1_17684909954189127105933861610591.jpg_38957/320x231.webp,https://assets.wilsonsauctions.com///lots_asset-257046%2FDamageImages-2_17684910287771622092026266328088.jpg_74739/320x231.webp,https://assets.wilsonsauctions.com///lots_asset-257046%2FDamageImages-3_17684910574788975795777909356952.jpg_86431/320x231.webp,https://assets.wilsonsauctions.com///lots_asset-257046%2FDamageImages-4_17684912810971453232109893083710.jpg_58779/320x231.webp",,,,White,Present,"£16,650",,"£15,275",,,,5,,,,,,,Online Auction,No
"Main Agent Car, Commercial and ex-Fire Service Equipment Auction",20,Wilsons Auctions,Audi Q2 35 TFSI S Line S-A,TU22RNS,Audi,Q2 35,35 TFSI S Line S-A,1073,Estate,Petrol,Semi Automatic,Wilsons Auctions Oxford,2025-12-18,14:00,02/09/2022,2022,37945,Correct,To follow,,Yes,Margin,,,1.5,,,"https://assets.wilsonsauctions.com///lots_asset-234283%2FGeneralImages-0_17689248996223351731791814226335.jpg_111895/320x231.webp,https://assets.wilsonsauctions.com///lots_asset-234283%2FGeneralImages-1_1768924911600309103260907012106.jpg_86394/320x231.webp,https://assets.wilsonsauctions.com///lots_asset-234283%2FGeneralImages-2_17689249212454040072885426773353.jpg_89973/320x231.webp,https://assets.wilsonsauctions.com///lots_asset-234283%2FGeneralImages-3_17689249329462403105588533621713.jpg_94684/320x231.webp,https://assets.wilsonsauctions.com///lots_asset-234283%2FGeneralImages-4_17689249511611859487716210707676.jpg_88058/320x231.webp,https://assets.wilsonsauctions.com///lots_asset-234283%2FGeneralImages-5_17689249601488977884450333382740.jpg_88111/320x231.webp,https://assets.wilsonsauctions.com///lots_asset-234283%2FGeneralImages-6_17689249818162828499423997051029.jpg_91438/320x231.webp,https://assets.wilsonsauctions.com///lots_asset-234283%2FGeneralImages-7_176892499471222427003172880750.jpg_62081/320x231.webp,https://assets.wilsonsauctions.com///lots_asset-234283%2FDamageImages-0_1768925053552650429812628708625.jpg_77376/320x231.webp,https://assets.wilsonsauctions.com///lots_asset-234283%2FDamageImages-1_17689250799856592753034909315285.jpg_70720/320x231.webp,https://assets.wilsonsauctions.com///lots_asset-234283%2FDamageImages-2_17689251092028693559367327225914.jpg_82232/320x231.webp,https://assets.wilsonsauctions.com///lots_asset-234283%2FDamageImages-3_17689251525658875217571398826838.jpg_64659/320x231.webp,https://assets.wilsonsauctions.com///lots_asset-234283%2FDamageImages-4_17689251893335378121914873841752.jpg_74007/320x231.webp,https://assets.wilsonsauctions.com///lots_asset-234283%2FDamageImages-5_17689252236932869938720366140216.jpg_63098/320x231.webp,https://assets.wilsonsauctions.com///lots_asset-234283%2FDamageImages-6_17689252614665131686832066637044.jpg_43424/320x231.webp,https://assets.wilsonsauctions.com///lots_asset-234283%2FDamageImages-7_17689253066287478946625217181159.jpg_55254/320x231.webp,https://assets.wilsonsauctions.com///lots_asset-234283%2FDamageImages-8_17689253410961521025822833335896.jpg_108663/320x231.webp,https://assets.wilsonsauctions.com///lots_asset-234283%2FDamageImages-9_17689253822637263933588555222926.jpg_54286/320x231.webp,https://assets.wilsonsauctions.com///lots_asset-234283%2FDamageImages-10_17689254283401737622942359969480.jpg_88635/320x231.webp",,,,Black,Present,"£18,050",,"£16,850",,,,,,,,,,,Online Auction,No
"Main Agent Car, Commercial and ex-Fire Service Equipment Auction",20,Wilsons Auctions,BMW X1 xDrive 20i xLine Auto,VO21MZX,BMW,X1 xDrive,xDrive 20i xLine Auto,1056,Estate,Petrol,Automatic,Wilsons Auctions Oxford,2025-12-18,14:00,31/03/2021,2021,100662,Correct,To follow,,Yes,Margin,,,2.0,,,"https://assets.wilsonsauctions.com///lots_asset-261270%2FGeneralImages-3_17690063048722967649174034463214.jpg_123840/320x231.webp,https://assets.wilsonsauctions.com///lots_asset-261270%2FGeneralImages-0_17690063861145100433827062094843.jpg_87644/320x231.webp,https://assets.wilsonsauctions.com///lots_asset-261270%2FGeneralImages-0_17690062680353247573619319238706.jpg_59380/320x231.webp,https://assets.wilsonsauctions.com///lots_asset-261270%2FGeneralImages-1_17690062826466626541243447963814.jpg_83725/320x231.webp,https://assets.wilsonsauctions.com///lots_asset-261270%2FGeneralImages-2_17690062899715705008810362695867.jpg_56187/320x231.webp,https://assets.wilsonsauctions.com///lots_asset-261270%2FGeneralImages-4_17690063278201886019224256756006.jpg_112127/320x231.webp,https://assets.wilsonsauctions.com///lots_asset-261270%2FGeneralImages-5_1769006339871530719636064067261.jpg_105369/320x231.webp,https://assets.wilsonsauctions.com///lots_asset-261270%2FGeneralImages-6_17690063534226036624460552272508.jpg_100656/320x231.webp,https://assets.wilsonsauctions.com///lots_asset-261270%2FGeneralImages-7_1769006374337998632958314814640.jpg_104770/320x231.webp,https://assets.wilsonsauctions.com///lots_asset-261270%2FDamageImages-0_17690067183937404780542200453916.jpg_53512/320x231.webp,https://assets.wilsonsauctions.com///lots_asset-261270%2FDamageImages-1_17690067523804321267276835806805.jpg_47138/320x231.webp,https://assets.wilsonsauctions.com///lots_asset-261270%2FDamageImages-2_17690067942656575674616417593119.jpg_142110/320x231.webp,https://assets.wilsonsauctions.com///lots_asset-261270%2FDamageImages-3_17690068369248739223453000870303.jpg_83399/320x231.webp,https://assets.wilsonsauctions.com///lots_asset-261270%2FDamageImages-4_17690068649434831515942039014788.jpg_74298/320x231.webp,https://assets.wilsonsauctions.com///lots_asset-261270%2FDamageImages-5_17690069175046851582026618810823.jpg_82483/320x231.webp,https://assets.wilsonsauctions.com///lots_asset-261270%2FDamageImages-6_17690069607433447371864481112689.jpg_83356/320x231.webp,https://assets.wilsonsauctions.com///lots_asset-261270%2FDamageImages-7_17690069981657951794059333397227.jpg_105964/320x231.webp,https://assets.wilsonsauctions.com///lots_asset-261270%2FDamageImages-8_17690070355633065161974804117310.jpg_87162/320x231.webp,https://assets.wilsonsauctions.com///lots_asset-261270%2FDamageImages-9_17690070602292106900288829123874.jpg_81157/320x231.webp,https://assets.wilsonsauctions.com///lots_asset-261270%2FDamageImages-10_17690071075471005752891757511100.jpg_84826/320x231.webp,https://assets.wilsonsauctions.com///lots_asset-261270%2FDamageImages-11_17690071419376099819213773755808.jpg_96208/320x231.webp,https://assets.wilsonsauctions.com///lots_asset-261270%2FDamageImages-12_17690071909507299279843588731278.jpg_60628/320x231.webp",,,,Black,Present,"£12,300",,"£11,125",,,,,,,,,,,Online Auction,No
"Main Agent Car, Commercial and ex-Fire Service Equipment Auction",20,Wilsons Auctions,Ford Puma ST Mhev Auto,VO73MTZ,Ford,Puma ST,ST Mhev Auto,2004,Hatchback,Hyb petrol,Automatic,Wilsons Auctions Oxford,2025-12-18,14:00,25/09/2023,2023,19441,Correct,Here,,Yes,VAT Qualifying,FORD CREDIT DIRECT,,1.0,,,"https://assets.wilsonsauctions.com///lots_asset-246503%2FGeneralImages-5_17670009283565996952220513781825.jpg_68898/320x231.webp,https://assets.wilsonsauctions.com///lots_asset-246503%2FGeneralImages-0_17670007308378375283150875764483.jpg_105009/320x231.webp,https://assets.wilsonsauctions.com///lots_asset-246503%2FGeneralImages-1_17670007378453924255726493561591.jpg_98023/320x231.webp,https://assets.wilsonsauctions.com///lots_asset-246503%2FGeneralImages-2_17670008942497212673500080261224.jpg_72266/320x231.webp,https://assets.wilsonsauctions.com///lots_asset-246503%2FGeneralImages-3_17670009054457535236257634163716.jpg_72864/320x231.webp,https://assets.wilsonsauctions.com///lots_asset-246503%2FGeneralImages-4_17670009154387605348942811194568.jpg_94645/320x231.webp,https://assets.wilsonsauctions.com///lots_asset-246503%2FGeneralImages-6_17670009360481957008246117840450.jpg_73561/320x231.webp,https://assets.wilsonsauctions.com///lots_asset-246503%2FGeneralImages-7_17670009441442344801657509484399.jpg_109387/320x231.webp,https://assets.wilsonsauctions.com///lots_asset-246503%2FDamageImages-0_17670010206605310498890177272514.jpg_62464/320x231.webp,https://assets.wilsonsauctions.com///lots_asset-246503%2FDamageImages-1_17670010437481242429981856806252.jpg_72884/320x231.webp,https://assets.wilsonsauctions.com///lots_asset-246503%2FDamageImages-2_17670010783259215014739744254146.jpg_111282/320x231.webp,https://assets.wilsonsauctions.com///lots_asset-246503%2FDamageImages-3_17670011012402559272798151553950.jpg_69065/320x231.webp,https://assets.wilsonsauctions.com///lots_asset-246503%2FDamageImages-4_17670011542049178235612513271451.jpg_94868/320x231.webp,https://assets.wilsonsauctions.com///lots_asset-246503%2FDamageImages-5_17670011887155135589303246108464.jpg_108350/320x231.webp,https://assets.wilsonsauctions.com///lots_asset-246503%2FDamageImages-6_17670012238735441296424981084830.jpg_70656/320x231.webp",,,,Azura Blue,Present,"£17,750",,"£16,400",,,2,5,,,,,,,Online Auction,No
"Main Agent Car, Commercial and ex-Fire Service Equipment Auction",20,Wilsons Auctions,Ford Puma St-Line X Mhev,VO73NNU,Ford,Puma St-Line,St-Line X Mhev,2021,Hatchback,Hyb petrol,Manual,Wilsons Auctions Oxford,2025-12-18,14:00,22/09/2023,2023,33407,Correct,Here,,No,VAT Qualifying,FORD CREDIT DIRECT,,1.0,,,"https://assets.wilsonsauctions.com///lots_asset-249880%2FGeneralImages-5_17678679687334247063731958278846.jpg_84762/320x231.webp,https://assets.wilsonsauctions.com///lots_asset-249880%2FGeneralImages-0_17678681609751635989487217240105.jpg_65865/320x231.webp,https://assets.wilsonsauctions.com///lots_asset-249880%2FGeneralImages-0_17678678345865019083018990268005.jpg_108107/320x231.webp,https://assets.wilsonsauctions.com///lots_asset-249880%2FGeneralImages-1_17678678459707867166969356994696.jpg_83609/320x231.webp,https://assets.wilsonsauctions.com///lots_asset-249880%2FGeneralImages-2_17678679461445193026474834832092.jpg_51779/320x231.webp,https://assets.wilsonsauctions.com///lots_asset-249880%2FGeneralImages-3_17678679534167262951209523051948.jpg_54351/320x231.webp,https://assets.wilsonsauctions.com///lots_asset-249880%2FGeneralImages-4_17678679603794406801712115795865.jpg_65266/320x231.webp,https://assets.wilsonsauctions.com///lots_asset-249880%2FGeneralImages-6_17678679750894908969227681915318.jpg_55838/320x231.webp,https://assets.wilsonsauctions.com///lots_asset-249880%2FGeneralImages-7_17678679812594397738239588178053.jpg_92806/320x231.webp,https://assets.wilsonsauctions.com///lots_asset-249880%2FDamageImages-0_17678680571358491821016536655505.jpg_59274/320x231.webp,https://assets.wilsonsauctions.com///lots_asset-249880%2FDamageImages-1_17678680725182897446528768761749.jpg_42076/320x231.webp,https://assets.wilsonsauctions.com///lots_asset-249880%2FDamageImages-2_17678680975678961014875971635853.jpg_97204/320x231.webp,https://assets.wilsonsauctions.com///lots_asset-249880%2FDamageImages-3_17678681246858788630341677874859.jpg_49767/320x231.webp,https://assets.wilsonsauctions.com///lots_asset-249880%2FDamageImages-4_17678681515163264209348349141189.jpg_37993/320x231.webp,https://assets.wilsonsauctions.com///lots_asset-249880%2FDamageImages-5_17678682066064225115823194202176.jpg_37821/320x231.webp",,,,Desert Island Blue,Present,"£12,425",,"£11,250",,,2,5,,,,,,,Online Auction,No
"Main Agent Car, Commercial and ex-Fire Service Equipment Auction",20,Wilsons Auctions,Ford Puma ST (Performance Pack),WA73KRJ,Ford,Puma ST,ST (Performance Pack),2055,Hatchback,Petrol,Manual,Wilsons Auctions Oxford,2025-12-18,14:00,20/09/2023,2023,18374,Correct,Here,,Yes,VAT Qualifying,FORD CREDIT DIRECT,,1.5,,,"https://assets.wilsonsauctions.com///lots_asset-247993%2FGeneralImages-5_17677824940464676345945351507453.jpg_100584/320x231.webp,https://assets.wilsonsauctions.com///lots_asset-247993%2FGeneralImages-0_17677823381802270760715580509030.jpg_88155/320x231.webp,https://assets.wilsonsauctions.com///lots_asset-247993%2FGeneralImages-1_17677823482819202820991858864936.jpg_127915/320x231.webp,https://assets.wilsonsauctions.com///lots_asset-247993%2FGeneralImages-2_17677824734214498218373002611845.jpg_52793/320x231.webp,https://assets.wilsonsauctions.com///lots_asset-247993%2FGeneralImages-3_17677824786664664144372785676836.jpg_70021/320x231.webp,https://assets.wilsonsauctions.com///lots_asset-247993%2FGeneralImages-4_17677824855451641493390854272239.jpg_73147/320x231.webp,https://assets.wilsonsauctions.com///lots_asset-247993%2FGeneralImages-6_17677825025741122577904307147472.jpg_52154/320x231.webp,https://assets.wilsonsauctions.com///lots_asset-247993%2FGeneralImages-7_176778250937711452638598759108.jpg_107083/320x231.webp,https://assets.wilsonsauctions.com///lots_asset-247993%2FDamageImages-0_17677825834805188405144793049393.jpg_65784/320x231.webp,https://assets.wilsonsauctions.com///lots_asset-247993%2FDamageImages-1_17677826107942653870134070368646.jpg_97161/320x231.webp,https://assets.wilsonsauctions.com///lots_asset-247993%2FDamageImages-2_17677826232262928364218306561404.jpg_62434/320x231.webp",,,,Azura Blue,Present,"£16,200",,"£14,850",,,,5,,,,,,,Online Auction,No
"Main Agent Car, Commercial and ex-Fire Service Equipment Auction",20,Wilsons Auctions,Jeep Avenger e-Hybrid Summit S-A,WA74OBR,Jeep,Avenger e-Hybrid,e-Hybrid Summit S-A,1005,Hatchback,Hyb petrol,Semi Automatic,Wilsons Auctions Oxford,2025-12-18,14:00,05/09/2024,2024,25008,Correct,Here,,Yes,Margin,,,1.2,,,"https://assets.wilsonsauctions.com///lots_asset-253713%2FGeneralImages-0_17685577327841591914134873607601.jpg_96118/320x231.webp,https://assets.wilsonsauctions.com///lots_asset-253713%2FGeneralImages-0_17685578714016001564984416181873.jpg_74654/320x231.webp,https://assets.wilsonsauctions.com///lots_asset-253713%2FGeneralImages-1_1768557885656764072103384049239.jpg_94417/320x231.webp,https://assets.wilsonsauctions.com///lots_asset-253713%2FGeneralImages-2_17685578972768612677408015163851.jpg_77718/320x231.webp,https://assets.wilsonsauctions.com///lots_asset-253713%2FGeneralImages-1_17685577437546686019412583031012.jpg_80691/320x231.webp,https://assets.wilsonsauctions.com///lots_asset-253713%2FGeneralImages-2_17685577566003256932187628033950.jpg_102332/320x231.webp,https://assets.wilsonsauctions.com///lots_asset-253713%2FGeneralImages-3_17685577673983155907579868927260.jpg_87712/320x231.webp,https://assets.wilsonsauctions.com///lots_asset-253713%2FGeneralImages-4_17685577872503509823416870216399.jpg_82635/320x231.webp,https://assets.wilsonsauctions.com///lots_asset-253713%2FGeneralImages-5_17685577963551813912378730432122.jpg_64653/320x231.webp,https://assets.wilsonsauctions.com///lots_asset-253713%2FGeneralImages-6_17685578287324487315940837778168.jpg_88168/320x231.webp,https://assets.wilsonsauctions.com///lots_asset-253713%2FGeneralImages-7_17685578367194688006869295522149.jpg_56951/320x231.webp,https://assets.wilsonsauctions.com///lots_asset-253713%2FGeneralImages-8_17685578487712180417109612753616.jpg_86660/320x231.webp,https://assets.wilsonsauctions.com///lots_asset-253713%2FDamageImages-0_17685579440086344970715142499125.jpg_108522/320x231.webp,https://assets.wilsonsauctions.com///lots_asset-253713%2FDamageImages-1_17685579725052583980379872625951.jpg_87211/320x231.webp,https://assets.wilsonsauctions.com///lots_asset-253713%2FDamageImages-2_17685582374684495647475146283791.jpg_46447/320x231.webp,https://assets.wilsonsauctions.com///lots_asset-253713%2FDamageImages-3_17685582831071580561443340497300.jpg_61554/320x231.webp",,,,White,Present,"£17,050",,"£15,875",,,2,5,,,,,,,Online Auction,No
"Main Agent Car, Commercial and ex-Fire Service Equipment Auction",20,Wilsons Auctions,Ford Galaxy FHEV 190 Titanium [Lux Pack] CVT,WF72XSJ,Ford,Galaxy FHEV,FHEV 190 Titanium [Lux Pack] CVT,1054,Mpv,Hyb petrol,,Wilsons Auctions Oxford,2025-12-18,14:00,30/11/2022,2022,73136,Correct,Here,,Yes,Margin,,,2.5,,,"https://assets.wilsonsauctions.com///lots_asset-238763%2FGeneralImages-0_17689192040057727931614799596754.jpg_79388/320x231.webp,https://assets.wilsonsauctions.com///lots_asset-238763%2FGeneralImages-0_17689193319464037536763124197706.jpg_66396/320x231.webp,https://assets.wilsonsauctions.com///lots_asset-238763%2FGeneralImages-1_1768919215347149390390231039209.jpg_102074/320x231.webp,https://assets.wilsonsauctions.com///lots_asset-238763%2FGeneralImages-2_17689192277001352302007884898591.jpg_99359/320x231.webp,https://assets.wilsonsauctions.com///lots_asset-238763%2FGeneralImages-3_17689192414813689492666031424835.jpg_97244/320x231.webp,https://assets.wilsonsauctions.com///lots_asset-238763%2FGeneralImages-4_17689192793487038125906117403783.jpg_88649/320x231.webp,https://assets.wilsonsauctions.com///lots_asset-238763%2FGeneralImages-5_17689192887015653919213845640919.jpg_99657/320x231.webp,https://assets.wilsonsauctions.com///lots_asset-238763%2FGeneralImages-6_17689193034071872956742331086986.jpg_83328/320x231.webp,https://assets.wilsonsauctions.com///lots_asset-238763%2FGeneralImages-7_17689193102336688616514332474835.jpg_73219/320x231.webp,https://assets.wilsonsauctions.com///lots_asset-238763%2FDamageImages-0_17689193729218339932833803514951.jpg_74043/320x231.webp,https://assets.wilsonsauctions.com///lots_asset-238763%2FDamageImages-1_17689194006171322014209724742693.jpg_44182/320x231.webp,https://assets.wilsonsauctions.com///lots_asset-238763%2FDamageImages-2_17689194427686311339810139499952.jpg_84391/320x231.webp,https://assets.wilsonsauctions.com///lots_asset-238763%2FDamageImages-3_17689194787159212653584052128226.jpg_77962/320x231.webp,https://assets.wilsonsauctions.com///lots_asset-238763%2FDamageImages-4_17689195700328363020706627561910.jpg_103366/320x231.webp,https://assets.wilsonsauctions.com///lots_asset-238763%2FDamageImages-5_17689196063661853273795855223305.jpg_104657/320x231.webp,https://assets.wilsonsauctions.com///lots_asset-238763%2FDamageImages-6_17689196392291135665048223178289.jpg_98542/320x231.webp,https://assets.wilsonsauctions.com///lots_asset-238763%2FDamageImages-7_17689196858815330439544400289401.jpg_44045/320x231.webp,https://assets.wilsonsauctions.com///lots_asset-238763%2FDamageImages-8_1768919722925207945789129736927.jpg_44016/320x231.webp",,,,Blue,Present,"£18,600",,"£17,350",,,,5,,,,,,,Online Auction,No
"Main Agent Car, Commercial and ex-Fire Service Equipment Auction",20,Wilsons Auctions,Audi Q2 35 TFSI S Line S-A,WF73UZH,Audi,Q2 35,35 TFSI S Line S-A,1029,Estate,Petrol,Semi Automatic,Wilsons Auctions Oxford,2025-12-18,14:00,13/10/2023,2023,23378,Correct,Here,,Yes,Margin,,,1.5,,,"https://assets.wilsonsauctions.com///lots_asset-234264%2FGeneralImages-6_17678662938115201625587861419951.jpg_134184/320x231.webp,https://assets.wilsonsauctions.com///lots_asset-234264%2FGeneralImages-0_17678661571806669180802328428697.jpg_92506/320x231.webp,https://assets.wilsonsauctions.com///lots_asset-234264%2FGeneralImages-1_17678661715755989204393159843834.jpg_72904/320x231.webp,https://assets.wilsonsauctions.com///lots_asset-234264%2FGeneralImages-2_17678661997688140672146548657203.jpg_97514/320x231.webp,https://assets.wilsonsauctions.com///lots_asset-234264%2FGeneralImages-3_17678662230614707402553497204972.jpg_96723/320x231.webp,https://assets.wilsonsauctions.com///lots_asset-234264%2FGeneralImages-4_17678662445115241198862915690624.jpg_100794/320x231.webp,https://assets.wilsonsauctions.com///lots_asset-234264%2FGeneralImages-5_17678662588835670821892134404560.jpg_107371/320x231.webp,https://assets.wilsonsauctions.com///lots_asset-234264%2FGeneralImages-7_17678663041784885947104154001395.jpg_74671/320x231.webp,https://assets.wilsonsauctions.com///lots_asset-234264%2FDamageImages-0_17678665264946950303178145933742.jpg_104706/320x231.webp,https://assets.wilsonsauctions.com///lots_asset-234264%2FDamageImages-1_17678665947074160832632919205729.jpg_70630/320x231.webp,https://assets.wilsonsauctions.com///lots_asset-234264%2FDamageImages-2_17678666357071464262264235027564.jpg_98029/320x231.webp,https://assets.wilsonsauctions.com///lots_asset-234264%2FDamageImages-3_17678666784841978313459391068765.jpg_132000/320x231.webp,https://assets.wilsonsauctions.com///lots_asset-234264%2FDamageImages-4_17678667122438078249863089325709.jpg_104130/320x231.webp,https://assets.wilsonsauctions.com///lots_asset-234264%2FDamageImages-5_1767866758202755805127914430345.jpg_134819/320x231.webp,https://assets.wilsonsauctions.com///lots_asset-234264%2FDamageImages-6_1767866787923306533455360341810.jpg_82293/320x231.webp,https://assets.wilsonsauctions.com///lots_asset-234264%2FDamageImages-7_17678668489067280886214968700164.jpg_136194/320x231.webp,https://assets.wilsonsauctions.com///lots_asset-234264%2FDamageImages-8_17678668801552361652550372157359.jpg_80921/320x231.webp,https://assets.wilsonsauctions.com///lots_asset-234264%2FDamageImages-9_17678669165825095987903855145746.jpg_143244/320x231.webp,https://assets.wilsonsauctions.com///lots_asset-234264%2FDamageImages-10_17678669536044559048147403705590.jpg_103669/320x231.webp,https://assets.wilsonsauctions.com///lots_asset-234264%2FDamageImages-11_17678670621343105848473274154259.jpg_91536/320x231.webp,https://assets.wilsonsauctions.com///lots_asset-234264%2FDamageImages-12_17678670873812987299125081675756.jpg_156045/320x231.webp",,,,Black,Present,"£20,450",,"£19,175",,,,,,,,,,,Online Auction,No
"Main Agent Car, Commercial and ex-Fire Service Equipment Auction",20,Wilsons Auctions,Ford Ecosport EcoBoost 125 ST-Line,WG72MWV,Ford,Ecosport EcoBoost,EcoBoost 125 ST-Line,1076,Hatchback,Petrol,Manual,Wilsons Auctions Oxford,2025-12-18,14:00,10/11/2022,2022,25354,Correct,To follow,09-11-2026,Yes,Margin,,,1.0,,,"https://assets.wilsonsauctions.com///lots_asset-255043%2FGeneralImages-6_17689856142818389737915158464762.jpg_84321/320x231.webp,https://assets.wilsonsauctions.com///lots_asset-255043%2FGeneralImages-0_17689857904318836441385452836532.jpg_104221/320x231.webp,https://assets.wilsonsauctions.com///lots_asset-255043%2FGeneralImages-0_17689853427564059522536827444037.jpg_71579/320x231.webp,https://assets.wilsonsauctions.com///lots_asset-255043%2FGeneralImages-1_17689853520677721482297156823752.jpg_95561/320x231.webp,https://assets.wilsonsauctions.com///lots_asset-255043%2FGeneralImages-2_17689854234155180648961411873716.jpg_69783/320x231.webp,https://assets.wilsonsauctions.com///lots_asset-255043%2FGeneralImages-3_17689854291995182878168677074696.jpg_59160/320x231.webp,https://assets.wilsonsauctions.com///lots_asset-255043%2FGeneralImages-4_17689854913703321123684742280145.jpg_62239/320x231.webp,https://assets.wilsonsauctions.com///lots_asset-255043%2FGeneralImages-5_17689856022102920470713511741698.jpg_85615/320x231.webp,https://assets.wilsonsauctions.com///lots_asset-255043%2FGeneralImages-7_17689856234047394041665235478122.jpg_62588/320x231.webp,https://assets.wilsonsauctions.com///lots_asset-255043%2FDamageImages-0_17689853721711460085207111336240.jpg_77011/320x231.webp,https://assets.wilsonsauctions.com///lots_asset-255043%2FDamageImages-1_17689856919265675038825334581014.jpg_59625/320x231.webp,https://assets.wilsonsauctions.com///lots_asset-255043%2FDamageImages-2_17689857065807219924230152500251.jpg_57034/320x231.webp,https://assets.wilsonsauctions.com///lots_asset-255043%2FDamageImages-3_17689857190311161800128074400770.jpg_71994/320x231.webp,https://assets.wilsonsauctions.com///lots_asset-255043%2FDamageImages-4_17689857346955909335159972410853.jpg_58528/320x231.webp,https://assets.wilsonsauctions.com///lots_asset-255043%2FDamageImages-5_17689857600382345713883701353275.jpg_82383/320x231.webp,https://assets.wilsonsauctions.com///lots_asset-255043%2FDamageImages-6_17689857802787816314519408917098.jpg_77587/320x231.webp,https://assets.wilsonsauctions.com///lots_asset-255043%2FDamageImages-7_17689858148884979730223490839783.jpg_62759/320x231.webp,https://assets.wilsonsauctions.com///lots_asset-255043%2FDamageImages-8_17689858345119001092982578036211.jpg_46254/320x231.webp,https://assets.wilsonsauctions.com///lots_asset-255043%2FDamageImages-9_17689859007548031019377622023794.jpg_46706/320x231.webp,https://assets.wilsonsauctions.com///lots_asset-255043%2FDamageImages-10_17689858832335659976088796164689.jpg_53688/320x231.webp,https://assets.wilsonsauctions.com///lots_asset-255043%2FDamageImages-11_17689859176548086442004006616918.jpg_73222/320x231.webp,https://assets.wilsonsauctions.com///lots_asset-255043%2FDamageImages-12_17689859370234892039128733748472.jpg_71406/320x231.webp,https://assets.wilsonsauctions.com///lots_asset-255043%2FDamageImages-13_17689859613854662556070157436925.jpg_53847/320x231.webp,https://assets.wilsonsauctions.com///lots_asset-255043%2FDamageImages-14_17689859851354464318992288250216.jpg_70616/320x231.webp,https://assets.wilsonsauctions.com///lots_asset-255043%2FDamageImages-15_17689859996842983880655848894324.jpg_57721/320x231.webp,https://assets.wilsonsauctions.com///lots_asset-255043%2FDamageImages-16_17689860181577308226752428919588.jpg_65624/320x231.webp,https://assets.wilsonsauctions.com///lots_asset-255043%2FDamageImages-17_17689860315462238580540121352661.jpg_60964/320x231.webp,https://assets.wilsonsauctions.com///lots_asset-255043%2FDamageImages-18_17689860675017447744235145781953.jpg_58399/320x231.webp",,,,Black,Present,"£10,200",,"£9,100",,,,5,,,,,,,Online Auction,No
"Main Agent Car, Commercial and ex-Fire Service Equipment Auction",20,Wilsons Auctions,Volkswagen Transporter T32 SWB TDI 150PS SE S-A,WH70FDA,Volkswagen,Transporter T32,T32 SWB TDI 150PS SE S-A,1006,Mpv,Diesel,Semi Automatic,Wilsons Auctions Oxford,2025-12-18,14:00,23/12/2020,2020,91554,Correct,Here,,Yes,Margin,,,2.0,,,"https://assets.wilsonsauctions.com///lots_asset-246774%2FGeneralImages-0_17685539245311947279840518973108.jpg_112260/320x231.webp,https://assets.wilsonsauctions.com///lots_asset-246774%2FGeneralImages-0_17685541065307051356170602393567.jpg_111786/320x231.webp,https://assets.wilsonsauctions.com///lots_asset-246774%2FGeneralImages-1_17685541188562748950627657490888.jpg_94177/320x231.webp,https://assets.wilsonsauctions.com///lots_asset-246774%2FGeneralImages-2_17685541261769177083124239925704.jpg_86514/320x231.webp,https://assets.wilsonsauctions.com///lots_asset-246774%2FGeneralImages-1_17685539601099184852134010807572.jpg_81623/320x231.webp,https://assets.wilsonsauctions.com///lots_asset-246774%2FGeneralImages-2_17685539717936876537104256999255.jpg_76901/320x231.webp,https://assets.wilsonsauctions.com///lots_asset-246774%2FGeneralImages-3_1768553992880524712249970801381.jpg_91375/320x231.webp,https://assets.wilsonsauctions.com///lots_asset-246774%2FGeneralImages-4_17685540307255334997876591626355.jpg_85400/320x231.webp,https://assets.wilsonsauctions.com///lots_asset-246774%2FGeneralImages-5_17685540417575360222079836460390.jpg_86734/320x231.webp,https://assets.wilsonsauctions.com///lots_asset-246774%2FGeneralImages-6_1768554057341139729984918657743.jpg_75560/320x231.webp,https://assets.wilsonsauctions.com///lots_asset-246774%2FGeneralImages-7_17685540633562560566890662471627.jpg_48114/320x231.webp,https://assets.wilsonsauctions.com///lots_asset-246774%2FGeneralImages-8_1768554076188476906272466313637.jpg_68442/320x231.webp,https://assets.wilsonsauctions.com///lots_asset-246774%2FDamageImages-0_17685541868453748040165033389202.jpg_121350/320x231.webp,https://assets.wilsonsauctions.com///lots_asset-246774%2FDamageImages-1_17685543677425866061610650709719.jpg_70644/320x231.webp,https://assets.wilsonsauctions.com///lots_asset-246774%2FDamageImages-2_17685544004396272246290314906784.jpg_89573/320x231.webp,https://assets.wilsonsauctions.com///lots_asset-246774%2FDamageImages-3_17685544722112784265128595978050.jpg_113301/320x231.webp",,,,Green,Present,"£22,350",,"£19,600",,,,5,,,,,,,Online Auction,No
"Main Agent Car, Commercial and ex-Fire Service Equipment Auction",20,Wilsons Auctions,Volkswagen Sharan TSI SE Nav S-A,WJ21HMU,Volkswagen,Sharan TSI,TSI SE Nav S-A,1022,Mpv,Petrol,Semi Automatic,Wilsons Auctions Oxford,2025-12-18,14:00,11/03/2021,2021,18133,Correct,Here,10-03-2026,Yes,Margin,,,1.4,,,"https://assets.wilsonsauctions.com///lots_asset-251399%2FGeneralImages-0_17685697719794308126223660545324.jpg_112153/320x231.webp,https://assets.wilsonsauctions.com///lots_asset-251399%2FGeneralImages-0_17685698770605580513048085807948.jpg_98002/320x231.webp,https://assets.wilsonsauctions.com///lots_asset-251399%2FGeneralImages-1_17685698951015065599876145369719.jpg_97698/320x231.webp,https://assets.wilsonsauctions.com///lots_asset-251399%2FGeneralImages-2_17685699013438978258872339292089.jpg_105165/320x231.webp,https://assets.wilsonsauctions.com///lots_asset-251399%2FGeneralImages-1_1768569779803197841551603846878.jpg_90865/320x231.webp,https://assets.wilsonsauctions.com///lots_asset-251399%2FGeneralImages-2_17685697905272774610423448322810.jpg_109372/320x231.webp,https://assets.wilsonsauctions.com///lots_asset-251399%2FGeneralImages-3_17685698010313133127398937711917.jpg_104560/320x231.webp,https://assets.wilsonsauctions.com///lots_asset-251399%2FGeneralImages-4_1768569812461398845750833280683.jpg_98705/320x231.webp,https://assets.wilsonsauctions.com///lots_asset-251399%2FGeneralImages-5_17685698244336989759906972942156.jpg_95018/320x231.webp,https://assets.wilsonsauctions.com///lots_asset-251399%2FGeneralImages-6_17685698391315867003919918336674.jpg_137104/320x231.webp,https://assets.wilsonsauctions.com///lots_asset-251399%2FGeneralImages-7_17685698455341866423617436565285.jpg_83424/320x231.webp,https://assets.wilsonsauctions.com///lots_asset-251399%2FGeneralImages-8_17685698624505448543011981425353.jpg_60320/320x231.webp,https://assets.wilsonsauctions.com///lots_asset-251399%2FDamageImages-0_17685699497206309985282181347387.jpg_33441/320x231.webp,https://assets.wilsonsauctions.com///lots_asset-251399%2FDamageImages-1_17685699910657759179663889399114.jpg_55416/320x231.webp,https://assets.wilsonsauctions.com///lots_asset-251399%2FDamageImages-2_17685700326624366176588615973045.jpg_69079/320x231.webp,https://assets.wilsonsauctions.com///lots_asset-251399%2FDamageImages-3_17685700706145018198511597730710.jpg_104802/320x231.webp,https://assets.wilsonsauctions.com///lots_asset-251399%2FDamageImages-4_17685701111447237072681657287195.jpg_61651/320x231.webp,https://assets.wilsonsauctions.com///lots_asset-251399%2FDamageImages-5_17685701531751472014086238424605.jpg_106539/320x231.webp,https://assets.wilsonsauctions.com///lots_asset-251399%2FDamageImages-6_17685701811111535434557212253171.jpg_90914/320x231.webp,https://assets.wilsonsauctions.com///lots_asset-251399%2FDamageImages-7_17685702117791550018966273526277.jpg_79728/320x231.webp,https://assets.wilsonsauctions.com///lots_asset-251399%2FDamageImages-8_17685702388421899153132012529509.jpg_59508/320x231.webp,https://assets.wilsonsauctions.com///lots_asset-251399%2FDamageImages-9_1768570306981220429876623047273.jpg_102181/320x231.webp",,,,Grey,Present,"£20,600",,"£19,325",,,,5,,,,,,,Online Auction,No
"Main Agent Car, Commercial and ex-Fire Service Equipment Auction",20,Wilsons Auctions,Seat Ibiza TSI 115 FR Sport S-A,WJ75CFA,Seat,Ibiza TSI,TSI 115 FR Sport S-A,1034,Hatchback,Petrol,Semi Automatic,Wilsons Auctions Oxford,2025-12-18,14:00,10/09/2025,2025,1878,Correct,Here,,No,Margin,,,1.0,,,"https://assets.wilsonsauctions.com///lots_asset-243882%2FGeneralImages-4_17690051039682802560417029469179.jpg_57346/320x231.webp,https://assets.wilsonsauctions.com///lots_asset-243882%2FGeneralImages-0_17690047631444978093515691729910.jpg_66441/320x231.webp,https://assets.wilsonsauctions.com///lots_asset-243882%2FGeneralImages-1_176900477970321288364177725588.jpg_93645/320x231.webp,https://assets.wilsonsauctions.com///lots_asset-243882%2FGeneralImages-2_17690049621171809868060486904632.jpg_64845/320x231.webp,https://assets.wilsonsauctions.com///lots_asset-243882%2FGeneralImages-3_17690049694651488558002858894591.jpg_56488/320x231.webp,https://assets.wilsonsauctions.com///lots_asset-243882%2FGeneralImages-5_17690051167678953682071728068007.jpg_69046/320x231.webp,https://assets.wilsonsauctions.com///lots_asset-243882%2FGeneralImages-6_17690051236011758018464539341053.jpg_57978/320x231.webp,https://assets.wilsonsauctions.com///lots_asset-243882%2FGeneralImages-7_1769005132683821551371148103035.jpg_62389/320x231.webp,https://assets.wilsonsauctions.com///lots_asset-243882%2FDamageImages-0_17690052238342685779888148001976.jpg_40891/320x231.webp,https://assets.wilsonsauctions.com///lots_asset-243882%2FDamageImages-1_17690052574125419090242738536560.jpg_51370/320x231.webp,https://assets.wilsonsauctions.com///lots_asset-243882%2FDamageImages-2_1769005307259222848057924457402.jpg_59106/320x231.webp,https://assets.wilsonsauctions.com///lots_asset-243882%2FDamageImages-3_17690053626428406327533910394515.jpg_47688/320x231.webp,https://assets.wilsonsauctions.com///lots_asset-243882%2FDamageImages-4_17690053921396960290747663245842.jpg_53876/320x231.webp",,,,Black,Present,"£18,400",,"£17,225",,,,5,,,,,,,Online Auction,No
"Main Agent Car, Commercial and ex-Fire Service Equipment Auction",20,Wilsons Auctions,Skoda Karoq TSI SE Drive,WK23UAZ,Skoda,Karoq TSI,TSI SE Drive,1013,Estate,Petrol,Manual,Wilsons Auctions Oxford,2025-12-18,14:00,08/04/2023,2023,31324,Correct,Buyer To Apply,,Yes,Margin,,,1.0,,,"https://assets.wilsonsauctions.com///lots_asset-257964%2FGeneralImages-0_17685679646727316835107778019249.jpg_81460/320x231.webp,https://assets.wilsonsauctions.com///lots_asset-257964%2FGeneralImages-1_17685679726463182732620336657805.jpg_60725/320x231.webp,https://assets.wilsonsauctions.com///lots_asset-257964%2FGeneralImages-2_17685679793356558603832609302909.jpg_75522/320x231.webp,https://assets.wilsonsauctions.com///lots_asset-257964%2FGeneralImages-3_17685679860948085539647512556641.jpg_60543/320x231.webp,https://assets.wilsonsauctions.com///lots_asset-257964%2FGeneralImages-4_1768568008468641938661667360890.jpg_72406/320x231.webp,https://assets.wilsonsauctions.com///lots_asset-257964%2FGeneralImages-5_17685680421812217407652324690481.jpg_60952/320x231.webp,https://assets.wilsonsauctions.com///lots_asset-257964%2FGeneralImages-6_17685680472098303941131516466865.jpg_73562/320x231.webp,https://assets.wilsonsauctions.com///lots_asset-257964%2FGeneralImages-7_17685680526421649746920681507708.jpg_56952/320x231.webp,https://assets.wilsonsauctions.com///lots_asset-257964%2FDamageImages-0_17685680326766305999127745196186.jpg_98472/320x231.webp,https://assets.wilsonsauctions.com///lots_asset-257964%2FDamageImages-1_17685681062922281039737049692295.jpg_73612/320x231.webp,https://assets.wilsonsauctions.com///lots_asset-257964%2FDamageImages-2_17685681367736465174240403126464.jpg_58359/320x231.webp,https://assets.wilsonsauctions.com///lots_asset-257964%2FDamageImages-3_1768568149400873187115632442968.jpg_78458/320x231.webp,https://assets.wilsonsauctions.com///lots_asset-257964%2FDamageImages-4_17685681723542198471631576327664.jpg_34593/320x231.webp,https://assets.wilsonsauctions.com///lots_asset-257964%2FDamageImages-5_17685681850876162650306921551384.jpg_78346/320x231.webp,https://assets.wilsonsauctions.com///lots_asset-257964%2FDamageImages-6_17685682037936534552984925672154.jpg_39915/320x231.webp,https://assets.wilsonsauctions.com///lots_asset-257964%2FDamageImages-7_17685682288058140554859961296559.jpg_60672/320x231.webp,https://assets.wilsonsauctions.com///lots_asset-257964%2FDamageImages-8_17685682529842260126830942195449.jpg_21316/320x231.webp,https://assets.wilsonsauctions.com///lots_asset-257964%2FDamageImages-9_17685682653168222875658049382782.jpg_83242/320x231.webp,https://assets.wilsonsauctions.com///lots_asset-257964%2FDamageImages-10_17685682855314504999622561408110.jpg_26939/320x231.webp,https://assets.wilsonsauctions.com///lots_asset-257964%2FDamageImages-11_17685683009676723161764500750156.jpg_66817/320x231.webp,https://assets.wilsonsauctions.com///lots_asset-257964%2FDamageImages-12_17685683146557255837551344588139.jpg_79759/320x231.webp,https://assets.wilsonsauctions.com///lots_asset-257964%2FDamageImages-13_17685683386502938977440156753586.jpg_61594/320x231.webp,https://assets.wilsonsauctions.com///lots_asset-257964%2FDamageImages-14_17685683502159035782511022734755.jpg_59255/320x231.webp,https://assets.wilsonsauctions.com///lots_asset-257964%2FDamageImages-15_17685683677158894707765889837312.jpg_64454/320x231.webp,https://assets.wilsonsauctions.com///lots_asset-257964%2FDamageImages-16_17685683887804323590911897626321.jpg_88294/320x231.webp,https://assets.wilsonsauctions.com///lots_asset-257964%2FDamageImages-17_17685684129454058942052132289566.jpg_30951/320x231.webp,https://assets.wilsonsauctions.com///lots_asset-257964%2FDamageImages-18_1768568430665491953240651424635.jpg_67242/320x231.webp",,,,Silver,Present,"£13,850",,"£12,575",,,,,,,,,,,Online Auction,No
"Main Agent Car, Commercial and ex-Fire Service Equipment Auction",20,Wilsons Auctions,Vauxhall Crossland Turbo [130] Ultimate Auto,WK24UZW,Vauxhall,Crossland Turbo,Turbo [130] Ultimate Auto,1028,Hatchback,Petrol,Automatic,Wilsons Auctions Oxford,2025-12-18,14:00,09/04/2024,2024,2881,Correct,Here,,Yes,Margin,,,1.2,,,"https://assets.wilsonsauctions.com///lots_asset-239913%2FGeneralImages-0_17685803872305655664011617418152.jpg_102542/320x231.webp,https://assets.wilsonsauctions.com///lots_asset-239913%2FGeneralImages-0_1768580539916731596936373247674.jpg_91549/320x231.webp,https://assets.wilsonsauctions.com///lots_asset-239913%2FGeneralImages-1_1768580553337664524413215401414.jpg_78979/320x231.webp,https://assets.wilsonsauctions.com///lots_asset-239913%2FGeneralImages-2_17685805752708066489994367936313.jpg_70669/320x231.webp,https://assets.wilsonsauctions.com///lots_asset-239913%2FGeneralImages-3_17685805833167394668673123325091.jpg_99134/320x231.webp,https://assets.wilsonsauctions.com///lots_asset-239913%2FGeneralImages-1_17685803945425188074891123582792.jpg_73370/320x231.webp,https://assets.wilsonsauctions.com///lots_asset-239913%2FGeneralImages-2_17685804171285200371150560662995.jpg_88752/320x231.webp,https://assets.wilsonsauctions.com///lots_asset-239913%2FGeneralImages-3_17685804281078395602559387202569.jpg_93688/320x231.webp,https://assets.wilsonsauctions.com///lots_asset-239913%2FGeneralImages-4_17685804379046829965914646685360.jpg_97562/320x231.webp,https://assets.wilsonsauctions.com///lots_asset-239913%2FGeneralImages-5_17685804589185603556503211952625.jpg_76412/320x231.webp,https://assets.wilsonsauctions.com///lots_asset-239913%2FGeneralImages-6_17685804935058274626943838398086.jpg_87027/320x231.webp,https://assets.wilsonsauctions.com///lots_asset-239913%2FGeneralImages-7_17685804993884651475959324738092.jpg_48001/320x231.webp,https://assets.wilsonsauctions.com///lots_asset-239913%2FGeneralImages-8_17685805124835004842595676342334.jpg_52683/320x231.webp",,,,Grey,Present,"£14,700",,"£13,475",,,,5,,,,,,,Online Auction,No
"Main Agent Car, Commercial and ex-Fire Service Equipment Auction",20,Wilsons Auctions,KIA Sportage T GDi 207 HEV GT-Line S Auto,WK74OWA,KIA,Sportage T,T GDi 207 HEV GT-Line S Auto,1032,Estate,Hyb petrol,Automatic,Wilsons Auctions Oxford,2025-12-18,14:00,11/09/2024,2024,14723,Correct,Buyer To Apply,,Yes,Margin,,,1.6,,,"https://assets.wilsonsauctions.com///lots_asset-250300%2FGeneralImages-2_17688156979324909551043604624233.jpg_78747/320x231.webp,https://assets.wilsonsauctions.com///lots_asset-250300%2FGeneralImages-0_17688158097151904491244251730586.jpg_81204/320x231.webp,https://assets.wilsonsauctions.com///lots_asset-250300%2FGeneralImages-1_1768815830781688353228181434089.jpg_127351/320x231.webp,https://assets.wilsonsauctions.com///lots_asset-250300%2FGeneralImages-2_17688158387315325873047980087912.jpg_80334/320x231.webp,https://assets.wilsonsauctions.com///lots_asset-250300%2FGeneralImages-0_17688153082678504096030021154684.jpg_132485/320x231.webp,https://assets.wilsonsauctions.com///lots_asset-250300%2FGeneralImages-1_17688153161985294137069419004203.jpg_138349/320x231.webp,https://assets.wilsonsauctions.com///lots_asset-250300%2FGeneralImages-3_1768815707466828502158603902445.jpg_116558/320x231.webp,https://assets.wilsonsauctions.com///lots_asset-250300%2FGeneralImages-4_1768815720501755993417640164877.jpg_112791/320x231.webp,https://assets.wilsonsauctions.com///lots_asset-250300%2FGeneralImages-5_1768815733870349773158150595527.jpg_93001/320x231.webp,https://assets.wilsonsauctions.com///lots_asset-250300%2FGeneralImages-6_17688157451182305461549066108266.jpg_90427/320x231.webp,https://assets.wilsonsauctions.com///lots_asset-250300%2FGeneralImages-7_17688157602387536548344312387151.jpg_54284/320x231.webp,https://assets.wilsonsauctions.com///lots_asset-250300%2FGeneralImages-8_17688157934817900375784091822504.jpg_98199/320x231.webp,https://assets.wilsonsauctions.com///lots_asset-250300%2FDamageImages-0_17689246232692174564074977209610.jpg_193740/320x231.webp",,,,Green,Present,"£26,650",,"£25,400",,,2,5,,,,,,,Online Auction,No
"Main Agent Car, Commercial and ex-Fire Service Equipment Auction",20,Wilsons Auctions,Peugeot 2008 PureTech 130 GT Auto,WL24EZZ,Peugeot,2008 PureTech,PureTech 130 GT Auto,1007,Hatchback,Petrol,Automatic,Wilsons Auctions Oxford,2025-12-18,14:00,28/06/2024,2024,2348,Correct,To follow,,Yes,Margin,,,1.2,,,"https://assets.wilsonsauctions.com///lots_asset-247941%2FGeneralImages-5_17685687582606611999775095876588.jpg_88467/320x231.webp,https://assets.wilsonsauctions.com///lots_asset-247941%2FGeneralImages-0_17685686331029121446786578167382.jpg_85674/320x231.webp,https://assets.wilsonsauctions.com///lots_asset-247941%2FGeneralImages-1_17685686407435117894992251934350.jpg_149161/320x231.webp,https://assets.wilsonsauctions.com///lots_asset-247941%2FGeneralImages-2_17685687395856006350684028978372.jpg_51622/320x231.webp,https://assets.wilsonsauctions.com///lots_asset-247941%2FGeneralImages-3_17685687454615703785870101661487.jpg_66646/320x231.webp,https://assets.wilsonsauctions.com///lots_asset-247941%2FGeneralImages-4_17685687507759049288904211350324.jpg_53538/320x231.webp,https://assets.wilsonsauctions.com///lots_asset-247941%2FGeneralImages-6_17685687643753913795563569214709.jpg_56718/320x231.webp,https://assets.wilsonsauctions.com///lots_asset-247941%2FGeneralImages-7_17685687745201022361984294098147.jpg_94984/320x231.webp,https://assets.wilsonsauctions.com///lots_asset-247941%2FDamageImages-0_17685688779831253025707403252911.jpg_82853/320x231.webp",,,,White,Present,"£17,550",,"£16,200",,,,5,,,,,,,Online Auction,No
"Main Agent Car, Commercial and ex-Fire Service Equipment Auction",20,Wilsons Auctions,Volkswagen Transporter T32 SWB TDI 110PS S,WN20VFC,Volkswagen,Transporter T32,T32 SWB TDI 110PS S,1068,Mpv,Diesel,Manual,Wilsons Auctions Oxford,2025-12-18,14:00,22/07/2020,2020,72146,Correct,Here,27-07-2026,Yes,Margin,,,2.0,,,"https://assets.wilsonsauctions.com///lots_asset-255002%2FGeneralImages-6_17683042284688266965109851904727.jpg_132119/320x231.webp,https://assets.wilsonsauctions.com///lots_asset-255002%2FGeneralImages-0_17683037756194371028825324729168.jpg_103793/320x231.webp,https://assets.wilsonsauctions.com///lots_asset-255002%2FGeneralImages-1_1768303788763949009499426077866.jpg_75637/320x231.webp,https://assets.wilsonsauctions.com///lots_asset-255002%2FGeneralImages-0_17683037171997232426973726184640.jpg_78080/320x231.webp,https://assets.wilsonsauctions.com///lots_asset-255002%2FGeneralImages-1_1768303734207269529317863332128.jpg_66028/320x231.webp,https://assets.wilsonsauctions.com///lots_asset-255002%2FGeneralImages-2_17683037613284133549680119913994.jpg_88109/320x231.webp,https://assets.wilsonsauctions.com///lots_asset-255002%2FGeneralImages-3_1768303845877695174188988011006.jpg_115693/320x231.webp,https://assets.wilsonsauctions.com///lots_asset-255002%2FGeneralImages-4_17683038617921208370656516350045.jpg_72825/320x231.webp,https://assets.wilsonsauctions.com///lots_asset-255002%2FGeneralImages-5_17683039046985920153640662791483.jpg_67964/320x231.webp,https://assets.wilsonsauctions.com///lots_asset-255002%2FDamageImages-0_17683039904915368942623767031383.jpg_55276/320x231.webp,https://assets.wilsonsauctions.com///lots_asset-255002%2FDamageImages-1_17683040348406212849564869516257.jpg_72809/320x231.webp,https://assets.wilsonsauctions.com///lots_asset-255002%2FDamageImages-2_17683040671424203794705833015297.jpg_45256/320x231.webp,https://assets.wilsonsauctions.com///lots_asset-255002%2FDamageImages-3_17683040934753568195217359031376.jpg_38043/320x231.webp,https://assets.wilsonsauctions.com///lots_asset-255002%2FDamageImages-4_17683041270422514646354141813759.jpg_75660/320x231.webp,https://assets.wilsonsauctions.com///lots_asset-255002%2FDamageImages-5_17683041546097340532872728605336.jpg_103589/320x231.webp,https://assets.wilsonsauctions.com///lots_asset-255002%2FDamageImages-6_17683042088053903741229590256263.jpg_42891/320x231.webp",,,,Grey,Present,"£22,250",,"£19,475",,,,5,,,,,,,Online Auction,No
"Main Agent Car, Commercial and ex-Fire Service Equipment Auction",20,Wilsons Auctions,Hyundai Ioniq GDi Hybrid Premium S-A,WN72OSO,Hyundai,Ioniq GDi,GDi Hybrid Premium S-A,1042,Hatchback,Hyb petrol,Semi Automatic,Wilsons Auctions Oxford,2025-12-18,14:00,29/09/2022,2022,4977,Correct,Buyer To Apply,,Yes,Margin,,,1.6,,,"https://assets.wilsonsauctions.com///lots_asset-254995%2FGeneralImages-6_17683929234077351529786609387954.jpg_119066/320x231.webp,https://assets.wilsonsauctions.com///lots_asset-254995%2FGeneralImages-0_17683927699188551332305053859230.jpg_85638/320x231.webp,https://assets.wilsonsauctions.com///lots_asset-254995%2FGeneralImages-1_17683927791405338871547655232274.jpg_69248/320x231.webp,https://assets.wilsonsauctions.com///lots_asset-254995%2FGeneralImages-2_17683928584103310989881604455469.jpg_83204/320x231.webp,https://assets.wilsonsauctions.com///lots_asset-254995%2FGeneralImages-3_17683928731723275013049549212437.jpg_105980/320x231.webp,https://assets.wilsonsauctions.com///lots_asset-254995%2FGeneralImages-4_17683928918691344276634560270362.jpg_80919/320x231.webp,https://assets.wilsonsauctions.com///lots_asset-254995%2FGeneralImages-5_17683928996536238633106379512912.jpg_97730/320x231.webp,https://assets.wilsonsauctions.com///lots_asset-254995%2FGeneralImages-7_17683929318167765930305585039486.jpg_69981/320x231.webp,https://assets.wilsonsauctions.com///lots_asset-254995%2FDamageImages-0_17683929740543361667423465812745.jpg_70922/320x231.webp,https://assets.wilsonsauctions.com///lots_asset-254995%2FDamageImages-1_1768393028985195200637503951041.jpg_78523/320x231.webp",,,,Grey,Present,"£15,500",,"£14,300",,,,5,,,,,,,Online Auction,No
"Main Agent Car, Commercial and ex-Fire Service Equipment Auction",20,Wilsons Auctions,KIA Sportage T GDi 48V ISG 4 AWD SA,WP72EWK,KIA,Sportage T,T GDi 48V ISG 4 AWD SA,1066,Estate,Hyb petrol,Semi Automatic,Wilsons Auctions Oxford,2025-12-18,14:00,20/12/2022,2022,40736,Correct,To follow,,Yes,Margin,,,1.6,,,"https://assets.wilsonsauctions.com///lots_asset-261647%2FGeneralImages-0_17690014800863817536687349744764.jpg_86733/320x231.webp,https://assets.wilsonsauctions.com///lots_asset-261647%2FGeneralImages-0_17690016553241075497513167618769.jpg_83580/320x231.webp,https://assets.wilsonsauctions.com///lots_asset-261647%2FGeneralImages-1_17690014887703126945687706094376.jpg_120785/320x231.webp,https://assets.wilsonsauctions.com///lots_asset-261647%2FGeneralImages-2_17690015003661022776647160936532.jpg_84527/320x231.webp,https://assets.wilsonsauctions.com///lots_asset-261647%2FGeneralImages-3_17690015116317556100293421385653.jpg_108003/320x231.webp,https://assets.wilsonsauctions.com///lots_asset-261647%2FGeneralImages-4_17690015421402600051477741138595.jpg_105863/320x231.webp,https://assets.wilsonsauctions.com///lots_asset-261647%2FGeneralImages-5_17690015566924302371036302225732.jpg_70268/320x231.webp,https://assets.wilsonsauctions.com///lots_asset-261647%2FGeneralImages-6_17690015751292374011194776124042.jpg_87914/320x231.webp,https://assets.wilsonsauctions.com///lots_asset-261647%2FGeneralImages-7_17690015899576634353009105172935.jpg_67531/320x231.webp,https://assets.wilsonsauctions.com///lots_asset-261647%2FGeneralImages-8_17690016432121240702242249253016.jpg_101091/320x231.webp,https://assets.wilsonsauctions.com///lots_asset-261647%2FDamageImages-0_17690017095832743235202846527092.jpg_89165/320x231.webp,https://assets.wilsonsauctions.com///lots_asset-261647%2FDamageImages-1_17690017366651957299460627803657.jpg_71760/320x231.webp,https://assets.wilsonsauctions.com///lots_asset-261647%2FDamageImages-2_17690017703278006485435223551579.jpg_85277/320x231.webp,https://assets.wilsonsauctions.com///lots_asset-261647%2FDamageImages-3_17690018148966171103997398113714.jpg_100799/320x231.webp,https://assets.wilsonsauctions.com///lots_asset-261647%2FDamageImages-4_17690018571746200997909365882180.jpg_63116/320x231.webp,https://assets.wilsonsauctions.com///lots_asset-261647%2FDamageImages-5_17690018870614788420121254117983.jpg_84553/320x231.webp,https://assets.wilsonsauctions.com///lots_asset-261647%2FDamageImages-6_17690019171793117185483710321102.jpg_80382/320x231.webp,https://assets.wilsonsauctions.com///lots_asset-261647%2FDamageImages-7_17690019489573140712766691160148.jpg_61062/320x231.webp,https://assets.wilsonsauctions.com///lots_asset-261647%2FDamageImages-8_17690019795649102821187682620433.jpg_76282/320x231.webp,https://assets.wilsonsauctions.com///lots_asset-261647%2FDamageImages-9_17690020180554425323347701309201.jpg_120050/320x231.webp,https://assets.wilsonsauctions.com///lots_asset-261647%2FDamageImages-10_17690020384884045529810448269151.jpg_80430/320x231.webp,https://assets.wilsonsauctions.com///lots_asset-261647%2FDamageImages-11_1769002085075226620639340937869.jpg_109879/320x231.webp,https://assets.wilsonsauctions.com///lots_asset-261647%2FDamageImages-12_17690021269187860611682070539250.jpg_67574/320x231.webp,https://assets.wilsonsauctions.com///lots_asset-261647%2FDamageImages-13_17690021903844929324724353026384.jpg_84733/320x231.webp",,,,Black,Present,"£20,450",,"£19,075",,,,,,,,,,,Online Auction,No
"Main Agent Car, Commercial and ex-Fire Service Equipment Auction",20,Wilsons Auctions,Nissan Juke DiG-T 114 Tekna,WP72GYF,Nissan,Juke DiG-T,DiG-T 114 Tekna,1001,Hatchback,Petrol,Manual,Wilsons Auctions Oxford,2025-12-18,14:00,30/11/2022,2022,40434,Correct,To follow,29-11-2026,Yes,Margin,,,1.0,,,"https://assets.wilsonsauctions.com///lots_asset-258618%2FGeneralImages-5_17690063892414986980975542169499.jpg_68444/320x231.webp,https://assets.wilsonsauctions.com///lots_asset-258618%2FGeneralImages-0_17691573573226827806916613714175.jpg_74974/320x231.webp,https://assets.wilsonsauctions.com///lots_asset-258618%2FGeneralImages-1_17691573697888444742258923360484.jpg_78208/320x231.webp,https://assets.wilsonsauctions.com///lots_asset-258618%2FGeneralImages-0_17690061087884868861754707891681.jpg_85302/320x231.webp,https://assets.wilsonsauctions.com///lots_asset-258618%2FGeneralImages-1_17690061157554515822774798516875.jpg_54258/320x231.webp,https://assets.wilsonsauctions.com///lots_asset-258618%2FGeneralImages-2_17690062428779030468574743318315.jpg_62076/320x231.webp,https://assets.wilsonsauctions.com///lots_asset-258618%2FGeneralImages-3_17690062495775874200193745026991.jpg_68776/320x231.webp,https://assets.wilsonsauctions.com///lots_asset-258618%2FGeneralImages-4_17690062620474127256672726256393.jpg_56360/320x231.webp,https://assets.wilsonsauctions.com///lots_asset-258618%2FGeneralImages-6_17690063974653972870322218096103.jpg_74904/320x231.webp,https://assets.wilsonsauctions.com///lots_asset-258618%2FGeneralImages-7_17690064054427796976565863188314.jpg_64125/320x231.webp,https://assets.wilsonsauctions.com///lots_asset-258618%2FDamageImages-0_17690065042079158977142914343425.jpg_58088/320x231.webp,https://assets.wilsonsauctions.com///lots_asset-258618%2FDamageImages-1_17690065329434684819355453780147.jpg_73667/320x231.webp,https://assets.wilsonsauctions.com///lots_asset-258618%2FDamageImages-2_17690065454692532332272246617006.jpg_58717/320x231.webp,https://assets.wilsonsauctions.com///lots_asset-258618%2FDamageImages-3_17690065799078665386262722452805.jpg_55719/320x231.webp,https://assets.wilsonsauctions.com///lots_asset-258618%2FDamageImages-4_17690066233476219063870666415411.jpg_55438/320x231.webp,https://assets.wilsonsauctions.com///lots_asset-258618%2FDamageImages-5_17690066524528841192674033018364.jpg_52548/320x231.webp",,,,Black,Present,"£11,200",,"£9,975",,,2,5,,,,,,,Online Auction,No
"Main Agent Car, Commercial and ex-Fire Service Equipment Auction",20,Wilsons Auctions,Audi A1 SportBack 25 TFSI Sport,WP73XTY,Audi,A1 SportBack,SportBack 25 TFSI Sport,1065,Hatchback,Petrol,Manual,Wilsons Auctions Oxford,2025-12-18,14:00,13/12/2023,2023,27009,Correct,To follow,,Yes,Margin,,,1.0,,,"https://assets.wilsonsauctions.com///lots_asset-254933%2FGeneralImages-0_17689954934216984535115627907834.jpg_101025/320x231.webp,https://assets.wilsonsauctions.com///lots_asset-254933%2FGeneralImages-0_17689955897986375357375578687562.jpg_102233/320x231.webp,https://assets.wilsonsauctions.com///lots_asset-254933%2FGeneralImages-1_17689956034973109157020815797002.jpg_108477/320x231.webp,https://assets.wilsonsauctions.com///lots_asset-254933%2FGeneralImages-2_17689956139781589005607543728165.jpg_121476/320x231.webp,https://assets.wilsonsauctions.com///lots_asset-254933%2FGeneralImages-1_17689955013192117803230529275744.jpg_107817/320x231.webp,https://assets.wilsonsauctions.com///lots_asset-254933%2FGeneralImages-2_17689955135804357747084222618110.jpg_96120/320x231.webp,https://assets.wilsonsauctions.com///lots_asset-254933%2FGeneralImages-3_17689955229648272380115004033741.jpg_104848/320x231.webp,https://assets.wilsonsauctions.com///lots_asset-254933%2FGeneralImages-4_17689955354451538583894524044936.jpg_88621/320x231.webp,https://assets.wilsonsauctions.com///lots_asset-254933%2FGeneralImages-5_17689955416972637305997652551703.jpg_96299/320x231.webp,https://assets.wilsonsauctions.com///lots_asset-254933%2FGeneralImages-6_17689955680037014143373310373336.jpg_110016/320x231.webp,https://assets.wilsonsauctions.com///lots_asset-254933%2FGeneralImages-7_17689955747267382375376531324369.jpg_71579/320x231.webp,https://assets.wilsonsauctions.com///lots_asset-254933%2FDamageImages-0_17689957464112271039109802238341.jpg_96485/320x231.webp,https://assets.wilsonsauctions.com///lots_asset-254933%2FDamageImages-1_17689957772088906499948427924748.jpg_87988/320x231.webp,https://assets.wilsonsauctions.com///lots_asset-254933%2FDamageImages-2_17689958105596837849236987140404.jpg_112937/320x231.webp,https://assets.wilsonsauctions.com///lots_asset-254933%2FDamageImages-3_17689958354144449479511597850963.jpg_143492/320x231.webp,https://assets.wilsonsauctions.com///lots_asset-254933%2FDamageImages-4_17689958572606708947243708567163.jpg_123984/320x231.webp,https://assets.wilsonsauctions.com///lots_asset-254933%2FDamageImages-5_17689958844319187580061999425696.jpg_111699/320x231.webp,https://assets.wilsonsauctions.com///lots_asset-254933%2FDamageImages-6_17689959076295415478454502986490.jpg_145689/320x231.webp,https://assets.wilsonsauctions.com///lots_asset-254933%2FDamageImages-7_17689959409226364331166846719274.jpg_156371/320x231.webp,https://assets.wilsonsauctions.com///lots_asset-254933%2FDamageImages-8_17689959696906340596333738676567.jpg_65244/320x231.webp,https://assets.wilsonsauctions.com///lots_asset-254933%2FDamageImages-9_17689960006605952294278605159440.jpg_108017/320x231.webp,https://assets.wilsonsauctions.com///lots_asset-254933%2FDamageImages-10_17689960815297701120828239055754.jpg_129715/320x231.webp",,,,Blue,Present,"£13,850",,"£12,750",,,,5,,,,,,,Online Auction,No
"Main Agent Car, Commercial and ex-Fire Service Equipment Auction",20,Wilsons Auctions,Ford Puma Vivid Ruby Edition Mhev,WR73BVB,Ford,Puma Vivid,Vivid Ruby Edition Mhev,2050,Hatchback,Hyb petrol,Manual,Wilsons Auctions Oxford,2025-12-18,14:00,25/09/2023,2023,10249,Correct,Here,,Yes,VAT Qualifying,FORD CREDIT DIRECT,1,1.0,,,"https://assets.wilsonsauctions.com///lots_asset-252244%2FGeneralImages-5_17683043808767584683330520697254.jpg_109091/320x231.webp,https://assets.wilsonsauctions.com///lots_asset-252244%2FGeneralImages-0_17683041403727820252050510843864.jpg_140425/320x231.webp,https://assets.wilsonsauctions.com///lots_asset-252244%2FGeneralImages-1_17683041484644647260532693929370.jpg_113117/320x231.webp,https://assets.wilsonsauctions.com///lots_asset-252244%2FGeneralImages-2_17683042538794033477034449012015.jpg_53018/320x231.webp,https://assets.wilsonsauctions.com///lots_asset-252244%2FGeneralImages-3_1768304258889103309260424432336.jpg_56037/320x231.webp,https://assets.wilsonsauctions.com///lots_asset-252244%2FGeneralImages-4_17683042636894063265684156965838.jpg_95272/320x231.webp,https://assets.wilsonsauctions.com///lots_asset-252244%2FGeneralImages-6_17683043926861377616972879486508.jpg_78026/320x231.webp,https://assets.wilsonsauctions.com///lots_asset-252244%2FGeneralImages-7_17683043998587476236709209080643.jpg_105313/320x231.webp,https://assets.wilsonsauctions.com///lots_asset-252244%2FDamageImages-0_17683044786383890868198629688988.jpg_33389/320x231.webp,https://assets.wilsonsauctions.com///lots_asset-252244%2FDamageImages-1_17683045133831746906381502669393.jpg_52519/320x231.webp,https://assets.wilsonsauctions.com///lots_asset-252244%2FDamageImages-2_17683045445695383768025331614795.jpg_77463/320x231.webp",,,,Vivid Ruby,Present,"£14,675",,"£13,425",,,,5,,,,,,,Online Auction,No
"Main Agent Car, Commercial and ex-Fire Service Equipment Auction",20,Wilsons Auctions,Ford Puma Titanium Mhev,WR73OLM,Ford,Puma Titanium,Titanium Mhev,2040,Hatchback,Hyb petrol,Manual,Wilsons Auctions Oxford,2025-12-18,14:00,29/09/2023,2023,17109,Correct,Here,,No,VAT Qualifying,FORD CREDIT DIRECT,,1.0,,,"https://assets.wilsonsauctions.com///lots_asset-253490%2FGeneralImages-0_17684701847636926559141242150693.jpg_94940/320x231.webp,https://assets.wilsonsauctions.com///lots_asset-253490%2FGeneralImages-0_17684703036894705159910482485146.jpg_66752/320x231.webp,https://assets.wilsonsauctions.com///lots_asset-253490%2FGeneralImages-1_17684701917476811362691190881875.jpg_73567/320x231.webp,https://assets.wilsonsauctions.com///lots_asset-253490%2FGeneralImages-2_17684702026956697901271783475736.jpg_81078/320x231.webp,https://assets.wilsonsauctions.com///lots_asset-253490%2FGeneralImages-3_17684702134104892508607088319182.jpg_99997/320x231.webp,https://assets.wilsonsauctions.com///lots_asset-253490%2FGeneralImages-4_1768470223841533109313481139749.jpg_99428/320x231.webp,https://assets.wilsonsauctions.com///lots_asset-253490%2FGeneralImages-5_17684702317276920937116937253985.jpg_57531/320x231.webp,https://assets.wilsonsauctions.com///lots_asset-253490%2FGeneralImages-6_17684702487311269169606916898535.jpg_78211/320x231.webp,https://assets.wilsonsauctions.com///lots_asset-253490%2FGeneralImages-7_17684702552724978924487496919529.jpg_58584/320x231.webp,https://assets.wilsonsauctions.com///lots_asset-253490%2FGeneralImages-8_17684702941054551878974744000484.jpg_74366/320x231.webp",,,,Frozen White,Present,"£12,200",,"£11,000",,,,5,,,,,,,Online Auction,No
"Main Agent Car, Commercial and ex-Fire Service Equipment Auction",20,Wilsons Auctions,Seat Ateca TSI EVO Xperience S-A,WU24OHK,Seat,Ateca TSI,TSI EVO Xperience S-A,1035,Hatchback,Petrol,Semi Automatic,Wilsons Auctions Oxford,2025-12-18,14:00,08/03/2024,2024,16241,Correct,Here,,Yes,Margin,,,1.5,,,"https://assets.wilsonsauctions.com///lots_asset-244922%2FGeneralImages-6_17677980104494109792913230086099.jpg_120241/320x231.webp,https://assets.wilsonsauctions.com///lots_asset-244922%2FGeneralImages-0_17677978578625496580679540457055.jpg_65348/320x231.webp,https://assets.wilsonsauctions.com///lots_asset-244922%2FGeneralImages-1_1767797875752271982261477591128.jpg_87427/320x231.webp,https://assets.wilsonsauctions.com///lots_asset-244922%2FGeneralImages-2_17677979232113393111919721474714.jpg_89685/320x231.webp,https://assets.wilsonsauctions.com///lots_asset-244922%2FGeneralImages-3_17677979454677657303837563626903.jpg_92072/320x231.webp,https://assets.wilsonsauctions.com///lots_asset-244922%2FGeneralImages-4_17677979677272334692666953705922.jpg_124060/320x231.webp,https://assets.wilsonsauctions.com///lots_asset-244922%2FGeneralImages-5_17677979871298494013519663103158.jpg_110275/320x231.webp,https://assets.wilsonsauctions.com///lots_asset-244922%2FGeneralImages-7_17677980233697272106898736347773.jpg_62500/320x231.webp,https://assets.wilsonsauctions.com///lots_asset-244922%2FDamageImages-0_1767798229139192134997517984380.jpg_68243/320x231.webp,https://assets.wilsonsauctions.com///lots_asset-244922%2FDamageImages-1_17677982724931837046667436939575.jpg_101160/320x231.webp,https://assets.wilsonsauctions.com///lots_asset-244922%2FDamageImages-2_17677983170567589192042329155098.jpg_107987/320x231.webp,https://assets.wilsonsauctions.com///lots_asset-244922%2FDamageImages-3_17677983486684797120296055817536.jpg_119673/320x231.webp,https://assets.wilsonsauctions.com///lots_asset-244922%2FDamageImages-4_17677983757703540500200913321616.jpg_82537/320x231.webp,https://assets.wilsonsauctions.com///lots_asset-244922%2FDamageImages-5_17677984189291831799758848657933.jpg_73568/320x231.webp",,,,Grey,Present,"£19,100",,"£17,700",,,,5,,,,,,,Online Auction,No
"Main Agent Car, Commercial and ex-Fire Service Equipment Auction",20,Wilsons Auctions,Ford Puma ST (Performance Pack),YC73UPS,Ford,Puma ST,ST (Performance Pack),2007,Hatchback,Petrol,Manual,Wilsons Auctions Oxford,2025-12-18,14:00,24/09/2023,2023,10456,Correct,Here,,Yes,VAT Qualifying,FORD CREDIT DIRECT,,1.5,,,"https://assets.wilsonsauctions.com///lots_asset-257944%2FGeneralImages-5_17689231001341196327312674742143.jpg_91816/320x231.webp,https://assets.wilsonsauctions.com///lots_asset-257944%2FGeneralImages-0_17689231477457753487673643610044.jpg_32304/320x231.webp,https://assets.wilsonsauctions.com///lots_asset-257944%2FGeneralImages-0_17689230346906546590145502872836.jpg_77906/320x231.webp,https://assets.wilsonsauctions.com///lots_asset-257944%2FGeneralImages-1_17689230483164585957841195312620.jpg_72343/320x231.webp,https://assets.wilsonsauctions.com///lots_asset-257944%2FGeneralImages-2_17689230582169173663816157968884.jpg_77408/320x231.webp,https://assets.wilsonsauctions.com///lots_asset-257944%2FGeneralImages-3_17689230708673461552479946147361.jpg_101552/320x231.webp,https://assets.wilsonsauctions.com///lots_asset-257944%2FGeneralImages-4_17689230868376267510246400893367.jpg_93873/320x231.webp,https://assets.wilsonsauctions.com///lots_asset-257944%2FGeneralImages-6_17689231172326027959541178148978.jpg_119737/320x231.webp,https://assets.wilsonsauctions.com///lots_asset-257944%2FGeneralImages-7_17689231317171581237885646167863.jpg_103099/320x231.webp,https://assets.wilsonsauctions.com///lots_asset-257944%2FDamageImages-0_17689232058343252632818672363180.jpg_96034/320x231.webp,https://assets.wilsonsauctions.com///lots_asset-257944%2FDamageImages-1_17689232957018409061621178818684.jpg_27722/320x231.webp,https://assets.wilsonsauctions.com///lots_asset-257944%2FDamageImages-2_17689233389954356426094443640501.jpg_40123/320x231.webp",,,,Frozen White,Present,"£16,850",,"£15,500",,,,5,,,,,,,Online Auction,No
"Main Agent Car, Commercial and ex-Fire Service Equipment Auction",20,Wilsons Auctions,Ford Puma ST (Performance Pack),YE73DWG,Ford,Puma ST,ST (Performance Pack),2035,Hatchback,Petrol,Manual,Wilsons Auctions Oxford,2025-12-18,14:00,29/09/2023,2023,9698,Correct,Here,,Yes,VAT Qualifying,FORD CREDIT DIRECT,,1.5,,,"https://assets.wilsonsauctions.com///lots_asset-245206%2FGeneralImages-0_17664048860541054972882707243738.jpg_99492/320x231.webp,https://assets.wilsonsauctions.com///lots_asset-245206%2FGeneralImages-1_17664048955068630814920043784204.jpg_99938/320x231.webp,https://assets.wilsonsauctions.com///lots_asset-245206%2FGeneralImages-2_17664049088906127928153050965933.jpg_86871/320x231.webp,https://assets.wilsonsauctions.com///lots_asset-245206%2FGeneralImages-3_17664049168634814203224387557137.jpg_89589/320x231.webp,https://assets.wilsonsauctions.com///lots_asset-245206%2FGeneralImages-4_17664049280076187935560541949766.jpg_99807/320x231.webp,https://assets.wilsonsauctions.com///lots_asset-245206%2FGeneralImages-5_17664049472241764579447050329881.jpg_76466/320x231.webp,https://assets.wilsonsauctions.com///lots_asset-245206%2FGeneralImages-6_17664049604063102138203356289851.jpg_91318/320x231.webp,https://assets.wilsonsauctions.com///lots_asset-245206%2FGeneralImages-7_17664049905744057917093267883750.jpg_80306/320x231.webp,https://assets.wilsonsauctions.com///lots_asset-245206%2FDamageImages-0_17664049774348068015157136471229.jpg_86508/320x231.webp,https://assets.wilsonsauctions.com///lots_asset-245206%2FDamageImages-1_17664079292346717732037599722416.jpg_73462/320x231.webp,https://assets.wilsonsauctions.com///lots_asset-245206%2FDamageImages-2_1766407948874517917787187739026.jpg_81145/320x231.webp,https://assets.wilsonsauctions.com///lots_asset-245206%2FDamageImages-3_17664080369434162331719205894599.jpg_81601/320x231.webp,https://assets.wilsonsauctions.com///lots_asset-245206%2FDamageImages-4_1766408061946430660939446173392.jpg_74211/320x231.webp,https://assets.wilsonsauctions.com///lots_asset-245206%2FDamageImages-5_17664081361613989594470680239511.jpg_93869/320x231.webp,https://assets.wilsonsauctions.com///lots_asset-245206%2FDamageImages-6_17664081748966592879855526868671.jpg_34441/320x231.webp,https://assets.wilsonsauctions.com///lots_asset-245206%2FDamageImages-7_17664082497045842135207892826939.jpg_78653/320x231.webp",,,,Magnetic Grey,Present,"£16,925",,"£15,575",,,2,5,,,,,,,Online Auction,No
"Main Agent Car, Commercial and ex-Fire Service Equipment Auction",20,Wilsons Auctions,Vauxhall Corsa Turbo GS,YF74WXP,Vauxhall,Corsa Turbo,Turbo GS,1059,Hatchback,Petrol,Manual,Wilsons Auctions Oxford,2025-12-18,14:00,29/11/2024,2024,6658,Correct,Here,,No,Margin,,,1.2,,,"https://assets.wilsonsauctions.com///lots_asset-260739%2FGeneralImages-5_17688303878971799268702789297156.jpg_83061/320x231.webp,https://assets.wilsonsauctions.com///lots_asset-260739%2FGeneralImages-0_1768830101503519489095508473525.jpg_105195/320x231.webp,https://assets.wilsonsauctions.com///lots_asset-260739%2FGeneralImages-1_17688301068381894385659018920418.jpg_127050/320x231.webp,https://assets.wilsonsauctions.com///lots_asset-260739%2FGeneralImages-2_1768830111586732157312436609089.jpg_94752/320x231.webp,https://assets.wilsonsauctions.com///lots_asset-260739%2FGeneralImages-3_17688301166475962113636367211018.jpg_83023/320x231.webp,https://assets.wilsonsauctions.com///lots_asset-260739%2FGeneralImages-4_17688306933327232541574710941562.jpg_71546/320x231.webp,https://assets.wilsonsauctions.com///lots_asset-260739%2FGeneralImages-0_17688300563197570639738864778491.jpg_124645/320x231.webp,https://assets.wilsonsauctions.com///lots_asset-260739%2FGeneralImages-1_17688300657662736196762141409291.jpg_99228/320x231.webp,https://assets.wilsonsauctions.com///lots_asset-260739%2FGeneralImages-2_17688302618242428668648291520919.jpg_55827/320x231.webp,https://assets.wilsonsauctions.com///lots_asset-260739%2FGeneralImages-3_17688302708875438052965621029374.jpg_51996/320x231.webp,https://assets.wilsonsauctions.com///lots_asset-260739%2FGeneralImages-4_17688302772324679440888850528739.jpg_65774/320x231.webp,https://assets.wilsonsauctions.com///lots_asset-260739%2FGeneralImages-6_17688303943338854427226518010618.jpg_75768/320x231.webp,https://assets.wilsonsauctions.com///lots_asset-260739%2FGeneralImages-7_17688304047754568471275037124568.jpg_98580/320x231.webp,https://assets.wilsonsauctions.com///lots_asset-260739%2FDamageImages-0_17688300819906847266913503953841.jpg_117171/320x231.webp,https://assets.wilsonsauctions.com///lots_asset-260739%2FDamageImages-1_17688300936175507215523325516711.jpg_92055/320x231.webp,https://assets.wilsonsauctions.com///lots_asset-260739%2FDamageImages-2_17688301449644402689995673056121.jpg_186140/320x231.webp,https://assets.wilsonsauctions.com///lots_asset-260739%2FDamageImages-3_17688301631545133012190674656671.jpg_162125/320x231.webp,https://assets.wilsonsauctions.com///lots_asset-260739%2FDamageImages-4_17688304764455162149661911643909.jpg_71891/320x231.webp,https://assets.wilsonsauctions.com///lots_asset-260739%2FDamageImages-5_17688304919782951597277700526565.jpg_128549/320x231.webp,https://assets.wilsonsauctions.com///lots_asset-260739%2FDamageImages-6_17688305054577446677284873409553.jpg_128163/320x231.webp,https://assets.wilsonsauctions.com///lots_asset-260739%2FDamageImages-7_17688305275076880493257350869321.jpg_86165/320x231.webp,https://assets.wilsonsauctions.com///lots_asset-260739%2FDamageImages-8_17688305542073822054372779727176.jpg_74446/320x231.webp,https://assets.wilsonsauctions.com///lots_asset-260739%2FDamageImages-9_17688305658756680248193107191650.jpg_82087/320x231.webp,https://assets.wilsonsauctions.com///lots_asset-260739%2FDamageImages-10_17688311448335826041510440849662.jpg_73792/320x231.webp,https://assets.wilsonsauctions.com///lots_asset-260739%2FDamageImages-11_17688306300634118795469274797315.jpg_32473/320x231.webp,https://assets.wilsonsauctions.com///lots_asset-260739%2FDamageImages-12_17688306479673370597313283178046.jpg_61630/320x231.webp,https://assets.wilsonsauctions.com///lots_asset-260739%2FDamageImages-13_17688306607498486313668695283034.jpg_59296/320x231.webp,https://assets.wilsonsauctions.com///lots_asset-260739%2FDamageImages-14_17688306798146960755106128439811.jpg_69795/320x231.webp,https://assets.wilsonsauctions.com///lots_asset-260739%2FDamageImages-15_17688307142634039952466012087444.jpg_69832/320x231.webp,https://assets.wilsonsauctions.com///lots_asset-260739%2FDamageImages-16_17688307314057590517123569856434.jpg_99308/320x231.webp,https://assets.wilsonsauctions.com///lots_asset-260739%2FDamageImages-17_17688307542802574664168802836471.jpg_59931/320x231.webp,https://assets.wilsonsauctions.com///lots_asset-260739%2FDamageImages-18_17688307815445584931932902915656.jpg_34194/320x231.webp,https://assets.wilsonsauctions.com///lots_asset-260739%2FDamageImages-19_17688307987708099699327617415084.jpg_70945/320x231.webp",,,,Blue,Present,"£13,350",,"£12,250",,,,5,,,,,,,Online Auction,No
"Main Agent Car, Commercial and ex-Fire Service Equipment Auction",20,Wilsons Auctions,Ford Kuga St-Line Edition,YR72XUV,Ford,Kuga St-Line,St-Line Edition,2015,Hatchback,Petrol,Manual,Wilsons Auctions Oxford,2025-12-18,14:00,28/09/2022,2022,29829,Correct,Here,,Yes,VAT Qualifying,FORD CREDIT DIRECT,,1.5,,,"https://assets.wilsonsauctions.com///lots_asset-249949%2FGeneralImages-6_17677822722465132554899323341251.jpg_107037/320x231.webp,https://assets.wilsonsauctions.com///lots_asset-249949%2FGeneralImages-0_17677821285821563534088627202040.jpg_69564/320x231.webp,https://assets.wilsonsauctions.com///lots_asset-249949%2FGeneralImages-1_17677821461037394016417622482293.jpg_57716/320x231.webp,https://assets.wilsonsauctions.com///lots_asset-249949%2FGeneralImages-2_17677821850997434898462517736286.jpg_94378/320x231.webp,https://assets.wilsonsauctions.com///lots_asset-249949%2FGeneralImages-3_17677821981655834302204864368993.jpg_91862/320x231.webp,https://assets.wilsonsauctions.com///lots_asset-249949%2FGeneralImages-4_1767782218204525738821427806536.jpg_70125/320x231.webp,https://assets.wilsonsauctions.com///lots_asset-249949%2FGeneralImages-5_17677822425151689229400874932584.jpg_90838/320x231.webp,https://assets.wilsonsauctions.com///lots_asset-249949%2FGeneralImages-7_17677822880546998666499494254885.jpg_80427/320x231.webp",,,,Frozen White,Present,"£14,700",,"£13,400",,,,5,,,,,,,Online Auction,No
"Main Agent Car, Commercial and ex-Fire Service Equipment Auction",20,Wilsons Auctions,Ford Puma ST (Performance Pack),YX73KNZ,Ford,Puma ST,ST (Performance Pack),2031,Hatchback,Petrol,Manual,Wilsons Auctions Oxford,2025-12-18,14:00,19/09/2023,2023,14275,Correct,Here,,No,VAT Qualifying,FORD CREDIT DIRECT,,1.5,,,"https://assets.wilsonsauctions.com///lots_asset-251433%2FGeneralImages-5_17677948648811072569473845282742.jpg_96241/320x231.webp,https://assets.wilsonsauctions.com///lots_asset-251433%2FGeneralImages-0_17677947093406784543363401682291.jpg_126920/320x231.webp,https://assets.wilsonsauctions.com///lots_asset-251433%2FGeneralImages-1_17677947159541084555281313216363.jpg_161604/320x231.webp,https://assets.wilsonsauctions.com///lots_asset-251433%2FGeneralImages-2_17677948324847463353814710057964.jpg_61989/320x231.webp,https://assets.wilsonsauctions.com///lots_asset-251433%2FGeneralImages-3_17677948386652932759715756537344.jpg_85647/320x231.webp,https://assets.wilsonsauctions.com///lots_asset-251433%2FGeneralImages-4_17677948482416456823091376462220.jpg_79788/320x231.webp,https://assets.wilsonsauctions.com///lots_asset-251433%2FGeneralImages-6_1767794870914130254143176668320.jpg_46597/320x231.webp,https://assets.wilsonsauctions.com///lots_asset-251433%2FGeneralImages-7_17677948779824874576636284024742.jpg_90784/320x231.webp,https://assets.wilsonsauctions.com///lots_asset-251433%2FDamageImages-0_17677950358458244303300587058765.jpg_103940/320x231.webp,https://assets.wilsonsauctions.com///lots_asset-251433%2FDamageImages-1_17677950688772861763624522236865.jpg_58735/320x231.webp",,,,Azura Blue,Present,"£16,525",,"£15,175",,,2,5,,,,,,,Online Auction,No
