Auction Name,Sheet id,Auction House,Title,Reg,Make,Model,Variant,Lot,Body type,Fuel Type,Transmission,Center,Start Date,Start Time,D.O.R,Year,Mileage,Mileage Warranted,V5,MOT Expiry Date,Service History,VAT Status,Vendor,Former Keepers,CC,Service Notes,Inspection Report,Images,Damaged_images,Damage_details,Additional Information,Colour,Keys,CAP Clean,CAP Below,CAP Average,Features,General Condition,Grade,Doors,Seats,MOT Due,Euro Status,No of services,Last service mileage,Tyres Condition,End Date,End Time,Auction Type,Non Runner,Bidding History,Last Bid
Seized Vehicle Auction,20,Wilsons Auctions,BMW 118d SE,AF56LHB,BMW,118d SE,SE,38,Hatchback,Diesel,Manual,Wilsons Auctions Maidstone,2026-01-21,12:00,08/09/2006,2006,,Not Warranted,Here,20-10-2026,No,Margin,REPOSSESSION NO RESERVE,,2.0,,,"https://assets.wilsonsauctions.com///lots_1768295211-PICT0043.jpg_2086083/320x231.webp,https://assets.wilsonsauctions.com///lots_1768295211-PICT0044.jpg_1530300/320x231.webp,https://assets.wilsonsauctions.com///lots_1768295212-PICT0045.jpg_1906321/320x231.webp,https://assets.wilsonsauctions.com///lots_1768295212-PICT0046.jpg_1957969/320x231.webp,https://assets.wilsonsauctions.com///lots_1768295212-PICT0047.jpg_1541766/320x231.webp,https://assets.wilsonsauctions.com///lots_1768295213-PICT0048.jpg_1646647/320x231.webp,https://assets.wilsonsauctions.com///lots_1768295213-PICT0049.jpg_1814361/320x231.webp,https://assets.wilsonsauctions.com///lots_1768295214-PICT0050.jpg_2093501/320x231.webp,https://assets.wilsonsauctions.com///lots_1768295214-PICT0051.jpg_1954870/320x231.webp",,,,Black,Not present,―,,―,,,,5,,,,,,,2026-01-22,12:00,Timed Auction,No,[0],0
Seized Vehicle Auction,20,Wilsons Auctions,Volvo V50 SE D,AK57AUN,Volvo,V50 SE,SE D,80,Estate,Diesel,Manual,Wilsons Auctions Widnes,2026-01-21,12:00,21/09/2007,2007,,Not Warranted,,22-04-2026,No,Margin,REPOSSESSION NO RESERVE,,2.0,,,"https://assets.wilsonsauctions.com///lots_1768988815-P1050805.JPG_1580790/320x231.webp,https://assets.wilsonsauctions.com///lots_1768988815-P1050806.JPG_1547635/320x231.webp,https://assets.wilsonsauctions.com///lots_1768988816-P1050807.JPG_1564983/320x231.webp,https://assets.wilsonsauctions.com///lots_1768988817-P1050808.JPG_1702255/320x231.webp,https://assets.wilsonsauctions.com///lots_1768988818-P1050809.JPG_1621733/320x231.webp,https://assets.wilsonsauctions.com///lots_1768988820-P1050810.JPG_1659720/320x231.webp,https://assets.wilsonsauctions.com///lots_1768988821-P1050811.JPG_1373456/320x231.webp,https://assets.wilsonsauctions.com///lots_1768988821-P1050812.JPG_1276913/320x231.webp,https://assets.wilsonsauctions.com///lots_1768988822-P1050813.JPG_1599932/320x231.webp,https://assets.wilsonsauctions.com///lots_1768988823-P1050814.JPG_1175143/320x231.webp",,,,Grey,Not present,―,,―,,,,,,,,,,,2026-01-22,12:00,Timed Auction,No,[100],100
Seized Vehicle Auction,20,Wilsons Auctions,Ford Fiesta Titanium 68 Tdci,AO10GFV,Ford,Fiesta Titanium,Titanium 68 Tdci,134,Hatchback,Diesel,Manual,Wilsons Auctions Newport,2026-01-21,12:00,20/04/2010,2010,,Not Warranted,,,No,Margin,REPOSSESSION NO RESERVE,,1.4,,,"https://assets.wilsonsauctions.com///lots_asset-229119%2F17642408099712977839352256024281.jpg_5409480/320x231.webp,https://assets.wilsonsauctions.com///lots_asset-229119%2F17642408167317249519978240587767.jpg_5195134/320x231.webp,https://assets.wilsonsauctions.com///lots_asset-229119%2F17642408281485566160256655696086.jpg_5108063/320x231.webp",,,,Blue,Not present,―,,―,,,,5,,,,,,,2026-01-22,12:00,Timed Auction,No,[0],0
Seized Vehicle Auction,20,Wilsons Auctions,Volvo C30 SE D,AO10MFJ,Volvo,C30 SE,SE D,43,Hatchback,Diesel,Manual,Wilsons Auctions West Bromwich,2026-01-21,12:00,31/03/2010,2010,,Not Warranted,Here,29-01-2026,No,Margin,REPOSSESSION NO RESERVE,,2.0,,,"https://assets.wilsonsauctions.com///lots_1767619061-17676190528245810102876056513329.jpg_3670131/320x231.webp,https://assets.wilsonsauctions.com///lots_1767619068-17676190605736046845355581248409.jpg_4070862/320x231.webp,https://assets.wilsonsauctions.com///lots_1767619082-17676190751165619311722966118629.jpg_2791221/320x231.webp,https://assets.wilsonsauctions.com///lots_1767619101-17676190844758400744548058663518.jpg_3864892/320x231.webp,https://assets.wilsonsauctions.com///lots_1767619111-17676191030271592353722753301326.jpg_2775210/320x231.webp,https://assets.wilsonsauctions.com///lots_1767619195-17676191881764745525659306725846.jpg_4047829/320x231.webp,https://assets.wilsonsauctions.com///lots_1767619207-1767619197232199961865410079095.jpg_3779046/320x231.webp,https://assets.wilsonsauctions.com///lots_1767619222-17676192071899076000366530668026.jpg_3854218/320x231.webp,https://assets.wilsonsauctions.com///lots_1767619254-17676192252198013904380272940059.jpg_2829948/320x231.webp,https://assets.wilsonsauctions.com///lots_1767619265-17676192535983827506030747304178.jpg_2357192/320x231.webp,https://assets.wilsonsauctions.com///lots_1767619274-1767619267368311429977854166716.jpg_2993735/320x231.webp",,,,Orange,Not present,―,,―,,,,3,,,,,,,2026-01-22,12:00,Timed Auction,No,[120],120
Seized Vehicle Auction,20,Wilsons Auctions,Nissan Micra N-Tec DCI,AO10TLV,Nissan,Micra N-Tec,N-Tec DCI,8,Hatchback,Diesel,Manual,Wilsons Auctions Maidstone,2026-01-21,12:00,22/05/2010,2010,,Not Warranted,Here,07-03-2026,No,Margin,REPOSSESSION NO RESERVE,,1.5,,,"https://assets.wilsonsauctions.com///lots_1767953035-PICT0021.jpg_2191591/320x231.webp,https://assets.wilsonsauctions.com///lots_1767953036-PICT0022.jpg_2001966/320x231.webp,https://assets.wilsonsauctions.com///lots_1767953036-PICT0023.jpg_1295263/320x231.webp,https://assets.wilsonsauctions.com///lots_1767953036-PICT0024.jpg_2434883/320x231.webp,https://assets.wilsonsauctions.com///lots_1767953037-PICT0025.jpg_2325805/320x231.webp,https://assets.wilsonsauctions.com///lots_1767953037-PICT0026.jpg_1677511/320x231.webp,https://assets.wilsonsauctions.com///lots_1767953038-PICT0027.jpg_2086009/320x231.webp",,,,Grey,Not present,―,,―,,,,5,,,,,,,2026-01-22,12:00,Timed Auction,No,[170],170
Seized Vehicle Auction,20,Wilsons Auctions,Seat Ibiza FR TSI S-A,AY15XMD,Seat,Ibiza FR,FR TSI S-A,54,Hatchback,Petrol,Semi Automatic,Wilsons Auctions Gateshead,2026-01-21,12:00,14/05/2015,2015,,Not Warranted,Here,,No,Margin,,,1.2,,,"https://assets.wilsonsauctions.com///lots_1768388615-image.jpg_4555644/320x231.webp,https://assets.wilsonsauctions.com///lots_1768388621-image.jpg_4096023/320x231.webp,https://assets.wilsonsauctions.com///lots_1768388629-image.jpg_4508869/320x231.webp,https://assets.wilsonsauctions.com///lots_1768388634-image.jpg_4131586/320x231.webp,https://assets.wilsonsauctions.com///lots_1768388638-image.jpg_3908696/320x231.webp,https://assets.wilsonsauctions.com///lots_1768388649-image.jpg_2037510/320x231.webp,https://assets.wilsonsauctions.com///lots_1768388659-image.jpg_3525673/320x231.webp,https://assets.wilsonsauctions.com///lots_1768388668-image.jpg_3617179/320x231.webp",,,,Blue,Not present,―,,―,,,,3,,,,,,,2026-01-22,12:00,Timed Auction,No,[1080],1080
Seized Vehicle Auction,20,Wilsons Auctions,KIA Optima Phev Auto,NL65ROB,KIA,Optima Phev,Phev Auto,61,Estate,Hyb petrol,Automatic,Wilsons Auctions Belfast,2026-01-21,12:00,25/09/2017,2017,,Not Warranted,Here,,No,Margin,REPOSSESSION NO RESERVE,,2.0,,,"https://assets.wilsonsauctions.com///lots_asset-247496%2Fimage.jpg_3534990/320x231.webp,https://assets.wilsonsauctions.com///lots_asset-247496%2Fimage.jpg_3776398/320x231.webp,https://assets.wilsonsauctions.com///lots_asset-247496%2Fimage.jpg_4058778/320x231.webp,https://assets.wilsonsauctions.com///lots_asset-247496%2Fimage.jpg_3815133/320x231.webp",,,,Black,Not present,―,,―,,,,,,,,,,,2026-01-22,12:00,Timed Auction,No,[2020],2020
Seized Vehicle Auction,20,Wilsons Auctions,Vauxhall Corsa S Cdti Ecoflex,BF60VMM,Vauxhall,Corsa S,S Cdti Ecoflex,107,Hatchback,Diesel,Manual,Wilsons Auctions Glasgow,2026-01-21,12:00,18/10/2010,2010,,Not Warranted,,,No,Margin,REPOSSESSION NO RESERVE,,1.2,,,"https://assets.wilsonsauctions.com///lots_asset-244261%2FGeneralImages-0_1767792535804423155561190028759.jpg_178583/320x231.webp,https://assets.wilsonsauctions.com///lots_asset-244261%2FGeneralImages-1_17677925439023501195446756742276.jpg_180146/320x231.webp",,,,Silver,Not present,―,,―,,,,5,,,,,,,2026-01-22,12:00,Timed Auction,No,[0],0
Seized Vehicle Auction,20,Wilsons Auctions,Ford Transit 100 T350l RWD,BJ11OSW,Ford,Transit 100,100 T350l RWD,68,Panel van,Diesel,Manual,Wilsons Auctions Stoke,2026-01-21,12:00,31/05/2011,2011,,Not Warranted,,,No,Margin,REPOSSESSION NO RESERVE,,2.4,,,"https://assets.wilsonsauctions.com///lots_asset-242616%2F17659666915653320600247990084172.jpg_5944781/320x231.webp,https://assets.wilsonsauctions.com///lots_asset-242616%2F17659667346252619748173966662249.jpg_5727573/320x231.webp,https://assets.wilsonsauctions.com///lots_asset-242616%2F17659667457004609176034397598334.jpg_5003444/320x231.webp,https://assets.wilsonsauctions.com///lots_asset-242616%2F17659667571945293184624355407721.jpg_5000608/320x231.webp,https://assets.wilsonsauctions.com///lots_asset-242616%2F17659667690466778388706531050808.jpg_5019686/320x231.webp,https://assets.wilsonsauctions.com///lots_asset-242616%2F17659667835743201673930117029103.jpg_4950114/320x231.webp,https://assets.wilsonsauctions.com///lots_asset-242616%2F17659668139526944585606530364590.jpg_5848662/320x231.webp,https://assets.wilsonsauctions.com///lots_asset-242616%2F17659668263156841415170095526267.jpg_4031252/320x231.webp",,,,White,Not present,―,,―,,,,,,,,,,,2026-01-22,12:00,Timed Auction,Yes,[50],50
Seized Vehicle Auction,20,Wilsons Auctions,Nissan Qashqai N-Tec DCI,BJ61FVE,Nissan,Qashqai N-Tec,N-Tec DCI,124,Hatchback,Diesel,Manual,Wilsons Auctions Newport,2026-01-21,12:00,15/12/2011,2011,,Not Warranted,,,No,Margin,REPOSSESSION NO RESERVE,,1.5,,,"https://assets.wilsonsauctions.com///lots_asset-247572%2F17670926224794275010359158050620.jpg_4557797/320x231.webp,https://assets.wilsonsauctions.com///lots_asset-247572%2F17670926293756488097339823822396.jpg_4936826/320x231.webp,https://assets.wilsonsauctions.com///lots_asset-247572%2F17670926369236121978271191926632.jpg_5032573/320x231.webp",,,,White,Not present,―,,―,,,,5,,,,,,,2026-01-22,12:00,Timed Auction,No,[100],100
Seized Vehicle Auction,20,Wilsons Auctions,Ford Tran Connect L 200 TD SWB,BN06BBE,Ford,Tran Connect,Connect L 200 TD SWB,78,Panel van,Diesel,Manual,Wilsons Auctions Widnes,2026-01-21,12:00,15/03/2006,2006,,Not Warranted,,20-06-2026,No,Standard Rate,REPOSSESSION NO RESERVE,,1.8,,,"https://assets.wilsonsauctions.com///lots_1768988940-P1050781.JPG_1592915/320x231.webp,https://assets.wilsonsauctions.com///lots_1768988943-P1050782.JPG_1452495/320x231.webp,https://assets.wilsonsauctions.com///lots_1768988945-P1050783.JPG_1424095/320x231.webp,https://assets.wilsonsauctions.com///lots_1768988945-P1050784.JPG_1404260/320x231.webp,https://assets.wilsonsauctions.com///lots_1768988946-P1050785.JPG_1482260/320x231.webp,https://assets.wilsonsauctions.com///lots_1768988947-P1050786.JPG_1298310/320x231.webp,https://assets.wilsonsauctions.com///lots_1768988948-P1050787.JPG_1295945/320x231.webp,https://assets.wilsonsauctions.com///lots_1768988948-P1050788.JPG_1212180/320x231.webp,https://assets.wilsonsauctions.com///lots_1768988949-P1050789.JPG_1585244/320x231.webp",,,,White,Not present,―,,―,,,,,,,,,,,2026-01-22,12:00,Timed Auction,No,[0],0
Seized Vehicle Auction,20,Wilsons Auctions,Ford S-Max Zetec Tdci 6G,BN56BCF,Ford,S-Max Zetec,Zetec Tdci 6G,36,Mpv,Diesel,Manual,Wilsons Auctions Stoke,2026-01-21,12:00,12/09/2006,2006,,Not Warranted,Here,20-07-2026,No,Margin,REPOSSESSION NO RESERVE,,2.0,,,"https://assets.wilsonsauctions.com///lots_asset-257153%2F1768392957811351828463975893104.jpg_6722172/320x231.webp,https://assets.wilsonsauctions.com///lots_asset-257153%2F17683929680233204422234371057450.jpg_5839956/320x231.webp,https://assets.wilsonsauctions.com///lots_asset-257153%2F1768392977148421374972256633485.jpg_5213766/320x231.webp,https://assets.wilsonsauctions.com///lots_asset-257153%2F17683929888806537638342098563820.jpg_6366105/320x231.webp,https://assets.wilsonsauctions.com///lots_asset-257153%2F17683929973011537741157617039418.jpg_6008081/320x231.webp,https://assets.wilsonsauctions.com///lots_asset-257153%2F17683930306596525532950871380353.jpg_7471580/320x231.webp,https://assets.wilsonsauctions.com///lots_asset-257153%2F17683930615598568421300697528926.jpg_6304212/320x231.webp,https://assets.wilsonsauctions.com///lots_asset-257153%2F17683930792795241559458382331540.jpg_4289635/320x231.webp",,,,Silver,Not present,―,,―,,,,5,,,,,,,2026-01-22,12:00,Timed Auction,No,[100],100
Seized Vehicle Auction,20,Wilsons Auctions,Citroen C4 Picasso 5 Vtr+ HDI,BN58WMZ,Citroen,C4 Picasso,Picasso 5 Vtr+ HDI,47,Mpv,Diesel,Manual,Wilsons Auctions Gateshead,2026-01-21,12:00,16/09/2008,2008,,Not Warranted,,,No,Margin,REPOSSESSION NO RESERVE,,1.6,,,"https://assets.wilsonsauctions.com///lots_1768912341-image.jpg_4093330/320x231.webp,https://assets.wilsonsauctions.com///lots_1768912346-image.jpg_3931533/320x231.webp,https://assets.wilsonsauctions.com///lots_1768912354-image.jpg_3615083/320x231.webp,https://assets.wilsonsauctions.com///lots_1768912360-image.jpg_3553937/320x231.webp,https://assets.wilsonsauctions.com///lots_1768912365-image.jpg_3170811/320x231.webp,https://assets.wilsonsauctions.com///lots_1768912374-image.jpg_1661515/320x231.webp,https://assets.wilsonsauctions.com///lots_1768912385-image.jpg_3919888/320x231.webp,https://assets.wilsonsauctions.com///lots_1768912432-image.jpg_3309344/320x231.webp",,,,Purple,Not present,―,,―,,,,5,,,,,,,2026-01-22,12:00,Timed Auction,No,[100],100
Seized Vehicle Auction,20,Wilsons Auctions,Vauxhall Zafira Life,CA57JZH,Vauxhall,Zafira Life,Life,116,Mpv,Petrol,Manual,Wilsons Auctions Newport,2026-01-21,12:00,14/01/2008,2008,,Not Warranted,,08-04-2026,No,Margin,REPOSSESSION NO RESERVE,,1.6,,,"https://assets.wilsonsauctions.com///lots_asset-249616%2F17676940403553201632437191036828.jpg_4198643/320x231.webp,https://assets.wilsonsauctions.com///lots_asset-249616%2F17676940476847023657162923563483.jpg_4518930/320x231.webp,https://assets.wilsonsauctions.com///lots_asset-249616%2F17676940535753483510896768712318.jpg_4580362/320x231.webp",,,,Beige,Not present,―,,―,,,,5,,,,,,,2026-01-22,12:00,Timed Auction,No,[100],100
Seized Vehicle Auction,20,Wilsons Auctions,Vauxhall Astra Life,CT09FKM,Vauxhall,Astra Life,Life,125,Estate,Diesel,,Wilsons Auctions Newport,2026-01-21,12:00,01/11/2014,2014,,Not Warranted,,,No,Margin,REPOSSESSION NO RESERVE,,1.7,,,"https://assets.wilsonsauctions.com///lots_asset-246973%2F17665694458778533231771580272750.jpg_5011545/320x231.webp,https://assets.wilsonsauctions.com///lots_asset-246973%2F17665694517051218016115727192961.jpg_4811803/320x231.webp,https://assets.wilsonsauctions.com///lots_asset-246973%2F17665694569568666910205344543279.jpg_4652028/320x231.webp",,,,Blue,Not present,―,,―,,,,,,,,,,,2026-01-22,12:00,Timed Auction,No,[100],100
Seized Vehicle Auction,20,Wilsons Auctions,Saab 9-3 Linear 150 BHP,CX56XSY,Saab,9-3 Linear,Linear 150 BHP,97,Convertible,Petrol,Manual,Wilsons Auctions Leigh,2026-01-21,12:00,21/12/2006,2006,,Not Warranted,,,No,Margin,REPOSSESSION NO RESERVE,,2.0,,,"https://assets.wilsonsauctions.com///lots_1768990127-PICT0129.jpg_2118385/320x231.webp,https://assets.wilsonsauctions.com///lots_1768990129-PICT0130.jpg_1976447/320x231.webp,https://assets.wilsonsauctions.com///lots_1768990130-PICT0131.jpg_2194624/320x231.webp,https://assets.wilsonsauctions.com///lots_1768990131-PICT0132.jpg_2054756/320x231.webp,https://assets.wilsonsauctions.com///lots_1768990132-PICT0133.jpg_1613907/320x231.webp,https://assets.wilsonsauctions.com///lots_1768990133-PICT0134.jpg_1670564/320x231.webp,https://assets.wilsonsauctions.com///lots_1768990134-PICT0135.jpg_1096364/320x231.webp,https://assets.wilsonsauctions.com///lots_1768990135-PICT0136.jpg_2238818/320x231.webp,https://assets.wilsonsauctions.com///lots_1768990136-PICT0137.jpg_1560496/320x231.webp,https://assets.wilsonsauctions.com///lots_1768990137-PICT0138.jpg_1492684/320x231.webp",,,,Blue,Not present,―,,―,,,,2,,,,,,,2026-01-22,12:00,Timed Auction,No,[0],0
Seized Vehicle Auction,20,Wilsons Auctions,Volkswagen Passat S Bluemotion Tech TDI,CY11CVP,Volkswagen,Passat S,S Bluemotion Tech TDI,2,Saloon,Diesel,Manual,Wilsons Auctions Maidstone,2026-01-21,12:00,30/04/2011,2011,188897,Not Warranted,Buyer To Apply,12-09-2026,No,Exempt,REPOSSESSION - NO RESERVE,,1.6,,,"https://assets.wilsonsauctions.com///lots_1768991835-PICT0099.jpg_2138933/320x231.webp,https://assets.wilsonsauctions.com///lots_1768991835-PICT0100.jpg_1857787/320x231.webp,https://assets.wilsonsauctions.com///lots_1768991836-PICT0101.jpg_1730203/320x231.webp,https://assets.wilsonsauctions.com///lots_1768991836-PICT0102.jpg_1266686/320x231.webp,https://assets.wilsonsauctions.com///lots_1768991836-PICT0103.jpg_1836884/320x231.webp,https://assets.wilsonsauctions.com///lots_1768991837-PICT0104.jpg_2876742/320x231.webp,https://assets.wilsonsauctions.com///lots_1768991837-PICT0105.jpg_1991065/320x231.webp,https://assets.wilsonsauctions.com///lots_1768991838-PICT0106.jpg_1800067/320x231.webp,https://assets.wilsonsauctions.com///lots_1768991838-PICT0107.jpg_1644224/320x231.webp,https://assets.wilsonsauctions.com///lots_1768991838-PICT0108.jpg_1629716/320x231.webp,https://assets.wilsonsauctions.com///lots_1768991839-PICT0109.jpg_1418335/320x231.webp,https://assets.wilsonsauctions.com///lots_1768991839-PICT0110.jpg_1511883/320x231.webp,https://assets.wilsonsauctions.com///lots_1768991840-PICT0111.jpg_1603200/320x231.webp,https://assets.wilsonsauctions.com///lots_1768991840-PICT0112.jpg_2204243/320x231.webp,https://assets.wilsonsauctions.com///lots_1768991841-PICT0113.jpg_2190445/320x231.webp,https://assets.wilsonsauctions.com///lots_1768991841-PICT0114.jpg_1311167/320x231.webp,https://assets.wilsonsauctions.com///lots_1768991841-PICT0115.jpg_1406736/320x231.webp,https://assets.wilsonsauctions.com///lots_1768991842-PICT0116.jpg_1666754/320x231.webp,https://assets.wilsonsauctions.com///lots_1768991842-PICT0117.jpg_1459837/320x231.webp,https://assets.wilsonsauctions.com///lots_1768991843-PICT0118.jpg_1613349/320x231.webp,https://assets.wilsonsauctions.com///lots_1768991844-PICT0119.jpg_1327174/320x231.webp",,,,Black,Present,£825,,£425,,,,4,,,,,,,2026-01-22,12:00,Timed Auction,No,[190],190
Seized Vehicle Auction,20,Wilsons Auctions,Skoda Fabia SE TDI CR 75,DA60ZLZ,Skoda,Fabia SE,SE TDI CR 75,95,Estate,Diesel,Manual,Wilsons Auctions Leigh,2026-01-21,12:00,24/01/2011,2011,,Not Warranted,,,No,Margin,REPOSSESSION NO RESERVE,,1.6,,,"https://assets.wilsonsauctions.com///lots_1768990242-PICT0088.jpg_1863293/320x231.webp,https://assets.wilsonsauctions.com///lots_1768990243-PICT0089.jpg_1988659/320x231.webp,https://assets.wilsonsauctions.com///lots_1768990244-PICT0090.jpg_1926194/320x231.webp,https://assets.wilsonsauctions.com///lots_1768990245-PICT0091.jpg_1886620/320x231.webp,https://assets.wilsonsauctions.com///lots_1768990246-PICT0092.jpg_1783577/320x231.webp,https://assets.wilsonsauctions.com///lots_1768990248-PICT0093.jpg_1911153/320x231.webp,https://assets.wilsonsauctions.com///lots_1768990249-PICT0094.jpg_1833188/320x231.webp,https://assets.wilsonsauctions.com///lots_1768990250-PICT0095.jpg_1852649/320x231.webp,https://assets.wilsonsauctions.com///lots_1768990251-PICT0096.jpg_1814840/320x231.webp,https://assets.wilsonsauctions.com///lots_1768990252-PICT0097.jpg_1345245/320x231.webp",,,,Blue,Not present,―,,―,,,,,,,,,,,2026-01-22,12:00,Timed Auction,No,[230],230
Seized Vehicle Auction,20,Wilsons Auctions,Ford B-Max Titanium Tdci,DF62FBV,Ford,B-Max Titanium,Titanium Tdci,3,Mpv,Diesel,Manual,Wilsons Auctions Maidstone,2026-01-21,12:00,31/01/2013,2013,104254,Not Warranted,Buyer To Apply,22-04-2026,No,Exempt,REPOSSESSION - NO RESERVE,,1.6,,,"https://assets.wilsonsauctions.com///lots_1768992058-PICT0081.jpg_2253975/320x231.webp,https://assets.wilsonsauctions.com///lots_1768992058-PICT0082.jpg_1521830/320x231.webp,https://assets.wilsonsauctions.com///lots_1768992059-PICT0083.jpg_2227348/320x231.webp,https://assets.wilsonsauctions.com///lots_1768992059-PICT0084.jpg_2431749/320x231.webp,https://assets.wilsonsauctions.com///lots_1768992059-PICT0085.jpg_1564808/320x231.webp,https://assets.wilsonsauctions.com///lots_1768992060-PICT0086.jpg_1356324/320x231.webp,https://assets.wilsonsauctions.com///lots_1768992060-PICT0087.jpg_1398771/320x231.webp,https://assets.wilsonsauctions.com///lots_1768992060-PICT0088.jpg_1528526/320x231.webp,https://assets.wilsonsauctions.com///lots_1768992061-PICT0089.jpg_2362678/320x231.webp,https://assets.wilsonsauctions.com///lots_1768992061-PICT0090.jpg_1847378/320x231.webp,https://assets.wilsonsauctions.com///lots_1768992062-PICT0091.jpg_1316648/320x231.webp,https://assets.wilsonsauctions.com///lots_1768992062-PICT0092.jpg_1723385/320x231.webp,https://assets.wilsonsauctions.com///lots_1768992063-PICT0093.jpg_1695269/320x231.webp,https://assets.wilsonsauctions.com///lots_1768992063-PICT0094.jpg_1735244/320x231.webp,https://assets.wilsonsauctions.com///lots_1768992063-PICT0095.jpg_1389252/320x231.webp,https://assets.wilsonsauctions.com///lots_1768992064-PICT0096.jpg_1850518/320x231.webp,https://assets.wilsonsauctions.com///lots_1768992065-PICT0097.jpg_1790108/320x231.webp",,,,Silver,Present,"£1,475",,"£1,050",,,,5,,,,,,,2026-01-22,12:00,Timed Auction,No,[190],190
Seized Vehicle Auction,20,Wilsons Auctions,Ford Focus Titanium 100,DG09AVX,Ford,Focus Titanium,Titanium 100,128,Hatchback,Petrol,Manual,Wilsons Auctions Newport,2026-01-21,12:00,29/05/2009,2009,,Not Warranted,,,No,Margin,REPOSSESSION NO RESERVE,,1.6,,,"https://assets.wilsonsauctions.com///lots_asset-245149%2F1766411471537294381133254006939.jpg_4403291/320x231.webp,https://assets.wilsonsauctions.com///lots_asset-245149%2F17664114788081554313587345926088.jpg_4823030/320x231.webp,https://assets.wilsonsauctions.com///lots_asset-245149%2F17664114888534682137213386566279.jpg_4442778/320x231.webp",,,,Black,Not present,―,,―,,,,5,,,,,,,2026-01-22,12:00,Timed Auction,No,[100],100
Seized Vehicle Auction,20,Wilsons Auctions,Ford Focus Zetec Climate,DG56BFA,Ford,Focus Zetec,Zetec Climate,149,Hatchback,Petrol,Manual,Wilsons Auctions Maidstone,2026-01-21,12:00,01/09/2006,2006,,Not Warranted,Here,28-06-2026,No,Margin,REPOSSESSION NO RESERVE,,1.6,,,"https://assets.wilsonsauctions.com///lots_1767867941-PICT0013.jpg_2437894/320x231.webp,https://assets.wilsonsauctions.com///lots_1767867942-PICT0014.jpg_2479082/320x231.webp,https://assets.wilsonsauctions.com///lots_1767867942-PICT0015.jpg_2728950/320x231.webp,https://assets.wilsonsauctions.com///lots_1767867942-PICT0016.jpg_2505044/320x231.webp,https://assets.wilsonsauctions.com///lots_1767867943-PICT0017.jpg_2661492/320x231.webp,https://assets.wilsonsauctions.com///lots_1767867943-PICT0018.jpg_2555311/320x231.webp,https://assets.wilsonsauctions.com///lots_1767867944-PICT0019.jpg_2659411/320x231.webp,https://assets.wilsonsauctions.com///lots_1767867944-PICT0020.jpg_2769217/320x231.webp,https://assets.wilsonsauctions.com///lots_1767867945-PICT0021.jpg_1911844/320x231.webp",,,,Blue,Not present,―,,―,,,,5,,,,,,,2026-01-22,12:00,Timed Auction,No,[100],100
Seized Vehicle Auction,20,Wilsons Auctions,Vauxhall Corsa SRI,DK13XJX,Vauxhall,Corsa SRI,SRI,37,Hatchback,Petrol,Manual,Wilsons Auctions Maidstone,2026-01-21,12:00,30/05/2013,2013,,Not Warranted,Here,,No,Margin,REPOSSESSION NO RESERVE,,1.4,,,"https://assets.wilsonsauctions.com///lots_1768295253-PICT0052.jpg_1850558/320x231.webp,https://assets.wilsonsauctions.com///lots_1768295253-PICT0053.jpg_1859184/320x231.webp,https://assets.wilsonsauctions.com///lots_1768295254-PICT0054.jpg_1636522/320x231.webp,https://assets.wilsonsauctions.com///lots_1768295254-PICT0055.jpg_1619939/320x231.webp,https://assets.wilsonsauctions.com///lots_1768295254-PICT0056.jpg_2134878/320x231.webp,https://assets.wilsonsauctions.com///lots_1768295255-PICT0057.jpg_1635169/320x231.webp,https://assets.wilsonsauctions.com///lots_1768295255-PICT0058.jpg_1925717/320x231.webp,https://assets.wilsonsauctions.com///lots_1768295255-PICT0059.jpg_1683797/320x231.webp,https://assets.wilsonsauctions.com///lots_1768295256-PICT0060.jpg_1853089/320x231.webp",,,,Yellow,Not present,―,,―,,,,3,,,,,,,2026-01-22,12:00,Timed Auction,No,[0],0
Seized Vehicle Auction,20,Wilsons Auctions,Seat Ibiza Sport TSI,DS11UXN,Seat,Ibiza Sport,Sport TSI,137,Hatchback,Petrol,Manual,Wilsons Auctions West Bromwich,2026-01-21,12:00,27/05/2011,2011,,Not Warranted,,,No,Margin,REPOSSESSION NO RESERVE,,1.2,,,"https://assets.wilsonsauctions.com///lots_1766405090-17664050773451379449710730508463.jpg_4038718/320x231.webp,https://assets.wilsonsauctions.com///lots_1766405100-17664050895642809652732621580130.jpg_4071616/320x231.webp,https://assets.wilsonsauctions.com///lots_1766405114-17664051005928991486542283608359.jpg_3660860/320x231.webp,https://assets.wilsonsauctions.com///lots_1766405127-17664051150982033744762530176007.jpg_2815310/320x231.webp,https://assets.wilsonsauctions.com///lots_1766405144-17664051381963136404316175962164.jpg_2276934/320x231.webp,https://assets.wilsonsauctions.com///lots_1766405364-17664052886883027098509590650347.jpg_2986106/320x231.webp,https://assets.wilsonsauctions.com///lots_1766405405-17664053652391901956817636042109.jpg_3027363/320x231.webp,https://assets.wilsonsauctions.com///lots_1766405437-17664054054375124848612547872916.jpg_2206831/320x231.webp,https://assets.wilsonsauctions.com///lots_1766405449-1766405441484761931108380843221.jpg_3041604/320x231.webp",,,,Black,Not present,―,,―,,,,5,,,,,,,2026-01-22,12:00,Timed Auction,No,[0],0
Seized Vehicle Auction,20,Wilsons Auctions,Audi A3 SE Technik MPI,DV59HDK,Audi,A3 SE,SE Technik MPI,130,Hatchback,Petrol,Manual,Wilsons Auctions Newport,2026-01-21,12:00,09/10/2009,2009,,Not Warranted,,04-04-2026,No,Margin,REPOSSESSION NO RESERVE,,1.6,,,"https://assets.wilsonsauctions.com///lots_asset-246978%2F17665688432298043885890355351356.jpg_5007873/320x231.webp,https://assets.wilsonsauctions.com///lots_asset-246978%2F17665688491128440900901326608585.jpg_4351679/320x231.webp,https://assets.wilsonsauctions.com///lots_asset-246978%2F17665688542718498466347665391089.jpg_4396383/320x231.webp",,,,Black,Not present,―,,―,,,,3,,,,,,,2026-01-22,12:00,Timed Auction,No,[100],100
Seized Vehicle Auction,20,Wilsons Auctions,Vauxhall Mokka X Elite NAV Ecotec S/S,DW18SJY,Vauxhall,Mokka X,X Elite NAV Ecotec S,46,Hatchback,Petrol,Manual,Wilsons Auctions West Bromwich,2026-01-21,12:00,31/07/2018,2018,,Not Warranted,Here,14-08-2026,No,Margin,REPOSSESSION NO RESERVE,,1.4,,,"https://assets.wilsonsauctions.com///lots_1767884005-17678839943812348410674062414830.jpg_2622344/320x231.webp,https://assets.wilsonsauctions.com///lots_1767884014-17678840037336656481816685349411.jpg_2734599/320x231.webp,https://assets.wilsonsauctions.com///lots_1767884024-17678840128803010028450307932002.jpg_2705882/320x231.webp,https://assets.wilsonsauctions.com///lots_1767884031-17678840242282804652781924253496.jpg_2532659/320x231.webp,https://assets.wilsonsauctions.com///lots_1767884051-17678840377556751194218395914778.jpg_2556629/320x231.webp,https://assets.wilsonsauctions.com///lots_1767884060-1767884051364520326368974734652.jpg_2526805/320x231.webp,https://assets.wilsonsauctions.com///lots_1767884066-17678840602611277047278344599499.jpg_2886311/320x231.webp",,,,Grey,Not present,―,,―,,,,5,,,,,,,2026-01-22,12:00,Timed Auction,No,[1010],1010
Seized Vehicle Auction,20,Wilsons Auctions,Vauxhall Vivaro 2700 Cdti SWB,DX58RVT,Vauxhall,Vivaro 2700,2700 Cdti SWB,70,Panel van,Diesel,Manual,Wilsons Auctions West Bromwich,2026-01-21,12:00,04/11/2008,2008,,Not Warranted,,,No,Margin,REPOSSESSION NO RESERVE,,2.0,,,"https://assets.wilsonsauctions.com///lots_1766492193-17664921877928293512422280733646.jpg_3200267/320x231.webp,https://assets.wilsonsauctions.com///lots_1766492203-17664921953835272087008135347255.jpg_2703956/320x231.webp,https://assets.wilsonsauctions.com///lots_1766492216-17664922046608266398503069787430.jpg_2886743/320x231.webp,https://assets.wilsonsauctions.com///lots_1766492240-17664922228415569340096585881757.jpg_2993542/320x231.webp,https://assets.wilsonsauctions.com///lots_1766492291-17664922463244808533477811559433.jpg_1983459/320x231.webp,https://assets.wilsonsauctions.com///lots_1766492301-17664922944154334338094783124167.jpg_3565823/320x231.webp",,,,White,Not present,―,,―,,,,,,,,,,,2026-01-22,12:00,Timed Auction,No,[0],0
Seized Vehicle Auction,20,Wilsons Auctions,Vauxhall Astra Life A/C A,EK08YWS,Vauxhall,Astra Life,Life A,12,Hatchback,Petrol,Automatic,Wilsons Auctions Maidstone,2026-01-21,12:00,23/04/2008,2008,,Not Warranted,,,No,Margin,REPOSSESSION NO RESERVE,,1.8,,,"https://assets.wilsonsauctions.com///lots_1768817882-PICT0012.jpg_2520376/320x231.webp,https://assets.wilsonsauctions.com///lots_1768817883-PICT0013.jpg_1797599/320x231.webp,https://assets.wilsonsauctions.com///lots_1768817883-PICT0014.jpg_1539946/320x231.webp,https://assets.wilsonsauctions.com///lots_1768817883-PICT0015.jpg_2635766/320x231.webp,https://assets.wilsonsauctions.com///lots_1768817884-PICT0016.jpg_2648814/320x231.webp,https://assets.wilsonsauctions.com///lots_1768817884-PICT0017.jpg_1905566/320x231.webp,https://assets.wilsonsauctions.com///lots_1768817885-PICT0018.jpg_1474236/320x231.webp,https://assets.wilsonsauctions.com///lots_1768817885-PICT0019.jpg_1903389/320x231.webp,https://assets.wilsonsauctions.com///lots_1768817885-PICT0020.jpg_2451320/320x231.webp,https://assets.wilsonsauctions.com///lots_1768817886-PICT0021.jpg_2374714/320x231.webp,https://assets.wilsonsauctions.com///lots_1768817886-PICT0022.jpg_2415068/320x231.webp",,,,Silver,Not present,―,,―,,,,5,,,,,,,2026-01-22,12:00,Timed Auction,No,[0],0
Seized Vehicle Auction,20,Wilsons Auctions,Toyota Aygo Blue Vvt-I,EO57CTZ,Toyota,Aygo Blue,Blue Vvt-I,126,Hatchback,Petrol,Manual,Wilsons Auctions Newport,2026-01-21,12:00,28/09/2007,2007,,Not Warranted,,,No,Margin,REPOSSESSION NO RESERVE,,1.0,,,"https://assets.wilsonsauctions.com///lots_asset-207179%2F17616445571224416110992937489508.jpg_6164202/320x231.webp,https://assets.wilsonsauctions.com///lots_asset-207179%2F1761644565825942136030460860223.jpg_6149314/320x231.webp,https://assets.wilsonsauctions.com///lots_asset-207179%2F17616445735936063376799277637130.jpg_4755933/320x231.webp",,,,Blue,Not present,―,,―,,,,3,,,,,,,2026-01-22,12:00,Timed Auction,No,[100],100
Seized Vehicle Auction,20,Wilsons Auctions,Ford Focus Titanium X Turbo,EO62KKU,Ford,Focus Titanium,Titanium X Turbo,34,Hatchback,Petrol,Manual,Wilsons Auctions Widnes,2026-01-21,12:00,03/09/2012,2012,,Not Warranted,,,No,Margin,REPOSSESSION NO RESERVE,,1.0,,,"https://assets.wilsonsauctions.com///lots_1768904930-P1050735.JPG_1602954/320x231.webp,https://assets.wilsonsauctions.com///lots_1768904931-P1050736.JPG_1587918/320x231.webp,https://assets.wilsonsauctions.com///lots_1768904932-P1050737.JPG_1583054/320x231.webp,https://assets.wilsonsauctions.com///lots_1768904933-P1050738.JPG_1579789/320x231.webp,https://assets.wilsonsauctions.com///lots_1768904934-P1050739.JPG_1597494/320x231.webp,https://assets.wilsonsauctions.com///lots_1768904935-P1050740.JPG_1498966/320x231.webp,https://assets.wilsonsauctions.com///lots_1768904935-P1050741.JPG_1141202/320x231.webp,https://assets.wilsonsauctions.com///lots_1768904936-P1050742.JPG_1245879/320x231.webp,https://assets.wilsonsauctions.com///lots_1768904937-P1050743.JPG_1526184/320x231.webp,https://assets.wilsonsauctions.com///lots_1768904938-P1050744.JPG_1570472/320x231.webp,https://assets.wilsonsauctions.com///lots_1768904939-P1050745.JPG_1525871/320x231.webp,https://assets.wilsonsauctions.com///lots_1768904940-P1050746.JPG_1611675/320x231.webp",,,,Blue,Not present,―,,―,,,,5,,,,,,,2026-01-22,12:00,Timed Auction,No,[100],100
Seized Vehicle Auction,20,Wilsons Auctions,Vauxhall Astra Design Cdti Ecoflex S/S,FG67RNV,Vauxhall,Astra Design,Design Cdti Ecoflex S,53,Estate,Diesel,Manual,Wilsons Auctions Gateshead,2026-01-21,12:00,14/10/2017,2017,,Not Warranted,Here,10-05-2026,No,Margin,REPOSSESSION NO RESERVE,,1.6,,,"https://assets.wilsonsauctions.com///lots_1768387880-image.jpg_3832837/320x231.webp,https://assets.wilsonsauctions.com///lots_1768387886-image.jpg_3715274/320x231.webp,https://assets.wilsonsauctions.com///lots_1768387896-image.jpg_3602874/320x231.webp,https://assets.wilsonsauctions.com///lots_1768387902-image.jpg_3797691/320x231.webp,https://assets.wilsonsauctions.com///lots_1768387907-image.jpg_3949671/320x231.webp,https://assets.wilsonsauctions.com///lots_1768387926-image.jpg_2298558/320x231.webp,https://assets.wilsonsauctions.com///lots_1768387940-image.jpg_4136526/320x231.webp,https://assets.wilsonsauctions.com///lots_1768387955-image.jpg_3850811/320x231.webp,https://assets.wilsonsauctions.com///lots_1768388006-image.jpg_3284601/320x231.webp",,,,White,Not present,―,,―,,,,,,,,,,,2026-01-22,12:00,Timed Auction,No,[470],470
Seized Vehicle Auction,20,Wilsons Auctions,Seat Ibiza Sport 16V,FH05CKN,Seat,Ibiza Sport,Sport 16V,112,Hatchback,Petrol,Manual,Wilsons Auctions Stoke,2026-01-21,12:00,11/06/2005,2005,,Not Warranted,Here,06-03-2026,No,Margin,REPOSSESSION NO RESERVE,,1.4,,,"https://assets.wilsonsauctions.com///lots_asset-258125%2F17684747976154689255593407724345.jpg_7556115/320x231.webp,https://assets.wilsonsauctions.com///lots_asset-258125%2F17684748096433196916212446468812.jpg_6750961/320x231.webp,https://assets.wilsonsauctions.com///lots_asset-258125%2F17684748231083525929961618879263.jpg_6445480/320x231.webp,https://assets.wilsonsauctions.com///lots_asset-258125%2F17684748332569177087026159167991.jpg_7355545/320x231.webp,https://assets.wilsonsauctions.com///lots_asset-258125%2F17684748477624640093844545400107.jpg_6980405/320x231.webp,https://assets.wilsonsauctions.com///lots_asset-258125%2F1768474879197932788304857537560.jpg_6689075/320x231.webp,https://assets.wilsonsauctions.com///lots_asset-258125%2F17684749556871590164820508208218.jpg_5956565/320x231.webp,https://assets.wilsonsauctions.com///lots_asset-258125%2F17684749909754312805257486739682.jpg_4202269/320x231.webp",,,,Black,Present,―,,―,,,,3,,,,,,,2026-01-22,12:00,Timed Auction,No,[140],140
Seized Vehicle Auction,20,Wilsons Auctions,Vauxhall Astravan Sportive Cdti,FH06VMC,Vauxhall,Astravan Sportive,Sportive Cdti,26,Car derived van,Diesel,Manual,Wilsons Auctions Leigh,2026-01-21,12:00,21/06/2006,2006,,Not Warranted,,,No,Margin,REPOSSESSION NO RESERVE,,1.7,,,"https://assets.wilsonsauctions.com///lots_1768905717-PICT0153.jpg_1399220/320x231.webp,https://assets.wilsonsauctions.com///lots_1768905718-PICT0154.jpg_1855047/320x231.webp,https://assets.wilsonsauctions.com///lots_1768905719-PICT0155.jpg_2053779/320x231.webp,https://assets.wilsonsauctions.com///lots_1768905720-PICT0156.jpg_2077965/320x231.webp,https://assets.wilsonsauctions.com///lots_1768905721-PICT0157.jpg_1198030/320x231.webp,https://assets.wilsonsauctions.com///lots_1768905722-PICT0158.jpg_1256945/320x231.webp,https://assets.wilsonsauctions.com///lots_1768905723-PICT0159.jpg_1992697/320x231.webp,https://assets.wilsonsauctions.com///lots_1768905724-PICT0160.jpg_925776/320x231.webp,https://assets.wilsonsauctions.com///lots_1768905725-PICT0161.jpg_1791748/320x231.webp,https://assets.wilsonsauctions.com///lots_1768905726-PICT0162.jpg_984521/320x231.webp,https://assets.wilsonsauctions.com///lots_1768905727-PICT0163.jpg_1501668/320x231.webp,https://assets.wilsonsauctions.com///lots_1768905728-PICT0164.jpg_1926544/320x231.webp",,,,Blue,Not present,―,,―,,,,,,,,,,,2026-01-22,12:00,Timed Auction,No,[150],150
Seized Vehicle Auction,20,Wilsons Auctions,Ford Focus Zetec 100,FL10XBM,Ford,Focus Zetec,Zetec 100,121,Hatchback,Petrol,Manual,Wilsons Auctions Newport,2026-01-21,12:00,31/03/2010,2010,,Not Warranted,,,No,Margin,REPOSSESSION NO RESERVE,,1.6,,,"https://assets.wilsonsauctions.com///lots_asset-249617%2F17676997512632800663056860157983.jpg_4006822/320x231.webp,https://assets.wilsonsauctions.com///lots_asset-249617%2F17676997593679038877393625864133.jpg_4323340/320x231.webp,https://assets.wilsonsauctions.com///lots_asset-249617%2F17676997663643706099041101224491.jpg_3423121/320x231.webp",,,,Black,Not present,―,,―,,,,5,,,,,,,2026-01-22,12:00,Timed Auction,No,[100],100
Seized Vehicle Auction,20,Wilsons Auctions,BMW 116 I Sport,FL56YDJ,BMW,116 I,I Sport,11,Hatchback,Petrol,Manual,Wilsons Auctions Maidstone,2026-01-21,12:00,20/09/2006,2006,,Not Warranted,,,No,Margin,REPOSSESSION NO RESERVE,,1.6,,,"https://assets.wilsonsauctions.com///lots_1768817823-PICT0023.jpg_2501840/320x231.webp,https://assets.wilsonsauctions.com///lots_1768817823-PICT0024.jpg_1822443/320x231.webp,https://assets.wilsonsauctions.com///lots_1768817824-PICT0025.jpg_2204963/320x231.webp,https://assets.wilsonsauctions.com///lots_1768817824-PICT0026.jpg_2902980/320x231.webp,https://assets.wilsonsauctions.com///lots_1768817824-PICT0027.jpg_1805852/320x231.webp,https://assets.wilsonsauctions.com///lots_1768817825-PICT0028.jpg_1951870/320x231.webp,https://assets.wilsonsauctions.com///lots_1768817825-PICT0029.jpg_2676504/320x231.webp,https://assets.wilsonsauctions.com///lots_1768817826-PICT0030.jpg_1687856/320x231.webp,https://assets.wilsonsauctions.com///lots_1768817826-PICT0031.jpg_2787227/320x231.webp",,,,Black,Not present,―,,―,,,,5,,,,,,,2026-01-22,12:00,Timed Auction,No,[0],0
Seized Vehicle Auction,20,Wilsons Auctions,Vauxhall Vivaro 2900 Cdti Ecoflex SWB,FP63MFK,Vauxhall,Vivaro 2900,2900 Cdti Ecoflex SWB,108,Panel van,Diesel,Manual,Wilsons Auctions Glasgow,2026-01-21,12:00,13/12/2013,2013,,Not Warranted,,13-02-2026,No,Standard Rate,REPOSSESSION NO RESERVE,,2.0,,,"https://assets.wilsonsauctions.com///lots_asset-249585%2F20260114_115428%5B1%5D.jpg_2806526/320x231.webp,https://assets.wilsonsauctions.com///lots_asset-249585%2F20260114_115437%5B1%5D.jpg_2479125/320x231.webp",,,,Blue,Not present,―,,―,,,,,,,,,,,2026-01-22,12:00,Timed Auction,No,[0],0
Seized Vehicle Auction,20,Wilsons Auctions,Citroen C3 Exclusive,FV06BCE,Citroen,C3 Exclusive,Exclusive,29,Hatchback,Petrol,Automatic,Wilsons Auctions Leigh,2026-01-21,12:00,19/07/2006,2006,,Not Warranted,,,No,Margin,REPOSSESSION NO RESERVE,,1.6,,,"https://assets.wilsonsauctions.com///lots_1768905467-PICT0013.jpg_1826178/320x231.webp,https://assets.wilsonsauctions.com///lots_1768905468-PICT0014.jpg_1722760/320x231.webp,https://assets.wilsonsauctions.com///lots_1768905470-PICT0015.jpg_1784464/320x231.webp,https://assets.wilsonsauctions.com///lots_1768905471-PICT0016.jpg_1635181/320x231.webp,https://assets.wilsonsauctions.com///lots_1768905472-PICT0017.jpg_1830404/320x231.webp,https://assets.wilsonsauctions.com///lots_1768905473-PICT0018.jpg_1801804/320x231.webp,https://assets.wilsonsauctions.com///lots_1768905474-PICT0019.jpg_1969845/320x231.webp,https://assets.wilsonsauctions.com///lots_1768905475-PICT0020.jpg_1582192/320x231.webp,https://assets.wilsonsauctions.com///lots_1768905476-PICT0021.jpg_689264/320x231.webp,https://assets.wilsonsauctions.com///lots_1768905477-PICT0022.jpg_1857969/320x231.webp,https://assets.wilsonsauctions.com///lots_1768905478-PICT0023.jpg_1123244/320x231.webp",,,,Red,Not present,―,,―,,,,5,,,,,,,2026-01-22,12:00,Timed Auction,No,[0],0
Seized Vehicle Auction,20,Wilsons Auctions,Volkswagen Touran SE TDI,FV56WKL,Volkswagen,Touran SE,SE TDI,96,Mpv,Diesel,Manual,Wilsons Auctions Leigh,2026-01-21,12:00,24/01/2007,2007,,Not Warranted,,,No,Margin,REPOSSESSION NO RESERVE,,2.0,,,"https://assets.wilsonsauctions.com///lots_1768990200-PICT0149.jpg_1972725/320x231.webp,https://assets.wilsonsauctions.com///lots_1768990202-PICT0150.jpg_2025059/320x231.webp,https://assets.wilsonsauctions.com///lots_1768990203-PICT0151.jpg_2148901/320x231.webp,https://assets.wilsonsauctions.com///lots_1768990204-PICT0152.jpg_2277724/320x231.webp,https://assets.wilsonsauctions.com///lots_1768990205-PICT0153.jpg_1660979/320x231.webp,https://assets.wilsonsauctions.com///lots_1768990206-PICT0154.jpg_1213927/320x231.webp,https://assets.wilsonsauctions.com///lots_1768990207-PICT0155.jpg_991174/320x231.webp,https://assets.wilsonsauctions.com///lots_1768990208-PICT0156.jpg_2100350/320x231.webp,https://assets.wilsonsauctions.com///lots_1768990209-PICT0157.jpg_1211631/320x231.webp",,,,Black,Not present,―,,―,,,,5,,,,,,,2026-01-22,12:00,Timed Auction,No,[100],100
Seized Vehicle Auction,20,Wilsons Auctions,Volkswagen Passat R Line TDI 110,FY60MZT,Volkswagen,Passat R,R Line TDI 110,87,Estate,Diesel,Manual,Wilsons Auctions Leigh,2026-01-21,12:00,02/09/2010,2010,,Not Warranted,,,No,Margin,REPOSSESSION NO RESERVE,,2.0,,,"https://assets.wilsonsauctions.com///lots_1768990685-PICT0048.jpg_2186923/320x231.webp,https://assets.wilsonsauctions.com///lots_1768990686-PICT0049.jpg_1778034/320x231.webp,https://assets.wilsonsauctions.com///lots_1768990687-PICT0050.jpg_1610703/320x231.webp,https://assets.wilsonsauctions.com///lots_1768990688-PICT0051.jpg_1634206/320x231.webp,https://assets.wilsonsauctions.com///lots_1768990689-PICT0052.jpg_1494473/320x231.webp,https://assets.wilsonsauctions.com///lots_1768990690-PICT0053.jpg_1644975/320x231.webp,https://assets.wilsonsauctions.com///lots_1768990691-PICT0054.jpg_1079154/320x231.webp,https://assets.wilsonsauctions.com///lots_1768990692-PICT0055.jpg_1532931/320x231.webp,https://assets.wilsonsauctions.com///lots_1768990692-PICT0056.jpg_1258437/320x231.webp,https://assets.wilsonsauctions.com///lots_1768990693-PICT0057.jpg_1411783/320x231.webp,https://assets.wilsonsauctions.com///lots_1768990695-PICT0058.jpg_2270949/320x231.webp",,,,Black,Not present,―,,―,,,,,,,,,,,2026-01-22,12:00,Timed Auction,No,[100],100
Seized Vehicle Auction,20,Wilsons Auctions,Citroen C5 VTR Plus NAV HDI,GL10JWF,Citroen,C5 VTR,VTR Plus NAV HDI,89,Saloon,Diesel,Manual,Wilsons Auctions Leigh,2026-01-21,12:00,29/06/2010,2010,,Not Warranted,,,No,Margin,REPOSSESSION NO RESERVE,,1.6,,,"https://assets.wilsonsauctions.com///lots_1768990608-PICT0078.jpg_1805098/320x231.webp,https://assets.wilsonsauctions.com///lots_1768990610-PICT0079.jpg_2001538/320x231.webp,https://assets.wilsonsauctions.com///lots_1768990611-PICT0080.jpg_1808366/320x231.webp,https://assets.wilsonsauctions.com///lots_1768990613-PICT0081.jpg_1976601/320x231.webp,https://assets.wilsonsauctions.com///lots_1768990614-PICT0082.jpg_1394211/320x231.webp,https://assets.wilsonsauctions.com///lots_1768990615-PICT0083.jpg_1593459/320x231.webp,https://assets.wilsonsauctions.com///lots_1768990615-PICT0084.jpg_1130149/320x231.webp,https://assets.wilsonsauctions.com///lots_1768990616-PICT0085.jpg_1065986/320x231.webp,https://assets.wilsonsauctions.com///lots_1768990617-PICT0086.jpg_1685114/320x231.webp,https://assets.wilsonsauctions.com///lots_1768990618-PICT0087.jpg_1566240/320x231.webp",,,,Silver,Not present,―,,―,,,,4,,,,,,,2026-01-22,12:00,Timed Auction,No,[170],170
Seized Vehicle Auction,20,Wilsons Auctions,Peugeot 3008 Sport HDI,GL61LPC,Peugeot,3008 Sport,Sport HDI,79,Hatchback,Diesel,Manual,Wilsons Auctions Widnes,2026-01-21,12:00,28/01/2012,2012,,Not Warranted,,,No,Margin,REPOSSESSION NO RESERVE,,1.6,,,"https://assets.wilsonsauctions.com///lots_1768988881-P1050790.JPG_1574088/320x231.webp,https://assets.wilsonsauctions.com///lots_1768988882-P1050791.JPG_1611912/320x231.webp,https://assets.wilsonsauctions.com///lots_1768988883-P1050792.JPG_1590949/320x231.webp,https://assets.wilsonsauctions.com///lots_1768988884-P1050793.JPG_1616613/320x231.webp,https://assets.wilsonsauctions.com///lots_1768988884-P1050794.JPG_1345001/320x231.webp,https://assets.wilsonsauctions.com///lots_1768988885-P1050795.JPG_1559080/320x231.webp,https://assets.wilsonsauctions.com///lots_1768988886-P1050796.JPG_1400831/320x231.webp,https://assets.wilsonsauctions.com///lots_1768988887-P1050797.JPG_1425506/320x231.webp,https://assets.wilsonsauctions.com///lots_1768988888-P1050798.JPG_985366/320x231.webp,https://assets.wilsonsauctions.com///lots_1768988889-P1050799.JPG_1608592/320x231.webp",,,,Black,Not present,―,,―,,,,5,,,,,,,2026-01-22,12:00,Timed Auction,No,[220],220
Seized Vehicle Auction,20,Wilsons Auctions,Toyota Corolla T3 Vvti,GP03HYT,Toyota,Corolla T3,T3 Vvti,142,Hatchback,Petrol,Manual,Wilsons Auctions Newport,2026-01-21,12:00,16/06/2003,2003,,Not Warranted,,,No,Margin,REPOSSESSION NO RESERVE,,1.4,,,"https://assets.wilsonsauctions.com///lots_asset-262771%2F17690053703502516577485266325668.jpg_4564754/320x231.webp,https://assets.wilsonsauctions.com///lots_asset-262771%2F17690053763552878362356941438879.jpg_4222877/320x231.webp,https://assets.wilsonsauctions.com///lots_asset-262771%2F17690053825352757505931984926086.jpg_3781092/320x231.webp",,,,Grey,Not present,―,,―,,,,3,,,,,,,2026-01-22,12:00,Timed Auction,No,[380],380
Seized Vehicle Auction,20,Wilsons Auctions,BMW 320 CD Sport,GP05UWG,BMW,320 CD,CD Sport,120,Convertible,Diesel,Manual,Wilsons Auctions Newport,2026-01-21,12:00,22/08/2005,2005,,Not Warranted,,27-02-2026,No,Margin,REPOSSESSION NO RESERVE,,2.0,,,"https://assets.wilsonsauctions.com///lots_asset-247582%2F17670969876187122536260706435021.jpg_4346439/320x231.webp,https://assets.wilsonsauctions.com///lots_asset-247582%2F17670969947831768866888991924547.jpg_5002514/320x231.webp,https://assets.wilsonsauctions.com///lots_asset-247582%2F17670969998829131064624232138637.jpg_4246211/320x231.webp",,,,Red,Not present,―,,―,,,,2,,,,,,,2026-01-22,12:00,Timed Auction,No,[100],100
Seized Vehicle Auction,20,Wilsons Auctions,Seat Ibiza Toca,GV13AXK,Seat,Ibiza Toca,Toca,42,Hatchback,Petrol,Manual,Wilsons Auctions West Bromwich,2026-01-21,12:00,13/07/2013,2013,,Not Warranted,Here,,No,Margin,REPOSSESSION NO RESERVE,,1.4,,,"https://assets.wilsonsauctions.com///lots_1768295948-17682959311283350607605757742984.jpg_2640233/320x231.webp,https://assets.wilsonsauctions.com///lots_1768295962-17682959475497320850149257222972.jpg_2956685/320x231.webp,https://assets.wilsonsauctions.com///lots_1768295977-17682959609257097679774025242553.jpg_2852761/320x231.webp,https://assets.wilsonsauctions.com///lots_1768296006-1768295976118120054272037965560.jpg_2993751/320x231.webp,https://assets.wilsonsauctions.com///lots_1768296018-17682960082371657681965337594471.jpg_2901951/320x231.webp,https://assets.wilsonsauctions.com///lots_1768296036-17682960172294195762526357625091.jpg_2597457/320x231.webp,https://assets.wilsonsauctions.com///lots_1768296058-17682960367103912325810068863398.jpg_2568681/320x231.webp",,,,Blue,Not present,―,,―,,,,3,,,,,,,2026-01-22,12:00,Timed Auction,No,[190],190
Seized Vehicle Auction,20,Wilsons Auctions,Vauxhall Zafira Design,GY10UVW,Vauxhall,Zafira Design,Design,147,Mpv,Petrol,Manual,Wilsons Auctions Maidstone,2026-01-21,12:00,19/05/2010,2010,,Not Warranted,Here,,No,Margin,REPOSSESSION NO RESERVE,,1.6,,,"https://assets.wilsonsauctions.com///lots_1767867823-PICT0000.jpg_2432658/320x231.webp,https://assets.wilsonsauctions.com///lots_1767867823-PICT0001.jpg_2694365/320x231.webp,https://assets.wilsonsauctions.com///lots_1767867824-PICT0002.jpg_2890579/320x231.webp,https://assets.wilsonsauctions.com///lots_1767867824-PICT0003.jpg_1767038/320x231.webp,https://assets.wilsonsauctions.com///lots_1767867825-PICT0004.jpg_1599217/320x231.webp,https://assets.wilsonsauctions.com///lots_1767867825-PICT0005.jpg_1734366/320x231.webp,https://assets.wilsonsauctions.com///lots_1767867826-PICT0006.jpg_2676814/320x231.webp",,,,Silver,Not present,―,,―,,,,5,,,,,,,2026-01-22,12:00,Timed Auction,No,[170],170
Seized Vehicle Auction,20,Wilsons Auctions,Audi A4 TDI 140,GY57YLN,Audi,A4 TDI,TDI 140,9,Convertible,Diesel,Manual,Wilsons Auctions Maidstone,2026-01-21,12:00,14/09/2007,2007,,Not Warranted,Here,,No,Margin,REPOSSESSION NO RESERVE,,2.0,,,"https://assets.wilsonsauctions.com///lots_1767952956-PICT0000.jpg_2291980/320x231.webp,https://assets.wilsonsauctions.com///lots_1767952956-PICT0001.jpg_1219659/320x231.webp,https://assets.wilsonsauctions.com///lots_1767952957-PICT0002.jpg_2327720/320x231.webp,https://assets.wilsonsauctions.com///lots_1767952957-PICT0003.jpg_2287804/320x231.webp,https://assets.wilsonsauctions.com///lots_1767952957-PICT0004.jpg_1953973/320x231.webp,https://assets.wilsonsauctions.com///lots_1767952958-PICT0005.jpg_1921827/320x231.webp,https://assets.wilsonsauctions.com///lots_1767952958-PICT0006.jpg_1837175/320x231.webp,https://assets.wilsonsauctions.com///lots_1767952959-PICT0007.jpg_1624491/320x231.webp,https://assets.wilsonsauctions.com///lots_1767952959-PICT0008.jpg_2464864/320x231.webp,https://assets.wilsonsauctions.com///lots_1767952960-PICT0009.jpg_1726266/320x231.webp",,,,Grey,Not present,―,,―,,,,2,,,,,,,2026-01-22,12:00,Timed Auction,No,[170],170
Seized Vehicle Auction,20,Wilsons Auctions,Mitsubishi Space Star Mirage,H9APB,Mitsubishi,Space Star,Star Mirage,10,Hatchback,Petrol,Manual,Wilsons Auctions Maidstone,2026-01-21,12:00,21/12/2001,2001,,Not Warranted,Here,,No,Margin,REPOSSESSION NO RESERVE,,1.6,,,"https://assets.wilsonsauctions.com///lots_1767953084-PICT0010.jpg_1730569/320x231.webp,https://assets.wilsonsauctions.com///lots_1767953085-PICT0011.jpg_1488987/320x231.webp,https://assets.wilsonsauctions.com///lots_1767953085-PICT0012.jpg_2152718/320x231.webp,https://assets.wilsonsauctions.com///lots_1767953086-PICT0013.jpg_2267964/320x231.webp,https://assets.wilsonsauctions.com///lots_1767953086-PICT0014.jpg_2152456/320x231.webp,https://assets.wilsonsauctions.com///lots_1767953086-PICT0015.jpg_1812484/320x231.webp,https://assets.wilsonsauctions.com///lots_1767953087-PICT0016.jpg_1594287/320x231.webp,https://assets.wilsonsauctions.com///lots_1767953087-PICT0017.jpg_1111057/320x231.webp,https://assets.wilsonsauctions.com///lots_1767953087-PICT0018.jpg_1196808/320x231.webp,https://assets.wilsonsauctions.com///lots_1767953088-PICT0019.jpg_1846087/320x231.webp,https://assets.wilsonsauctions.com///lots_1767953088-PICT0020.jpg_2160556/320x231.webp",,,,Silver,Not present,―,,―,,,,5,,,,,,,2026-01-22,12:00,Timed Auction,No,[170],170
Seized Vehicle Auction,20,Wilsons Auctions,Toyota Corolla Col-R Coln Vvti A,HG06DKJ,Toyota,Corolla Col-R,Col-R Coln Vvti A,141,Hatchback,Petrol,Automatic,Wilsons Auctions Newport,2026-01-21,12:00,31/03/2006,2006,,Not Warranted,,23-06-2026,No,Margin,REPOSSESSION NO RESERVE,,1.6,,,"https://assets.wilsonsauctions.com///lots_asset-262774%2F17690052570396007278427948963114.jpg_4029517/320x231.webp,https://assets.wilsonsauctions.com///lots_asset-262774%2F1769005236203402759297115242123.jpg_3894075/320x231.webp,https://assets.wilsonsauctions.com///lots_asset-262774%2F17690052477448621308377246445967.jpg_4649454/320x231.webp",,,,Blue,Not present,―,,―,,,,5,,,,,,,2026-01-22,12:00,Timed Auction,No,[390],390
Seized Vehicle Auction,20,Wilsons Auctions,Peugeot 206 S,N90PFC,Peugeot,206 S,S,103,Hatchback,Petrol,Manual,Wilsons Auctions Newport,2026-01-21,12:00,01/03/2004,2004,,Not Warranted,,02-02-2026,No,Margin,REPOSSESSION NO RESERVE,,1.1,,,"https://assets.wilsonsauctions.com///lots_asset-262766%2F17690051913175750070900882471844.jpg_4540695/320x231.webp,https://assets.wilsonsauctions.com///lots_asset-262766%2F17690051978136577569351703267661.jpg_4803727/320x231.webp,https://assets.wilsonsauctions.com///lots_asset-262766%2F17690052067811237522043187136456.jpg_3912471/320x231.webp",,,,Black,Not present,―,,―,,,,3,,,,,,,2026-01-22,12:00,Timed Auction,No,[100],100
Seized Vehicle Auction,20,Wilsons Auctions,Chevrolet Kalos SX,KA05EJD,Chevrolet,Kalos SX,SX,49,Hatchback,Petrol,Manual,Wilsons Auctions Gateshead,2026-01-21,12:00,23/06/2005,2005,,Not Warranted,,02-04-2026,No,Margin,REPOSSESSION NO RESERVE,,1.4,,,"https://assets.wilsonsauctions.com///lots_1768903638-image.jpg_4938244/320x231.webp,https://assets.wilsonsauctions.com///lots_1768903642-image.jpg_4480979/320x231.webp,https://assets.wilsonsauctions.com///lots_1768903651-image.jpg_4365150/320x231.webp,https://assets.wilsonsauctions.com///lots_1768903656-image.jpg_3899330/320x231.webp,https://assets.wilsonsauctions.com///lots_1768903666-image.jpg_3988576/320x231.webp,https://assets.wilsonsauctions.com///lots_1768903681-image.jpg_1581336/320x231.webp,https://assets.wilsonsauctions.com///lots_1768903693-image.jpg_4113044/320x231.webp,https://assets.wilsonsauctions.com///lots_1768903709-image.jpg_3925201/320x231.webp,https://assets.wilsonsauctions.com///lots_1768903752-image.jpg_3372101/320x231.webp,https://assets.wilsonsauctions.com///lots_1768903756-image.jpg_3415557/320x231.webp",,,,Red,Not present,―,,―,,,,3,,,,,,,2026-01-22,12:00,Timed Auction,No,[0],0
Seized Vehicle Auction,20,Wilsons Auctions,Seat Leon Stylance,KC07GTZ,Seat,Leon Stylance,Stylance,31,Hatchback,Diesel,Manual,Wilsons Auctions Leigh,2026-01-21,12:00,30/03/2007,2007,,Not Warranted,,,No,Margin,REPOSSESSION NO RESERVE,,2.0,,,"https://assets.wilsonsauctions.com///lots_1768905184-PICT0053.jpg_1762169/320x231.webp,https://assets.wilsonsauctions.com///lots_1768905185-PICT0054.jpg_1523158/320x231.webp,https://assets.wilsonsauctions.com///lots_1768905186-PICT0055.jpg_1569072/320x231.webp,https://assets.wilsonsauctions.com///lots_1768905187-PICT0056.jpg_1343641/320x231.webp,https://assets.wilsonsauctions.com///lots_1768905188-PICT0057.jpg_1708732/320x231.webp,https://assets.wilsonsauctions.com///lots_1768905189-PICT0058.jpg_1688136/320x231.webp,https://assets.wilsonsauctions.com///lots_1768905190-PICT0059.jpg_1571248/320x231.webp,https://assets.wilsonsauctions.com///lots_1768905191-PICT0060.jpg_1303719/320x231.webp,https://assets.wilsonsauctions.com///lots_1768905192-PICT0061.jpg_1941532/320x231.webp,https://assets.wilsonsauctions.com///lots_1768905193-PICT0062.jpg_1962294/320x231.webp,https://assets.wilsonsauctions.com///lots_1768905194-PICT0063.jpg_1709418/320x231.webp",,,,Grey,Not present,―,,―,,,,5,,,,,,,2026-01-22,12:00,Timed Auction,No,[0],0
Seized Vehicle Auction,20,Wilsons Auctions,Vauxhall Vivaro 2700 Cdti SWB,KC07NVD,Vauxhall,Vivaro 2700,2700 Cdti SWB,138,Panel van,Diesel,Manual,Wilsons Auctions West Bromwich,2026-01-21,12:00,31/03/2007,2007,,Not Warranted,,11-05-2026,No,Standard Rate,REPOSSESSION NO RESERVE,,2.0,,,"https://assets.wilsonsauctions.com///lots_1766407931-1766407919145165224371999534424.jpg_3188166/320x231.webp,https://assets.wilsonsauctions.com///lots_1766407941-17664079303526374875967290365238.jpg_2750895/320x231.webp,https://assets.wilsonsauctions.com///lots_1766407953-17664079405333537647327779822956.jpg_2615969/320x231.webp,https://assets.wilsonsauctions.com///lots_1766407972-17664079526217793404893021481364.jpg_2658376/320x231.webp,https://assets.wilsonsauctions.com///lots_1766408002-17664079735978633317546423928376.jpg_1653085/320x231.webp,https://assets.wilsonsauctions.com///lots_1766408026-17664080101095473352701814787015.jpg_2843023/320x231.webp,https://assets.wilsonsauctions.com///lots_1766408037-17664080267164201833044578651420.jpg_2242609/320x231.webp,https://assets.wilsonsauctions.com///lots_1766408059-17664080454272117659203939041532.jpg_2708519/320x231.webp,https://assets.wilsonsauctions.com///lots_1766408072-17664080600055901058695804041367.jpg_3443174/320x231.webp,https://assets.wilsonsauctions.com///lots_1766408081-17664080757575088352745392591776.jpg_3633042/320x231.webp",,,,White,Not present,―,,―,,,,,,,,,,,2026-01-22,12:00,Timed Auction,No,[0],0
Seized Vehicle Auction,20,Wilsons Auctions,Vauxhall Astra SXI Twinport,KJ56TCV,Vauxhall,Astra SXI,SXI Twinport,105,Hatchback,Petrol,Manual,Wilsons Auctions Glasgow,2026-01-21,12:00,12/09/2006,2006,,Not Warranted,,,No,Margin,REPOSSESSION NO RESERVE,,1.6,,,"https://assets.wilsonsauctions.com///lots_asset-247210%2FGeneralImages-0_17678001249396382847298936461835.jpg_156155/320x231.webp,https://assets.wilsonsauctions.com///lots_asset-247210%2FGeneralImages-1_17678001313677168681167917588697.jpg_146874/320x231.webp",,,,Silver,Not present,―,,―,,,,5,,,,,,,2026-01-22,12:00,Timed Auction,No,[0],0
Seized Vehicle Auction,20,Wilsons Auctions,Mercedes C220 CDI Avantgde SE A,KN53MWX,Mercedes,C220 CDI,CDI Avantgde SE A,110,Saloon,Diesel,Automatic,Wilsons Auctions Stoke,2026-01-21,12:00,23/09/2003,2003,,Not Warranted,,,No,Margin,REPOSSESSION NO RESERVE,,2.1,,,"https://assets.wilsonsauctions.com///lots_asset-262740%2F17689931745461722015979024233403.jpg_6713743/320x231.webp,https://assets.wilsonsauctions.com///lots_asset-262740%2F17689931837385838326940666248115.jpg_6401991/320x231.webp,https://assets.wilsonsauctions.com///lots_asset-262740%2F17689931928315305755369111627526.jpg_6406238/320x231.webp,https://assets.wilsonsauctions.com///lots_asset-262740%2F176899320074135539023245054476.jpg_6779872/320x231.webp,https://assets.wilsonsauctions.com///lots_asset-262740%2F17689932125247551392236927910113.jpg_5102071/320x231.webp,https://assets.wilsonsauctions.com///lots_asset-262740%2F17689932433297461656014907519181.jpg_6488029/320x231.webp,https://assets.wilsonsauctions.com///lots_asset-262740%2F17689932976851686267117420773736.jpg_6107061/320x231.webp,https://assets.wilsonsauctions.com///lots_asset-262740%2F17689933166138357673148059931268.jpg_4123105/320x231.webp",,,,Silver,Not present,―,,―,,,,4,,,,,,,2026-01-22,12:00,Timed Auction,No,[190],190
Seized Vehicle Auction,20,Wilsons Auctions,Audi A6 S Line TDI,KP06UMW,Audi,A6 S,S Line TDI,32,Saloon,Diesel,Manual,Wilsons Auctions Widnes,2026-01-21,12:00,29/03/2006,2006,,Not Warranted,,,No,Margin,REPOSSESSION NO RESERVE,,2.0,,,"https://assets.wilsonsauctions.com///lots_1768905446-P1050694.JPG_1585053/320x231.webp,https://assets.wilsonsauctions.com///lots_1768905446-P1050695.JPG_1563021/320x231.webp,https://assets.wilsonsauctions.com///lots_1768905447-P1050696.JPG_1587051/320x231.webp,https://assets.wilsonsauctions.com///lots_1768905448-P1050697.JPG_1503455/320x231.webp,https://assets.wilsonsauctions.com///lots_1768905449-P1050698.JPG_1363154/320x231.webp,https://assets.wilsonsauctions.com///lots_1768905450-P1050699.JPG_1119109/320x231.webp,https://assets.wilsonsauctions.com///lots_1768905451-P1050700.JPG_1475388/320x231.webp,https://assets.wilsonsauctions.com///lots_1768905451-P1050701.JPG_1541800/320x231.webp,https://assets.wilsonsauctions.com///lots_1768905452-P1050702.JPG_960404/320x231.webp,https://assets.wilsonsauctions.com///lots_1768905453-P1050703.JPG_1512221/320x231.webp,https://assets.wilsonsauctions.com///lots_1768906172-P1050770.JPG_1286994/320x231.webp",,,,Blue,Not present,―,,―,,,,4,,,,,,,2026-01-22,12:00,Timed Auction,No,[100],100
Seized Vehicle Auction,20,Wilsons Auctions,Mercedes-benz E250 Avantgarde Ed125 CDI Bcya,KP61FKJ,Mercedes-benz,E250 Avantgarde,Avantgarde Ed125 CDI Bcya,98,Saloon,Diesel,Automatic,Wilsons Auctions Leigh,2026-01-21,12:00,20/10/2011,2011,,Not Warranted,,,No,Margin,REPOSSESSION NO RESERVE,,2.1,,,"https://assets.wilsonsauctions.com///lots_1768990087-PICT0098.jpg_2424941/320x231.webp,https://assets.wilsonsauctions.com///lots_1768990088-PICT0099.jpg_2168640/320x231.webp,https://assets.wilsonsauctions.com///lots_1768990089-PICT0100.jpg_2048073/320x231.webp,https://assets.wilsonsauctions.com///lots_1768990091-PICT0101.jpg_2210334/320x231.webp,https://assets.wilsonsauctions.com///lots_1768990092-PICT0102.jpg_1978881/320x231.webp,https://assets.wilsonsauctions.com///lots_1768990093-PICT0103.jpg_889914/320x231.webp,https://assets.wilsonsauctions.com///lots_1768990094-PICT0104.jpg_1568076/320x231.webp,https://assets.wilsonsauctions.com///lots_1768990094-PICT0105.jpg_1310300/320x231.webp,https://assets.wilsonsauctions.com///lots_1768990095-PICT0106.jpg_1825969/320x231.webp,https://assets.wilsonsauctions.com///lots_1768990096-PICT0107.jpg_1596171/320x231.webp,https://assets.wilsonsauctions.com///lots_1768990097-PICT0108.jpg_1761386/320x231.webp,https://assets.wilsonsauctions.com///lots_1768990098-PICT0109.jpg_1162251/320x231.webp,https://assets.wilsonsauctions.com///lots_1768990099-PICT0110.jpg_1506108/320x231.webp",,,,White,Not present,―,,―,,,,4,,,,,,,2026-01-22,12:00,Timed Auction,No,[230],230
Seized Vehicle Auction,20,Wilsons Auctions,Audi A4 T S Line CVT,KR07BDO,Audi,A4 T,T S Line CVT,17,Estate,Petrol,,Wilsons Auctions West Bromwich,2026-01-21,12:00,19/06/2007,2007,,Not Warranted,,04-06-2026,No,Margin,REPOSSESSION NO RESERVE,7,1.8,,,"https://assets.wilsonsauctions.com///lots_1768831238-1768831227498559481817063464115.jpg_3731114/320x231.webp,https://assets.wilsonsauctions.com///lots_1768831249-17688312371038165575917826774449.jpg_3863514/320x231.webp,https://assets.wilsonsauctions.com///lots_1768831297-17688312716007978639672123587811.jpg_3346722/320x231.webp,https://assets.wilsonsauctions.com///lots_1768831317-17688312988314195230098702105912.jpg_3166947/320x231.webp,https://assets.wilsonsauctions.com///lots_1768831341-17688313251976600237147169136468.jpg_2181481/320x231.webp,https://assets.wilsonsauctions.com///lots_1768831368-17688313528057896669954956389879.jpg_3210737/320x231.webp,https://assets.wilsonsauctions.com///lots_1768831384-1768831367122211282057533719531.jpg_3136035/320x231.webp,https://assets.wilsonsauctions.com///lots_1768831398-17688313862328604120442367956308.jpg_2499940/320x231.webp,https://assets.wilsonsauctions.com///lots_1768831406-17688313996475821031129856783845.jpg_2488085/320x231.webp",,,,Silver,Not present,―,,―,,,,,,,,,,,2026-01-22,12:00,Timed Auction,No,[190],190
Seized Vehicle Auction,20,Wilsons Auctions,Mercedes C200 Kompressor SE,KT05VMM,Mercedes,C200 Kompressor,Kompressor SE,119,Coupe,Petrol,Manual,Wilsons Auctions Newport,2026-01-21,12:00,21/07/2005,2005,,Not Warranted,,,No,Margin,REPOSSESSION NO RESERVE,,1.8,,,"https://assets.wilsonsauctions.com///lots_asset-248035%2F17673524400696487155447123736589.jpg_5096443/320x231.webp,https://assets.wilsonsauctions.com///lots_asset-248035%2F1767352425354452341459946750990.jpg_4616746/320x231.webp,https://assets.wilsonsauctions.com///lots_asset-248035%2F17673524311812707504803911155591.jpg_5294420/320x231.webp",,,,Orange,Not present,―,,―,,,,2,,,,,,,2026-01-22,12:00,Timed Auction,No,[120],120
Seized Vehicle Auction,20,Wilsons Auctions,Mercedes A180 CDI Classic SE,KW10CVC,Mercedes,A180 CDI,CDI Classic SE,88,Hatchback,Diesel,Manual,Wilsons Auctions Leigh,2026-01-21,12:00,13/07/2010,2010,,Not Warranted,,,No,Margin,REPOSSESSION NO RESERVE,,2.0,,,"https://assets.wilsonsauctions.com///lots_1768990651-PICT0069.jpg_1276894/320x231.webp,https://assets.wilsonsauctions.com///lots_1768990652-PICT0070.jpg_1655044/320x231.webp,https://assets.wilsonsauctions.com///lots_1768990653-PICT0071.jpg_1780255/320x231.webp,https://assets.wilsonsauctions.com///lots_1768990654-PICT0072.jpg_1830362/320x231.webp,https://assets.wilsonsauctions.com///lots_1768990655-PICT0073.jpg_1800169/320x231.webp,https://assets.wilsonsauctions.com///lots_1768990656-PICT0074.jpg_1669766/320x231.webp,https://assets.wilsonsauctions.com///lots_1768990657-PICT0075.jpg_1168346/320x231.webp,https://assets.wilsonsauctions.com///lots_1768990658-PICT0076.jpg_1446633/320x231.webp,https://assets.wilsonsauctions.com///lots_1768990659-PICT0077.jpg_1742038/320x231.webp",,,,Black,Not present,―,,―,,,,5,,,,,,,2026-01-22,12:00,Timed Auction,No,[140],140
Seized Vehicle Auction,20,Wilsons Auctions,Saab 9-5 Vector TID,KX53DBO,Saab,9-5 Vector,Vector TID,40,Estate,Diesel,Manual,Wilsons Auctions West Bromwich,2026-01-21,12:00,04/09/2003,2003,,Not Warranted,,,No,Margin,REPOSSESSION NO RESERVE,,2.2,,,"https://assets.wilsonsauctions.com///lots_1768912160-17689121503426044749999712082752.jpg_3190940/320x231.webp,https://assets.wilsonsauctions.com///lots_1768912172-17689121641991927000073449086927.jpg_3632332/320x231.webp,https://assets.wilsonsauctions.com///lots_1768912193-17689121722113868688414901132246.jpg_4347516/320x231.webp,https://assets.wilsonsauctions.com///lots_1768912220-17689121941224854169597334555501.jpg_4181435/320x231.webp,https://assets.wilsonsauctions.com///lots_1768912243-17689122190737231105881773805208.jpg_2576963/320x231.webp,https://assets.wilsonsauctions.com///lots_1768912253-17689122443682445700624715354771.jpg_3235230/320x231.webp,https://assets.wilsonsauctions.com///lots_1768912260-17689122539128781635116927495283.jpg_3770732/320x231.webp",,,,Blue,Not present,―,,―,,,,,,,,,,,2026-01-22,12:00,Timed Auction,No,[0],0
Seized Vehicle Auction,20,Wilsons Auctions,Peugeot 107 Allure,KY63GDU,Peugeot,107 Allure,Allure,28,Hatchback,Petrol,Manual,Wilsons Auctions Leigh,2026-01-21,12:00,30/09/2013,2013,,Not Warranted,,,No,Margin,REPOSSESSION NO RESERVE,,1.0,,,"https://assets.wilsonsauctions.com///lots_1768905507-PICT0175.jpg_1659365/320x231.webp,https://assets.wilsonsauctions.com///lots_1768905508-PICT0176.jpg_2324208/320x231.webp,https://assets.wilsonsauctions.com///lots_1768905510-PICT0177.jpg_2340894/320x231.webp,https://assets.wilsonsauctions.com///lots_1768905511-PICT0178.jpg_2064817/320x231.webp,https://assets.wilsonsauctions.com///lots_1768905512-PICT0179.jpg_1546535/320x231.webp,https://assets.wilsonsauctions.com///lots_1768905513-PICT0180.jpg_1085376/320x231.webp,https://assets.wilsonsauctions.com///lots_1768905514-PICT0181.jpg_1651325/320x231.webp,https://assets.wilsonsauctions.com///lots_1768905515-PICT0182.jpg_1645314/320x231.webp,https://assets.wilsonsauctions.com///lots_1768905516-PICT0183.jpg_1470596/320x231.webp,https://assets.wilsonsauctions.com///lots_1768905517-PICT0184.jpg_2281387/320x231.webp",,,,Blue,Not present,―,,―,,,,5,,,,,,,2026-01-22,12:00,Timed Auction,No,[100],100
Seized Vehicle Auction,20,Wilsons Auctions,Vauxhall Corsa Limited Edition,LB61FLD,Vauxhall,Corsa Limited,Limited Edition,44,Hatchback,Petrol,Manual,Wilsons Auctions West Bromwich,2026-01-21,12:00,31/01/2012,2012,,Not Warranted,Here,15-06-2026,No,Margin,REPOSSESSION NO RESERVE,,1.2,,,"https://assets.wilsonsauctions.com///lots_1767706414-17677064057576295505337692693154.jpg_3458182/320x231.webp,https://assets.wilsonsauctions.com///lots_1767706424-17677064141536339634090135645787.jpg_3273256/320x231.webp,https://assets.wilsonsauctions.com///lots_1767706434-17677064241325103796972020347902.jpg_3297211/320x231.webp,https://assets.wilsonsauctions.com///lots_1767706450-17677064411492548228093839812781.jpg_3764858/320x231.webp,https://assets.wilsonsauctions.com///lots_1767706485-17677064552168559825893257667008.jpg_2335195/320x231.webp,https://assets.wilsonsauctions.com///lots_1767706513-17677065022588026096562013483522.jpg_3828393/320x231.webp,https://assets.wilsonsauctions.com///lots_1767706527-17677065167173675139717991677440.jpg_2952320/320x231.webp,https://assets.wilsonsauctions.com///lots_1767706536-17677065280075672300741021421353.jpg_2686314/320x231.webp,https://assets.wilsonsauctions.com///lots_1767706554-17677065423326199643982543687773.jpg_2414324/320x231.webp,https://assets.wilsonsauctions.com///lots_1767706562-17677065563378401875474367773892.jpg_3956506/320x231.webp",,,,Red,Not present,―,,―,,,,3,,,,,,,2026-01-22,12:00,Timed Auction,No,[160],160
Seized Vehicle Auction,20,Wilsons Auctions,Ford KA,LM04TZP,Ford,KA,,39,Hatchback,Petrol,Manual,Wilsons Auctions Maidstone,2026-01-21,12:00,29/06/2004,2004,,Not Warranted,Here,,No,Margin,REPOSSESSION NO RESERVE,,1.3,,,"https://assets.wilsonsauctions.com///lots_1768295156-PICT0033.jpg_2081115/320x231.webp,https://assets.wilsonsauctions.com///lots_1768295156-PICT0034.jpg_2107255/320x231.webp,https://assets.wilsonsauctions.com///lots_1768295156-PICT0035.jpg_1937495/320x231.webp,https://assets.wilsonsauctions.com///lots_1768295157-PICT0036.jpg_1821418/320x231.webp,https://assets.wilsonsauctions.com///lots_1768295157-PICT0037.jpg_2344109/320x231.webp,https://assets.wilsonsauctions.com///lots_1768295157-PICT0038.jpg_2068346/320x231.webp,https://assets.wilsonsauctions.com///lots_1768295158-PICT0039.jpg_1840803/320x231.webp,https://assets.wilsonsauctions.com///lots_1768295158-PICT0040.jpg_1608058/320x231.webp,https://assets.wilsonsauctions.com///lots_1768295159-PICT0041.jpg_1630560/320x231.webp,https://assets.wilsonsauctions.com///lots_1768295159-PICT0042.jpg_2089044/320x231.webp",,,,Red,Not present,―,,―,,,,3,,,,,,,2026-01-22,12:00,Timed Auction,No,[0],0
Seized Vehicle Auction,20,Wilsons Auctions,Ford Fiesta Zetec,LO13WZD,Ford,Fiesta Zetec,Zetec,82,Hatchback,Petrol,Manual,Wilsons Auctions Widnes,2026-01-21,12:00,30/07/2013,2013,,Not Warranted,Here,,No,Margin,REPOSSESSION NO RESERVE,,1.0,,,"https://assets.wilsonsauctions.com///lots_1768383416-P1050561.JPG_1578516/320x231.webp,https://assets.wilsonsauctions.com///lots_1768383417-P1050562.JPG_1653143/320x231.webp,https://assets.wilsonsauctions.com///lots_1768383418-P1050563.JPG_1679994/320x231.webp,https://assets.wilsonsauctions.com///lots_1768383419-P1050564.JPG_1558520/320x231.webp,https://assets.wilsonsauctions.com///lots_1768383420-P1050565.JPG_1390598/320x231.webp,https://assets.wilsonsauctions.com///lots_1768383421-P1050566.JPG_1117358/320x231.webp,https://assets.wilsonsauctions.com///lots_1768383421-P1050567.JPG_1191926/320x231.webp,https://assets.wilsonsauctions.com///lots_1768383423-P1050568.JPG_1115418/320x231.webp,https://assets.wilsonsauctions.com///lots_1768383424-P1050569.JPG_1620950/320x231.webp,https://assets.wilsonsauctions.com///lots_1768383425-P1050570.JPG_1477202/320x231.webp,https://assets.wilsonsauctions.com///lots_1768383425-P1050571.JPG_1589461/320x231.webp",,,,Black,Not present,―,,―,,,,5,,,,,,,2026-01-22,12:00,Timed Auction,No,[150],150
Seized Vehicle Auction,20,Wilsons Auctions,Volkswagen Golf Plus SE TDI 105 S-A,LR05KVC,Volkswagen,Golf Plus,Plus SE TDI 105 S-A,122,Hatchback,Diesel,Semi Automatic,Wilsons Auctions Newport,2026-01-21,12:00,06/07/2005,2005,,Not Warranted,,,No,Margin,REPOSSESSION NO RESERVE,,1.9,,,"https://assets.wilsonsauctions.com///lots_asset-238161%2F17653746732742785441408206086854.jpg_4206239/320x231.webp,https://assets.wilsonsauctions.com///lots_asset-238161%2F17653746816216635309812175609696.jpg_4667374/320x231.webp,https://assets.wilsonsauctions.com///lots_asset-238161%2F17653746879208988221534506772351.jpg_4626141/320x231.webp",,,,Silver,Not present,―,,―,,,,5,,,,,,,2026-01-22,12:00,Timed Auction,No,[100],100
Seized Vehicle Auction,20,Wilsons Auctions,BMW 116d SE Auto,LR14OYM,BMW,116d SE,SE Auto,148,Hatchback,Diesel,Automatic,Wilsons Auctions Maidstone,2026-01-21,12:00,21/03/2014,2014,,Not Warranted,Here,,No,Margin,REPOSSESSION NO RESERVE,,2.0,,,"https://assets.wilsonsauctions.com///lots_1767868000-PICT0022.jpg_2510967/320x231.webp,https://assets.wilsonsauctions.com///lots_1767868000-PICT0023.jpg_2967228/320x231.webp,https://assets.wilsonsauctions.com///lots_1767868001-PICT0024.jpg_2243783/320x231.webp,https://assets.wilsonsauctions.com///lots_1767868001-PICT0025.jpg_1694613/320x231.webp,https://assets.wilsonsauctions.com///lots_1767868001-PICT0026.jpg_1722325/320x231.webp,https://assets.wilsonsauctions.com///lots_1767868002-PICT0027.jpg_2837091/320x231.webp",,,,Black,Not present,―,,―,,,,5,,,,,,,2026-01-22,12:00,Timed Auction,No,[810],810
Seized Vehicle Auction,20,Wilsons Auctions,Vauxhall Insignia SRI NAV Cdti,LS65KUR,Vauxhall,Insignia SRI,SRI NAV Cdti,86,Estate,Diesel,Manual,Wilsons Auctions Widnes,2026-01-21,12:00,31/10/2015,2015,,Not Warranted,Here,23-09-2026,No,Margin,REPOSSESSION NO RESERVE,,1.6,,,"https://assets.wilsonsauctions.com///lots_1767949582-P1050476.JPG_1577039/320x231.webp,https://assets.wilsonsauctions.com///lots_1767949583-P1050477.JPG_1594763/320x231.webp,https://assets.wilsonsauctions.com///lots_1767949584-P1050478.JPG_1514172/320x231.webp,https://assets.wilsonsauctions.com///lots_1767949585-P1050479.JPG_1629319/320x231.webp,https://assets.wilsonsauctions.com///lots_1767949586-P1050480.JPG_1137978/320x231.webp,https://assets.wilsonsauctions.com///lots_1767949586-P1050481.JPG_1310630/320x231.webp,https://assets.wilsonsauctions.com///lots_1767949587-P1050482.JPG_1334872/320x231.webp,https://assets.wilsonsauctions.com///lots_1767949588-P1050483.JPG_1455129/320x231.webp,https://assets.wilsonsauctions.com///lots_1767949589-P1050484.JPG_1219833/320x231.webp,https://assets.wilsonsauctions.com///lots_1767949590-P1050485.JPG_1601401/320x231.webp,https://assets.wilsonsauctions.com///lots_1767949591-P1050486.JPG_1616562/320x231.webp",,,,Red,Not present,―,,―,,,,,,,,,,,2026-01-22,12:00,Timed Auction,No,[160],160
Seized Vehicle Auction,20,Wilsons Auctions,Audi A4 S Line,LV56MXP,Audi,A4 S,S Line,7,Convertible,Petrol,Manual,Wilsons Auctions Maidstone,2026-01-21,12:00,03/11/2006,2006,,Not Warranted,Here,,No,Margin,REPOSSESSION NO RESERVE,,1.8,,,"https://assets.wilsonsauctions.com///lots_1767952999-PICT0028.jpg_2440181/320x231.webp,https://assets.wilsonsauctions.com///lots_1767952999-PICT0029.jpg_2228864/320x231.webp,https://assets.wilsonsauctions.com///lots_1767952999-PICT0030.jpg_2174311/320x231.webp,https://assets.wilsonsauctions.com///lots_1767953000-PICT0031.jpg_1787372/320x231.webp,https://assets.wilsonsauctions.com///lots_1767953000-PICT0032.jpg_2055297/320x231.webp",,,,Grey,Not present,―,,―,,,,2,,,,,,,2026-01-22,12:00,Timed Auction,No,[170],170
Seized Vehicle Auction,20,Wilsons Auctions,Toyota NOT Recorded,LW08NPO,Toyota,NOT Recorded,Recorded,22,Mpv,Petrol,,Wilsons Auctions Leigh,2026-01-21,12:00,01/08/2019,2019,,Not Warranted,,,No,Margin,REPOSSESSION NO RESERVE,,2.4,,,"https://assets.wilsonsauctions.com///lots_1768906041-PICT0185.jpg_1755565/320x231.webp,https://assets.wilsonsauctions.com///lots_1768906042-PICT0186.jpg_1836870/320x231.webp,https://assets.wilsonsauctions.com///lots_1768906043-PICT0187.jpg_1857334/320x231.webp,https://assets.wilsonsauctions.com///lots_1768906044-PICT0188.jpg_1907335/320x231.webp,https://assets.wilsonsauctions.com///lots_1768906045-PICT0189.jpg_1464458/320x231.webp,https://assets.wilsonsauctions.com///lots_1768906046-PICT0190.jpg_1100016/320x231.webp,https://assets.wilsonsauctions.com///lots_1768906047-PICT0191.jpg_1526588/320x231.webp,https://assets.wilsonsauctions.com///lots_1768906049-PICT0192.jpg_1623684/320x231.webp,https://assets.wilsonsauctions.com///lots_1768906050-PICT0193.jpg_1693634/320x231.webp,https://assets.wilsonsauctions.com///lots_1768906051-PICT0194.jpg_1815356/320x231.webp,https://assets.wilsonsauctions.com///lots_1768906052-PICT0195.jpg_1276196/320x231.webp",,,,Grey,Not present,―,,―,,,,5,,,,,,,2026-01-22,12:00,Timed Auction,No,[390],390
Seized Vehicle Auction,20,Wilsons Auctions,Ford Focus Zetec TD 115,MD08KZZ,Ford,Focus Zetec,Zetec TD 115,123,Hatchback,Diesel,Manual,Wilsons Auctions Newport,2026-01-21,12:00,20/08/2008,2008,,Not Warranted,,06-02-2026,No,Margin,REPOSSESSION NO RESERVE,,1.8,,,"https://assets.wilsonsauctions.com///lots_asset-246979%2F17665689131063796841761692358095.jpg_4846379/320x231.webp,https://assets.wilsonsauctions.com///lots_asset-246979%2F17665689184293372013702857672527.jpg_5402684/320x231.webp,https://assets.wilsonsauctions.com///lots_asset-246979%2F17665689252125346317431813709821.jpg_5127166/320x231.webp",,,,Silver,Not present,―,,―,,,,5,,,,,,,2026-01-22,12:00,Timed Auction,No,[100],100
Seized Vehicle Auction,20,Wilsons Auctions,Hyundai I30 Comfort,MJ09OAY,Hyundai,I30 Comfort,Comfort,77,Hatchback,Petrol,Manual,Wilsons Auctions Widnes,2026-01-21,12:00,16/06/2009,2009,,Not Warranted,,,No,Margin,REPOSSESSION NO RESERVE,,1.4,,,"https://assets.wilsonsauctions.com///lots_1768989004-P1050771.JPG_1556101/320x231.webp,https://assets.wilsonsauctions.com///lots_1768989004-P1050772.JPG_1519517/320x231.webp,https://assets.wilsonsauctions.com///lots_1768989005-P1050773.JPG_1600179/320x231.webp,https://assets.wilsonsauctions.com///lots_1768989006-P1050774.JPG_1504259/320x231.webp,https://assets.wilsonsauctions.com///lots_1768989007-P1050775.JPG_1436090/320x231.webp,https://assets.wilsonsauctions.com///lots_1768989008-P1050776.JPG_1295797/320x231.webp,https://assets.wilsonsauctions.com///lots_1768989008-P1050777.JPG_1119990/320x231.webp,https://assets.wilsonsauctions.com///lots_1768989009-P1050778.JPG_1549242/320x231.webp,https://assets.wilsonsauctions.com///lots_1768989010-P1050779.JPG_1545446/320x231.webp,https://assets.wilsonsauctions.com///lots_1768989012-P1050780.JPG_1505187/320x231.webp",,,,Blue,Not present,―,,―,,,,5,,,,,,,2026-01-22,12:00,Timed Auction,No,[130],130
Seized Vehicle Auction,20,Wilsons Auctions,Ford Fusion Style Climate,MK56AVY,Ford,Fusion Style,Style Climate,113,Hatchback,Petrol,Manual,Wilsons Auctions Stoke,2026-01-21,12:00,30/09/2006,2006,,Not Warranted,Here,,No,Margin,REPOSSESSION NO RESERVE,,1.4,,,"https://assets.wilsonsauctions.com///lots_asset-258124%2F17684739668204844310827392558726.jpg_6883521/320x231.webp,https://assets.wilsonsauctions.com///lots_asset-258124%2F17684739830873412231494652092067.jpg_6462146/320x231.webp,https://assets.wilsonsauctions.com///lots_asset-258124%2F17684739930697532680857864826662.jpg_6038124/320x231.webp,https://assets.wilsonsauctions.com///lots_asset-258124%2F17684740050008962343965775225526.jpg_6855669/320x231.webp,https://assets.wilsonsauctions.com///lots_asset-258124%2F17684741441435769518459110829573.jpg_4435089/320x231.webp,https://assets.wilsonsauctions.com///lots_asset-258124%2F17684741627885776701561317386524.jpg_5578741/320x231.webp,https://assets.wilsonsauctions.com///lots_asset-258124%2F17684741936031209701689342920596.jpg_5784238/320x231.webp,https://assets.wilsonsauctions.com///lots_asset-258124%2F17684742072392537987754900149140.jpg_4088848/320x231.webp",,,,Blue,Not present,―,,―,,,,5,,,,,,,2026-01-22,12:00,Timed Auction,No,[170],170
Seized Vehicle Auction,20,Wilsons Auctions,Vauxhall Insignia SRI 128 Cdti,ML11YZB,Vauxhall,Insignia SRI,SRI 128 Cdti,63,Hatchback,Diesel,Manual,Wilsons Auctions Belfast,2026-01-21,12:00,06/05/2011,2011,,Not Warranted,Here,,No,Margin,REPOSSESSION NO RESERVE,,2.0,,,"https://assets.wilsonsauctions.com///lots_asset-247498%2Fimage.jpg_3255199/320x231.webp,https://assets.wilsonsauctions.com///lots_asset-247498%2Fimage.jpg_3327174/320x231.webp,https://assets.wilsonsauctions.com///lots_asset-247498%2Fimage.jpg_3378539/320x231.webp,https://assets.wilsonsauctions.com///lots_asset-247498%2Fimage.jpg_3561276/320x231.webp",,,,White,Not present,―,,―,,,,5,,,,,,,2026-01-22,12:00,Timed Auction,No,[280],280
Seized Vehicle Auction,20,Wilsons Auctions,Vauxhall Vivaro 2900 DTI SWB,ML54YVY,Vauxhall,Vivaro 2900,2900 DTI SWB,66,Panel van,Diesel,Manual,Wilsons Auctions Stoke,2026-01-21,12:00,28/10/2004,2004,,Not Warranted,,,No,Standard Rate,REPOSSESSION NO RESERVE,,1.9,,,"https://assets.wilsonsauctions.com///lots_asset-183498%2F17592242770992820295811996196889.jpg_6552927/320x231.webp,https://assets.wilsonsauctions.com///lots_asset-183498%2F17592242870885191267886737186986.jpg_4974617/320x231.webp,https://assets.wilsonsauctions.com///lots_asset-183498%2F17592242977571787408016292163423.jpg_5095420/320x231.webp,https://assets.wilsonsauctions.com///lots_asset-183498%2F17592243072962486318392555838663.jpg_6024212/320x231.webp,https://assets.wilsonsauctions.com///lots_asset-183498%2F17592246385819089220823466927941.jpg_7144698/320x231.webp,https://assets.wilsonsauctions.com///lots_asset-183498%2F1759224658530452116171456106898.jpg_6584476/320x231.webp,https://assets.wilsonsauctions.com///lots_asset-183498%2F17592246896264103189358738155761.jpg_5794550/320x231.webp,https://assets.wilsonsauctions.com///lots_asset-183498%2F17592247089393785921656649459990.jpg_3627848/320x231.webp",,,,White,Not present,―,,―,,,,,,,,,,,2026-01-22,12:00,Timed Auction,Yes,[50],50
Seized Vehicle Auction,20,Wilsons Auctions,Lexmoto Valencia 50,ML63EHH,Lexmoto,Valencia 50,50,71,Moped 72,Petrol,Automatic,Wilsons Auctions Leigh,2026-01-21,12:00,29/11/2013,2013,,Not Warranted,Here,,No,Margin,REPOSSESSION NO RESERVE,,0.1,,,"https://assets.wilsonsauctions.com///lots_1767779505-PICT0105.jpg_2193101/320x231.webp,https://assets.wilsonsauctions.com///lots_1767779506-PICT0106.jpg_2519242/320x231.webp,https://assets.wilsonsauctions.com///lots_1767779508-PICT0107.jpg_2441658/320x231.webp,https://assets.wilsonsauctions.com///lots_1767779509-PICT0108.jpg_2193323/320x231.webp,https://assets.wilsonsauctions.com///lots_1767779510-PICT0109.jpg_1945621/320x231.webp,https://assets.wilsonsauctions.com///lots_1767779511-PICT0110.jpg_1627947/320x231.webp,https://assets.wilsonsauctions.com///lots_1767779512-PICT0111.jpg_1483925/320x231.webp,https://assets.wilsonsauctions.com///lots_1767779513-PICT0112.jpg_1912287/320x231.webp,https://assets.wilsonsauctions.com///lots_1767779514-PICT0113.jpg_2082476/320x231.webp,https://assets.wilsonsauctions.com///lots_1767779516-PICT0114.jpg_1775891/320x231.webp",,,,White,Not present,―,,―,,,,,,,,,,,2026-01-22,12:00,Timed Auction,No,[0],0
Seized Vehicle Auction,20,Wilsons Auctions,Vauxhall Astra Design,MV58PUE,Vauxhall,Astra Design,Design,90,Hatchback,Petrol,Manual,Wilsons Auctions Leigh,2026-01-21,12:00,01/10/2008,2008,,Not Warranted,,24-01-2026,No,Margin,REPOSSESSION NO RESERVE,,1.8,,,"https://assets.wilsonsauctions.com///lots_1768990478-PICT0028.jpg_2193813/320x231.webp,https://assets.wilsonsauctions.com///lots_1768990479-PICT0029.jpg_2008001/320x231.webp,https://assets.wilsonsauctions.com///lots_1768990480-PICT0030.jpg_1884449/320x231.webp,https://assets.wilsonsauctions.com///lots_1768990482-PICT0031.jpg_1846616/320x231.webp,https://assets.wilsonsauctions.com///lots_1768990483-PICT0032.jpg_1752348/320x231.webp,https://assets.wilsonsauctions.com///lots_1768990483-PICT0033.jpg_1251135/320x231.webp,https://assets.wilsonsauctions.com///lots_1768990484-PICT0034.jpg_1425435/320x231.webp,https://assets.wilsonsauctions.com///lots_1768990485-PICT0035.jpg_1915713/320x231.webp,https://assets.wilsonsauctions.com///lots_1768990486-PICT0036.jpg_1587846/320x231.webp,https://assets.wilsonsauctions.com///lots_1768990487-PICT0037.jpg_1586489/320x231.webp",,,,Black,Not present,―,,―,,,,3,,,,,,,2026-01-22,12:00,Timed Auction,No,[100],100
Seized Vehicle Auction,20,Wilsons Auctions,Ford Fiesta Zetec,MW59HBG,Ford,Fiesta Zetec,Zetec,117,Hatchback,Petrol,Manual,Wilsons Auctions Newport,2026-01-21,12:00,22/01/2010,2010,,Not Warranted,,,No,Margin,REPOSSESSION NO RESERVE,,1.2,,,"https://assets.wilsonsauctions.com///lots_asset-247570%2F17670968978042624225592970686921.jpg_4407506/320x231.webp,https://assets.wilsonsauctions.com///lots_asset-247570%2F17670969046777499792147480694045.jpg_4292535/320x231.webp,https://assets.wilsonsauctions.com///lots_asset-247570%2F17670969108768925508910880111785.jpg_4730770/320x231.webp",,,,Black,Not present,―,,―,,,,3,,,,,,,2026-01-22,12:00,Timed Auction,No,[100],100
Seized Vehicle Auction,20,Wilsons Auctions,Volvo S60 ES D4,ND12UWG,Volvo,S60 ES,ES D4,81,Saloon,Diesel,Manual,Wilsons Auctions Widnes,2026-01-21,12:00,25/06/2012,2012,,Not Warranted,Here,,No,Margin,REPOSSESSION NO RESERVE,,2.0,,,"https://assets.wilsonsauctions.com///lots_1768296208-P1050531.JPG_1590852/320x231.webp,https://assets.wilsonsauctions.com///lots_1768296209-P1050532.JPG_1539547/320x231.webp,https://assets.wilsonsauctions.com///lots_1768296210-P1050533.JPG_1603772/320x231.webp,https://assets.wilsonsauctions.com///lots_1768296210-P1050534.JPG_1584514/320x231.webp,https://assets.wilsonsauctions.com///lots_1768296211-P1050535.JPG_1206392/320x231.webp,https://assets.wilsonsauctions.com///lots_1768296212-P1050536.JPG_1064944/320x231.webp,https://assets.wilsonsauctions.com///lots_1768296212-P1050537.JPG_1114147/320x231.webp,https://assets.wilsonsauctions.com///lots_1768296213-P1050538.JPG_1373449/320x231.webp,https://assets.wilsonsauctions.com///lots_1768296214-P1050539.JPG_1122198/320x231.webp",,,,Black,Not present,―,,―,,,,4,,,,,,,2026-01-22,12:00,Timed Auction,No,[310],310
Seized Vehicle Auction,20,Wilsons Auctions,Ford Transit 85 T280s FWD,NL11WRJ,Ford,Transit 85,85 T280s FWD,84,Panel van,Diesel,Manual,Wilsons Auctions Widnes,2026-01-21,12:00,08/04/2011,2011,,Not Warranted,Here,,No,Standard Rate,REPOSSESSION NO RESERVE,,2.2,,,"https://assets.wilsonsauctions.com///lots_1767868046-P1050420.JPG_1526752/320x231.webp,https://assets.wilsonsauctions.com///lots_1767868047-P1050421.JPG_1448742/320x231.webp,https://assets.wilsonsauctions.com///lots_1767868048-P1050422.JPG_1304044/320x231.webp,https://assets.wilsonsauctions.com///lots_1767868049-P1050423.JPG_1291768/320x231.webp,https://assets.wilsonsauctions.com///lots_1767868050-P1050424.JPG_1292312/320x231.webp,https://assets.wilsonsauctions.com///lots_1767868050-P1050425.JPG_1156671/320x231.webp,https://assets.wilsonsauctions.com///lots_1767868051-P1050426.JPG_1161175/320x231.webp,https://assets.wilsonsauctions.com///lots_1767868052-P1050427.JPG_1362702/320x231.webp,https://assets.wilsonsauctions.com///lots_1767868052-P1050428.JPG_1075194/320x231.webp,https://assets.wilsonsauctions.com///lots_1767868053-P1050429.JPG_1415503/320x231.webp",,,,White,Not present,―,,―,,,,,,,,,,,2026-01-22,12:00,Timed Auction,No,[100],100
Seized Vehicle Auction,20,Wilsons Auctions,Peugeot Expert S Standard Blue HDI,NU67VJN,Peugeot,Expert S,S Standard Blue HDI,99,Panel van,Diesel,Manual,Wilsons Auctions Widnes,2026-01-21,12:00,08/12/2017,2017,,Not Warranted,Here,,No,Standard Rate,REPOSSESSION NO RESERVE,,1.6,,,"https://assets.wilsonsauctions.com///lots_1767867702-P1050430.JPG_1529152/320x231.webp,https://assets.wilsonsauctions.com///lots_1767867703-P1050431.JPG_1360345/320x231.webp,https://assets.wilsonsauctions.com///lots_1767867705-P1050432.JPG_1381254/320x231.webp,https://assets.wilsonsauctions.com///lots_1767867706-P1050433.JPG_1285625/320x231.webp,https://assets.wilsonsauctions.com///lots_1767867707-P1050434.JPG_1453937/320x231.webp,https://assets.wilsonsauctions.com///lots_1767867707-P1050435.JPG_1151897/320x231.webp,https://assets.wilsonsauctions.com///lots_1767867708-P1050436.JPG_1076428/320x231.webp,https://assets.wilsonsauctions.com///lots_1767867709-P1050437.JPG_1354846/320x231.webp,https://assets.wilsonsauctions.com///lots_1768396044-P1050599.JPG_1400362/320x231.webp,https://assets.wilsonsauctions.com///lots_1768396045-P1050594.JPG_1454939/320x231.webp,https://assets.wilsonsauctions.com///lots_1768396046-P1050593.JPG_1481832/320x231.webp",,,,White,Not present,―,,―,,,,,,,,,,,2026-01-22,12:00,Timed Auction,No,[1010],1010
Seized Vehicle Auction,20,Wilsons Auctions,Peugeot Partner HDI,NV11UCR,Peugeot,Partner HDI,HDI,55,Panel van,Diesel,,Wilsons Auctions Gateshead,2026-01-21,12:00,22/06/2011,2011,,Not Warranted,Here,21-10-2026,No,Standard Rate,REPOSSESSION NO RESERVE,,1.6,,,"https://assets.wilsonsauctions.com///lots_1768309193-image.jpg_4138549/320x231.webp,https://assets.wilsonsauctions.com///lots_1768309212-image.jpg_3989903/320x231.webp,https://assets.wilsonsauctions.com///lots_1768309218-image.jpg_3553915/320x231.webp,https://assets.wilsonsauctions.com///lots_1768309228-image.jpg_3536502/320x231.webp,https://assets.wilsonsauctions.com///lots_1768309255-image.jpg_3998659/320x231.webp,https://assets.wilsonsauctions.com///lots_1768309266-image.jpg_1970958/320x231.webp,https://assets.wilsonsauctions.com///lots_1768309282-image.jpg_4022378/320x231.webp,https://assets.wilsonsauctions.com///lots_1768309305-image.jpg_4089934/320x231.webp",,,,White,Not present,―,,―,,,,,,,,,,,2026-01-22,12:00,Timed Auction,No,[100],100
Seized Vehicle Auction,20,Wilsons Auctions,Peugeot Partner 850 S HDI 90,NX59XVO,Peugeot,Partner 850,850 S HDI 90,4,Panel van,Diesel,Manual,Wilsons Auctions Maidstone,2026-01-21,12:00,01/09/2009,2009,159753,Not Warranted,Buyer To Apply,,No,Exempt,REPOSSESSION - NO RESERVE,,1.6,,,"https://assets.wilsonsauctions.com///lots_1768991032-PICT0043.jpg_1887863/320x231.webp,https://assets.wilsonsauctions.com///lots_1768991033-PICT0044.jpg_2230075/320x231.webp,https://assets.wilsonsauctions.com///lots_1768991033-PICT0045.jpg_2118813/320x231.webp,https://assets.wilsonsauctions.com///lots_1768991033-PICT0046.jpg_1532453/320x231.webp,https://assets.wilsonsauctions.com///lots_1768991034-PICT0047.jpg_1987504/320x231.webp,https://assets.wilsonsauctions.com///lots_1768991034-PICT0048.jpg_2495553/320x231.webp,https://assets.wilsonsauctions.com///lots_1768991034-PICT0049.jpg_2130246/320x231.webp,https://assets.wilsonsauctions.com///lots_1768991035-PICT0050.jpg_1777723/320x231.webp,https://assets.wilsonsauctions.com///lots_1768991035-PICT0051.jpg_1608202/320x231.webp,https://assets.wilsonsauctions.com///lots_1768991036-PICT0052.jpg_1178434/320x231.webp,https://assets.wilsonsauctions.com///lots_1768991036-PICT0053.jpg_1834447/320x231.webp,https://assets.wilsonsauctions.com///lots_1768991037-PICT0054.jpg_2490103/320x231.webp,https://assets.wilsonsauctions.com///lots_1768991037-PICT0055.jpg_1783473/320x231.webp,https://assets.wilsonsauctions.com///lots_1768991038-PICT0056.jpg_1807310/320x231.webp,https://assets.wilsonsauctions.com///lots_1768991039-PICT0057.jpg_1355418/320x231.webp,https://assets.wilsonsauctions.com///lots_1768991039-PICT0058.jpg_1681188/320x231.webp,https://assets.wilsonsauctions.com///lots_1768991040-PICT0059.jpg_1867436/320x231.webp,https://assets.wilsonsauctions.com///lots_1768991040-PICT0060.jpg_1153371/320x231.webp,https://assets.wilsonsauctions.com///lots_1768991040-PICT0061.jpg_1382897/320x231.webp",,,,White,Present,―,,―,,,,,,,,,,,2026-01-22,12:00,Timed Auction,No,[290],290
Seized Vehicle Auction,20,Wilsons Auctions,Ford Escort Ghia Cabrio,P158SOO,Ford,Escort Ghia,Ghia Cabrio,83,Convertible,Petrol,Manual,Wilsons Auctions Widnes,2026-01-21,12:00,10/01/1997,1997,,Not Warranted,Here,,No,Margin,REPOSSESSION NO RESERVE,,1.8,,,"https://assets.wilsonsauctions.com///lots_1768383343-P1050551.JPG_1495270/320x231.webp,https://assets.wilsonsauctions.com///lots_1768383344-P1050552.JPG_1602081/320x231.webp,https://assets.wilsonsauctions.com///lots_1768383344-P1050553.JPG_1566156/320x231.webp,https://assets.wilsonsauctions.com///lots_1768383345-P1050554.JPG_1533525/320x231.webp,https://assets.wilsonsauctions.com///lots_1768383346-P1050555.JPG_1389569/320x231.webp,https://assets.wilsonsauctions.com///lots_1768383347-P1050556.JPG_1287125/320x231.webp,https://assets.wilsonsauctions.com///lots_1768383348-P1050557.JPG_1566441/320x231.webp,https://assets.wilsonsauctions.com///lots_1768383349-P1050558.JPG_1584378/320x231.webp,https://assets.wilsonsauctions.com///lots_1768383349-P1050559.JPG_1621995/320x231.webp,https://assets.wilsonsauctions.com///lots_1768383350-P1050560.JPG_1670712/320x231.webp",,,,Red,Not present,―,,―,,,,2,,,,,,,2026-01-22,12:00,Timed Auction,No,[260],260
Seized Vehicle Auction,20,Wilsons Auctions,Alfa Romeo Giulietta Lusso TB,PY11EDF,Alfa,Romeo Giulietta,Lusso TB,33,Hatchback,Petrol,Manual,Wilsons Auctions Widnes,2026-01-21,12:00,31/05/2011,2011,,Not Warranted,,,No,Margin,REPOSSESSION NO RESERVE,,1.4,,,"https://assets.wilsonsauctions.com///lots_1768905192-P1050760.JPG_1571496/320x231.webp,https://assets.wilsonsauctions.com///lots_1768905193-P1050761.JPG_1550562/320x231.webp,https://assets.wilsonsauctions.com///lots_1768905194-P1050762.JPG_1601871/320x231.webp,https://assets.wilsonsauctions.com///lots_1768905195-P1050763.JPG_1602297/320x231.webp,https://assets.wilsonsauctions.com///lots_1768905195-P1050764.JPG_1444836/320x231.webp,https://assets.wilsonsauctions.com///lots_1768905196-P1050765.JPG_1430349/320x231.webp,https://assets.wilsonsauctions.com///lots_1768905197-P1050766.JPG_1569847/320x231.webp,https://assets.wilsonsauctions.com///lots_1768905199-P1050767.JPG_1551478/320x231.webp,https://assets.wilsonsauctions.com///lots_1768905199-P1050768.JPG_1367694/320x231.webp,https://assets.wilsonsauctions.com///lots_1768905200-P1050769.JPG_1504982/320x231.webp",,,,White,Not present,―,,―,,,,5,,,,,,,2026-01-22,12:00,Timed Auction,No,[0],0
Seized Vehicle Auction,20,Wilsons Auctions,Fiat Punto Sporting M-Jet,R33VVR,Fiat,Punto Sporting,Sporting M-Jet,135,Hatchback,Diesel,Manual,Wilsons Auctions Newport,2026-01-21,12:00,09/05/2008,2008,,Not Warranted,,,No,Margin,REPOSSESSION NO RESERVE,,1.9,,,"https://assets.wilsonsauctions.com///lots_asset-262776%2F17690035947459151074739903187483.jpg_4964545/320x231.webp,https://assets.wilsonsauctions.com///lots_asset-262776%2F17690036152232510912643987867000.jpg_4960331/320x231.webp,https://assets.wilsonsauctions.com///lots_asset-262776%2F17690036237557833993168197534933.jpg_4331466/320x231.webp",,,,Black,Not present,―,,―,,,,3,,,,,,,2026-01-22,12:00,Timed Auction,No,[100],100
Seized Vehicle Auction,20,Wilsons Auctions,Ford Focus Zetec Turbo,RE14MRV,Ford,Focus Zetec,Zetec Turbo,45,Hatchback,Petrol,Manual,Wilsons Auctions West Bromwich,2026-01-21,12:00,17/05/2014,2014,,Not Warranted,Here,,No,Margin,REPOSSESSION NO RESERVE,,1.0,,,"https://assets.wilsonsauctions.com///lots_1767706259-17677062517452932730997653907209.jpg_3956479/320x231.webp,https://assets.wilsonsauctions.com///lots_1767706270-17677062604663745397205612790796.jpg_4190565/320x231.webp,https://assets.wilsonsauctions.com///lots_1767706285-17677062711409130622898313851225.jpg_2978840/320x231.webp,https://assets.wilsonsauctions.com///lots_1767706296-17677062875811097831664025167777.jpg_3776392/320x231.webp,https://assets.wilsonsauctions.com///lots_1767706314-17677063014635410503389682269188.jpg_2282781/320x231.webp,https://assets.wilsonsauctions.com///lots_1767706337-17677063269816612996005713393414.jpg_2365854/320x231.webp,https://assets.wilsonsauctions.com///lots_1767706346-17677063397434587951610320275341.jpg_3741121/320x231.webp",,,,Blue,Not present,―,,―,,,,5,,,,,,,2026-01-22,12:00,Timed Auction,No,[120],120
Seized Vehicle Auction,20,Wilsons Auctions,Volkswagen Caddy C20 TDI 102,RJ60ZGV,Volkswagen,Caddy C20,C20 TDI 102,15,Panel van,Diesel,Manual,Wilsons Auctions West Bromwich,2026-01-21,12:00,28/01/2011,2011,,Not Warranted,,,No,Standard Rate,REPOSSESSION NO RESERVE,,1.6,,,"https://assets.wilsonsauctions.com///lots_1768831454-17688314428438705591997383200747.jpg_3455054/320x231.webp,https://assets.wilsonsauctions.com///lots_1768831469-17688314523732713612421811949005.jpg_3445032/320x231.webp,https://assets.wilsonsauctions.com///lots_1768831477-17688314682721390138857762165831.jpg_2930654/320x231.webp,https://assets.wilsonsauctions.com///lots_1768831488-17688314766045053417066043499588.jpg_3239475/320x231.webp,https://assets.wilsonsauctions.com///lots_1768831512-17688315055886883679028257648513.jpg_3050758/320x231.webp,https://assets.wilsonsauctions.com///lots_1768831540-17688315161352139523909156159793.jpg_2671375/320x231.webp,https://assets.wilsonsauctions.com///lots_1768831550-17688315408199043915645514703926.jpg_2746913/320x231.webp,https://assets.wilsonsauctions.com///lots_1768831560-17688315502574041616457419307542.jpg_2689076/320x231.webp,https://assets.wilsonsauctions.com///lots_1768831569-1768831561769582475148887970616.jpg_3923736/320x231.webp,https://assets.wilsonsauctions.com///lots_1768831575-17688315696759041391267638244844.jpg_2463288/320x231.webp",,,,White,Not present,―,,―,,,,,,,,,,,2026-01-22,12:00,Timed Auction,No,[270],270
Seized Vehicle Auction,20,Wilsons Auctions,Honda Civic SE Auto,RL54LMU,Honda,Civic SE,SE Auto,136,Hatchback,Petrol,Automatic,Wilsons Auctions West Bromwich,2026-01-21,12:00,02/02/2005,2005,,Not Warranted,,22-01-2026,No,Margin,REPOSSESSION NO RESERVE,,1.6,,,"https://assets.wilsonsauctions.com///lots_1767358885-1767358877810508450453458955732.jpg_3362250/320x231.webp,https://assets.wilsonsauctions.com///lots_1767358893-17673588846406263448552892663468.jpg_3630746/320x231.webp,https://assets.wilsonsauctions.com///lots_1767358904-17673588927234043578361916899915.jpg_2430003/320x231.webp,https://assets.wilsonsauctions.com///lots_1767358923-17673589040278371229939427764165.jpg_3246694/320x231.webp,https://assets.wilsonsauctions.com///lots_1767358939-17673589294515827463379117632931.jpg_2722763/320x231.webp,https://assets.wilsonsauctions.com///lots_1767358949-1767358940819112155985038116110.jpg_3514524/320x231.webp,https://assets.wilsonsauctions.com///lots_1767358963-17673589498846047066356857070591.jpg_3476294/320x231.webp,https://assets.wilsonsauctions.com///lots_1767358971-17673589620323030201782649860629.jpg_2943620/320x231.webp,https://assets.wilsonsauctions.com///lots_1767358979-17673589734876283251361146921220.jpg_3396882/320x231.webp",,,,Silver,Not present,―,,―,,,,5,,,,,,,2026-01-22,12:00,Timed Auction,No,[190],190
Seized Vehicle Auction,20,Wilsons Auctions,Nissan Qashqai Visia 2WD,SA07TYP,Nissan,Qashqai Visia,Visia 2WD,131,Hatchback,Petrol,Manual,Wilsons Auctions Newport,2026-01-21,12:00,12/04/2007,2007,,Not Warranted,,,No,Margin,REPOSSESSION NO RESERVE,,1.6,,,"https://assets.wilsonsauctions.com///lots_asset-238157%2F17653744337845942811001943028061.jpg_4804911/320x231.webp,https://assets.wilsonsauctions.com///lots_asset-238157%2F17653744405668886694204306674693.jpg_4491497/320x231.webp,https://assets.wilsonsauctions.com///lots_asset-238157%2F17653744480626583949711632775857.jpg_3911334/320x231.webp",,,,Silver,Not present,―,,―,,,,5,,,,,,,2026-01-22,12:00,Timed Auction,No,[100],100
Seized Vehicle Auction,20,Wilsons Auctions,Peugeot Bipper S HDI,SB10SRU,Peugeot,Bipper S,S HDI,67,Panel van,Diesel,Manual,Wilsons Auctions Gateshead,2026-01-21,12:00,30/06/2010,2010,,Not Warranted,,,No,Margin,REPOSSESSION NO RESERVE,,1.4,,,"https://assets.wilsonsauctions.com///lots_1768903835-image.jpg_3744944/320x231.webp,https://assets.wilsonsauctions.com///lots_1768903841-image.jpg_3795398/320x231.webp,https://assets.wilsonsauctions.com///lots_1768903851-image.jpg_3631221/320x231.webp,https://assets.wilsonsauctions.com///lots_1768903861-image.jpg_3324814/320x231.webp,https://assets.wilsonsauctions.com///lots_1768903867-image.jpg_3793564/320x231.webp,https://assets.wilsonsauctions.com///lots_1768903889-image.jpg_1842296/320x231.webp,https://assets.wilsonsauctions.com///lots_1768903927-image.jpg_3816483/320x231.webp,https://assets.wilsonsauctions.com///lots_1768903974-image.jpg_3397259/320x231.webp,https://assets.wilsonsauctions.com///lots_1768904540-image.jpg_3180750/320x231.webp",,,,White,Not present,―,,―,,,,,,,,,,,2026-01-22,12:00,Timed Auction,No,[100],100
Seized Vehicle Auction,20,Wilsons Auctions,Citroen C1 Rhythm,SB58PFA,Citroen,C1 Rhythm,Rhythm,27,Hatchback,Petrol,Manual,Wilsons Auctions Leigh,2026-01-21,12:00,27/02/2009,2009,,Not Warranted,,,No,Margin,REPOSSESSION NO RESERVE,,1.0,,,"https://assets.wilsonsauctions.com///lots_1768905623-PICT0074.jpg_2037595/320x231.webp,https://assets.wilsonsauctions.com///lots_1768905624-PICT0075.jpg_1674706/320x231.webp,https://assets.wilsonsauctions.com///lots_1768905626-PICT0076.jpg_1631153/320x231.webp,https://assets.wilsonsauctions.com///lots_1768905627-PICT0077.jpg_1635209/320x231.webp,https://assets.wilsonsauctions.com///lots_1768905628-PICT0078.jpg_1760527/320x231.webp,https://assets.wilsonsauctions.com///lots_1768905628-PICT0079.jpg_1090408/320x231.webp,https://assets.wilsonsauctions.com///lots_1768905629-PICT0080.jpg_1416583/320x231.webp,https://assets.wilsonsauctions.com///lots_1768905630-PICT0081.jpg_1475681/320x231.webp,https://assets.wilsonsauctions.com///lots_1768905631-PICT0082.jpg_1331283/320x231.webp,https://assets.wilsonsauctions.com///lots_1768905632-PICT0083.jpg_1226252/320x231.webp",,,,Black,Not present,―,,―,,,,5,,,,,,,2026-01-22,12:00,Timed Auction,No,[100],100
Seized Vehicle Auction,20,Wilsons Auctions,BMW 318i SE,SD57NFL,BMW,318i SE,SE,72,Saloon,Petrol,Manual,Wilsons Auctions Widnes,2026-01-21,12:00,24/12/2007,2007,,Not Warranted,,,No,Margin,REPOSSESSION NO RESERVE,,2.0,,,"https://assets.wilsonsauctions.com///lots_1768989069-P1050815.JPG_1619609/320x231.webp,https://assets.wilsonsauctions.com///lots_1768989070-P1050816.JPG_1538883/320x231.webp,https://assets.wilsonsauctions.com///lots_1768989071-P1050817.JPG_1597427/320x231.webp,https://assets.wilsonsauctions.com///lots_1768989071-P1050818.JPG_1569322/320x231.webp,https://assets.wilsonsauctions.com///lots_1768989073-P1050819.JPG_1383829/320x231.webp,https://assets.wilsonsauctions.com///lots_1768989073-P1050820.JPG_1340510/320x231.webp,https://assets.wilsonsauctions.com///lots_1768989074-P1050821.JPG_1463675/320x231.webp,https://assets.wilsonsauctions.com///lots_1768989075-P1050822.JPG_1510068/320x231.webp,https://assets.wilsonsauctions.com///lots_1768989076-P1050823.JPG_1645149/320x231.webp",,,,Black,Not present,―,,―,,,,4,,,,,,,2026-01-22,12:00,Timed Auction,No,[170],170
Seized Vehicle Auction,20,Wilsons Auctions,Ford Fiesta Zetec,SG53FCX,Ford,Fiesta Zetec,Zetec,111,Hatchback,Petrol,Manual,Wilsons Auctions Stoke,2026-01-21,12:00,01/09/2003,2003,,Not Warranted,,21-02-2026,No,Margin,REPOSSESSION NO RESERVE,,1.4,,,"https://assets.wilsonsauctions.com///lots_asset-262742%2F17689936393363311101954717063722.jpg_6252871/320x231.webp,https://assets.wilsonsauctions.com///lots_asset-262742%2F17689936503349055974493117933706.jpg_5540006/320x231.webp,https://assets.wilsonsauctions.com///lots_asset-262742%2F17689936602044096420486426971805.jpg_6609593/320x231.webp,https://assets.wilsonsauctions.com///lots_asset-262742%2F17689936675887360959453851915094.jpg_7173582/320x231.webp,https://assets.wilsonsauctions.com///lots_asset-262742%2F17689937073063244560483701996542.jpg_6114547/320x231.webp,https://assets.wilsonsauctions.com///lots_asset-262742%2F17689937145656997860425397057379.jpg_7226301/320x231.webp,https://assets.wilsonsauctions.com///lots_asset-262742%2F17689937317783520988671736576090.jpg_6500646/320x231.webp,https://assets.wilsonsauctions.com///lots_asset-262742%2F17689937462646683714072191203953.jpg_4327794/320x231.webp",,,,Blue,Not present,―,,―,,,,5,,,,,,,2026-01-22,12:00,Timed Auction,No,[100],100
Seized Vehicle Auction,20,Wilsons Auctions,Volkswagen CC R Line BMT TDI S-A,SH14AOP,Volkswagen,CC R,R Line BMT TDI S-A,85,Coupe,Diesel,Semi Automatic,Wilsons Auctions Widnes,2026-01-21,12:00,23/04/2014,2014,,Not Warranted,Here,08-07-2026,No,Margin,REPOSSESSION NO RESERVE,,2.0,,,"https://assets.wilsonsauctions.com///lots_1767867774-P1050459.JPG_1569273/320x231.webp,https://assets.wilsonsauctions.com///lots_1767867775-P1050460.JPG_1571242/320x231.webp,https://assets.wilsonsauctions.com///lots_1767867776-P1050461.JPG_1597856/320x231.webp,https://assets.wilsonsauctions.com///lots_1767867777-P1050462.JPG_1576811/320x231.webp,https://assets.wilsonsauctions.com///lots_1767867778-P1050463.JPG_1554243/320x231.webp,https://assets.wilsonsauctions.com///lots_1767867778-P1050464.JPG_1255295/320x231.webp,https://assets.wilsonsauctions.com///lots_1767867779-P1050465.JPG_1338287/320x231.webp,https://assets.wilsonsauctions.com///lots_1767867780-P1050466.JPG_1203194/320x231.webp,https://assets.wilsonsauctions.com///lots_1767867781-P1050467.JPG_1617413/320x231.webp,https://assets.wilsonsauctions.com///lots_1768468532-P1050618.JPG_1589623/320x231.webp,https://assets.wilsonsauctions.com///lots_1768468533-P1050619.JPG_1412313/320x231.webp",,,,Silver,Not present,―,,―,,,,2,,,,,,,2026-01-22,12:00,Timed Auction,No,[910],910
Seized Vehicle Auction,20,Wilsons Auctions,Nissan Micra Visia,SK10YUA,Nissan,Micra Visia,Visia,100,Hatchback,Petrol,Manual,Wilsons Auctions Glasgow,2026-01-21,12:00,31/03/2010,2010,,Not Warranted,,,No,Margin,REPOSSESSION NO RESERVE,,1.2,,,"https://assets.wilsonsauctions.com///lots_asset-244258%2FGeneralImages-0_17677928515086535985780953938796.jpg_170863/320x231.webp,https://assets.wilsonsauctions.com///lots_asset-244258%2FGeneralImages-1_17677928572759168354632174648097.jpg_191079/320x231.webp",,,,Black,Not present,―,,―,,,,3,,,,,,,2026-01-22,12:00,Timed Auction,No,[0],0
Seized Vehicle Auction,20,Wilsons Auctions,Vauxhall Astra SRI,SK63VBL,Vauxhall,Astra SRI,SRI,35,Hatchback,Petrol,Manual,Wilsons Auctions Widnes,2026-01-21,12:00,23/09/2013,2013,,Not Warranted,,18-06-2026,No,Margin,REPOSSESSION NO RESERVE,,1.4,,,"https://assets.wilsonsauctions.com///lots_1768904854-P1050724.JPG_1581898/320x231.webp,https://assets.wilsonsauctions.com///lots_1768904855-P1050725.JPG_1592219/320x231.webp,https://assets.wilsonsauctions.com///lots_1768904856-P1050726.JPG_1626072/320x231.webp,https://assets.wilsonsauctions.com///lots_1768904857-P1050727.JPG_1561910/320x231.webp,https://assets.wilsonsauctions.com///lots_1768904858-P1050728.JPG_1578283/320x231.webp,https://assets.wilsonsauctions.com///lots_1768904859-P1050729.JPG_1539822/320x231.webp,https://assets.wilsonsauctions.com///lots_1768904860-P1050730.JPG_1535952/320x231.webp,https://assets.wilsonsauctions.com///lots_1768904861-P1050731.JPG_1484420/320x231.webp,https://assets.wilsonsauctions.com///lots_1768904861-P1050732.JPG_1533692/320x231.webp,https://assets.wilsonsauctions.com///lots_1768904862-P1050733.JPG_1575616/320x231.webp",,,,Red,Not present,―,,―,,,,5,,,,,,,2026-01-22,12:00,Timed Auction,No,[180],180
Seized Vehicle Auction,20,Wilsons Auctions,Ford Fiesta Zetec 82,SP59WVC,Ford,Fiesta Zetec,Zetec 82,144,Hatchback,Petrol,Manual,Wilsons Auctions Newport,2026-01-21,12:00,30/09/2009,2009,,Not Warranted,,,No,Margin,REPOSSESSION NO RESERVE,,1.2,,,"https://assets.wilsonsauctions.com///lots_asset-262768%2F1769005060035947926935074992955.jpg_5062535/320x231.webp,https://assets.wilsonsauctions.com///lots_asset-262768%2F17690050721013599562857932118609.jpg_4900322/320x231.webp,https://assets.wilsonsauctions.com///lots_asset-262768%2F17690050856802006987549423848484.jpg_4006647/320x231.webp",,,,Red,Not present,―,,―,,,,3,,,,,,,2026-01-22,12:00,Timed Auction,No,[100],100
Seized Vehicle Auction,20,Wilsons Auctions,Mini Cooper,ST08WSF,Mini,Cooper,,25,Hatchback,Petrol,Manual,Wilsons Auctions Leigh,2026-01-21,12:00,27/06/2008,2008,,Not Warranted,,,No,Margin,REPOSSESSION NO RESERVE,,1.6,,,"https://assets.wilsonsauctions.com///lots_1768905762-PICT0134.jpg_1910714/320x231.webp,https://assets.wilsonsauctions.com///lots_1768905763-PICT0135.jpg_2074787/320x231.webp,https://assets.wilsonsauctions.com///lots_1768905764-PICT0136.jpg_1907585/320x231.webp,https://assets.wilsonsauctions.com///lots_1768905766-PICT0137.jpg_1873093/320x231.webp,https://assets.wilsonsauctions.com///lots_1768905767-PICT0138.jpg_1294405/320x231.webp,https://assets.wilsonsauctions.com///lots_1768905767-PICT0139.jpg_1378790/320x231.webp,https://assets.wilsonsauctions.com///lots_1768905768-PICT0140.jpg_1449801/320x231.webp,https://assets.wilsonsauctions.com///lots_1768905769-PICT0141.jpg_1652894/320x231.webp,https://assets.wilsonsauctions.com///lots_1768905770-PICT0142.jpg_1671801/320x231.webp,https://assets.wilsonsauctions.com///lots_1768905772-PICT0143.jpg_1927804/320x231.webp",,,,White,Not present,―,,―,,,,3,,,,,,,2026-01-22,12:00,Timed Auction,No,[110],110
Seized Vehicle Auction,20,Wilsons Auctions,Fiat Panda Dynamic,ST58HXY,Fiat,Panda Dynamic,Dynamic,118,Hatchback,Petrol,Manual,Wilsons Auctions Newport,2026-01-21,12:00,27/11/2008,2008,,Not Warranted,,,No,Margin,REPOSSESSION NO RESERVE,,1.2,,,"https://assets.wilsonsauctions.com///lots_asset-247573%2F17670915746038655133957157979713.jpg_4796152/320x231.webp,https://assets.wilsonsauctions.com///lots_asset-247573%2F17670915522164097389768828621319.jpg_4542411/320x231.webp,https://assets.wilsonsauctions.com///lots_asset-247573%2F17670915677332820331855668968519.jpg_4593716/320x231.webp",,,,Blue,Not present,―,,―,,,,5,,,,,,,2026-01-22,12:00,Timed Auction,No,[100],100
Seized Vehicle Auction,20,Wilsons Auctions,Vauxhall Zafira Tourer Exclusiv Cdti,ST64SVU,Vauxhall,Zafira Tourer,Tourer Exclusiv Cdti,52,Mpv,Diesel,Manual,Wilsons Auctions Gateshead,2026-01-21,12:00,16/12/2014,2014,,Not Warranted,Here,,No,Margin,REPOSSESSION NO RESERVE,,2.0,,,"https://assets.wilsonsauctions.com///lots_1768387661-image.jpg_4460539/320x231.webp,https://assets.wilsonsauctions.com///lots_1768387668-image.jpg_4211250/320x231.webp,https://assets.wilsonsauctions.com///lots_1768387677-image.jpg_4143477/320x231.webp,https://assets.wilsonsauctions.com///lots_1768387684-image.jpg_4069785/320x231.webp,https://assets.wilsonsauctions.com///lots_1768387690-image.jpg_3869802/320x231.webp,https://assets.wilsonsauctions.com///lots_1768387721-image.jpg_2258014/320x231.webp,https://assets.wilsonsauctions.com///lots_1768387726-image.jpg_3819566/320x231.webp,https://assets.wilsonsauctions.com///lots_1768387769-image.jpg_3756878/320x231.webp,https://assets.wilsonsauctions.com///lots_1768387797-image.jpg_4067398/320x231.webp",,,,Black,Not present,―,,―,,,,5,,,,,,,2026-01-22,12:00,Timed Auction,No,[100],100
Seized Vehicle Auction,20,Wilsons Auctions,Ford Transit 85 T300m FWD,VK09XNV,Ford,Transit 85,85 T300m FWD,16,Panel van,Diesel,Manual,Wilsons Auctions West Bromwich,2026-01-21,12:00,06/08/2009,2009,,Not Warranted,,,No,Standard Rate,REPOSSESSION NO RESERVE,,2.2,,,"https://assets.wilsonsauctions.com///lots_1768830403-1768830392814779528677685167513.jpg_3737831/320x231.webp,https://assets.wilsonsauctions.com///lots_1768830423-17688304016475433881444186128567.jpg_3580352/320x231.webp,https://assets.wilsonsauctions.com///lots_1768830438-17688304214563671239236714027830.jpg_3633717/320x231.webp,https://assets.wilsonsauctions.com///lots_1768830451-17688304349184547850965272478615.jpg_4178198/320x231.webp,https://assets.wilsonsauctions.com///lots_1768830461-17688304541407540267678537421911.jpg_1908899/320x231.webp,https://assets.wilsonsauctions.com///lots_1768830476-17688304625313611885527604226808.jpg_2383522/320x231.webp,https://assets.wilsonsauctions.com///lots_1768830487-17688304761837376445665784718462.jpg_3724858/320x231.webp,https://assets.wilsonsauctions.com///lots_1768830493-17688304860923760290212168700875.jpg_3991697/320x231.webp",,,,White,Not present,―,,―,,,,,,,,,,,2026-01-22,12:00,Timed Auction,No,[190],190
Seized Vehicle Auction,20,Wilsons Auctions,Vauxhall Corsa SXI,SJ08HPV,Vauxhall,Corsa SXI,SXI,51,Hatchback,Petrol,Manual,Wilsons Auctions Gateshead,2026-01-21,12:00,21/06/2008,2008,,Not Warranted,,,No,Margin,REPOSSESSION NO RESERVE,,1.4,,,"https://assets.wilsonsauctions.com///lots_1768913029-image.jpg_3895768/320x231.webp,https://assets.wilsonsauctions.com///lots_1768913036-image.jpg_4086728/320x231.webp,https://assets.wilsonsauctions.com///lots_1768913044-image.jpg_4081593/320x231.webp,https://assets.wilsonsauctions.com///lots_1768913048-image.jpg_3582408/320x231.webp,https://assets.wilsonsauctions.com///lots_1768913052-image.jpg_3931447/320x231.webp,https://assets.wilsonsauctions.com///lots_1768913077-image.jpg_2312623/320x231.webp,https://assets.wilsonsauctions.com///lots_1768913088-image.jpg_4110567/320x231.webp,https://assets.wilsonsauctions.com///lots_1768913111-image.jpg_4561478/320x231.webp",,,,Black,Not present,―,,―,,,,3,,,,,,,2026-01-22,12:00,Timed Auction,No,[0],0
Seized Vehicle Auction,20,Wilsons Auctions,PGO T-Rex 125,VX10AEP,PGO,T-Rex 125,125,65,Scooter,Petrol,Tiptronic,Wilsons Auctions Stoke,2026-01-21,12:00,20/04/2010,2010,,Not Warranted,Here,,No,Margin,REPOSSESSION NO RESERVE,,0.1,,,"https://assets.wilsonsauctions.com///lots_20250609_122625.jpg_1036591/320x231.webp,https://assets.wilsonsauctions.com///lots_20250609_122634.jpg_1038954/320x231.webp,https://assets.wilsonsauctions.com///lots_20250609_122641.jpg_1081025/320x231.webp,https://assets.wilsonsauctions.com///lots_20250609_122647.jpg_1037274/320x231.webp,https://assets.wilsonsauctions.com///lots_20250609_122656.jpg_1030657/320x231.webp,https://assets.wilsonsauctions.com///lots_20250609_122704.jpg_1038008/320x231.webp,https://assets.wilsonsauctions.com///lots_20250609_122726.jpg_1088273/320x231.webp",,,,White and red,Not present,―,,―,,,,,,,,,,,2026-01-22,12:00,Timed Auction,No,[0],0
Seized Vehicle Auction,20,Wilsons Auctions,Mini Cooper,WF07RVW,Mini,Cooper,,115,Hatchback,Petrol,Manual,Wilsons Auctions Newport,2026-01-21,12:00,02/04/2007,2007,,Not Warranted,,,No,Margin,REPOSSESSION NO RESERVE,,1.6,,,"https://assets.wilsonsauctions.com///lots_asset-258116%2F17684712218482132402424676860776.jpg_4347156/320x231.webp,https://assets.wilsonsauctions.com///lots_asset-258116%2F17684712306328863128071494016535.jpg_4400411/320x231.webp,https://assets.wilsonsauctions.com///lots_asset-258116%2F17684712401157670252280179940118.jpg_3599053/320x231.webp",,,,Silver,Not present,―,,―,,,,3,,,,,,,2026-01-22,12:00,Timed Auction,No,[100],100
Seized Vehicle Auction,20,Wilsons Auctions,Renault Kangoo Expression DCI 80,WL05HWN,Renault,Kangoo Expression,Expression DCI 80,30,Mpv,Diesel,Manual,Wilsons Auctions Leigh,2026-01-21,12:00,15/07/2005,2005,,Not Warranted,,23-04-2026,No,Margin,REPOSSESSION NO RESERVE,,1.5,,,"https://assets.wilsonsauctions.com///lots_1768905296-PICT0034.jpg_1941339/320x231.webp,https://assets.wilsonsauctions.com///lots_1768905297-PICT0035.jpg_2079931/320x231.webp,https://assets.wilsonsauctions.com///lots_1768905298-PICT0036.jpg_1388439/320x231.webp,https://assets.wilsonsauctions.com///lots_1768905299-PICT0037.jpg_1975169/320x231.webp,https://assets.wilsonsauctions.com///lots_1768905300-PICT0038.jpg_1472775/320x231.webp,https://assets.wilsonsauctions.com///lots_1768905301-PICT0039.jpg_1365262/320x231.webp,https://assets.wilsonsauctions.com///lots_1768905303-PICT0040.jpg_2179683/320x231.webp,https://assets.wilsonsauctions.com///lots_1768905304-PICT0041.jpg_1676763/320x231.webp,https://assets.wilsonsauctions.com///lots_1768905304-PICT0042.jpg_632314/320x231.webp",,,,Grey,Not present,―,,―,,,,5,,,,,,,2026-01-22,12:00,Timed Auction,No,[100],100
Seized Vehicle Auction,20,Wilsons Auctions,Volvo C30 SE D Auto,WL59EDK,Volvo,C30 SE,SE D Auto,127,Hatchback,Diesel,Automatic,Wilsons Auctions Newport,2026-01-21,12:00,30/10/2009,2009,,Not Warranted,,,No,Margin,REPOSSESSION NO RESERVE,,2.0,,,"https://assets.wilsonsauctions.com///lots_asset-248036%2F17673516890641357754523478415278.jpg_5000449/320x231.webp,https://assets.wilsonsauctions.com///lots_asset-248036%2F17673516958523481373120609363914.jpg_6003287/320x231.webp,https://assets.wilsonsauctions.com///lots_asset-248036%2F17673517026441952865295038395295.jpg_3915963/320x231.webp",,,,Blue,Not present,―,,―,,,,3,,,,,,,2026-01-22,12:00,Timed Auction,No,[100],100
Seized Vehicle Auction,20,Wilsons Auctions,Honda Jazz SE,WN08HZS,Honda,Jazz SE,SE,48,Hatchback,Petrol,Manual,Wilsons Auctions Gateshead,2026-01-21,12:00,17/04/2008,2008,,Not Warranted,,,No,Margin,REPOSSESSION NO RESERVE,,1.3,,,"https://assets.wilsonsauctions.com///lots_1768903269-image.jpg_4087146/320x231.webp,https://assets.wilsonsauctions.com///lots_1768903275-image.jpg_4322835/320x231.webp,https://assets.wilsonsauctions.com///lots_1768903296-image.jpg_4104398/320x231.webp,https://assets.wilsonsauctions.com///lots_1768903319-image.jpg_4088300/320x231.webp,https://assets.wilsonsauctions.com///lots_1768903326-image.jpg_3552731/320x231.webp,https://assets.wilsonsauctions.com///lots_1768903352-image.jpg_1613981/320x231.webp,https://assets.wilsonsauctions.com///lots_1768903365-image.jpg_4198017/320x231.webp,https://assets.wilsonsauctions.com///lots_1768903379-image.jpg_3616237/320x231.webp,https://assets.wilsonsauctions.com///lots_1768903408-image.jpg_3499893/320x231.webp",,,,Silver,Not present,―,,―,,,,5,,,,,,,2026-01-22,12:00,Timed Auction,No,[100],100
Seized Vehicle Auction,20,Wilsons Auctions,Citroen C4 Grand Picasso Vtr+ HDI S-A,WN11ZVP,Citroen,C4 Grand,Grand Picasso Vtr+ HDI S-A,133,Mpv,Diesel,Semi Automatic,Wilsons Auctions Newport,2026-01-21,12:00,03/05/2011,2011,,Not Warranted,,,No,Margin,REPOSSESSION NO RESERVE,,1.6,,,"https://assets.wilsonsauctions.com///lots_asset-238159%2F17653743417904814853257738012464.jpg_4867085/320x231.webp,https://assets.wilsonsauctions.com///lots_asset-238159%2F17653743502253736291135970569226.jpg_4419055/320x231.webp,https://assets.wilsonsauctions.com///lots_asset-238159%2F17653743564591445956606216265794.jpg_5244167/320x231.webp",,,,Black,Not present,―,,―,,,,5,,,,,,,2026-01-22,12:00,Timed Auction,No,[100],100
Seized Vehicle Auction,20,Wilsons Auctions,Fiat 500 Sport RHD,WN58OWY,Fiat,500 Sport,Sport RHD,18,Hatchback,Petrol,Manual,Wilsons Auctions West Bromwich,2026-01-21,12:00,30/09/2008,2008,,Not Warranted,,,No,Margin,REPOSSESSION NO RESERVE,,1.4,,,"https://assets.wilsonsauctions.com///lots_1768831631-17688316229091901278146116978306.jpg_3133415/320x231.webp,https://assets.wilsonsauctions.com///lots_1768831642-17688316305591757876187044669038.jpg_3943622/320x231.webp,https://assets.wilsonsauctions.com///lots_1768831659-17688316406512954062848521479718.jpg_3494389/320x231.webp,https://assets.wilsonsauctions.com///lots_1768831675-17688316616812273239234538287385.jpg_2910094/320x231.webp,https://assets.wilsonsauctions.com///lots_1768831716-17688317079916831363841199846212.jpg_2798236/320x231.webp,https://assets.wilsonsauctions.com///lots_1768831808-1768831715738983004120207791436.jpg_2074807/320x231.webp,https://assets.wilsonsauctions.com///lots_1768831816-17688318072264683794250839230532.jpg_2277820/320x231.webp,https://assets.wilsonsauctions.com///lots_1768831824-17688318182955059624977984851145.jpg_3215549/320x231.webp",,,,Blue,Not present,―,,―,,,,3,,,,,,,2026-01-22,12:00,Timed Auction,No,[190],190
Seized Vehicle Auction,20,Wilsons Auctions,Ford KA Zetec Climate,WR07OGX,Ford,KA Zetec,Zetec Climate,143,Hatchback,Petrol,Manual,Wilsons Auctions Newport,2026-01-21,12:00,25/05/2007,2007,,Not Warranted,,,No,Margin,REPOSSESSION NO RESERVE,,1.3,,,"https://assets.wilsonsauctions.com///lots_asset-262770%2F17690048992851353185084351462024.jpg_3982806/320x231.webp,https://assets.wilsonsauctions.com///lots_asset-262770%2F17690049059461494149827224208547.jpg_4753914/320x231.webp,https://assets.wilsonsauctions.com///lots_asset-262770%2F1769004911688661930523356386251.jpg_4839020/320x231.webp",,,,Red,Not present,―,,―,,,,3,,,,,,,2026-01-22,12:00,Timed Auction,No,[100],100
Seized Vehicle Auction,20,Wilsons Auctions,Renault Megane D-Que TT DCI FAP,WU60ZHY,Renault,Megane D-Que,D-Que TT DCI FAP,109,Convertible,Diesel,Manual,Wilsons Auctions Stoke,2026-01-21,12:00,01/09/2010,2010,,Not Warranted,,31-10-2026,No,Margin,REPOSSESSION NO RESERVE,,1.9,,,"https://assets.wilsonsauctions.com///lots_asset-262739%2F17689928103488197684165398273227.jpg_7957104/320x231.webp,https://assets.wilsonsauctions.com///lots_asset-262739%2F17689928265521512979068668014576.jpg_7132688/320x231.webp,https://assets.wilsonsauctions.com///lots_asset-262739%2F17689928361717918448449926170067.jpg_7352346/320x231.webp,https://assets.wilsonsauctions.com///lots_asset-262739%2F17689928451358320750724328216692.jpg_7730711/320x231.webp,https://assets.wilsonsauctions.com///lots_asset-262739%2F17689928540579050061218380451454.jpg_4186964/320x231.webp,https://assets.wilsonsauctions.com///lots_asset-262739%2F17689929212464734606353075121879.jpg_6266021/320x231.webp,https://assets.wilsonsauctions.com///lots_asset-262739%2F17689929503057739092987748980324.jpg_5857410/320x231.webp,https://assets.wilsonsauctions.com///lots_asset-262739%2F17689929821115493062123667858677.jpg_3468974/320x231.webp",,,,Black,Not present,―,,―,,,,2,,,,,,,2026-01-22,12:00,Timed Auction,No,[130],130
Seized Vehicle Auction,20,Wilsons Auctions,Fiat Punto Sunroof Special,PE05GCO,Fiat,Punto Sunroof,Sunroof Special,24,Hatchback,Petrol,Manual,Wilsons Auctions Leigh,2026-01-21,12:00,31/08/2005,2005,,Not Warranted,,,No,Margin,REPOSSESSION NO RESERVE,,1.2,,,"https://assets.wilsonsauctions.com///lots_1768905799-PICT0064.jpg_1857985/320x231.webp,https://assets.wilsonsauctions.com///lots_1768905801-PICT0065.jpg_2037494/320x231.webp,https://assets.wilsonsauctions.com///lots_1768905802-PICT0066.jpg_1496049/320x231.webp,https://assets.wilsonsauctions.com///lots_1768905803-PICT0067.jpg_1801992/320x231.webp,https://assets.wilsonsauctions.com///lots_1768905804-PICT0068.jpg_1475944/320x231.webp,https://assets.wilsonsauctions.com///lots_1768905805-PICT0069.jpg_1277021/320x231.webp,https://assets.wilsonsauctions.com///lots_1768905806-PICT0070.jpg_1582911/320x231.webp,https://assets.wilsonsauctions.com///lots_1768905807-PICT0071.jpg_1553981/320x231.webp,https://assets.wilsonsauctions.com///lots_1768905808-PICT0072.jpg_1507615/320x231.webp,https://assets.wilsonsauctions.com///lots_1768905809-PICT0073.jpg_2039721/320x231.webp",,,,Blue,Not present,―,,―,,,,3,,,,,,,2026-01-22,12:00,Timed Auction,No,[0],0
Seized Vehicle Auction,20,Wilsons Auctions,Renault Megane Dynamique DCI 106,YD09KYG,Renault,Megane Dynamique,Dynamique DCI 106,129,Hatchback,Diesel,Manual,Wilsons Auctions Newport,2026-01-21,12:00,21/04/2009,2009,,Not Warranted,,,No,Margin,REPOSSESSION NO RESERVE,,1.5,,,"https://assets.wilsonsauctions.com///lots_asset-247579%2F17670952270005165682089200641041.jpg_4479220/320x231.webp,https://assets.wilsonsauctions.com///lots_asset-247579%2F17670952332074340858788503147736.jpg_4438039/320x231.webp,https://assets.wilsonsauctions.com///lots_asset-247579%2F17670952399898340607862007434937.jpg_3797979/320x231.webp",,,,Red,Not present,―,,―,,,,5,,,,,,,2026-01-22,12:00,Timed Auction,No,[100],100
Seized Vehicle Auction,20,Wilsons Auctions,BMW 420d Sport Auto,YD63JWV,BMW,420d Sport,Sport Auto,150,Coupe,Diesel,Automatic,Wilsons Auctions Maidstone,2026-01-21,12:00,23/09/2013,2013,,Not Warranted,Here,,No,Margin,REPOSSESSION NO RESERVE,,2.0,,,"https://assets.wilsonsauctions.com///lots_1767867888-PICT0007.jpg_2576222/320x231.webp,https://assets.wilsonsauctions.com///lots_1767867889-PICT0008.jpg_2701565/320x231.webp,https://assets.wilsonsauctions.com///lots_1767867889-PICT0009.jpg_2258955/320x231.webp,https://assets.wilsonsauctions.com///lots_1767867889-PICT0010.jpg_2151683/320x231.webp,https://assets.wilsonsauctions.com///lots_1767867890-PICT0011.jpg_1602360/320x231.webp,https://assets.wilsonsauctions.com///lots_1767867890-PICT0012.jpg_2379300/320x231.webp,https://assets.wilsonsauctions.com///lots_1767867892-PICT0035.jpg_1825583/320x231.webp",,,,Grey,Not present,―,,―,,,,2,,,,,,,2026-01-22,12:00,Timed Auction,No,[1010],1010
Seized Vehicle Auction,20,Wilsons Auctions,Vauxhall Vectra SXI 16V,YE54VNM,Vauxhall,Vectra SXI,SXI 16V,132,Hatchback,Petrol,Manual,Wilsons Auctions Newport,2026-01-21,12:00,01/01/2005,2005,,Not Warranted,,,No,Margin,REPOSSESSION NO RESERVE,,1.8,,,"https://assets.wilsonsauctions.com///lots_asset-246974%2F17665687006416043454049586197027.jpg_4863658/320x231.webp,https://assets.wilsonsauctions.com///lots_asset-246974%2F17665687069949159895878680633140.jpg_4183664/320x231.webp,https://assets.wilsonsauctions.com///lots_asset-246974%2F17665687134361276111095611996633.jpg_3439353/320x231.webp",,,,Black,Not present,―,,―,,,,5,,,,,,,2026-01-22,12:00,Timed Auction,No,[100],100
Seized Vehicle Auction,20,Wilsons Auctions,Renault Megane Extreme VVT,YF59HBJ,Renault,Megane Extreme,Extreme VVT,101,Hatchback,Petrol,Manual,Wilsons Auctions Newport,2026-01-21,12:00,24/12/2009,2009,,Not Warranted,,,No,Margin,REPOSSESSION NO RESERVE,,1.6,,,"https://assets.wilsonsauctions.com///lots_asset-233195%2F1764755862869297384028599031349.jpg_5271455/320x231.webp,https://assets.wilsonsauctions.com///lots_asset-233195%2F17647558695219148351384078772247.jpg_5289790/320x231.webp,https://assets.wilsonsauctions.com///lots_asset-233195%2F1764755880999274742248217836476.jpg_4671138/320x231.webp",,,,Grey,Not present,―,,―,,,,5,,,,,,,2026-01-22,12:00,Timed Auction,No,[0],0
Seized Vehicle Auction,20,Wilsons Auctions,Audi S3 Quattro,YG02ETZ,Audi,S3 Quattro,Quattro,20,Hatchback,Petrol,Manual,Wilsons Auctions Leigh,2026-01-21,12:00,25/04/2002,2002,,Not Warranted,,,No,Margin,REPOSSESSION NO RESERVE,,1.8,,,"https://assets.wilsonsauctions.com///lots_1767866273-PICT0039.jpg_1509566/320x231.webp,https://assets.wilsonsauctions.com///lots_1767866274-PICT0040.jpg_1290126/320x231.webp,https://assets.wilsonsauctions.com///lots_1767866275-PICT0041.jpg_1438445/320x231.webp,https://assets.wilsonsauctions.com///lots_1767866276-PICT0042.jpg_1383733/320x231.webp,https://assets.wilsonsauctions.com///lots_1767866277-PICT0043.jpg_1215169/320x231.webp,https://assets.wilsonsauctions.com///lots_1767866277-PICT0044.jpg_749324/320x231.webp,https://assets.wilsonsauctions.com///lots_1767866278-PICT0045.jpg_1167118/320x231.webp,https://assets.wilsonsauctions.com///lots_1767866279-PICT0046.jpg_1382736/320x231.webp,https://assets.wilsonsauctions.com///lots_1767866280-PICT0047.jpg_1950493/320x231.webp,https://assets.wilsonsauctions.com///lots_1767866281-PICT0048.jpg_1146674/320x231.webp,https://assets.wilsonsauctions.com///lots_1767866282-PICT0049.jpg_1925717/320x231.webp,https://assets.wilsonsauctions.com///lots_1767866283-PICT0050.jpg_2016518/320x231.webp,https://assets.wilsonsauctions.com///lots_1767866284-PICT0051.jpg_1781006/320x231.webp",,,,Green,Not present,―,,―,,,,3,,,,,,,2026-01-22,12:00,Timed Auction,No,[0],0
Seized Vehicle Auction,20,Wilsons Auctions,Mazda 3 TS2,YG57PFF,Mazda,3 TS2,TS2,19,Hatchback,Petrol,Manual,Wilsons Auctions West Bromwich,2026-01-21,12:00,29/09/2007,2007,,Not Warranted,,27-04-2026,No,Margin,REPOSSESSION NO RESERVE,4,1.6,,,"https://assets.wilsonsauctions.com///lots_1768831906-17688318914517071447028721983659.jpg_3191393/320x231.webp,https://assets.wilsonsauctions.com///lots_1768831915-17688319065386694164524190851483.jpg_3667049/320x231.webp,https://assets.wilsonsauctions.com///lots_1768831933-17688319206433503556376146782319.jpg_3757246/320x231.webp,https://assets.wilsonsauctions.com///lots_1768831947-17688319320861155166171762184922.jpg_3524342/320x231.webp,https://assets.wilsonsauctions.com///lots_1768831961-17688319523316167796508449009681.jpg_3065937/320x231.webp,https://assets.wilsonsauctions.com///lots_1768831978-17688319661906910595986178870897.jpg_2399519/320x231.webp,https://assets.wilsonsauctions.com///lots_1768832004-17688319952052370583595042473529.jpg_2447062/320x231.webp,https://assets.wilsonsauctions.com///lots_1768832016-1768832005128286377708975368310.jpg_2709767/320x231.webp,https://assets.wilsonsauctions.com///lots_1768832027-17688320186046058177669150113526.jpg_2493517/320x231.webp,https://assets.wilsonsauctions.com///lots_1768832034-17688320273093264216779493526009.jpg_3474043/320x231.webp",,,,Silver,Not present,―,,―,,,,5,,,,,,,2026-01-22,12:00,Timed Auction,No,[170],170
Seized Vehicle Auction,20,Wilsons Auctions,Renault Megane Dynamique Tomtom DCI SA,YG61LXV,Renault,Megane Dynamique,Dynamique Tomtom DCI SA,114,Hatchback,Diesel,Semi Automatic,Wilsons Auctions Stoke,2026-01-21,12:00,27/09/2011,2011,,Not Warranted,Here,23-01-2026,No,Margin,REPOSSESSION NO RESERVE,,1.5,,,"https://assets.wilsonsauctions.com///lots_asset-248038%2F17673623813314886498638487156451.jpg_6908651/320x231.webp,https://assets.wilsonsauctions.com///lots_asset-248038%2F17673623929641965576378363373036.jpg_6062526/320x231.webp,https://assets.wilsonsauctions.com///lots_asset-248038%2F1767362401496732659609091519592.jpg_6431881/320x231.webp,https://assets.wilsonsauctions.com///lots_asset-248038%2F17673624096741729286184217793375.jpg_7110916/320x231.webp,https://assets.wilsonsauctions.com///lots_asset-248038%2F17673624199665836764984358790813.jpg_5326337/320x231.webp,https://assets.wilsonsauctions.com///lots_asset-248038%2F17673624293112326408399551631160.jpg_6649494/320x231.webp,https://assets.wilsonsauctions.com///lots_asset-248038%2F17673624834826772433848465813888.jpg_7237999/320x231.webp,https://assets.wilsonsauctions.com///lots_asset-248038%2F17673625126477131626355649867385.jpg_3291017/320x231.webp",,,,Red,Not present,―,,―,,,,5,,,,,,,2026-01-22,12:00,Timed Auction,No,[310],310
Seized Vehicle Auction,20,Wilsons Auctions,Ford Transit Connect T200 L SWB P/V,YJ04WRV,Ford,Transit Connect,Connect T200 L SWB P,92,Panel van,Diesel,Manual,Wilsons Auctions Leigh,2026-01-21,12:00,26/03/2004,2004,,Not Warranted,,,No,Standard Rate,REPOSSESSION NO RESERVE,,1.8,,,"https://assets.wilsonsauctions.com///lots_1768990401-PICT0158.jpg_1743016/320x231.webp,https://assets.wilsonsauctions.com///lots_1768990402-PICT0159.jpg_1821276/320x231.webp,https://assets.wilsonsauctions.com///lots_1768990404-PICT0160.jpg_1703285/320x231.webp,https://assets.wilsonsauctions.com///lots_1768990405-PICT0161.jpg_1719509/320x231.webp,https://assets.wilsonsauctions.com///lots_1768990406-PICT0162.jpg_1315208/320x231.webp,https://assets.wilsonsauctions.com///lots_1768990407-PICT0163.jpg_1605487/320x231.webp,https://assets.wilsonsauctions.com///lots_1768990408-PICT0164.jpg_1554199/320x231.webp,https://assets.wilsonsauctions.com///lots_1768990409-PICT0165.jpg_1487946/320x231.webp,https://assets.wilsonsauctions.com///lots_1768990410-PICT0166.jpg_1678276/320x231.webp",,,,White,Not present,―,,―,,,,,,,,,,,2026-01-22,12:00,Timed Auction,No,[0],0
Seized Vehicle Auction,20,Wilsons Auctions,Renault Megane Scenic Dynamique+,YJ51LBD,Renault,Megane Scenic,Scenic Dynamique+,91,Hatchback,Petrol,Manual,Wilsons Auctions Leigh,2026-01-21,12:00,06/02/2002,2002,,Not Warranted,,,No,Margin,REPOSSESSION NO RESERVE,,1.6,,,"https://assets.wilsonsauctions.com///lots_1768990438-PICT0139.jpg_2063687/320x231.webp,https://assets.wilsonsauctions.com///lots_1768990440-PICT0140.jpg_2225136/320x231.webp,https://assets.wilsonsauctions.com///lots_1768990441-PICT0141.jpg_1903473/320x231.webp,https://assets.wilsonsauctions.com///lots_1768990442-PICT0142.jpg_2267923/320x231.webp,https://assets.wilsonsauctions.com///lots_1768990443-PICT0143.jpg_1524502/320x231.webp,https://assets.wilsonsauctions.com///lots_1768990444-PICT0144.jpg_1447100/320x231.webp,https://assets.wilsonsauctions.com///lots_1768990445-PICT0145.jpg_1629272/320x231.webp,https://assets.wilsonsauctions.com///lots_1768990446-PICT0146.jpg_1709043/320x231.webp,https://assets.wilsonsauctions.com///lots_1768990447-PICT0147.jpg_1311707/320x231.webp,https://assets.wilsonsauctions.com///lots_1768990448-PICT0148.jpg_1953986/320x231.webp",,,,Grey,Not present,―,,―,,,,5,,,,,,,2026-01-22,12:00,Timed Auction,No,[0],0
Seized Vehicle Auction,20,Wilsons Auctions,BMW 116d Efficientdynamics,YK64CNU,BMW,116d Efficientdynamics,Efficientdynamics,106,Hatchback,Diesel,Manual,Wilsons Auctions Glasgow,2026-01-21,12:00,26/09/2014,2014,,Not Warranted,,27-11-2026,No,Margin,,,1.6,,,"https://assets.wilsonsauctions.com///lots_asset-249587%2F20260114_114842%5B1%5D.jpg_3785959/320x231.webp,https://assets.wilsonsauctions.com///lots_asset-249587%2F20260114_114833%5B1%5D.jpg_3050929/320x231.webp",,,,Black,Not present,―,,―,,,,5,,,,,,,2026-01-22,12:00,Timed Auction,No,[0],0
Seized Vehicle Auction,20,Wilsons Auctions,Honda Jazz SE CVT,YP53OUF,Honda,Jazz SE,SE CVT,145,Hatchback,Petrol,,Wilsons Auctions Maidstone,2026-01-21,12:00,29/09/2003,2003,,Not Warranted,,,No,Margin,REPOSSESSION NO RESERVE,,1.3,,,"https://assets.wilsonsauctions.com///lots_1768557016-PICT0000.jpg_2413148/320x231.webp,https://assets.wilsonsauctions.com///lots_1768557017-PICT0001.jpg_1813673/320x231.webp,https://assets.wilsonsauctions.com///lots_1768557017-PICT0002.jpg_1796637/320x231.webp,https://assets.wilsonsauctions.com///lots_1768557018-PICT0003.jpg_1538408/320x231.webp,https://assets.wilsonsauctions.com///lots_1768557018-PICT0004.jpg_2252331/320x231.webp,https://assets.wilsonsauctions.com///lots_1768557018-PICT0005.jpg_2101535/320x231.webp,https://assets.wilsonsauctions.com///lots_1768557019-PICT0006.jpg_1907500/320x231.webp,https://assets.wilsonsauctions.com///lots_1768557019-PICT0007.jpg_1260947/320x231.webp,https://assets.wilsonsauctions.com///lots_1768557020-PICT0008.jpg_2181659/320x231.webp,https://assets.wilsonsauctions.com///lots_1768557020-PICT0009.jpg_944894/320x231.webp,https://assets.wilsonsauctions.com///lots_1768557021-PICT0010.jpg_2799102/320x231.webp,https://assets.wilsonsauctions.com///lots_1768557021-PICT0011.jpg_1973771/320x231.webp",,,,Black,Not present,―,,―,,,,5,,,,,,,2026-01-22,12:00,Timed Auction,No,[100],100
Seized Vehicle Auction,20,Wilsons Auctions,BMW 120d M Sport,YR09PZN,BMW,120d M,M Sport,21,Coupe,Diesel,Manual,Wilsons Auctions Leigh,2026-01-21,12:00,31/03/2009,2009,,Not Warranted,,,No,Margin,REPOSSESSION NO RESERVE,,2.0,,,"https://assets.wilsonsauctions.com///lots_1768906006-PICT0095.jpg_1979757/320x231.webp,https://assets.wilsonsauctions.com///lots_1768906008-PICT0096.jpg_2066823/320x231.webp,https://assets.wilsonsauctions.com///lots_1768906009-PICT0097.jpg_1802052/320x231.webp,https://assets.wilsonsauctions.com///lots_1768906011-PICT0098.jpg_1741358/320x231.webp,https://assets.wilsonsauctions.com///lots_1768906012-PICT0099.jpg_1542362/320x231.webp,https://assets.wilsonsauctions.com///lots_1768906013-PICT0100.jpg_1704085/320x231.webp,https://assets.wilsonsauctions.com///lots_1768906014-PICT0101.jpg_1679580/320x231.webp,https://assets.wilsonsauctions.com///lots_1768906015-PICT0102.jpg_1771839/320x231.webp,https://assets.wilsonsauctions.com///lots_1768906016-PICT0103.jpg_1482787/320x231.webp",,,,Silver,Not present,―,,―,,,,2,,,,,,,2026-01-22,12:00,Timed Auction,No,[0],0
Seized Vehicle Auction,20,Wilsons Auctions,Ford Fusion Zetec Climate Auto,YS55HLN,Ford,Fusion Zetec,Zetec Climate Auto,146,Hatchback,Petrol,Automatic,Wilsons Auctions Maidstone,2026-01-21,12:00,23/12/2005,2005,,Not Warranted,Here,,No,Margin,REPOSSESSION NO RESERVE,,1.6,,,"https://assets.wilsonsauctions.com///lots_1767868044-PICT0028.jpg_2418317/320x231.webp,https://assets.wilsonsauctions.com///lots_1767868045-PICT0029.jpg_2658583/320x231.webp,https://assets.wilsonsauctions.com///lots_1767868045-PICT0030.jpg_2317292/320x231.webp,https://assets.wilsonsauctions.com///lots_1767868046-PICT0031.jpg_2467889/320x231.webp,https://assets.wilsonsauctions.com///lots_1767868046-PICT0032.jpg_2110027/320x231.webp,https://assets.wilsonsauctions.com///lots_1767868046-PICT0033.jpg_2347627/320x231.webp,https://assets.wilsonsauctions.com///lots_1767868047-PICT0034.jpg_1889429/320x231.webp,https://assets.wilsonsauctions.com///lots_1767868047-PICT0035.jpg_1825583/320x231.webp",,,,Silver,Not present,―,,―,,,,5,,,,,,,2026-01-22,12:00,Timed Auction,No,[130],130
Seized Vehicle Auction,20,Wilsons Auctions,Vauxhall Insignia Excl 128cdti ECO,YT11FOH,Vauxhall,Insignia Excl,Excl 128cdti ECO,58,Hatchback,Diesel,Manual,Wilsons Auctions Belfast,2026-01-21,12:00,18/07/2011,2011,,Not Warranted,Here,14-02-2026,No,Margin,REPOSSESSION NO RESERVE,,2.0,,,"https://assets.wilsonsauctions.com///lots_asset-247195%2Fimage.jpg_3815239/320x231.webp,https://assets.wilsonsauctions.com///lots_asset-247195%2Fimage.jpg_3480101/320x231.webp,https://assets.wilsonsauctions.com///lots_asset-247195%2Fimage.jpg_3983786/320x231.webp,https://assets.wilsonsauctions.com///lots_asset-247195%2Fimage.jpg_3967296/320x231.webp",,,,Black,Not present,―,,―,,,,5,,,,,,,2026-01-22,12:00,Timed Auction,No,[280],280
Seized Vehicle Auction,20,Wilsons Auctions,Mini Cooper S,YT56HFJ,Mini,Cooper S,S,94,Hatchback,Petrol,Manual,Wilsons Auctions Leigh,2026-01-21,12:00,10/01/2007,2007,,Not Warranted,,03-04-2026,No,Margin,REPOSSESSION NO RESERVE,,1.6,,,"https://assets.wilsonsauctions.com///lots_1768990366-PICT0038.jpg_2137771/320x231.webp,https://assets.wilsonsauctions.com///lots_1768990367-PICT0039.jpg_1992260/320x231.webp,https://assets.wilsonsauctions.com///lots_1768990368-PICT0040.jpg_1316446/320x231.webp,https://assets.wilsonsauctions.com///lots_1768990370-PICT0041.jpg_2122346/320x231.webp,https://assets.wilsonsauctions.com///lots_1768990371-PICT0042.jpg_1595020/320x231.webp,https://assets.wilsonsauctions.com///lots_1768990372-PICT0043.jpg_1426329/320x231.webp,https://assets.wilsonsauctions.com///lots_1768990373-PICT0044.jpg_1207587/320x231.webp,https://assets.wilsonsauctions.com///lots_1768990374-PICT0046.jpg_1077023/320x231.webp,https://assets.wilsonsauctions.com///lots_1768990375-PICT0047.jpg_2058507/320x231.webp",,,,Grey,Not present,―,,―,,,,3,,,,,,,2026-01-22,12:00,Timed Auction,No,[100],100
Seized Vehicle Auction,20,Wilsons Auctions,Vauxhall Zafira Design NAV Cdti Ecoflex,YY13SSX,Vauxhall,Zafira Design,Design NAV Cdti Ecoflex,41,Mpv,Diesel,Manual,Wilsons Auctions West Bromwich,2026-01-21,12:00,15/07/2013,2013,,Not Warranted,,01-10-2026,No,Margin,REPOSSESSION NO RESERVE,,1.7,,,"https://assets.wilsonsauctions.com///lots_1768912550-17689125434467514958476959760022.jpg_3366213/320x231.webp,https://assets.wilsonsauctions.com///lots_1768912559-17689125503328514801728948527181.jpg_4131277/320x231.webp,https://assets.wilsonsauctions.com///lots_1768912567-17689125587025015641844985634148.jpg_3535309/320x231.webp,https://assets.wilsonsauctions.com///lots_1768912580-1768912571301876371748484748692.jpg_3815735/320x231.webp,https://assets.wilsonsauctions.com///lots_1768912594-17689125863538859443423356665790.jpg_2449423/320x231.webp,https://assets.wilsonsauctions.com///lots_1768912618-17689126102594142579854765624315.jpg_3764097/320x231.webp,https://assets.wilsonsauctions.com///lots_1768912626-17689126186741249019791853607672.jpg_3623127/320x231.webp,https://assets.wilsonsauctions.com///lots_1768912643-17689126335562981952369286759899.jpg_2641111/320x231.webp,https://assets.wilsonsauctions.com///lots_1768912656-17689126459746947748058948796698.jpg_2319406/320x231.webp,https://assets.wilsonsauctions.com///lots_1768912667-17689126579335857870110482280591.jpg_3290158/320x231.webp",,,,White,Not present,―,,―,,,,5,,,,,,,2026-01-22,12:00,Timed Auction,No,[160],160
