Auction Name,Sheet id,Auction House,Title,Reg,Make,Model,Variant,Lot,Body type,Fuel Type,Transmission,Center,Start Date,Start Time,D.O.R,Year,Mileage,Mileage Warranted,V5,MOT Expiry Date,Service History,VAT Status,Vendor,Former Keepers,CC,Service Notes,Inspection Report,Images,Damaged_images,Damage_details,Additional Information,Colour,Keys,CAP Clean,CAP Below,CAP Average,Features,General Condition,Grade,Doors,Seats,MOT Due,Euro Status,No of services,Last service mileage,Tyres Condition
ebca,24,East Anglian Motor Auctions,Volkswagen,AE70WRL,Volkswagen,Golf,TSI EVO Match Edition,86,Hatchback,Petrol,MANUAL,ECA,21/1/2026,11am,01/09/2020,2020,40528,Warranted,Here,31/08/2026,yes,Margin,,1,1.5,,https://www.ebca.co.uk/motorvehicleinspectionreport/standard/6951.pdf,"https://ebca-prod-data-s3-public.s3.eu-west-1.amazonaws.com/motorvehicle/6951/images/1768833781_jvZRRa.jpg, https://ebca-prod-data-s3-public.s3.eu-west-1.amazonaws.com/motorvehicle/6951/images/1768833787_ldAzIf.jpg, https://ebca-prod-data-s3-public.s3.eu-west-1.amazonaws.com/motorvehicle/6951/images/1768833792_GZshRw.jpg, https://ebca-prod-data-s3-public.s3.eu-west-1.amazonaws.com/motorvehicle/6951/images/1768833809_qPosCK.jpg, https://ebca-prod-data-s3-public.s3.eu-west-1.amazonaws.com/motorvehicle/6951/images/1768833820_OWEv8R.jpg, https://ebca-prod-data-s3-public.s3.eu-west-1.amazonaws.com/motorvehicle/6951/images/1768833836_LwYXDz.jpg, https://ebca-prod-data-s3-public.s3.eu-west-1.amazonaws.com/motorvehicle/6951/images/1768833797_AZzZWo.jpg, https://ebca-prod-data-s3-public.s3.eu-west-1.amazonaws.com/motorvehicle/6951/images/1768833804_sKYQHc.jpg, https://ebca-prod-data-s3-public.s3.eu-west-1.amazonaws.com/motorvehicle/6951/images/1768833814_NPljih.jpg, https://ebca-prod-data-s3-public.s3.eu-west-1.amazonaws.com/motorvehicle/6951/images/1768833846_XcYjIU.jpg, https://ebca-prod-data-s3-public.s3.eu-west-1.amazonaws.com/motorvehicle/6951/images/1768833851_gK4jFU.jpg, https://ebca-prod-data-s3-public.s3.eu-west-1.amazonaws.com/motorvehicle/6951/images/1768833856_kVe3wr.jpg, https://ebca-prod-data-s3-public.s3.eu-west-1.amazonaws.com/motorvehicle/6951/images/1768833861_8Gfd4U.jpg, https://ebca-prod-data-s3-public.s3.eu-west-1.amazonaws.com/motorvehicle/6951/images/1768833866_KKP8Ui.jpg","https://ebca-prod-data-s3-public.s3.eu-west-1.amazonaws.com/motorvehicle/6951/images/1768833866_KKP8Ui.jpg, https://ebca-prod-data-s3-public.s3.eu-west-1.amazonaws.com/motorvehicle/6951/images/1768833781_jvZRRa.jpg, https://ebca-prod-data-s3-public.s3.eu-west-1.amazonaws.com/motorvehicle/6951/images/1768833787_ldAzIf.jpg",Bonnet Chipped 1 To 5,"{'information': {'Keys': '2', 'Service history': 'yes', 'Service documents': 'Printout', 'Number of stamps': '2', 'Last service date': '05/08/2025', 'Last service miles': '28,334', 'MOT Due': '31/08/2026', 'Former Keepers': '1', 'Body Style': 'Hatchback', 'Hubs': 'Alloy', 'BHP': '128', 'Gross Weight': '1800', 'Euro Status': '6', 'Euro': '6', 'CO2': '127', 'MPG Combined': '50.4'}}",GREY,2,"£12,200.00","£10,000.00","£11,100.00",,"{'Interior & Tyres': {}, 'Interior': {'Carpet condition': 'Average', 'Seat condition': 'Average', 'Upholstery condition': 'Average', 'Odour': 'No'}, 'Tyres': {'Tyre NSF': 'DUNLOP\t5.0mm', 'Tyre OSF': 'DUNLOP\t5.0mm', 'Tyre NSR': 'DUNLOP\t5.0mm', 'Tyre OSR': 'DUNLOP\t5.0mm', 'Spare Tyre': '\t'}}",2,5,,31/08/2026,,2,"28,334","Tyre NSF: DUNLOP	5.0mm, Tyre OSF: DUNLOP	5.0mm, Tyre NSR: DUNLOP	5.0mm, Tyre OSR: DUNLOP	5.0mm, Spare Tyre: 	"
ebca,24,East Anglian Motor Auctions,Peugeot,AF71CZD,Peugeot,2008,PureTech 130 GT EAT8,36,Hatchback,Petrol,AUTOMATIC,ECA,21/1/2026,11am,01/09/2021,2021,24863,Warranted,Here,04/09/2026,yes,Margin,,1,1.2,,https://www.ebca.co.uk/motorvehicleinspectionreport/standard/6892.pdf,"https://ebca-prod-data-s3-public.s3.eu-west-1.amazonaws.com/motorvehicle/6892/images/1768821389_nNYIB9.jpg, https://ebca-prod-data-s3-public.s3.eu-west-1.amazonaws.com/motorvehicle/6892/images/1768821397_pdm1ki.jpg, https://ebca-prod-data-s3-public.s3.eu-west-1.amazonaws.com/motorvehicle/6892/images/1768821403_HTDNR9.jpg, https://ebca-prod-data-s3-public.s3.eu-west-1.amazonaws.com/motorvehicle/6892/images/1768821429_NaBd6z.jpg, https://ebca-prod-data-s3-public.s3.eu-west-1.amazonaws.com/motorvehicle/6892/images/1768821442_sa2GOQ.jpg, https://ebca-prod-data-s3-public.s3.eu-west-1.amazonaws.com/motorvehicle/6892/images/1768821458_rqHPY6.jpg, https://ebca-prod-data-s3-public.s3.eu-west-1.amazonaws.com/motorvehicle/6892/images/1768821409_EhEQ6o.jpg, https://ebca-prod-data-s3-public.s3.eu-west-1.amazonaws.com/motorvehicle/6892/images/1768821415_CNqFZ2.jpg, https://ebca-prod-data-s3-public.s3.eu-west-1.amazonaws.com/motorvehicle/6892/images/1768821436_zcKEzM.jpg, https://ebca-prod-data-s3-public.s3.eu-west-1.amazonaws.com/motorvehicle/6892/images/1768821603_HDi9Wf.jpg, https://ebca-prod-data-s3-public.s3.eu-west-1.amazonaws.com/motorvehicle/6892/images/1768821608_ibmlei.jpg, https://ebca-prod-data-s3-public.s3.eu-west-1.amazonaws.com/motorvehicle/6892/images/1768821613_dBgj9j.jpg, https://ebca-prod-data-s3-public.s3.eu-west-1.amazonaws.com/motorvehicle/6892/images/1768821618_OxX3K8.jpg, https://ebca-prod-data-s3-public.s3.eu-west-1.amazonaws.com/motorvehicle/6892/images/1768821623_DuZbcT.jpg","https://ebca-prod-data-s3-public.s3.eu-west-1.amazonaws.com/motorvehicle/6892/images/1768821623_DuZbcT.jpg, https://ebca-prod-data-s3-public.s3.eu-west-1.amazonaws.com/motorvehicle/6892/images/1768821389_nNYIB9.jpg, https://ebca-prod-data-s3-public.s3.eu-west-1.amazonaws.com/motorvehicle/6892/images/1768821397_pdm1ki.jpg",Bonnet Chipped 1 To 5,"{'information': {'Keys': '2', 'Service history': 'yes', 'Service documents': 'Service Book', 'Number of stamps': '2', 'Last service date': '29/08/2025', 'Last service miles': '24,000', 'MOT Due': '04/09/2026', 'Former Keepers': '1', 'Body Style': 'Hatchback', 'Hubs': 'Alloy', 'BHP': '129', 'Euro Status': '6', 'Euro': '6', 'CO2': '136', 'MPG Combined': '48.7'}}",WHITE,2,"£12,800.00","£10,400.00","£11,600.00",,"{'Interior & Tyres': {}, 'Interior': {'Carpet condition': 'Average', 'Seat condition': 'Average', 'Upholstery condition': 'Average', 'Odour': 'No'}, 'Tyres': {'Tyre NSF': 'MICHELIN\t5.0mm', 'Tyre OSF': 'MICHELIN\t5.0mm', 'Tyre NSR': 'MICHELIN\t5.0mm', 'Tyre OSR': 'MICHELIN\t5.0mm', 'Spare Tyre': '\t'}}",2,5,,04/09/2026,,2,"24,000","Tyre NSF: MICHELIN	5.0mm, Tyre OSF: MICHELIN	5.0mm, Tyre NSR: MICHELIN	5.0mm, Tyre OSR: MICHELIN	5.0mm, Spare Tyre: 	"
ebca,24,East Anglian Motor Auctions,Volkswagen,BD70OHK,Volkswagen,T-Roc,TSI 110 United,126,Hatchback,Petrol,MANUAL,ECA,21/1/2026,11am,18/01/2021,2021,40922,Warranted,Here, ,yes,Margin,,1,1.0,,https://www.ebca.co.uk/motorvehicleinspectionreport/standard/6890.pdf,"https://ebca-prod-data-s3-public.s3.eu-west-1.amazonaws.com/motorvehicle/6890/images/1768567936_TJMQP1.jpg, https://ebca-prod-data-s3-public.s3.eu-west-1.amazonaws.com/motorvehicle/6890/images/1768567942_vFU1dL.jpg, https://ebca-prod-data-s3-public.s3.eu-west-1.amazonaws.com/motorvehicle/6890/images/1768567949_2Xi1V2.jpg, https://ebca-prod-data-s3-public.s3.eu-west-1.amazonaws.com/motorvehicle/6890/images/1768567965_Ey7MBI.jpg, https://ebca-prod-data-s3-public.s3.eu-west-1.amazonaws.com/motorvehicle/6890/images/1768567976_iBOP7N.jpg, https://ebca-prod-data-s3-public.s3.eu-west-1.amazonaws.com/motorvehicle/6890/images/1768567999_ArzWDp.jpg, https://ebca-prod-data-s3-public.s3.eu-west-1.amazonaws.com/motorvehicle/6890/images/1768567887_EVt0PU.jpg, https://ebca-prod-data-s3-public.s3.eu-west-1.amazonaws.com/motorvehicle/6890/images/1768567892_mCnPdY.jpg, https://ebca-prod-data-s3-public.s3.eu-west-1.amazonaws.com/motorvehicle/6890/images/1768567899_VyaLZO.jpg, https://ebca-prod-data-s3-public.s3.eu-west-1.amazonaws.com/motorvehicle/6890/images/1768567908_vyI9mt.jpg, https://ebca-prod-data-s3-public.s3.eu-west-1.amazonaws.com/motorvehicle/6890/images/1768567919_oXYEtR.jpg, https://ebca-prod-data-s3-public.s3.eu-west-1.amazonaws.com/motorvehicle/6890/images/1768567954_lKzv2j.jpg, https://ebca-prod-data-s3-public.s3.eu-west-1.amazonaws.com/motorvehicle/6890/images/1768567959_BIRWQk.jpg, https://ebca-prod-data-s3-public.s3.eu-west-1.amazonaws.com/motorvehicle/6890/images/1768567970_RygFxi.jpg","https://ebca-prod-data-s3-public.s3.eu-west-1.amazonaws.com/motorvehicle/6890/images/1768567970_RygFxi.jpg, https://ebca-prod-data-s3-public.s3.eu-west-1.amazonaws.com/motorvehicle/6890/images/1768567936_TJMQP1.jpg, https://ebca-prod-data-s3-public.s3.eu-west-1.amazonaws.com/motorvehicle/6890/images/1768567942_vFU1dL.jpg",Bonnet Scratched Over 25mm Thru Paint,"{'information': {'Keys': '2', 'Service history': 'yes', 'Service documents': 'Printout', 'Number of stamps': '1', 'Last service date': '12/05/2023', 'Last service miles': '24,708', 'MOT Due': 'Expired', 'Former Keepers': '1', 'Body Style': 'Hatchback', 'Hubs': 'Alloy', 'BHP': '109', 'Euro Status': '6', 'Euro': '6', 'CO2': '138', 'MPG Combined': '46.3'}}",GREY,2,"£11,800.00","£9,450.00","£10,600.00",,"{'Interior & Tyres': {}, 'Interior': {'Carpet condition': 'Average', 'Seat condition': 'Average', 'Upholstery condition': 'Average', 'Odour': 'No'}, 'Tyres': {'Tyre NSF': 'BUDGET\t3.0mm', 'Tyre OSF': 'FIREMAX\t3.0mm', 'Tyre NSR': 'WESTLAKE\t5.0mm', 'Tyre OSR': 'BUDGET\t5.0mm', 'Spare Tyre': '\t'}}",4,5,, ,,1,"24,708","Tyre NSF: BUDGET	3.0mm, Tyre OSF: FIREMAX	3.0mm, Tyre NSR: WESTLAKE	5.0mm, Tyre OSR: BUDGET	5.0mm, Spare Tyre: 	"
ebca,24,East Anglian Motor Auctions,Ford,BG19SOA,Ford,Galaxy,EcoBlue 150 Titanium,82,MPV,Diesel,MANUAL,ECA,21/1/2026,11am,25/07/2019,2019,78691,Warranted,Here,03/10/2026,yes,Margin,,1,2.0,,https://www.ebca.co.uk/motorvehicleinspectionreport/standard/6956.pdf,"https://ebca-prod-data-s3-public.s3.eu-west-1.amazonaws.com/motorvehicle/6956/images/1768923424_QjwXgs.jpg, https://ebca-prod-data-s3-public.s3.eu-west-1.amazonaws.com/motorvehicle/6956/images/1768923429_OEixcU.jpg, https://ebca-prod-data-s3-public.s3.eu-west-1.amazonaws.com/motorvehicle/6956/images/1768923441_7XaFiA.jpg, https://ebca-prod-data-s3-public.s3.eu-west-1.amazonaws.com/motorvehicle/6956/images/1768923464_eu4uiO.jpg, https://ebca-prod-data-s3-public.s3.eu-west-1.amazonaws.com/motorvehicle/6956/images/1768923480_Fp9Z2j.jpg, https://ebca-prod-data-s3-public.s3.eu-west-1.amazonaws.com/motorvehicle/6956/images/1768923449_kFZiQB.jpg, https://ebca-prod-data-s3-public.s3.eu-west-1.amazonaws.com/motorvehicle/6956/images/1768923456_vb06ZV.jpg, https://ebca-prod-data-s3-public.s3.eu-west-1.amazonaws.com/motorvehicle/6956/images/1768923462_z0Qf1q.jpg, https://ebca-prod-data-s3-public.s3.eu-west-1.amazonaws.com/motorvehicle/6956/images/1768923470_qaNI4d.jpg, https://ebca-prod-data-s3-public.s3.eu-west-1.amazonaws.com/motorvehicle/6956/images/1768923498_rd4Mcx.jpg, https://ebca-prod-data-s3-public.s3.eu-west-1.amazonaws.com/motorvehicle/6956/images/1768923503_XzeLzA.jpg, https://ebca-prod-data-s3-public.s3.eu-west-1.amazonaws.com/motorvehicle/6956/images/1768924330_DZ3Qvu.jpg, https://ebca-prod-data-s3-public.s3.eu-west-1.amazonaws.com/motorvehicle/6956/images/1768924340_BlrQEz.jpg, https://ebca-prod-data-s3-public.s3.eu-west-1.amazonaws.com/motorvehicle/6956/images/1768924362_mB1dU5.jpg","https://ebca-prod-data-s3-public.s3.eu-west-1.amazonaws.com/motorvehicle/6956/images/1768924362_mB1dU5.jpg, https://ebca-prod-data-s3-public.s3.eu-west-1.amazonaws.com/motorvehicle/6956/images/1768923424_QjwXgs.jpg, https://ebca-prod-data-s3-public.s3.eu-west-1.amazonaws.com/motorvehicle/6956/images/1768923429_OEixcU.jpg",Bonnet Chipped 1 To 5,"{'information': {'Keys': '1', 'Service history': 'yes', 'Service documents': 'Service Book', 'Number of stamps': '4', 'Last service date': '25/09/2025', 'Last service miles': '75,783', 'MOT Due': '03/10/2026', 'Former Keepers': '1', 'Body Style': 'MPV', 'Hubs': 'Alloy', 'BHP': '148', 'Euro Status': '6', 'Euro': '6', 'CO2': '134', 'MPG Combined': '45.6', 'MPG Urban': '47.1', 'MPG Extra Urban': '61.4'}}",BLUE,1,"£9,675.00","£7,625.00","£8,625.00",,"{'Interior & Tyres': {}, 'Interior': {'Carpet condition': 'Average', 'Seat condition': 'Average', 'Upholstery condition': 'Average', 'Odour': 'No'}, 'Tyres': {'Tyre NSF': 'BUDGET\tWorn', 'Tyre OSF': 'BUDGET\t2.0mm', 'Tyre NSR': 'MICHELIN\t3.0mm', 'Tyre OSR': 'BUDGET\t4.0mm', 'Spare Tyre': '\t'}}",4,5,,03/10/2026,,4,"75,783","Tyre NSF: BUDGET	Worn, Tyre OSF: BUDGET	2.0mm, Tyre NSR: MICHELIN	3.0mm, Tyre OSR: BUDGET	4.0mm, Spare Tyre: 	"
ebca,24,East Anglian Motor Auctions,Renault,BP72TXK,Renault,Megane E-Tech,EV60 160kW Techno 60kWh Optimum Charge Auto,156,Hatchback,Electric,AUTOMATIC,ECA,21/1/2026,11am,28/12/2022,2022,21067,Warranted,Here,-,none,Margin,,1,,,https://www.ebca.co.uk/motorvehicleinspectionreport/standard/5352.pdf,"https://ebca-prod-data-s3-public.s3.eu-west-1.amazonaws.com/motorvehicle/5352/images/1762254863_4gniGV.jpg, https://ebca-prod-data-s3-public.s3.eu-west-1.amazonaws.com/motorvehicle/5352/images/1762254868_1AP3Jp.jpg, https://ebca-prod-data-s3-public.s3.eu-west-1.amazonaws.com/motorvehicle/5352/images/1762254887_oQ96fq.jpg, https://ebca-prod-data-s3-public.s3.eu-west-1.amazonaws.com/motorvehicle/5352/images/1762254912_85516w.jpg, https://ebca-prod-data-s3-public.s3.eu-west-1.amazonaws.com/motorvehicle/5352/images/1762254964_qRvehY.jpg, https://ebca-prod-data-s3-public.s3.eu-west-1.amazonaws.com/motorvehicle/5352/images/1765293222_xESPUn.jpg, https://ebca-prod-data-s3-public.s3.eu-west-1.amazonaws.com/motorvehicle/5352/images/1762254896_mwzC3h.jpg, https://ebca-prod-data-s3-public.s3.eu-west-1.amazonaws.com/motorvehicle/5352/images/1762254902_lSEnML.jpg, https://ebca-prod-data-s3-public.s3.eu-west-1.amazonaws.com/motorvehicle/5352/images/1762254907_azyaWY.jpg, https://ebca-prod-data-s3-public.s3.eu-west-1.amazonaws.com/motorvehicle/5352/images/1762254919_wDd0V3.jpg, https://ebca-prod-data-s3-public.s3.eu-west-1.amazonaws.com/motorvehicle/5352/images/1762254924_shKlys.jpg, https://ebca-prod-data-s3-public.s3.eu-west-1.amazonaws.com/motorvehicle/5352/images/1762254979_vhK1Ni.jpg, https://ebca-prod-data-s3-public.s3.eu-west-1.amazonaws.com/motorvehicle/5352/images/1762254984_Gaamc0.jpg","https://ebca-prod-data-s3-public.s3.eu-west-1.amazonaws.com/motorvehicle/5352/images/1762254984_Gaamc0.jpg, https://ebca-prod-data-s3-public.s3.eu-west-1.amazonaws.com/motorvehicle/5352/images/1762254863_4gniGV.jpg, https://ebca-prod-data-s3-public.s3.eu-west-1.amazonaws.com/motorvehicle/5352/images/1762254868_1AP3Jp.jpg",Bonnet Chipped 1 To 5,"{'information': {'Keys': '2', 'Service history': 'none', 'Former Keepers': '1', 'Body Style': 'Hatchback', 'Hubs': 'Alloy', 'BHP': '217', 'Euro Status': '6', 'Euro': '6', 'MPG Combined': '1'}}",WHITE/GREY,2,"£15,200.00","£12,850.00","£14,000.00",,"{'Interior & Tyres': {}, 'Interior': {'Carpet condition': 'Average', 'Seat condition': 'Average', 'Upholstery condition': 'Average', 'Odour': 'No'}, 'Tyres': {'Tyre NSF': 'GOODYEAR\t4.0mm', 'Tyre OSF': 'GOODYEAR\t3.0mm', 'Tyre NSR': 'GOODYEAR\t4.0mm', 'Tyre OSR': 'GOODYEAR\t3.0mm', 'Spare Tyre': '\t'}}",2,5,,,,,,"Tyre NSF: GOODYEAR	4.0mm, Tyre OSF: GOODYEAR	3.0mm, Tyre NSR: GOODYEAR	4.0mm, Tyre OSR: GOODYEAR	3.0mm, Spare Tyre: 	"
ebca,24,East Anglian Motor Auctions,Lexus,BP73POV,Lexus,RX,h+ 2.5 E-CVT Premium Plus Pack,118,Estate,Hybrid Electric,CVT,ECA,21/1/2026,11am,21/12/2023,2023,23895,Warranted,Here,-,yes,Margin,,2,2.5,,https://www.ebca.co.uk/motorvehicleinspectionreport/standard/5985.pdf,"https://ebca-prod-data-s3-public.s3.eu-west-1.amazonaws.com/motorvehicle/5985/images/1764607886_yzb1Bc.jpg, https://ebca-prod-data-s3-public.s3.eu-west-1.amazonaws.com/motorvehicle/5985/images/1764607891_my0zSp.jpg, https://ebca-prod-data-s3-public.s3.eu-west-1.amazonaws.com/motorvehicle/5985/images/1764607897_VLbJBx.jpg, https://ebca-prod-data-s3-public.s3.eu-west-1.amazonaws.com/motorvehicle/5985/images/1764607914_KLn2f6.jpg, https://ebca-prod-data-s3-public.s3.eu-west-1.amazonaws.com/motorvehicle/5985/images/1764607948_89o6oN.jpg, https://ebca-prod-data-s3-public.s3.eu-west-1.amazonaws.com/motorvehicle/5985/images/1765293625_0ZCz1v.jpg, https://ebca-prod-data-s3-public.s3.eu-west-1.amazonaws.com/motorvehicle/5985/images/1764607902_JTxuu6.jpg, https://ebca-prod-data-s3-public.s3.eu-west-1.amazonaws.com/motorvehicle/5985/images/1764607909_LKABw1.jpg, https://ebca-prod-data-s3-public.s3.eu-west-1.amazonaws.com/motorvehicle/5985/images/1764607920_GdLAlx.jpg, https://ebca-prod-data-s3-public.s3.eu-west-1.amazonaws.com/motorvehicle/5985/images/1764607924_JIcTDI.jpg, https://ebca-prod-data-s3-public.s3.eu-west-1.amazonaws.com/motorvehicle/5985/images/1764607962_ckP8Zu.jpg, https://ebca-prod-data-s3-public.s3.eu-west-1.amazonaws.com/motorvehicle/5985/images/1764607971_5Y8ZLp.jpg, https://ebca-prod-data-s3-public.s3.eu-west-1.amazonaws.com/motorvehicle/5985/images/1764607976_OSr3xk.jpg, https://ebca-prod-data-s3-public.s3.eu-west-1.amazonaws.com/motorvehicle/5985/images/1764607982_syFXq0.jpg, https://ebca-prod-data-s3-public.s3.eu-west-1.amazonaws.com/motorvehicle/5985/images/1764607988_bLmy3u.jpg","https://ebca-prod-data-s3-public.s3.eu-west-1.amazonaws.com/motorvehicle/5985/images/1764607988_bLmy3u.jpg, https://ebca-prod-data-s3-public.s3.eu-west-1.amazonaws.com/motorvehicle/5985/images/1764607886_yzb1Bc.jpg, https://ebca-prod-data-s3-public.s3.eu-west-1.amazonaws.com/motorvehicle/5985/images/1764607891_my0zSp.jpg",Bonnet Chipped 1 To 5,"{'information': {'Keys': '2', 'Service history': 'yes', 'Service documents': 'Service Book', 'Number of stamps': '2', 'Last service date': '19/05/2025', 'Last service miles': '20,223', 'Former Keepers': '2', 'Body Style': 'Estate', 'Hubs': 'Alloy', 'BHP': '304', 'Euro Status': '6', 'Euro': '6', 'CO2': '25'}}",BLUE,2,"£44,400.00","£41,200.00","£42,800.00",,"{'Interior & Tyres': {}, 'Interior': {'Carpet condition': 'Average', 'Seat condition': 'Average', 'Upholstery condition': 'Average', 'Odour': 'No'}, 'Tyres': {'Tyre NSF': 'BRIDGESTONE\t3.0mm', 'Tyre OSF': 'BRIDGESTONE\t3.0mm', 'Tyre NSR': 'BRIDGESTONE\t4.0mm', 'Tyre OSR': 'BRIDGESTONE\t3.0mm', 'Spare Tyre': '\t'}}",2,5,,,,2,"20,223","Tyre NSF: BRIDGESTONE	3.0mm, Tyre OSF: BRIDGESTONE	3.0mm, Tyre NSR: BRIDGESTONE	4.0mm, Tyre OSR: BRIDGESTONE	3.0mm, Spare Tyre: 	"
ebca,24,East Anglian Motor Auctions,Mercedes-Benz,BT69XYS,Mercedes-Benz,E Class,E220d AMG Line Night Edition 9G-Tronic,46,Estate,Diesel,AUTOMATIC,ECA,21/1/2026,11am,16/11/2019,2019,83228,Warranted,Here,14/02/2026,yes,Margin,,1,1.9,,https://www.ebca.co.uk/motorvehicleinspectionreport/standard/6853.pdf,"https://ebca-prod-data-s3-public.s3.eu-west-1.amazonaws.com/motorvehicle/6853/images/1768823860_Mbpn9v.jpg, https://ebca-prod-data-s3-public.s3.eu-west-1.amazonaws.com/motorvehicle/6853/images/1768823866_pmHSds.jpg, https://ebca-prod-data-s3-public.s3.eu-west-1.amazonaws.com/motorvehicle/6853/images/1768823872_Csdi1z.jpg, https://ebca-prod-data-s3-public.s3.eu-west-1.amazonaws.com/motorvehicle/6853/images/1768823887_Q0AuTw.jpg, https://ebca-prod-data-s3-public.s3.eu-west-1.amazonaws.com/motorvehicle/6853/images/1768823899_9W1VtX.jpg, https://ebca-prod-data-s3-public.s3.eu-west-1.amazonaws.com/motorvehicle/6853/images/1768823919_nsmymB.jpg, https://ebca-prod-data-s3-public.s3.eu-west-1.amazonaws.com/motorvehicle/6853/images/1768813246_rTUvKN.jpg, https://ebca-prod-data-s3-public.s3.eu-west-1.amazonaws.com/motorvehicle/6853/images/1768823734_m3AGzx.jpg, https://ebca-prod-data-s3-public.s3.eu-west-1.amazonaws.com/motorvehicle/6853/images/1768823739_Xo5DyH.jpg, https://ebca-prod-data-s3-public.s3.eu-west-1.amazonaws.com/motorvehicle/6853/images/1768823744_vCPfPW.jpg, https://ebca-prod-data-s3-public.s3.eu-west-1.amazonaws.com/motorvehicle/6853/images/1768823749_BZ5wan.jpg, https://ebca-prod-data-s3-public.s3.eu-west-1.amazonaws.com/motorvehicle/6853/images/1768823750_0VqcoG.jpg, https://ebca-prod-data-s3-public.s3.eu-west-1.amazonaws.com/motorvehicle/6853/images/1768823763_UZfGV6.jpg, https://ebca-prod-data-s3-public.s3.eu-west-1.amazonaws.com/motorvehicle/6853/images/1768823783_fo01jl.jpg, https://ebca-prod-data-s3-public.s3.eu-west-1.amazonaws.com/motorvehicle/6853/images/1768823877_ycbeKM.jpg, https://ebca-prod-data-s3-public.s3.eu-west-1.amazonaws.com/motorvehicle/6853/images/1768823881_HDk1HR.jpg, https://ebca-prod-data-s3-public.s3.eu-west-1.amazonaws.com/motorvehicle/6853/images/1768823892_JmfYYa.jpg","https://ebca-prod-data-s3-public.s3.eu-west-1.amazonaws.com/motorvehicle/6853/images/1768823892_JmfYYa.jpg, https://ebca-prod-data-s3-public.s3.eu-west-1.amazonaws.com/motorvehicle/6853/images/1768823860_Mbpn9v.jpg, https://ebca-prod-data-s3-public.s3.eu-west-1.amazonaws.com/motorvehicle/6853/images/1768823866_pmHSds.jpg",Bonnet Chipped Multiple Chips,"{'information': {'Keys': '2', 'Service history': 'yes', 'Service documents': 'Service Book', 'Number of stamps': '1', 'Last service date': '05/02/2025', 'Last service miles': '68,485', 'MOT Due': '14/02/2026', 'Former Keepers': '1', 'Body Style': 'Estate', 'Hubs': 'Alloy', 'BHP': '191', 'Gross Weight': '2445', 'Euro Status': '6', 'Euro': '6', 'CO2': '135', 'MPG Combined': '42.8', 'MPG Urban': '47.9', 'MPG Extra Urban': '60.1'}}",BLACK,2,"£14,850.00","£12,500.00","£13,650.00",,"{'Interior & Tyres': {}, 'Interior': {'Carpet condition': 'Average', 'Seat condition': 'Average', 'Upholstery condition': 'Average', 'Odour': 'No'}, 'Tyres': {'Tyre NSF': 'LANVIGATOR\t5.0mm', 'Tyre OSF': 'LANVIGATOR\t5.0mm', 'Tyre NSR': 'LANVIGATOR\t5.0mm', 'Tyre OSR': 'LANVIGATOR\t5.0mm', 'Spare Tyre': '\t'}}",3,5,,14/02/2026,,1,"68,485","Tyre NSF: LANVIGATOR	5.0mm, Tyre OSF: LANVIGATOR	5.0mm, Tyre NSR: LANVIGATOR	5.0mm, Tyre OSR: LANVIGATOR	5.0mm, Spare Tyre: 	"
ebca,24,East Anglian Motor Auctions,Hyundai,CP69JZO,Hyundai,I10,Premium SE Auto,42,Hatchback,Petrol,AUTOMATIC,ECA,21/1/2026,11am,24/01/2020,2020,22321,Warranted,Here,04/02/2026,,Margin,,3,1.2,,https://www.ebca.co.uk/motorvehicleinspectionreport/standard/6830.pdf,"https://ebca-prod-data-s3-public.s3.eu-west-1.amazonaws.com/motorvehicle/6830/images/1768571345_sFeQw1.jpg, https://ebca-prod-data-s3-public.s3.eu-west-1.amazonaws.com/motorvehicle/6830/images/1768571355_LCvz0H.jpg, https://ebca-prod-data-s3-public.s3.eu-west-1.amazonaws.com/motorvehicle/6830/images/1768571360_SFlV7x.jpg, https://ebca-prod-data-s3-public.s3.eu-west-1.amazonaws.com/motorvehicle/6830/images/1768571376_DIlNRr.jpg, https://ebca-prod-data-s3-public.s3.eu-west-1.amazonaws.com/motorvehicle/6830/images/1768571391_MI64yw.jpg, https://ebca-prod-data-s3-public.s3.eu-west-1.amazonaws.com/motorvehicle/6830/images/1768571415_gBuIMA.jpg, https://ebca-prod-data-s3-public.s3.eu-west-1.amazonaws.com/motorvehicle/6830/images/1768571365_SUUslB.jpg, https://ebca-prod-data-s3-public.s3.eu-west-1.amazonaws.com/motorvehicle/6830/images/1768571370_R1NzK1.jpg, https://ebca-prod-data-s3-public.s3.eu-west-1.amazonaws.com/motorvehicle/6830/images/1768571380_IDCiQx.jpg, https://ebca-prod-data-s3-public.s3.eu-west-1.amazonaws.com/motorvehicle/6830/images/1768571425_2VJmNj.jpg, https://ebca-prod-data-s3-public.s3.eu-west-1.amazonaws.com/motorvehicle/6830/images/1768571446_ofPxQU.jpg, https://ebca-prod-data-s3-public.s3.eu-west-1.amazonaws.com/motorvehicle/6830/images/1768571451_oIhTXu.jpg, https://ebca-prod-data-s3-public.s3.eu-west-1.amazonaws.com/motorvehicle/6830/images/1768571457_nP68qS.jpg","https://ebca-prod-data-s3-public.s3.eu-west-1.amazonaws.com/motorvehicle/6830/images/1768571457_nP68qS.jpg, https://ebca-prod-data-s3-public.s3.eu-west-1.amazonaws.com/motorvehicle/6830/images/1768571345_sFeQw1.jpg, https://ebca-prod-data-s3-public.s3.eu-west-1.amazonaws.com/motorvehicle/6830/images/1768571355_LCvz0H.jpg",Bumper Rear Scratched 25 to 100mm Thru Paint,"{'information': {'Keys': '2', 'Number of stamps': '5', 'Last service date': '05/02/2026', 'Last service miles': '22,321', 'MOT Due': '04/02/2026', 'Former Keepers': '3', 'Body Style': 'Hatchback', 'Hubs': 'Alloy', 'BHP': '86', 'Gross Weight': '1455', 'Euro Status': '6', 'Euro': '6', 'CO2': '141', 'MPG Combined': '40.9', 'MPG Urban': '37.7', 'MPG Extra Urban': '29.4'}}",BLACK,2,"£10,200.00","£8,075.00","£9,150.00",,"{'Interior & Tyres': {}, 'Interior': {'Carpet condition': 'Average', 'Seat condition': 'Average', 'Upholstery condition': 'Average', 'Odour': 'No'}, 'Tyres': {'Tyre NSF': 'CONTINENTAL\t4.0mm', 'Tyre OSF': 'CONTINENTAL\t4.0mm', 'Tyre NSR': 'CONTINENTAL\t3.0mm', 'Tyre OSR': 'CONTINENTAL\t4.0mm', 'Spare Tyre': '\t'}}",3,5,,04/02/2026,,5,"22,321","Tyre NSF: CONTINENTAL	4.0mm, Tyre OSF: CONTINENTAL	4.0mm, Tyre NSR: CONTINENTAL	3.0mm, Tyre OSR: CONTINENTAL	4.0mm, Spare Tyre: 	"
ebca,24,East Anglian Motor Auctions,Seat,CX18GCZ,Seat,Leon,TDI 184 Xcellence Technology DSG,116,Estate,Diesel,SEMI AUTO,ECA,21/1/2026,11am,26/03/2018,2018,62024,Warranted,TBC,21/10/2026,yes,Margin,,2,2.0,,https://www.ebca.co.uk/motorvehicleinspectionreport/standard/6807.pdf,"https://ebca-prod-data-s3-public.s3.eu-west-1.amazonaws.com/motorvehicle/6807/images/1768556053_TSNO4Y.jpg, https://ebca-prod-data-s3-public.s3.eu-west-1.amazonaws.com/motorvehicle/6807/images/1768556060_uL5wTC.jpg, https://ebca-prod-data-s3-public.s3.eu-west-1.amazonaws.com/motorvehicle/6807/images/1768556069_uk3Fxq.jpg, https://ebca-prod-data-s3-public.s3.eu-west-1.amazonaws.com/motorvehicle/6807/images/1768556089_KcIcAW.jpg, https://ebca-prod-data-s3-public.s3.eu-west-1.amazonaws.com/motorvehicle/6807/images/1768556100_Cj63qu.jpg, https://ebca-prod-data-s3-public.s3.eu-west-1.amazonaws.com/motorvehicle/6807/images/1768556113_BDWfv4.jpg, https://ebca-prod-data-s3-public.s3.eu-west-1.amazonaws.com/motorvehicle/6807/images/1768556074_u84Dd6.jpg, https://ebca-prod-data-s3-public.s3.eu-west-1.amazonaws.com/motorvehicle/6807/images/1768556083_jk3aUL.jpg, https://ebca-prod-data-s3-public.s3.eu-west-1.amazonaws.com/motorvehicle/6807/images/1768556094_nNkFFV.jpg, https://ebca-prod-data-s3-public.s3.eu-west-1.amazonaws.com/motorvehicle/6807/images/1768556122_bErXTo.jpg, https://ebca-prod-data-s3-public.s3.eu-west-1.amazonaws.com/motorvehicle/6807/images/1768556136_aqLfNl.jpg, https://ebca-prod-data-s3-public.s3.eu-west-1.amazonaws.com/motorvehicle/6807/images/1768556141_aFgx51.jpg, https://ebca-prod-data-s3-public.s3.eu-west-1.amazonaws.com/motorvehicle/6807/images/1768556146_mRE2A5.jpg","https://ebca-prod-data-s3-public.s3.eu-west-1.amazonaws.com/motorvehicle/6807/images/1768556146_mRE2A5.jpg, https://ebca-prod-data-s3-public.s3.eu-west-1.amazonaws.com/motorvehicle/6807/images/1768556053_TSNO4Y.jpg, https://ebca-prod-data-s3-public.s3.eu-west-1.amazonaws.com/motorvehicle/6807/images/1768556060_uL5wTC.jpg",Wing osf Dented Between 10mm + 30mm,"{'information': {'Keys': '2', 'Service history': 'yes', 'Service documents': 'Printout', 'Number of stamps': '6', 'Last service date': '11/11/2024', 'Last service miles': '57,140', 'MOT Due': '21/10/2026', 'Former Keepers': '2', 'Body Style': 'Estate', 'Hubs': 'Alloy', 'BHP': '184', 'Gross Weight': '2000', 'Euro Status': '6', 'Euro': '6', 'CO2': '125', 'MPG Combined': '58.9', 'MPG Urban': '49.6', 'MPG Extra Urban': '65.7'}}",RED,2,"£9,200.00","£7,150.00","£8,150.00",,"{'Interior & Tyres': {}, 'Interior': {'Carpet condition': 'Average', 'Seat condition': 'Average', 'Upholstery condition': 'Average', 'Odour': 'No'}, 'Tyres': {'Tyre NSF': 'UNIROYAL\t5.0mm', 'Tyre OSF': 'UNIROYAL\t5.0mm', 'Tyre NSR': 'BRIDGESTONE\t5.0mm', 'Tyre OSR': 'UNIROYAL\t5.0mm', 'Spare Tyre': '\t'}}",3,5,,21/10/2026,,6,"57,140","Tyre NSF: UNIROYAL	5.0mm, Tyre OSF: UNIROYAL	5.0mm, Tyre NSR: BRIDGESTONE	5.0mm, Tyre OSR: UNIROYAL	5.0mm, Spare Tyre: 	"
ebca,24,East Anglian Motor Auctions,Nissan,DA19CFX,Nissan,Qashqai,DiG-T 160 Tekna+ DCT,80,Hatchback,Petrol,SEMI AUTO,ECA,21/1/2026,11am,29/03/2019,2019,76384,Warranted,TBC,14/01/2027,yes,Margin,,1,1.3,,https://www.ebca.co.uk/motorvehicleinspectionreport/standard/6958.pdf,"https://ebca-prod-data-s3-public.s3.eu-west-1.amazonaws.com/motorvehicle/6958/images/1768841789_L2y0a3.jpg, https://ebca-prod-data-s3-public.s3.eu-west-1.amazonaws.com/motorvehicle/6958/images/1768841806_US5wuw.jpg, https://ebca-prod-data-s3-public.s3.eu-west-1.amazonaws.com/motorvehicle/6958/images/1768841813_2cTkv7.jpg, https://ebca-prod-data-s3-public.s3.eu-west-1.amazonaws.com/motorvehicle/6958/images/1768841795_ZKvJnf.jpg, https://ebca-prod-data-s3-public.s3.eu-west-1.amazonaws.com/motorvehicle/6958/images/1768841801_vGz329.jpg, https://ebca-prod-data-s3-public.s3.eu-west-1.amazonaws.com/motorvehicle/6958/images/1768841620_K0NlgE.jpg, https://ebca-prod-data-s3-public.s3.eu-west-1.amazonaws.com/motorvehicle/6958/images/1768841626_7XVNNa.jpg, https://ebca-prod-data-s3-public.s3.eu-west-1.amazonaws.com/motorvehicle/6958/images/1768841113_RONWt9.jpg, https://ebca-prod-data-s3-public.s3.eu-west-1.amazonaws.com/motorvehicle/6958/images/1768841121_cmyAMH.jpg, https://ebca-prod-data-s3-public.s3.eu-west-1.amazonaws.com/motorvehicle/6958/images/1768841126_11dE4l.jpg, https://ebca-prod-data-s3-public.s3.eu-west-1.amazonaws.com/motorvehicle/6958/images/1768841130_XyLTxQ.jpg, https://ebca-prod-data-s3-public.s3.eu-west-1.amazonaws.com/motorvehicle/6958/images/1768841135_CmBc9t.jpg, https://ebca-prod-data-s3-public.s3.eu-west-1.amazonaws.com/motorvehicle/6958/images/1768841818_qgt0s5.jpg, https://ebca-prod-data-s3-public.s3.eu-west-1.amazonaws.com/motorvehicle/6958/images/1768841822_XuJs4t.jpg, https://ebca-prod-data-s3-public.s3.eu-west-1.amazonaws.com/motorvehicle/6958/images/1768841827_cZZo4v.jpg","https://ebca-prod-data-s3-public.s3.eu-west-1.amazonaws.com/motorvehicle/6958/images/1768841827_cZZo4v.jpg, https://ebca-prod-data-s3-public.s3.eu-west-1.amazonaws.com/motorvehicle/6958/images/1768841789_L2y0a3.jpg, https://ebca-prod-data-s3-public.s3.eu-west-1.amazonaws.com/motorvehicle/6958/images/1768841806_US5wuw.jpg",Bonnet Chipped Multiple Chips,"{'information': {'Keys': '2', 'Service history': 'yes', 'Service documents': 'Printout', 'Number of stamps': '3', 'Last service date': '29/05/2025', 'Last service miles': '69,397', 'MOT Due': '14/01/2027', 'Former Keepers': '1', 'Body Style': 'Hatchback', 'Hubs': 'Alloy', 'BHP': '158', 'Gross Weight': '1885', 'Euro Status': '6', 'Euro': '6', 'CO2': '131', 'MPG Combined': '39.8', 'MPG Urban': '38.7', 'MPG Extra Urban': '57.6'}}",BLACK,2,"£9,925.00","£7,700.00","£8,825.00",,"{'Interior & Tyres': {}, 'Interior': {'Carpet condition': 'Average', 'Seat condition': 'Average', 'Upholstery condition': 'Average', 'Odour': 'No'}, 'Tyres': {'Tyre NSF': 'BUDGET\t5.0mm', 'Tyre OSF': 'ROYALBLACK\t5.0mm', 'Tyre NSR': 'ROYALBLACK\t5.0mm', 'Tyre OSR': 'BUDGET\t5.0mm', 'Spare Tyre': '\t'}}",3,5,,14/01/2027,,3,"69,397","Tyre NSF: BUDGET	5.0mm, Tyre OSF: ROYALBLACK	5.0mm, Tyre NSR: ROYALBLACK	5.0mm, Tyre OSR: BUDGET	5.0mm, Spare Tyre: 	"
ebca,24,East Anglian Motor Auctions,Volvo,DG65YEK,Volvo,XC60,D4 190 R DESIGN Nav AWD,35,Estate,Diesel,MANUAL,ECA,21/1/2026,11am,28/09/2015,2015,86957,Warranted,Here,18/10/2026,yes,Margin,,2,2.4,,https://www.ebca.co.uk/motorvehicleinspectionreport/standard/6893.pdf,"https://ebca-prod-data-s3-public.s3.eu-west-1.amazonaws.com/motorvehicle/6893/images/1768835678_E5Sdj9.jpg, https://ebca-prod-data-s3-public.s3.eu-west-1.amazonaws.com/motorvehicle/6893/images/1768835684_9qEN6i.jpg, https://ebca-prod-data-s3-public.s3.eu-west-1.amazonaws.com/motorvehicle/6893/images/1768835690_hbCaBY.jpg, https://ebca-prod-data-s3-public.s3.eu-west-1.amazonaws.com/motorvehicle/6893/images/1768835705_UfZ1Mr.jpg, https://ebca-prod-data-s3-public.s3.eu-west-1.amazonaws.com/motorvehicle/6893/images/1768835718_V7DgP1.jpg, https://ebca-prod-data-s3-public.s3.eu-west-1.amazonaws.com/motorvehicle/6893/images/1768835745_GCVVCL.jpg, https://ebca-prod-data-s3-public.s3.eu-west-1.amazonaws.com/motorvehicle/6893/images/1768835241_U4XYJl.jpg, https://ebca-prod-data-s3-public.s3.eu-west-1.amazonaws.com/motorvehicle/6893/images/1768835247_6TLvCv.jpg, https://ebca-prod-data-s3-public.s3.eu-west-1.amazonaws.com/motorvehicle/6893/images/1768835252_oRsGpF.jpg, https://ebca-prod-data-s3-public.s3.eu-west-1.amazonaws.com/motorvehicle/6893/images/1768835256_jx5S8S.jpg, https://ebca-prod-data-s3-public.s3.eu-west-1.amazonaws.com/motorvehicle/6893/images/1768835694_ogmkhf.jpg, https://ebca-prod-data-s3-public.s3.eu-west-1.amazonaws.com/motorvehicle/6893/images/1768835699_eIFllL.jpg, https://ebca-prod-data-s3-public.s3.eu-west-1.amazonaws.com/motorvehicle/6893/images/1768835713_HFpJYZ.jpg","https://ebca-prod-data-s3-public.s3.eu-west-1.amazonaws.com/motorvehicle/6893/images/1768835713_HFpJYZ.jpg, https://ebca-prod-data-s3-public.s3.eu-west-1.amazonaws.com/motorvehicle/6893/images/1768835678_E5Sdj9.jpg, https://ebca-prod-data-s3-public.s3.eu-west-1.amazonaws.com/motorvehicle/6893/images/1768835684_9qEN6i.jpg",Wing osf Scratched Over 25mm Thru Paint,"{'information': {'Keys': '2', 'Service history': 'yes', 'Service documents': 'Service Book', 'Number of stamps': '11', 'Last service date': '04/06/2025', 'Last service miles': '82,772', 'MOT Due': '18/10/2026', 'Former Keepers': '2', 'Body Style': 'Estate', 'Hubs': 'Alloy', 'BHP': '187', 'Gross Weight': '2505', 'Euro Status': '6', 'Euro': '6', 'CO2': '137', 'MPG Combined': '54.3', 'MPG Urban': '47.9', 'MPG Extra Urban': '58.9'}}",BLACK,2,"£7,100.00","£5,325.00","£6,225.00",,"{'Interior & Tyres': {}, 'Interior': {'Carpet condition': 'Average', 'Seat condition': 'Average', 'Upholstery condition': 'Average', 'Odour': 'No'}, 'Tyres': {'Tyre NSF': 'BUDGET\t5.0mm', 'Tyre OSF': 'BUDGET\t5.0mm', 'Tyre NSR': 'BUDGET\t5.0mm', 'Tyre OSR': 'BUDGET\t5.0mm', 'Spare Tyre': '\t'}}",4,5,,18/10/2026,,11,"82,772","Tyre NSF: BUDGET	5.0mm, Tyre OSF: BUDGET	5.0mm, Tyre NSR: BUDGET	5.0mm, Tyre OSR: BUDGET	5.0mm, Spare Tyre: 	"
ebca,24,East Anglian Motor Auctions,Nissan,DL69HWW,Nissan,Qashqai,DiG-T Acenta Premium,41,Hatchback,Petrol,MANUAL,ECA,21/1/2026,11am,31/10/2019,2019,69086,Warranted,Here,28/05/2026,,Margin,,3,1.3,,https://www.ebca.co.uk/motorvehicleinspectionreport/standard/6829.pdf,"https://ebca-prod-data-s3-public.s3.eu-west-1.amazonaws.com/motorvehicle/6829/images/1768570069_0M41eo.jpg, https://ebca-prod-data-s3-public.s3.eu-west-1.amazonaws.com/motorvehicle/6829/images/1768570075_S20l9U.jpg, https://ebca-prod-data-s3-public.s3.eu-west-1.amazonaws.com/motorvehicle/6829/images/1768570086_9z5JUo.jpg, https://ebca-prod-data-s3-public.s3.eu-west-1.amazonaws.com/motorvehicle/6829/images/1768570103_LG4Pqv.jpg, https://ebca-prod-data-s3-public.s3.eu-west-1.amazonaws.com/motorvehicle/6829/images/1768570116_JD1Srb.jpg, https://ebca-prod-data-s3-public.s3.eu-west-1.amazonaws.com/motorvehicle/6829/images/1768570137_NMZx9U.jpg, https://ebca-prod-data-s3-public.s3.eu-west-1.amazonaws.com/motorvehicle/6829/images/1768570004_wYxe4a.jpg, https://ebca-prod-data-s3-public.s3.eu-west-1.amazonaws.com/motorvehicle/6829/images/1768570009_npVkTj.jpg, https://ebca-prod-data-s3-public.s3.eu-west-1.amazonaws.com/motorvehicle/6829/images/1768570014_rE0jRF.jpg, https://ebca-prod-data-s3-public.s3.eu-west-1.amazonaws.com/motorvehicle/6829/images/1768570041_2sMAbZ.jpg, https://ebca-prod-data-s3-public.s3.eu-west-1.amazonaws.com/motorvehicle/6829/images/1768570051_0yHTo5.jpg, https://ebca-prod-data-s3-public.s3.eu-west-1.amazonaws.com/motorvehicle/6829/images/1768570092_sbkvSB.jpg, https://ebca-prod-data-s3-public.s3.eu-west-1.amazonaws.com/motorvehicle/6829/images/1768570098_T0w8Vy.jpg, https://ebca-prod-data-s3-public.s3.eu-west-1.amazonaws.com/motorvehicle/6829/images/1768570108_HdT7tx.jpg","https://ebca-prod-data-s3-public.s3.eu-west-1.amazonaws.com/motorvehicle/6829/images/1768570108_HdT7tx.jpg, https://ebca-prod-data-s3-public.s3.eu-west-1.amazonaws.com/motorvehicle/6829/images/1768570069_0M41eo.jpg, https://ebca-prod-data-s3-public.s3.eu-west-1.amazonaws.com/motorvehicle/6829/images/1768570075_S20l9U.jpg",Bonnet Chipped Multiple Chips,"{'information': {'Keys': '2', 'Number of stamps': '6', 'Last service date': '06/07/2025', 'Last service miles': '66,582', 'MOT Due': '28/05/2026', 'Former Keepers': '3', 'Body Style': 'Hatchback', 'Hubs': 'Alloy', 'BHP': '140', 'Gross Weight': '1870', 'Euro Status': '6', 'Euro': '6', 'CO2': '121', 'MPG Combined': '41.5', 'MPG Urban': '42.5', 'MPG Extra Urban': '62.1'}}",BLACK,2,"£7,150.00","£5,225.00","£6,075.00",,"{'Interior & Tyres': {}, 'Interior': {'Carpet condition': 'Average', 'Seat condition': 'Average', 'Upholstery condition': 'Average', 'Odour': 'No'}, 'Tyres': {'Tyre NSF': 'BRIDGESTONE\t5.0mm', 'Tyre OSF': 'JOYROAD\t5.0mm', 'Tyre NSR': 'BRIDGESTONE\t5.0mm', 'Tyre OSR': 'BUDGET\t5.0mm', 'Spare Tyre': '\t'}}",4,5,,28/05/2026,,6,"66,582","Tyre NSF: BRIDGESTONE	5.0mm, Tyre OSF: JOYROAD	5.0mm, Tyre NSR: BRIDGESTONE	5.0mm, Tyre OSR: BUDGET	5.0mm, Spare Tyre: 	"
ebca,24,East Anglian Motor Auctions,Vauxhall,DW69BTX,Vauxhall,Combo Cargo,1.5 Turbo D 100ps H1 Sportive Van,144,Panel Van,Diesel,MANUAL,ECA,21/1/2026,11am,28/02/2020,2020,92970,Warranted,Here,05/03/2026,yes,Margin,,1,1.5,,https://www.ebca.co.uk/motorvehicleinspectionreport/standard/6841.pdf,"https://ebca-prod-data-s3-public.s3.eu-west-1.amazonaws.com/motorvehicle/6841/images/1768316813_qokFyM.jpg, https://ebca-prod-data-s3-public.s3.eu-west-1.amazonaws.com/motorvehicle/6841/images/1768316819_o7h067.jpg, https://ebca-prod-data-s3-public.s3.eu-west-1.amazonaws.com/motorvehicle/6841/images/1768316825_FdST97.jpg, https://ebca-prod-data-s3-public.s3.eu-west-1.amazonaws.com/motorvehicle/6841/images/1768316848_G0BbOk.jpg, https://ebca-prod-data-s3-public.s3.eu-west-1.amazonaws.com/motorvehicle/6841/images/1768316872_QCe0Gs.jpg, https://ebca-prod-data-s3-public.s3.eu-west-1.amazonaws.com/motorvehicle/6841/images/1768316910_xHWRT7.jpg, https://ebca-prod-data-s3-public.s3.eu-west-1.amazonaws.com/motorvehicle/6841/images/1768316928_J4sT65.jpg, https://ebca-prod-data-s3-public.s3.eu-west-1.amazonaws.com/motorvehicle/6841/images/1768316831_HKkFD5.jpg, https://ebca-prod-data-s3-public.s3.eu-west-1.amazonaws.com/motorvehicle/6841/images/1768316838_2AjOzp.jpg, https://ebca-prod-data-s3-public.s3.eu-west-1.amazonaws.com/motorvehicle/6841/images/1768316861_0iWQwm.jpg, https://ebca-prod-data-s3-public.s3.eu-west-1.amazonaws.com/motorvehicle/6841/images/1768316940_2driiu.jpg, https://ebca-prod-data-s3-public.s3.eu-west-1.amazonaws.com/motorvehicle/6841/images/1768316950_owmy7T.jpg, https://ebca-prod-data-s3-public.s3.eu-west-1.amazonaws.com/motorvehicle/6841/images/1768316960_BF6NgK.jpg, https://ebca-prod-data-s3-public.s3.eu-west-1.amazonaws.com/motorvehicle/6841/images/1768316966_9RXbqw.jpg","https://ebca-prod-data-s3-public.s3.eu-west-1.amazonaws.com/motorvehicle/6841/images/1768316966_9RXbqw.jpg, https://ebca-prod-data-s3-public.s3.eu-west-1.amazonaws.com/motorvehicle/6841/images/1768316813_qokFyM.jpg, https://ebca-prod-data-s3-public.s3.eu-west-1.amazonaws.com/motorvehicle/6841/images/1768316819_o7h067.jpg",Bonnet Scratched Over 25mm Thru Paint,"{'information': {'Keys': '2', 'Service history': 'yes', 'Service documents': 'Printout', 'Number of stamps': '4', 'Last service date': '23/11/2023', 'Last service miles': '62,737', 'MOT Due': '05/03/2026', 'Former Keepers': '1', 'Body Style': 'Panel Van', 'Hubs': 'Steel', 'BHP': '101', 'Gross Weight': '2340', 'Euro Status': '6', 'Euro': '6', 'CO2': '108', 'MPG Combined': '43.5', 'MPG Urban': '36.7', 'MPG Extra Urban': '48.7'}}",WHITE,2,"£4,675.00","£3,275.00","£4,100.00",,"{'Interior & Tyres': {}, 'Interior': {'Carpet condition': 'Average', 'Seat condition': 'Average', 'Upholstery condition': 'Average', 'Odour': 'No'}, 'Tyres': {'Tyre NSF': 'BUDGET\t5.0mm', 'Tyre OSF': 'BUDGET\t5.0mm', 'Tyre NSR': 'BUDGET\t5.0mm', 'Tyre OSR': 'BUDGET\t5.0mm', 'Spare Tyre': '\t'}}",3,,,05/03/2026,,4,"62,737","Tyre NSF: BUDGET	5.0mm, Tyre OSF: BUDGET	5.0mm, Tyre NSR: BUDGET	5.0mm, Tyre OSR: BUDGET	5.0mm, Spare Tyre: 	"
ebca,24,East Anglian Motor Auctions,Volkswagen,DX65PZO,Volkswagen,Scirocco,TSI 180 BlueMotion Tech R-Line DSG,43,Coupe,Diesel,SEMI AUTO,ECA,21/1/2026,11am,01/09/2015,2015,127056,Warranted,Here,18/02/2026,yes,Margin,,1,2.0,,https://www.ebca.co.uk/motorvehicleinspectionreport/standard/6932.pdf,"https://ebca-prod-data-s3-public.s3.eu-west-1.amazonaws.com/motorvehicle/6932/images/1768823114_6FjoWK.jpg, https://ebca-prod-data-s3-public.s3.eu-west-1.amazonaws.com/motorvehicle/6932/images/1768823120_wSAGXF.jpg, https://ebca-prod-data-s3-public.s3.eu-west-1.amazonaws.com/motorvehicle/6932/images/1768823125_wfRULf.jpg, https://ebca-prod-data-s3-public.s3.eu-west-1.amazonaws.com/motorvehicle/6932/images/1768823131_xzVTRy.jpg, https://ebca-prod-data-s3-public.s3.eu-west-1.amazonaws.com/motorvehicle/6932/images/1768823141_erwNlU.jpg, https://ebca-prod-data-s3-public.s3.eu-west-1.amazonaws.com/motorvehicle/6932/images/1768823159_2x1ba9.jpg, https://ebca-prod-data-s3-public.s3.eu-west-1.amazonaws.com/motorvehicle/6932/images/1768822108_vm1Clb.jpg, https://ebca-prod-data-s3-public.s3.eu-west-1.amazonaws.com/motorvehicle/6932/images/1768822116_O87hWh.jpg, https://ebca-prod-data-s3-public.s3.eu-west-1.amazonaws.com/motorvehicle/6932/images/1768822122_619du5.jpg, https://ebca-prod-data-s3-public.s3.eu-west-1.amazonaws.com/motorvehicle/6932/images/1768822124_0DxxdQ.jpg, https://ebca-prod-data-s3-public.s3.eu-west-1.amazonaws.com/motorvehicle/6932/images/1768822134_pcw0fn.jpg, https://ebca-prod-data-s3-public.s3.eu-west-1.amazonaws.com/motorvehicle/6932/images/1768822140_stHtPy.jpg, https://ebca-prod-data-s3-public.s3.eu-west-1.amazonaws.com/motorvehicle/6932/images/1768822156_HlD2Rk.jpg, https://ebca-prod-data-s3-public.s3.eu-west-1.amazonaws.com/motorvehicle/6932/images/1768823094_ykWvYA.jpg, https://ebca-prod-data-s3-public.s3.eu-west-1.amazonaws.com/motorvehicle/6932/images/1768823100_lEg5RY.jpg","https://ebca-prod-data-s3-public.s3.eu-west-1.amazonaws.com/motorvehicle/6932/images/1768823100_lEg5RY.jpg, https://ebca-prod-data-s3-public.s3.eu-west-1.amazonaws.com/motorvehicle/6932/images/1768823114_6FjoWK.jpg, https://ebca-prod-data-s3-public.s3.eu-west-1.amazonaws.com/motorvehicle/6932/images/1768823120_wSAGXF.jpg",Wheel osf Scratched Up To 50mm,"{'information': {'Keys': '2', 'Service history': 'yes', 'Service documents': 'Service Book', 'Number of stamps': '11', 'Last service date': '11/12/2024', 'Last service miles': '111,846', 'MOT Due': '18/02/2026', 'Former Keepers': '1', 'Body Style': 'Coupe', 'Hubs': 'Alloy', 'BHP': '178', 'Gross Weight': '1780', 'Euro Status': '6', 'Euro': '6', 'CO2': '148', 'MPG Combined': '44.1', 'MPG Urban': '34.9', 'MPG Extra Urban': '53.3'}}",WHITE,2,"£4,600.00","£3,375.00","£3,975.00",,"{'Interior & Tyres': {}, 'Interior': {'Carpet condition': 'Average', 'Seat condition': 'Average', 'Upholstery condition': 'Average', 'Odour': 'No'}, 'Tyres': {'Tyre NSF': 'FALKEN\t3.0mm', 'Tyre OSF': 'FALKEN\t3.0mm', 'Tyre NSR': 'FALKEN\t4.0mm', 'Tyre OSR': 'FALKEN\t4.0mm', 'Spare Tyre': '\t'}}",3,3,,18/02/2026,,11,"111,846","Tyre NSF: FALKEN	3.0mm, Tyre OSF: FALKEN	3.0mm, Tyre NSR: FALKEN	4.0mm, Tyre OSR: FALKEN	4.0mm, Spare Tyre: 	"
ebca,24,East Anglian Motor Auctions,Ford,EF16VFZ,Ford,Fiesta,EcoBoost Zetec Powershift,84,Hatchback,Petrol,AUTOMATIC,ECA,21/1/2026,11am,07/06/2016,2016,25996,Warranted,Here,08/06/2026,yes,Margin,,1,1.0,,https://www.ebca.co.uk/motorvehicleinspectionreport/standard/6954.pdf,"https://ebca-prod-data-s3-public.s3.eu-west-1.amazonaws.com/motorvehicle/6954/images/1768922419_sNlH8z.jpg, https://ebca-prod-data-s3-public.s3.eu-west-1.amazonaws.com/motorvehicle/6954/images/1768922424_bBXhHL.jpg, https://ebca-prod-data-s3-public.s3.eu-west-1.amazonaws.com/motorvehicle/6954/images/1768922429_g9L2GF.jpg, https://ebca-prod-data-s3-public.s3.eu-west-1.amazonaws.com/motorvehicle/6954/images/1768922444_UwM1Zm.jpg, https://ebca-prod-data-s3-public.s3.eu-west-1.amazonaws.com/motorvehicle/6954/images/1768922471_lgHmP2.jpg, https://ebca-prod-data-s3-public.s3.eu-west-1.amazonaws.com/motorvehicle/6954/images/1768922435_NByNHI.jpg, https://ebca-prod-data-s3-public.s3.eu-west-1.amazonaws.com/motorvehicle/6954/images/1768922442_PR4ekh.jpg, https://ebca-prod-data-s3-public.s3.eu-west-1.amazonaws.com/motorvehicle/6954/images/1768922450_d8pbA0.jpg, https://ebca-prod-data-s3-public.s3.eu-west-1.amazonaws.com/motorvehicle/6954/images/1768922458_jimL5p.jpg, https://ebca-prod-data-s3-public.s3.eu-west-1.amazonaws.com/motorvehicle/6954/images/1768922482_nuSM5N.jpg, https://ebca-prod-data-s3-public.s3.eu-west-1.amazonaws.com/motorvehicle/6954/images/1768922487_7BX8Z6.jpg","https://ebca-prod-data-s3-public.s3.eu-west-1.amazonaws.com/motorvehicle/6954/images/1768922487_7BX8Z6.jpg, https://ebca-prod-data-s3-public.s3.eu-west-1.amazonaws.com/motorvehicle/6954/images/1768922419_sNlH8z.jpg, https://ebca-prod-data-s3-public.s3.eu-west-1.amazonaws.com/motorvehicle/6954/images/1768922424_bBXhHL.jpg",Bonnet Chipped 1 To 5,"{'information': {'Keys': '2', 'Service history': 'yes', 'Service documents': 'Service Book', 'Number of stamps': '5', 'Last service date': '17/06/2025', 'Last service miles': '24,908', 'MOT Due': '08/06/2026', 'Former Keepers': '1', 'Body Style': 'Hatchback', 'Hubs': 'Alloy', 'BHP': '99', 'Gross Weight': '1575', 'Euro Status': '6', 'Euro': '6', 'CO2': '114', 'MPG Combined': '57.7', 'MPG Urban': '42.8', 'MPG Extra Urban': '72.4'}}",BLACK,2,"£5,625.00","£4,125.00","£4,875.00",,"{'Interior & Tyres': {}, 'Interior': {'Carpet condition': 'Average', 'Seat condition': 'Average', 'Upholstery condition': 'Average', 'Odour': 'No'}, 'Tyres': {'Tyre NSF': 'BUDGET\t3.0mm', 'Tyre OSF': 'BUDGET\t3.0mm', 'Tyre NSR': 'BUDGET\t3.0mm', 'Tyre OSR': 'BUDGET\t3.0mm', 'Spare Tyre': '\t'}}",3,5,,08/06/2026,,5,"24,908","Tyre NSF: BUDGET	3.0mm, Tyre OSF: BUDGET	3.0mm, Tyre NSR: BUDGET	3.0mm, Tyre OSR: BUDGET	3.0mm, Spare Tyre: 	"
ebca,24,East Anglian Motor Auctions,Ford,EJ20JVP,Ford,Puma,EcoBoost Hybrid mHEV ST-Line X First Ed,44,Hatchback,Petrol,MANUAL,ECA,21/1/2026,11am,24/07/2020,2020,34582,Warranted,Here,23/04/2026,yes,Margin,,2,1.0,,https://www.ebca.co.uk/motorvehicleinspectionreport/standard/6923.pdf,"https://ebca-prod-data-s3-public.s3.eu-west-1.amazonaws.com/motorvehicle/6923/images/1768817982_wGadlb.jpg, https://ebca-prod-data-s3-public.s3.eu-west-1.amazonaws.com/motorvehicle/6923/images/1768818001_o9Pzzm.jpg, https://ebca-prod-data-s3-public.s3.eu-west-1.amazonaws.com/motorvehicle/6923/images/1768818023_Z5dTxI.jpg, https://ebca-prod-data-s3-public.s3.eu-west-1.amazonaws.com/motorvehicle/6923/images/1768818049_UyYuWn.jpg, https://ebca-prod-data-s3-public.s3.eu-west-1.amazonaws.com/motorvehicle/6923/images/1768818063_roewM9.jpg, https://ebca-prod-data-s3-public.s3.eu-west-1.amazonaws.com/motorvehicle/6923/images/1768818081_aSILNA.jpg, https://ebca-prod-data-s3-public.s3.eu-west-1.amazonaws.com/motorvehicle/6923/images/1768818028_HaOCZT.jpg, https://ebca-prod-data-s3-public.s3.eu-west-1.amazonaws.com/motorvehicle/6923/images/1768818036_ahXnBA.jpg, https://ebca-prod-data-s3-public.s3.eu-west-1.amazonaws.com/motorvehicle/6923/images/1768818043_9lstMQ.jpg, https://ebca-prod-data-s3-public.s3.eu-west-1.amazonaws.com/motorvehicle/6923/images/1768818054_qoAdoM.jpg, https://ebca-prod-data-s3-public.s3.eu-west-1.amazonaws.com/motorvehicle/6923/images/1768818103_WCed0K.jpg, https://ebca-prod-data-s3-public.s3.eu-west-1.amazonaws.com/motorvehicle/6923/images/1768818109_SVZ846.jpg, https://ebca-prod-data-s3-public.s3.eu-west-1.amazonaws.com/motorvehicle/6923/images/1768818118_137OHj.jpg, https://ebca-prod-data-s3-public.s3.eu-west-1.amazonaws.com/motorvehicle/6923/images/1768818122_xUVxfz.jpg, https://ebca-prod-data-s3-public.s3.eu-west-1.amazonaws.com/motorvehicle/6923/images/1768818154_r93Gxl.jpg","https://ebca-prod-data-s3-public.s3.eu-west-1.amazonaws.com/motorvehicle/6923/images/1768818154_r93Gxl.jpg, https://ebca-prod-data-s3-public.s3.eu-west-1.amazonaws.com/motorvehicle/6923/images/1768817982_wGadlb.jpg, https://ebca-prod-data-s3-public.s3.eu-west-1.amazonaws.com/motorvehicle/6923/images/1768818001_o9Pzzm.jpg",Bonnet Chipped 1 To 5,"{'information': {'Keys': '2', 'Service history': 'yes', 'Service documents': 'Printout', 'Number of stamps': '3', 'Last service date': '25/04/2025', 'Last service miles': '28,544', 'MOT Due': '23/04/2026', 'Former Keepers': '2', 'Body Style': 'Hatchback', 'Hubs': 'Alloy', 'BHP': '123', 'Gross Weight': '1760', 'Euro Status': '6', 'Euro': '6', 'CO2': '126', 'MPG Combined': '50.4', 'MPG Urban': '57.6', 'MPG Extra Urban': '72.4'}}",BLUE,2,"£10,400.00","£8,100.00","£9,250.00",,"{'Interior & Tyres': {}, 'Interior': {'Carpet condition': 'Average', 'Seat condition': 'Average', 'Upholstery condition': 'Average', 'Odour': 'No'}, 'Tyres': {'Tyre NSF': 'GT RADIAL\t6.0mm', 'Tyre OSF': 'GT RADIAL\t6.0mm', 'Tyre NSR': 'GT RADIAL\t6.0mm', 'Tyre OSR': 'GT RADIAL\t6.0mm', 'Spare Tyre': '\t'}}",2,5,,23/04/2026,,3,"28,544","Tyre NSF: GT RADIAL	6.0mm, Tyre OSF: GT RADIAL	6.0mm, Tyre NSR: GT RADIAL	6.0mm, Tyre OSR: GT RADIAL	6.0mm, Spare Tyre: 	"
ebca,24,East Anglian Motor Auctions,Vauxhall,EN19NAE,Vauxhall,Insignia,T Tech Line Nav,23,Hatchback,Petrol,MANUAL,ECA,21/1/2026,11am,16/05/2019,2019,73415,Warranted,TBC, ,yes,VAT Qualifying,,,1.5,,https://www.ebca.co.uk/motorvehicleinspectionreport/standard/3328.pdf,"https://ebca-prod-data-s3-public.s3.eu-west-1.amazonaws.com/motorvehicle/3328/images/1761043322_Z1wKGo.jpg, https://ebca-prod-data-s3-public.s3.eu-west-1.amazonaws.com/motorvehicle/3328/images/1761043327_6v1mCe.jpg, https://ebca-prod-data-s3-public.s3.eu-west-1.amazonaws.com/motorvehicle/3328/images/1761043331_vcHELD.jpg, https://ebca-prod-data-s3-public.s3.eu-west-1.amazonaws.com/motorvehicle/3328/images/1761043348_bOcLGv.jpg, https://ebca-prod-data-s3-public.s3.eu-west-1.amazonaws.com/motorvehicle/3328/images/1761043378_Dqs7rT.jpg, https://ebca-prod-data-s3-public.s3.eu-west-1.amazonaws.com/motorvehicle/3328/images/1761036019_YVawIy.jpg, https://ebca-prod-data-s3-public.s3.eu-west-1.amazonaws.com/motorvehicle/3328/images/1761036024_jQH0tq.jpg, https://ebca-prod-data-s3-public.s3.eu-west-1.amazonaws.com/motorvehicle/3328/images/1761036033_09oBmw.jpg, https://ebca-prod-data-s3-public.s3.eu-west-1.amazonaws.com/motorvehicle/3328/images/1761043307_S4OGWO.jpg, https://ebca-prod-data-s3-public.s3.eu-west-1.amazonaws.com/motorvehicle/3328/images/1761043314_BpmEzJ.jpg, https://ebca-prod-data-s3-public.s3.eu-west-1.amazonaws.com/motorvehicle/3328/images/1761043355_8696oZ.jpg","https://ebca-prod-data-s3-public.s3.eu-west-1.amazonaws.com/motorvehicle/3328/images/1761043355_8696oZ.jpg, https://ebca-prod-data-s3-public.s3.eu-west-1.amazonaws.com/motorvehicle/3328/images/1761043322_Z1wKGo.jpg, https://ebca-prod-data-s3-public.s3.eu-west-1.amazonaws.com/motorvehicle/3328/images/1761043327_6v1mCe.jpg",Bumper Rear Scratched 25 to 100mm Thru Paint,"{'information': {'Keys': '1', 'Service history': 'yes', 'Service documents': 'Printout', 'Number of stamps': '5', 'Last service date': '25/11/2024', 'Last service miles': '55,221', 'MOT Due': 'Expired', 'Body Style': 'Hatchback', 'Hubs': 'Alloy', 'BHP': '163', 'Gross Weight': '2015', 'Euro Status': '6', 'Euro': '6', 'CO2': '129', 'MPG Combined': '44.8', 'MPG Urban': '39.9', 'MPG Extra Urban': '59.4'}}",GREY,1,"£5,400.00","£3,850.00","£4,650.00",,"{'Interior & Tyres': {}, 'Interior': {'Carpet condition': 'Average', 'Seat condition': 'Average', 'Upholstery condition': 'Average', 'Odour': 'No'}, 'Tyres': {'Tyre NSF': 'AVON\t4.0mm', 'Tyre OSF': 'BUDGET\t4.0mm', 'Tyre NSR': 'BUDGET\t4.0mm', 'Tyre OSR': 'BUDGET\t3.0mm', 'Spare Tyre': '\t'}}",4,5,, ,,5,"55,221","Tyre NSF: AVON	4.0mm, Tyre OSF: BUDGET	4.0mm, Tyre NSR: BUDGET	4.0mm, Tyre OSR: BUDGET	3.0mm, Spare Tyre: 	"
ebca,24,East Anglian Motor Auctions,Audi,EO66EJF,Audi,Q7,TDI 218 Quattro S Line Tip Auto,45,Estate,Diesel,AUTOMATIC,ECA,21/1/2026,11am,21/09/2016,2016,70457,Warranted,Here,02/09/2026,yes,Margin,,2,3.0,,https://www.ebca.co.uk/motorvehicleinspectionreport/standard/6793.pdf,"https://ebca-prod-data-s3-public.s3.eu-west-1.amazonaws.com/motorvehicle/6793/images/1768406711_9XvrGg.jpg, https://ebca-prod-data-s3-public.s3.eu-west-1.amazonaws.com/motorvehicle/6793/images/1768406717_hO1PrA.jpg, https://ebca-prod-data-s3-public.s3.eu-west-1.amazonaws.com/motorvehicle/6793/images/1768406722_Gu7ksj.jpg, https://ebca-prod-data-s3-public.s3.eu-west-1.amazonaws.com/motorvehicle/6793/images/1768406733_hNy69Y.jpg, https://ebca-prod-data-s3-public.s3.eu-west-1.amazonaws.com/motorvehicle/6793/images/1768406760_JCv5BX.jpg, https://ebca-prod-data-s3-public.s3.eu-west-1.amazonaws.com/motorvehicle/6793/images/1768406727_ZO0xUX.jpg, https://ebca-prod-data-s3-public.s3.eu-west-1.amazonaws.com/motorvehicle/6793/images/1768406732_yy2yvq.jpg, https://ebca-prod-data-s3-public.s3.eu-west-1.amazonaws.com/motorvehicle/6793/images/1768406738_EjYBI9.jpg, https://ebca-prod-data-s3-public.s3.eu-west-1.amazonaws.com/motorvehicle/6793/images/1768406769_V0RCWo.jpg, https://ebca-prod-data-s3-public.s3.eu-west-1.amazonaws.com/motorvehicle/6793/images/1768406786_uLvngF.jpg, https://ebca-prod-data-s3-public.s3.eu-west-1.amazonaws.com/motorvehicle/6793/images/1768406790_2G61G9.jpg, https://ebca-prod-data-s3-public.s3.eu-west-1.amazonaws.com/motorvehicle/6793/images/1768406795_71gMvi.jpg, https://ebca-prod-data-s3-public.s3.eu-west-1.amazonaws.com/motorvehicle/6793/images/1768406800_xx8BaF.jpg","https://ebca-prod-data-s3-public.s3.eu-west-1.amazonaws.com/motorvehicle/6793/images/1768406800_xx8BaF.jpg, https://ebca-prod-data-s3-public.s3.eu-west-1.amazonaws.com/motorvehicle/6793/images/1768406711_9XvrGg.jpg, https://ebca-prod-data-s3-public.s3.eu-west-1.amazonaws.com/motorvehicle/6793/images/1768406717_hO1PrA.jpg",Bonnet Chipped 1 To 5,"{'information': {'Keys': '2', 'Service history': 'yes', 'Service documents': 'Printout', 'Number of stamps': '5', 'Last service date': '30/04/2025', 'Last service miles': '61,842', 'MOT Due': '02/09/2026', 'Former Keepers': '2', 'Body Style': 'Estate', 'BHP': '215', 'Gross Weight': '2940', 'Euro Status': '6', 'Euro': '6', 'CO2': '150', 'MPG Combined': '48.7', 'MPG Urban': '44.8', 'MPG Extra Urban': '52.3'}}",SILVER,2,"£15,900.00","£13,200.00","£14,550.00",,"{'Interior & Tyres': {}, 'Interior': {'Carpet condition': 'Average', 'Seat condition': 'Average', 'Upholstery condition': 'Average', 'Odour': 'No'}, 'Tyres': {'Tyre NSF': 'GOODYEAR\t3.0mm', 'Tyre OSF': 'GOODYEAR\t3.0mm', 'Tyre NSR': 'GOODYEAR\t3.0mm', 'Tyre OSR': 'GOODYEAR\t2.0mm', 'Spare Tyre': '\t'}}",2,5,,02/09/2026,,5,"61,842","Tyre NSF: GOODYEAR	3.0mm, Tyre OSF: GOODYEAR	3.0mm, Tyre NSR: GOODYEAR	3.0mm, Tyre OSR: GOODYEAR	2.0mm, Spare Tyre: 	"
ebca,24,East Anglian Motor Auctions,Mercedes-Benz,EU13VWN,Mercedes-Benz,E Class,E250 CDI BlueEFFICIENCY Sport Tip Auto,20,Convertible,Diesel,AUTOMATIC,ECA,21/1/2026,11am,07/03/2013,2013,76187,Warranted,Here,22/08/2026,,Margin,,2,2.1,,https://www.ebca.co.uk/motorvehicleinspectionreport/standard/6827.pdf,"https://ebca-prod-data-s3-public.s3.eu-west-1.amazonaws.com/motorvehicle/6827/images/1768581526_LhbfKd.jpg, https://ebca-prod-data-s3-public.s3.eu-west-1.amazonaws.com/motorvehicle/6827/images/1768581532_kSN19F.jpg, https://ebca-prod-data-s3-public.s3.eu-west-1.amazonaws.com/motorvehicle/6827/images/1768581539_r8nMBc.jpg, https://ebca-prod-data-s3-public.s3.eu-west-1.amazonaws.com/motorvehicle/6827/images/1768581558_mTj7LC.jpg, https://ebca-prod-data-s3-public.s3.eu-west-1.amazonaws.com/motorvehicle/6827/images/1768581633_BgTQ8n.jpg, https://ebca-prod-data-s3-public.s3.eu-west-1.amazonaws.com/motorvehicle/6827/images/1768581639_6Zf4po.jpg, https://ebca-prod-data-s3-public.s3.eu-west-1.amazonaws.com/motorvehicle/6827/images/1768581748_wiyFE3.jpg, https://ebca-prod-data-s3-public.s3.eu-west-1.amazonaws.com/motorvehicle/6827/images/1768581069_wVnXq2.jpg, https://ebca-prod-data-s3-public.s3.eu-west-1.amazonaws.com/motorvehicle/6827/images/1768581074_jUlQGM.jpg, https://ebca-prod-data-s3-public.s3.eu-west-1.amazonaws.com/motorvehicle/6827/images/1768581545_8is66p.jpg, https://ebca-prod-data-s3-public.s3.eu-west-1.amazonaws.com/motorvehicle/6827/images/1768581552_cpGMW0.jpg, https://ebca-prod-data-s3-public.s3.eu-west-1.amazonaws.com/motorvehicle/6827/images/1768581621_rKfNEL.jpg, https://ebca-prod-data-s3-public.s3.eu-west-1.amazonaws.com/motorvehicle/6827/images/1768581764_TC9ZXt.jpg","https://ebca-prod-data-s3-public.s3.eu-west-1.amazonaws.com/motorvehicle/6827/images/1768581764_TC9ZXt.jpg, https://ebca-prod-data-s3-public.s3.eu-west-1.amazonaws.com/motorvehicle/6827/images/1768581526_LhbfKd.jpg, https://ebca-prod-data-s3-public.s3.eu-west-1.amazonaws.com/motorvehicle/6827/images/1768581532_kSN19F.jpg",Bonnet Poor Previous Repair Poor Paint,"{'information': {'Keys': '1', 'Number of stamps': '5', 'Last service date': '23/08/2025', 'Last service miles': '75,225', 'MOT Due': '22/08/2026', 'Former Keepers': '2', 'Body Style': 'Convertible', 'Hubs': 'Alloy', 'BHP': '204', 'Gross Weight': '2250', 'Euro Status': '5', 'Euro': '5', 'CO2': '142', 'MPG Combined': '53.3', 'MPG Urban': '42.8', 'MPG Extra Urban': '62.8'}}",WHITE,1,"£4,125.00","£3,125.00","£3,625.00",,"{'Interior & Tyres': {}, 'Interior': {'Carpet condition': 'Average', 'Seat condition': 'Average', 'Upholstery condition': 'Average', 'Odour': 'No'}, 'Tyres': {'Tyre NSF': 'TRIANGLE\t5.0mm', 'Tyre OSF': 'BUDGET\t5.0mm', 'Tyre NSR': 'TRIANGLE\t5.0mm', 'Tyre OSR': 'SUNNY\t5.0mm', 'Spare Tyre': '\t'}}",4,2,,22/08/2026,,5,"75,225","Tyre NSF: TRIANGLE	5.0mm, Tyre OSF: BUDGET	5.0mm, Tyre NSR: TRIANGLE	5.0mm, Tyre OSR: SUNNY	5.0mm, Spare Tyre: 	"
ebca,24,East Anglian Motor Auctions,Ford,EW19ZNZ,Ford,Fiesta Vignale,EcoBoost,103,Hatchback,Petrol,MANUAL,ECA,21/1/2026,11am,31/07/2019,2019,25536,Warranted,Here,13/10/2026,yes,Margin,,1,1.0,,https://www.ebca.co.uk/motorvehicleinspectionreport/standard/6321.pdf,"https://ebca-prod-data-s3-public.s3.eu-west-1.amazonaws.com/motorvehicle/6321/images/1765880394_DNjeFP.jpg, https://ebca-prod-data-s3-public.s3.eu-west-1.amazonaws.com/motorvehicle/6321/images/1765880398_kF5LEg.jpg, https://ebca-prod-data-s3-public.s3.eu-west-1.amazonaws.com/motorvehicle/6321/images/1765880406_lCxI8M.jpg, https://ebca-prod-data-s3-public.s3.eu-west-1.amazonaws.com/motorvehicle/6321/images/1765880432_eiRPXo.jpg, https://ebca-prod-data-s3-public.s3.eu-west-1.amazonaws.com/motorvehicle/6321/images/1765880446_PyrGYm.jpg, https://ebca-prod-data-s3-public.s3.eu-west-1.amazonaws.com/motorvehicle/6321/images/1765880462_i7PRxw.jpg, https://ebca-prod-data-s3-public.s3.eu-west-1.amazonaws.com/motorvehicle/6321/images/1765879973_QBBNOV.jpg, https://ebca-prod-data-s3-public.s3.eu-west-1.amazonaws.com/motorvehicle/6321/images/1765879980_U9KnN3.jpg, https://ebca-prod-data-s3-public.s3.eu-west-1.amazonaws.com/motorvehicle/6321/images/1765879986_MkCdzr.jpg, https://ebca-prod-data-s3-public.s3.eu-west-1.amazonaws.com/motorvehicle/6321/images/1765879992_mA8h97.jpg, https://ebca-prod-data-s3-public.s3.eu-west-1.amazonaws.com/motorvehicle/6321/images/1765880001_U2Nkzq.jpg, https://ebca-prod-data-s3-public.s3.eu-west-1.amazonaws.com/motorvehicle/6321/images/1765880013_gVfPOz.jpg, https://ebca-prod-data-s3-public.s3.eu-west-1.amazonaws.com/motorvehicle/6321/images/1765880380_OwAX7H.jpg, https://ebca-prod-data-s3-public.s3.eu-west-1.amazonaws.com/motorvehicle/6321/images/1765880413_p6ww5j.jpg, https://ebca-prod-data-s3-public.s3.eu-west-1.amazonaws.com/motorvehicle/6321/images/1765880421_RxQMoC.jpg, https://ebca-prod-data-s3-public.s3.eu-west-1.amazonaws.com/motorvehicle/6321/images/1765880425_DtpnEv.jpg, https://ebca-prod-data-s3-public.s3.eu-west-1.amazonaws.com/motorvehicle/6321/images/1765880439_fvkOvp.jpg","https://ebca-prod-data-s3-public.s3.eu-west-1.amazonaws.com/motorvehicle/6321/images/1765880439_fvkOvp.jpg, https://ebca-prod-data-s3-public.s3.eu-west-1.amazonaws.com/motorvehicle/6321/images/1765880394_DNjeFP.jpg, https://ebca-prod-data-s3-public.s3.eu-west-1.amazonaws.com/motorvehicle/6321/images/1765880398_kF5LEg.jpg",Bonnet Chipped Multiple Chips,"{'information': {'Keys': '2', 'Service history': 'yes', 'Service documents': 'Service Book', 'Number of stamps': '3', 'Last service date': '20/09/2024', 'Last service miles': '18,027', 'MOT Due': '13/10/2026', 'Former Keepers': '1', 'Body Style': 'Hatchback', 'Hubs': 'Alloy', 'BHP': '123', 'Gross Weight': '1665', 'Euro Status': '6', 'Euro': '6', 'CO2': '107', 'MPG Combined': '48.7', 'MPG Urban': '47.9', 'MPG Extra Urban': '65.7'}}",BLACK,2,"£8,875.00","£6,875.00","£7,875.00",,"{'Interior & Tyres': {}, 'Interior': {'Carpet condition': 'Average', 'Seat condition': 'Average', 'Upholstery condition': 'Average', 'Odour': 'No'}, 'Tyres': {'Tyre NSF': 'BUDGET\t6.0mm', 'Tyre OSF': 'BUDGET\t6.0mm', 'Tyre NSR': 'MICHELIN\t5.0mm', 'Tyre OSR': 'MICHELIN\t5.0mm', 'Spare Tyre': '\t'}}",4,5,,13/10/2026,,3,"18,027","Tyre NSF: BUDGET	6.0mm, Tyre OSF: BUDGET	6.0mm, Tyre NSR: MICHELIN	5.0mm, Tyre OSR: MICHELIN	5.0mm, Spare Tyre: 	"
ebca,24,East Anglian Motor Auctions,Vauxhall,EX67LLV,Vauxhall,Astra,CDTi 16V 136 SRi Nav,101,Estate,Diesel,MANUAL,ECA,21/1/2026,11am,20/09/2017,2017,40899,Warranted,Here,04/07/2026,yes,VAT Qualifying,,,1.6,,https://www.ebca.co.uk/motorvehicleinspectionreport/standard/6652.pdf,"https://ebca-prod-data-s3-public.s3.eu-west-1.amazonaws.com/motorvehicle/6652/images/1767962435_9VdQt4.jpg, https://ebca-prod-data-s3-public.s3.eu-west-1.amazonaws.com/motorvehicle/6652/images/1767962440_pibfka.jpg, https://ebca-prod-data-s3-public.s3.eu-west-1.amazonaws.com/motorvehicle/6652/images/1767962445_Zbm4rI.jpg, https://ebca-prod-data-s3-public.s3.eu-west-1.amazonaws.com/motorvehicle/6652/images/1767962456_fCYvgZ.jpg, https://ebca-prod-data-s3-public.s3.eu-west-1.amazonaws.com/motorvehicle/6652/images/1767962480_QTlZzi.jpg, https://ebca-prod-data-s3-public.s3.eu-west-1.amazonaws.com/motorvehicle/6652/images/1767962399_MKRkvM.jpg, https://ebca-prod-data-s3-public.s3.eu-west-1.amazonaws.com/motorvehicle/6652/images/1767962404_QF6jtG.jpg, https://ebca-prod-data-s3-public.s3.eu-west-1.amazonaws.com/motorvehicle/6652/images/1767962410_iOhVHx.jpg, https://ebca-prod-data-s3-public.s3.eu-west-1.amazonaws.com/motorvehicle/6652/images/1767962418_qaCPMw.jpg, https://ebca-prod-data-s3-public.s3.eu-west-1.amazonaws.com/motorvehicle/6652/images/1767962424_D2qm33.jpg, https://ebca-prod-data-s3-public.s3.eu-west-1.amazonaws.com/motorvehicle/6652/images/1767962430_OVxMfM.jpg, https://ebca-prod-data-s3-public.s3.eu-west-1.amazonaws.com/motorvehicle/6652/images/1767962463_iQEdTM.jpg","https://ebca-prod-data-s3-public.s3.eu-west-1.amazonaws.com/motorvehicle/6652/images/1767962463_iQEdTM.jpg, https://ebca-prod-data-s3-public.s3.eu-west-1.amazonaws.com/motorvehicle/6652/images/1767962435_9VdQt4.jpg, https://ebca-prod-data-s3-public.s3.eu-west-1.amazonaws.com/motorvehicle/6652/images/1767962440_pibfka.jpg",Bonnet Chipped 1 To 5,"{'information': {'Keys': '2', 'Service history': 'yes', 'Service documents': 'Printout', 'Number of stamps': '7', 'Last service date': '09/06/2025', 'Last service miles': '40,605', 'MOT Due': '04/07/2026', 'Body Style': 'Estate', 'Hubs': 'Alloy', 'BHP': '134', 'Gross Weight': '1950', 'Euro Status': '6', 'Euro': '6', 'CO2': '104', 'MPG Combined': '72.4', 'MPG Urban': '60.1', 'MPG Extra Urban': '80.7'}}",SILVER,2,"£4,100.00","£2,950.00","£3,525.00",,"{'Interior & Tyres': {}, 'Interior': {'Carpet condition': 'Average', 'Seat condition': 'Average', 'Upholstery condition': 'Average', 'Odour': 'No'}, 'Tyres': {'Tyre NSF': 'BUDGET\t3.0mm', 'Tyre OSF': 'BUDGET\t4.0mm', 'Tyre NSR': 'HANKOOK\t4.0mm', 'Tyre OSR': 'AVON\t4.0mm', 'Spare Tyre': '\t'}}",3,5,,04/07/2026,,7,"40,605","Tyre NSF: BUDGET	3.0mm, Tyre OSF: BUDGET	4.0mm, Tyre NSR: HANKOOK	4.0mm, Tyre OSR: AVON	4.0mm, Spare Tyre: 	"
ebca,24,East Anglian Motor Auctions,Vauxhall,EX68ZDA,Vauxhall,Astra,T ecoTEC Tech Line Nav,26,Estate,Petrol,MANUAL,ECA,21/1/2026,11am,28/01/2019,2019,99142,Warranted,Here,10/12/2026,yes,VAT Qualifying,,,1.0,,https://www.ebca.co.uk/motorvehicleinspectionreport/standard/6451.pdf,"https://ebca-prod-data-s3-public.s3.eu-west-1.amazonaws.com/motorvehicle/6451/images/1767872547_kUdwfH.jpg, https://ebca-prod-data-s3-public.s3.eu-west-1.amazonaws.com/motorvehicle/6451/images/1767872553_4FC2al.jpg, https://ebca-prod-data-s3-public.s3.eu-west-1.amazonaws.com/motorvehicle/6451/images/1767872562_3c59IA.jpg, https://ebca-prod-data-s3-public.s3.eu-west-1.amazonaws.com/motorvehicle/6451/images/1767872580_GZHG5P.jpg, https://ebca-prod-data-s3-public.s3.eu-west-1.amazonaws.com/motorvehicle/6451/images/1767872598_dGkLa9.jpg, https://ebca-prod-data-s3-public.s3.eu-west-1.amazonaws.com/motorvehicle/6451/images/1767872619_OuQGyp.jpg, https://ebca-prod-data-s3-public.s3.eu-west-1.amazonaws.com/motorvehicle/6451/images/1767872568_bXZKEQ.jpg, https://ebca-prod-data-s3-public.s3.eu-west-1.amazonaws.com/motorvehicle/6451/images/1767872573_VfVUx5.jpg, https://ebca-prod-data-s3-public.s3.eu-west-1.amazonaws.com/motorvehicle/6451/images/1767872587_YpVgpN.jpg, https://ebca-prod-data-s3-public.s3.eu-west-1.amazonaws.com/motorvehicle/6451/images/1767872640_Dg2ttF.jpg, https://ebca-prod-data-s3-public.s3.eu-west-1.amazonaws.com/motorvehicle/6451/images/1767872645_MnTA7p.jpg, https://ebca-prod-data-s3-public.s3.eu-west-1.amazonaws.com/motorvehicle/6451/images/1767872702_lJgk3n.jpg, https://ebca-prod-data-s3-public.s3.eu-west-1.amazonaws.com/motorvehicle/6451/images/1767872707_IJWjin.jpg, https://ebca-prod-data-s3-public.s3.eu-west-1.amazonaws.com/motorvehicle/6451/images/1767872712_x7iv7N.jpg, https://ebca-prod-data-s3-public.s3.eu-west-1.amazonaws.com/motorvehicle/6451/images/1767872732_LwkClN.jpg, https://ebca-prod-data-s3-public.s3.eu-west-1.amazonaws.com/motorvehicle/6451/images/1767872927_y55ifH.jpg, https://ebca-prod-data-s3-public.s3.eu-west-1.amazonaws.com/motorvehicle/6451/images/1767872932_l35IZv.jpg, https://ebca-prod-data-s3-public.s3.eu-west-1.amazonaws.com/motorvehicle/6451/images/1767872938_EPNyDQ.jpg","https://ebca-prod-data-s3-public.s3.eu-west-1.amazonaws.com/motorvehicle/6451/images/1767872938_EPNyDQ.jpg, https://ebca-prod-data-s3-public.s3.eu-west-1.amazonaws.com/motorvehicle/6451/images/1767872547_kUdwfH.jpg, https://ebca-prod-data-s3-public.s3.eu-west-1.amazonaws.com/motorvehicle/6451/images/1767872553_4FC2al.jpg",Bonnet Chipped 1 To 5,"{'information': {'Keys': '2', 'Service history': 'yes', 'Service documents': 'Service Book', 'Number of stamps': '6', 'Last service date': '09/01/2025', 'Last service miles': '82,505', 'MOT Due': '10/12/2026', 'Body Style': 'Estate', 'Hubs': 'Alloy', 'BHP': '104', 'Gross Weight': '1850', 'Euro Status': '6', 'Euro': '6', 'CO2': '107', 'MPG Combined': '50.4', 'MPG Urban': '51.4', 'MPG Extra Urban': '68.9'}}",GREY,2,"£3,625.00","£2,550.00","£3,075.00",,"{'Interior & Tyres': {}, 'Interior': {'Carpet condition': 'Average', 'Seat condition': 'Average', 'Upholstery condition': 'Average', 'Odour': 'No'}, 'Tyres': {'Tyre NSF': 'BUDGET\t5.0mm', 'Tyre OSF': 'BUDGET\t5.0mm', 'Tyre NSR': 'BUDGET\t5.0mm', 'Tyre OSR': 'BUDGET\t5.0mm', 'Spare Tyre': '\t'}}",4,5,,10/12/2026,,6,"82,505","Tyre NSF: BUDGET	5.0mm, Tyre OSF: BUDGET	5.0mm, Tyre NSR: BUDGET	5.0mm, Tyre OSR: BUDGET	5.0mm, Spare Tyre: 	"
ebca,24,East Anglian Motor Auctions,Vauxhall,EX69NWF,Vauxhall,Insignia,T Tech Line Nav,27,Hatchback,Petrol,MANUAL,ECA,21/1/2026,11am,15/01/2020,2020,55484,Warranted,Here,09/12/2026,yes,VAT Qualifying,,,1.5,,https://www.ebca.co.uk/motorvehicleinspectionreport/standard/6443.pdf,"https://ebca-prod-data-s3-public.s3.eu-west-1.amazonaws.com/motorvehicle/6443/images/1766394181_a1W7ea.jpg, https://ebca-prod-data-s3-public.s3.eu-west-1.amazonaws.com/motorvehicle/6443/images/1766394188_1RC6B7.jpg, https://ebca-prod-data-s3-public.s3.eu-west-1.amazonaws.com/motorvehicle/6443/images/1766394196_KGTZUR.jpg, https://ebca-prod-data-s3-public.s3.eu-west-1.amazonaws.com/motorvehicle/6443/images/1766394205_axHQSc.jpg, https://ebca-prod-data-s3-public.s3.eu-west-1.amazonaws.com/motorvehicle/6443/images/1766394214_k3m2zX.jpg, https://ebca-prod-data-s3-public.s3.eu-west-1.amazonaws.com/motorvehicle/6443/images/1766394252_G2Zvfo.jpg, https://ebca-prod-data-s3-public.s3.eu-west-1.amazonaws.com/motorvehicle/6443/images/1766393360_jNZWd8.jpg, https://ebca-prod-data-s3-public.s3.eu-west-1.amazonaws.com/motorvehicle/6443/images/1766393369_WBWnMq.jpg, https://ebca-prod-data-s3-public.s3.eu-west-1.amazonaws.com/motorvehicle/6443/images/1766393380_URtcGj.jpg, https://ebca-prod-data-s3-public.s3.eu-west-1.amazonaws.com/motorvehicle/6443/images/1766393397_35bHOw.jpg, https://ebca-prod-data-s3-public.s3.eu-west-1.amazonaws.com/motorvehicle/6443/images/1766393405_SOwvxA.jpg, https://ebca-prod-data-s3-public.s3.eu-west-1.amazonaws.com/motorvehicle/6443/images/1766393412_2gqzKm.jpg","https://ebca-prod-data-s3-public.s3.eu-west-1.amazonaws.com/motorvehicle/6443/images/1766393412_2gqzKm.jpg, https://ebca-prod-data-s3-public.s3.eu-west-1.amazonaws.com/motorvehicle/6443/images/1766394181_a1W7ea.jpg, https://ebca-prod-data-s3-public.s3.eu-west-1.amazonaws.com/motorvehicle/6443/images/1766394188_1RC6B7.jpg",Door osf Chipped Edge Chip,"{'information': {'Keys': '1', 'Service history': 'yes', 'Service documents': 'Printout', 'Number of stamps': '6', 'Last service date': '22/09/2025', 'Last service miles': '53,323', 'MOT Due': '09/12/2026', 'Body Style': 'Hatchback', 'Hubs': 'Alloy', 'BHP': '163', 'Gross Weight': '2015', 'Euro Status': '6', 'Euro': '6', 'CO2': '122', 'MPG Combined': '46.3', 'MPG Urban': '39.9', 'MPG Extra Urban': '59.4'}}",BLUE,1,"£6,625.00","£4,950.00","£5,775.00",,"{'Interior & Tyres': {}, 'Interior': {'Carpet condition': 'Average', 'Seat condition': 'Average', 'Upholstery condition': 'Average', 'Odour': 'No'}, 'Tyres': {'Tyre NSF': 'BUDGET\t5.0mm', 'Tyre OSF': 'BUDGET\t5.0mm', 'Tyre NSR': 'BUDGET\t5.0mm', 'Tyre OSR': 'BUDGET\t5.0mm', 'Spare Tyre': '\t'}}",3,5,,09/12/2026,,6,"53,323","Tyre NSF: BUDGET	5.0mm, Tyre OSF: BUDGET	5.0mm, Tyre NSR: BUDGET	5.0mm, Tyre OSR: BUDGET	5.0mm, Spare Tyre: 	"
ebca,24,East Anglian Motor Auctions,Ford,EY68UNV,Ford,Transit Connect,EcoBlue 120ps Limited Van Powershift,71,Panel Van,Diesel,AUTOMATIC,ECA,21/1/2026,11am,01/09/2018,2018,159540,Warranted,Here,31/08/2026,yes,Plus VAT,,6,1.5,,https://www.ebca.co.uk/motorvehicleinspectionreport/standard/6944.pdf,"https://ebca-prod-data-s3-public.s3.eu-west-1.amazonaws.com/motorvehicle/6944/images/1768830098_6WX5nU.jpg, https://ebca-prod-data-s3-public.s3.eu-west-1.amazonaws.com/motorvehicle/6944/images/1768830104_BJPuTR.jpg, https://ebca-prod-data-s3-public.s3.eu-west-1.amazonaws.com/motorvehicle/6944/images/1768830110_16W7Gu.jpg, https://ebca-prod-data-s3-public.s3.eu-west-1.amazonaws.com/motorvehicle/6944/images/1768830135_CH7ba2.jpg, https://ebca-prod-data-s3-public.s3.eu-west-1.amazonaws.com/motorvehicle/6944/images/1768830150_8vhqdD.jpg, https://ebca-prod-data-s3-public.s3.eu-west-1.amazonaws.com/motorvehicle/6944/images/1768830166_5dL35e.jpg, https://ebca-prod-data-s3-public.s3.eu-west-1.amazonaws.com/motorvehicle/6944/images/1768830204_olONoS.jpg, https://ebca-prod-data-s3-public.s3.eu-west-1.amazonaws.com/motorvehicle/6944/images/1768830027_vMi8Ar.jpg, https://ebca-prod-data-s3-public.s3.eu-west-1.amazonaws.com/motorvehicle/6944/images/1768830049_vG8OM5.jpg, https://ebca-prod-data-s3-public.s3.eu-west-1.amazonaws.com/motorvehicle/6944/images/1768830054_kvrlXe.jpg, https://ebca-prod-data-s3-public.s3.eu-west-1.amazonaws.com/motorvehicle/6944/images/1768830060_1qPdva.jpg, https://ebca-prod-data-s3-public.s3.eu-west-1.amazonaws.com/motorvehicle/6944/images/1768830065_d9KkEW.jpg, https://ebca-prod-data-s3-public.s3.eu-west-1.amazonaws.com/motorvehicle/6944/images/1768830115_jRLGbv.jpg, https://ebca-prod-data-s3-public.s3.eu-west-1.amazonaws.com/motorvehicle/6944/images/1768830127_UBDU9O.jpg, https://ebca-prod-data-s3-public.s3.eu-west-1.amazonaws.com/motorvehicle/6944/images/1768830143_ssc0OF.jpg","https://ebca-prod-data-s3-public.s3.eu-west-1.amazonaws.com/motorvehicle/6944/images/1768830143_ssc0OF.jpg, https://ebca-prod-data-s3-public.s3.eu-west-1.amazonaws.com/motorvehicle/6944/images/1768830098_6WX5nU.jpg, https://ebca-prod-data-s3-public.s3.eu-west-1.amazonaws.com/motorvehicle/6944/images/1768830104_BJPuTR.jpg",Wing osf Chipped 1 To 5,"{'information': {'Keys': '1', 'Service history': 'yes', 'Service documents': 'Service Book', 'Number of stamps': '4', 'Last service date': '03/07/2022', 'Last service miles': '118,354', 'MOT Due': '31/08/2026', 'Former Keepers': '6', 'Body Style': 'Panel Van', 'Hubs': 'Steel', 'BHP': '118', 'Gross Weight': '2130', 'Euro Status': '6', 'Euro': '6', 'CO2': '135', 'MPG Combined': '30.1', 'MPG Urban': '20.9', 'MPG Extra Urban': '40.4'}}",SILVER,1,"£4,375.00","£2,825.00","£3,700.00",,"{'Interior & Tyres': {}, 'Interior': {'Carpet condition': 'Average', 'Seat condition': 'Average', 'Upholstery condition': 'Average', 'Odour': 'No'}, 'Tyres': {'Tyre NSF': 'BUDGET\t5.0mm', 'Tyre OSF': 'BUDGET\t5.0mm', 'Tyre NSR': 'BUDGET\t5.0mm', 'Tyre OSR': 'BUDGET\t5.0mm', 'Spare Tyre': '\t'}}",3,,,31/08/2026,,4,"118,354","Tyre NSF: BUDGET	5.0mm, Tyre OSF: BUDGET	5.0mm, Tyre NSR: BUDGET	5.0mm, Tyre OSR: BUDGET	5.0mm, Spare Tyre: 	"
ebca,24,East Anglian Motor Auctions,Ford,FD64FYC,Ford,Focus,TDCi 115 Zetec S,8,Hatchback,Diesel,MANUAL,ECA,21/1/2026,11am,08/12/2014,2014,69680,Warranted,Here,07/12/2026,yes,Margin,,1,1.6,,https://www.ebca.co.uk/motorvehicleinspectionreport/standard/6598.pdf,"https://ebca-prod-data-s3-public.s3.eu-west-1.amazonaws.com/motorvehicle/6598/images/1767790387_8t7JOp.jpg, https://ebca-prod-data-s3-public.s3.eu-west-1.amazonaws.com/motorvehicle/6598/images/1767790393_t2FHoD.jpg, https://ebca-prod-data-s3-public.s3.eu-west-1.amazonaws.com/motorvehicle/6598/images/1767790398_YXbWMu.jpg, https://ebca-prod-data-s3-public.s3.eu-west-1.amazonaws.com/motorvehicle/6598/images/1767790417_Xp7p18.jpg, https://ebca-prod-data-s3-public.s3.eu-west-1.amazonaws.com/motorvehicle/6598/images/1767790431_tDhxA8.jpg, https://ebca-prod-data-s3-public.s3.eu-west-1.amazonaws.com/motorvehicle/6598/images/1767790404_nQAMY6.jpg, https://ebca-prod-data-s3-public.s3.eu-west-1.amazonaws.com/motorvehicle/6598/images/1767790409_2B068j.jpg, https://ebca-prod-data-s3-public.s3.eu-west-1.amazonaws.com/motorvehicle/6598/images/1767790412_uM5auI.jpg, https://ebca-prod-data-s3-public.s3.eu-west-1.amazonaws.com/motorvehicle/6598/images/1767790420_yIdBUu.jpg, https://ebca-prod-data-s3-public.s3.eu-west-1.amazonaws.com/motorvehicle/6598/images/1767790440_CrV67x.jpg, https://ebca-prod-data-s3-public.s3.eu-west-1.amazonaws.com/motorvehicle/6598/images/1767790446_PfduPb.jpg","https://ebca-prod-data-s3-public.s3.eu-west-1.amazonaws.com/motorvehicle/6598/images/1767790446_PfduPb.jpg, https://ebca-prod-data-s3-public.s3.eu-west-1.amazonaws.com/motorvehicle/6598/images/1767790387_8t7JOp.jpg, https://ebca-prod-data-s3-public.s3.eu-west-1.amazonaws.com/motorvehicle/6598/images/1767790393_t2FHoD.jpg",Wing osf Dented Over 30mm,"{'information': {'Keys': '2', 'Service history': 'yes', 'Service documents': 'Service Book', 'Number of stamps': '8', 'Last service date': '04/08/2025', 'Last service miles': '67,165', 'MOT Due': '07/12/2026', 'Former Keepers': '1', 'Body Style': 'Hatchback', 'Hubs': 'Alloy', 'BHP': '113', 'Gross Weight': '1900', 'Euro Status': '5', 'Euro': '5', 'CO2': '109', 'MPG Combined': '67.3', 'MPG Urban': '55.4', 'MPG Extra Urban': '76.4'}}",BLACK,2,"£3,125.00","£2,075.00","£2,625.00",,"{'Interior & Tyres': {}, 'Interior': {'Carpet condition': 'Average', 'Seat condition': 'Average', 'Upholstery condition': 'Average', 'Odour': 'No'}, 'Tyres': {'Tyre NSF': 'APOLLO\t4.0mm', 'Tyre OSF': 'APOLLO\t4.0mm', 'Tyre NSR': 'APOLLO\t4.0mm', 'Tyre OSR': 'BUDGET\t4.0mm', 'Spare Tyre': '\t'}}",4,5,,07/12/2026,,8,"67,165","Tyre NSF: APOLLO	4.0mm, Tyre OSF: APOLLO	4.0mm, Tyre NSR: APOLLO	4.0mm, Tyre OSR: BUDGET	4.0mm, Spare Tyre: 	"
ebca,24,East Anglian Motor Auctions,Skoda,FE18KMO,Skoda,Fabia,MPI 60 S,3,Hatchback,Petrol,MANUAL,ECA,21/1/2026,11am,18/06/2018,2018,48696,Warranted,Here,17/06/2026,yes,Margin,,1,1.0,,https://www.ebca.co.uk/motorvehicleinspectionreport/standard/6876.pdf,"https://ebca-prod-data-s3-public.s3.eu-west-1.amazonaws.com/motorvehicle/6876/images/1768485668_Laml7j.jpg, https://ebca-prod-data-s3-public.s3.eu-west-1.amazonaws.com/motorvehicle/6876/images/1768485674_f2XBIy.jpg, https://ebca-prod-data-s3-public.s3.eu-west-1.amazonaws.com/motorvehicle/6876/images/1768485681_DP0aGe.jpg, https://ebca-prod-data-s3-public.s3.eu-west-1.amazonaws.com/motorvehicle/6876/images/1768485709_dBausD.jpg, https://ebca-prod-data-s3-public.s3.eu-west-1.amazonaws.com/motorvehicle/6876/images/1768485720_GS3f9w.jpg, https://ebca-prod-data-s3-public.s3.eu-west-1.amazonaws.com/motorvehicle/6876/images/1768485733_Ysciwk.jpg, https://ebca-prod-data-s3-public.s3.eu-west-1.amazonaws.com/motorvehicle/6876/images/1768485686_uUlIyx.jpg, https://ebca-prod-data-s3-public.s3.eu-west-1.amazonaws.com/motorvehicle/6876/images/1768485701_OMeUFf.jpg, https://ebca-prod-data-s3-public.s3.eu-west-1.amazonaws.com/motorvehicle/6876/images/1768485714_qXHJgg.jpg, https://ebca-prod-data-s3-public.s3.eu-west-1.amazonaws.com/motorvehicle/6876/images/1768485779_zmZSZP.jpg, https://ebca-prod-data-s3-public.s3.eu-west-1.amazonaws.com/motorvehicle/6876/images/1768485794_06g0Y0.jpg, https://ebca-prod-data-s3-public.s3.eu-west-1.amazonaws.com/motorvehicle/6876/images/1768485799_P9EXJw.jpg, https://ebca-prod-data-s3-public.s3.eu-west-1.amazonaws.com/motorvehicle/6876/images/1768485810_HVPfrZ.jpg","https://ebca-prod-data-s3-public.s3.eu-west-1.amazonaws.com/motorvehicle/6876/images/1768485810_HVPfrZ.jpg, https://ebca-prod-data-s3-public.s3.eu-west-1.amazonaws.com/motorvehicle/6876/images/1768485668_Laml7j.jpg, https://ebca-prod-data-s3-public.s3.eu-west-1.amazonaws.com/motorvehicle/6876/images/1768485674_f2XBIy.jpg",Bonnet Chipped Multiple Chips,"{'information': {'Keys': '2', 'Service history': 'yes', 'Service documents': 'Printout', 'Number of stamps': '4', 'Last service date': '13/06/2025', 'Last service miles': '45,436', 'MOT Due': '17/06/2026', 'Former Keepers': '1', 'Body Style': 'Hatchback', 'Hubs': 'Steel', 'BHP': '59', 'Gross Weight': '1535', 'Euro Status': '6', 'Euro': '6', 'CO2': '110', 'MPG Combined': '57.7', 'MPG Urban': '47.9', 'MPG Extra Urban': '65.7'}}",BLUE,2,"£3,975.00","£2,925.00","£3,450.00",,"{'Interior & Tyres': {}, 'Interior': {'Carpet condition': 'Average', 'Seat condition': 'Average', 'Upholstery condition': 'Average', 'Odour': 'No'}, 'Tyres': {'Tyre NSF': 'NANKANG\t5.0mm', 'Tyre OSF': 'NANKANG\t5.0mm', 'Tyre NSR': 'YOKOHAMA\t5.0mm', 'Tyre OSR': 'NEXEN\t5.0mm', 'Spare Tyre': '\t'}}",4,5,,17/06/2026,,4,"45,436","Tyre NSF: NANKANG	5.0mm, Tyre OSF: NANKANG	5.0mm, Tyre NSR: YOKOHAMA	5.0mm, Tyre OSR: NEXEN	5.0mm, Spare Tyre: 	"
ebca,24,East Anglian Motor Auctions,Audi,FP64NBD,Audi,A5,TDI 177 S Line Multitronic,6,Coupe,Diesel,CVT,ECA,21/1/2026,11am,28/11/2014,2014,79965,Warranted,Here,03/01/2027,yes,Margin,,4,2.0,,https://www.ebca.co.uk/motorvehicleinspectionreport/standard/6891.pdf,"https://ebca-prod-data-s3-public.s3.eu-west-1.amazonaws.com/motorvehicle/6891/images/1768555187_qjh2Pk.jpg, https://ebca-prod-data-s3-public.s3.eu-west-1.amazonaws.com/motorvehicle/6891/images/1768555194_UibXkm.jpg, https://ebca-prod-data-s3-public.s3.eu-west-1.amazonaws.com/motorvehicle/6891/images/1768555200_7OMQdl.jpg, https://ebca-prod-data-s3-public.s3.eu-west-1.amazonaws.com/motorvehicle/6891/images/1768555219_TVg0RK.jpg, https://ebca-prod-data-s3-public.s3.eu-west-1.amazonaws.com/motorvehicle/6891/images/1768555232_0yk6nG.jpg, https://ebca-prod-data-s3-public.s3.eu-west-1.amazonaws.com/motorvehicle/6891/images/1768555254_u3NvOA.jpg, https://ebca-prod-data-s3-public.s3.eu-west-1.amazonaws.com/motorvehicle/6891/images/1768555205_1cro7Q.jpg, https://ebca-prod-data-s3-public.s3.eu-west-1.amazonaws.com/motorvehicle/6891/images/1768555211_iIM7ol.jpg, https://ebca-prod-data-s3-public.s3.eu-west-1.amazonaws.com/motorvehicle/6891/images/1768555225_Vhx4Cs.jpg, https://ebca-prod-data-s3-public.s3.eu-west-1.amazonaws.com/motorvehicle/6891/images/1768555266_5ngC7A.jpg, https://ebca-prod-data-s3-public.s3.eu-west-1.amazonaws.com/motorvehicle/6891/images/1768555271_pND3fF.jpg, https://ebca-prod-data-s3-public.s3.eu-west-1.amazonaws.com/motorvehicle/6891/images/1768555278_GE8VMu.jpg, https://ebca-prod-data-s3-public.s3.eu-west-1.amazonaws.com/motorvehicle/6891/images/1768555289_xmjJHA.jpg, https://ebca-prod-data-s3-public.s3.eu-west-1.amazonaws.com/motorvehicle/6891/images/1768555299_ErDBQX.jpg, https://ebca-prod-data-s3-public.s3.eu-west-1.amazonaws.com/motorvehicle/6891/images/1768555520_CfglCm.jpg","https://ebca-prod-data-s3-public.s3.eu-west-1.amazonaws.com/motorvehicle/6891/images/1768555520_CfglCm.jpg, https://ebca-prod-data-s3-public.s3.eu-west-1.amazonaws.com/motorvehicle/6891/images/1768555187_qjh2Pk.jpg, https://ebca-prod-data-s3-public.s3.eu-west-1.amazonaws.com/motorvehicle/6891/images/1768555194_UibXkm.jpg",Bonnet Scratched Over 25mm Thru Paint,"{'information': {'Keys': '2', 'Service history': 'yes', 'Service documents': 'Printout', 'Number of stamps': '8', 'Last service date': '29/12/2025', 'Last service miles': '79,822', 'MOT Due': '03/01/2027', 'Former Keepers': '4', 'Body Style': 'Coupe', 'Hubs': 'Alloy', 'BHP': '177', 'Gross Weight': '1995', 'Euro Status': '5', 'Euro': '5', 'CO2': '123', 'MPG Combined': '60.1', 'MPG Urban': '51.4', 'MPG Extra Urban': '65.7'}}",BLACK,2,"£4,650.00","£3,550.00","£4,100.00",,"{'Interior & Tyres': {}, 'Interior': {'Carpet condition': 'Average', 'Seat condition': 'Average', 'Upholstery condition': 'Average', 'Odour': 'No'}, 'Tyres': {'Tyre NSF': 'INVOVIC\t5.0mm', 'Tyre OSF': 'INVOVIC\t5.0mm', 'Tyre NSR': 'RAPID\t6.0mm', 'Tyre OSR': 'RAPID\t6.0mm', 'Spare Tyre': '\t'}}",4,2,,03/01/2027,,8,"79,822","Tyre NSF: INVOVIC	5.0mm, Tyre OSF: INVOVIC	5.0mm, Tyre NSR: RAPID	6.0mm, Tyre OSR: RAPID	6.0mm, Spare Tyre: 	"
ebca,24,East Anglian Motor Auctions,Volvo,FR11JNK,Volvo,XC70,D5 215 SE Lux Geartronic Sat Nav,28,Estate,Diesel,AUTOMATIC,ECA,21/1/2026,11am,28/07/2011,2011,106920,Warranted,Here,10/02/2026,,Margin,,2,2.4,,https://www.ebca.co.uk/motorvehicleinspectionreport/standard/6906.pdf,"https://ebca-prod-data-s3-public.s3.eu-west-1.amazonaws.com/motorvehicle/6906/images/1768815808_ONLAUi.jpg, https://ebca-prod-data-s3-public.s3.eu-west-1.amazonaws.com/motorvehicle/6906/images/1768815814_TrH3az.jpg, https://ebca-prod-data-s3-public.s3.eu-west-1.amazonaws.com/motorvehicle/6906/images/1768815822_CKVdrJ.jpg, https://ebca-prod-data-s3-public.s3.eu-west-1.amazonaws.com/motorvehicle/6906/images/1768815837_5S8Typ.jpg, https://ebca-prod-data-s3-public.s3.eu-west-1.amazonaws.com/motorvehicle/6906/images/1768815852_rY7nMk.jpg, https://ebca-prod-data-s3-public.s3.eu-west-1.amazonaws.com/motorvehicle/6906/images/1768815878_WGbxfV.jpg, https://ebca-prod-data-s3-public.s3.eu-west-1.amazonaws.com/motorvehicle/6906/images/1768815827_uK7Ahk.jpg, https://ebca-prod-data-s3-public.s3.eu-west-1.amazonaws.com/motorvehicle/6906/images/1768815832_KumiaD.jpg, https://ebca-prod-data-s3-public.s3.eu-west-1.amazonaws.com/motorvehicle/6906/images/1768815846_auRKZG.jpg, https://ebca-prod-data-s3-public.s3.eu-west-1.amazonaws.com/motorvehicle/6906/images/1768815897_sHhWcA.jpg, https://ebca-prod-data-s3-public.s3.eu-west-1.amazonaws.com/motorvehicle/6906/images/1768815909_P9fsoh.jpg, https://ebca-prod-data-s3-public.s3.eu-west-1.amazonaws.com/motorvehicle/6906/images/1768815919_ydHqmH.jpg, https://ebca-prod-data-s3-public.s3.eu-west-1.amazonaws.com/motorvehicle/6906/images/1768815924_JOiFhY.jpg, https://ebca-prod-data-s3-public.s3.eu-west-1.amazonaws.com/motorvehicle/6906/images/1768815929_PLH6ff.jpg, https://ebca-prod-data-s3-public.s3.eu-west-1.amazonaws.com/motorvehicle/6906/images/1768815936_OuyTup.jpg, https://ebca-prod-data-s3-public.s3.eu-west-1.amazonaws.com/motorvehicle/6906/images/1768815945_zBF3fg.jpg","https://ebca-prod-data-s3-public.s3.eu-west-1.amazonaws.com/motorvehicle/6906/images/1768815945_zBF3fg.jpg, https://ebca-prod-data-s3-public.s3.eu-west-1.amazonaws.com/motorvehicle/6906/images/1768815808_ONLAUi.jpg, https://ebca-prod-data-s3-public.s3.eu-west-1.amazonaws.com/motorvehicle/6906/images/1768815814_TrH3az.jpg",Screen Front Cracked Replace,"{'information': {'Keys': '1', 'Service documents': 'Printout', 'Number of stamps': '12', 'Last service date': '14/01/2025', 'Last service miles': '100,708', 'MOT Due': '10/02/2026', 'Former Keepers': '2', 'Body Style': 'Estate', 'Hubs': 'Alloy', 'BHP': '212', 'Gross Weight': '2400', 'Euro Status': '5', 'Euro': '5', 'CO2': '179', 'MPG Combined': '41.5', 'MPG Urban': '31.7', 'MPG Extra Urban': '49.6'}}",BRONZE,1,"£5,825.00","£4,300.00","£5,050.00",,"{'Interior & Tyres': {}, 'Interior': {'Carpet condition': 'Average', 'Seat condition': 'Average', 'Upholstery condition': 'Average', 'Odour': 'No'}, 'Tyres': {'Tyre NSF': 'HANKOOK\t5.0mm', 'Tyre OSF': 'BRIDGESTONE\t5.0mm', 'Tyre NSR': 'GOODYEAR\t4.0mm', 'Tyre OSR': 'SUNNY\t5.0mm', 'Spare Tyre': '\t'}}",4,5,,10/02/2026,,12,"100,708","Tyre NSF: HANKOOK	5.0mm, Tyre OSF: BRIDGESTONE	5.0mm, Tyre NSR: GOODYEAR	4.0mm, Tyre OSR: SUNNY	5.0mm, Spare Tyre: 	"
ebca,24,East Anglian Motor Auctions,Mini,FV14OOY,Mini,Hatchback,Cooper,76,Hatchback,Petrol,MANUAL,ECA,21/1/2026,11am,18/06/2014,2014,109408,Warranted,Here,09/08/2026,yes,Margin,,1,1.5,,https://www.ebca.co.uk/motorvehicleinspectionreport/standard/6237.pdf,"https://ebca-prod-data-s3-public.s3.eu-west-1.amazonaws.com/motorvehicle/6237/images/1766051815_4LYjxp.jpg, https://ebca-prod-data-s3-public.s3.eu-west-1.amazonaws.com/motorvehicle/6237/images/1766051820_r2gBw5.jpg, https://ebca-prod-data-s3-public.s3.eu-west-1.amazonaws.com/motorvehicle/6237/images/1766051826_xKr7H6.jpg, https://ebca-prod-data-s3-public.s3.eu-west-1.amazonaws.com/motorvehicle/6237/images/1766051847_wZ4a7u.jpg, https://ebca-prod-data-s3-public.s3.eu-west-1.amazonaws.com/motorvehicle/6237/images/1766051866_8p2xeS.jpg, https://ebca-prod-data-s3-public.s3.eu-west-1.amazonaws.com/motorvehicle/6237/images/1766051832_NBeD05.jpg, https://ebca-prod-data-s3-public.s3.eu-west-1.amazonaws.com/motorvehicle/6237/images/1766051836_E5OXBc.jpg, https://ebca-prod-data-s3-public.s3.eu-west-1.amazonaws.com/motorvehicle/6237/images/1766051842_ieflgX.jpg, https://ebca-prod-data-s3-public.s3.eu-west-1.amazonaws.com/motorvehicle/6237/images/1766051853_ANBQkE.jpg, https://ebca-prod-data-s3-public.s3.eu-west-1.amazonaws.com/motorvehicle/6237/images/1766051874_7vvVbj.jpg, https://ebca-prod-data-s3-public.s3.eu-west-1.amazonaws.com/motorvehicle/6237/images/1766051880_46mZrB.jpg, https://ebca-prod-data-s3-public.s3.eu-west-1.amazonaws.com/motorvehicle/6237/images/1766051885_3SutaF.jpg","https://ebca-prod-data-s3-public.s3.eu-west-1.amazonaws.com/motorvehicle/6237/images/1766051885_3SutaF.jpg, https://ebca-prod-data-s3-public.s3.eu-west-1.amazonaws.com/motorvehicle/6237/images/1766051815_4LYjxp.jpg, https://ebca-prod-data-s3-public.s3.eu-west-1.amazonaws.com/motorvehicle/6237/images/1766051820_r2gBw5.jpg",Bonnet Chipped 1 To 5,"{'information': {'Keys': '2', 'Service history': 'yes', 'Service documents': 'Printout', 'Number of stamps': '3', 'Last service date': '08/04/2022', 'Last service miles': '66,464', 'MOT Due': '09/08/2026', 'Former Keepers': '1', 'Body Style': 'Hatchback', 'Hubs': 'Alloy', 'BHP': '134', 'Gross Weight': '1565', 'Euro Status': '6', 'Euro': '6', 'CO2': '105', 'MPG Combined': '62.8', 'MPG Urban': '49.6', 'MPG Extra Urban': '74.3'}}",RED,2,"£3,000.00","£2,150.00","£2,550.00",,"{'Interior & Tyres': {}, 'Interior': {'Carpet condition': 'Average', 'Seat condition': 'Average', 'Upholstery condition': 'Average', 'Odour': 'No'}, 'Tyres': {'Tyre NSF': 'BUDGET\t3.0mm', 'Tyre OSF': 'BUDGET\t4.0mm', 'Tyre NSR': 'TOYO\t3.0mm', 'Tyre OSR': 'BUDGET\t3.0mm', 'Spare Tyre': '\t'}}",2,3,,09/08/2026,,3,"66,464","Tyre NSF: BUDGET	3.0mm, Tyre OSF: BUDGET	4.0mm, Tyre NSR: TOYO	3.0mm, Tyre OSR: BUDGET	3.0mm, Spare Tyre: 	"
ebca,24,East Anglian Motor Auctions,Vauxhall,FV70LJF,Vauxhall,Astra,Turbo 145 SRi,143,Hatchback,Petrol,MANUAL,ECA,21/1/2026,11am,30/10/2020,2020,24574,Warranted,Here,07/07/2026,yes,Margin,,2,1.2,,https://www.ebca.co.uk/motorvehicleinspectionreport/standard/1919.pdf,"https://ebca-prod-data-s3-public.s3.eu-west-1.amazonaws.com/motorvehicle/1919/images/1764780974_30LB7K.jpg, https://ebca-prod-data-s3-public.s3.eu-west-1.amazonaws.com/motorvehicle/1919/images/1764780979_YtuZ1H.jpg, https://ebca-prod-data-s3-public.s3.eu-west-1.amazonaws.com/motorvehicle/1919/images/1764780984_VUqMmz.jpg, https://ebca-prod-data-s3-public.s3.eu-west-1.amazonaws.com/motorvehicle/1919/images/1764781005_Bdrzgv.jpg, https://ebca-prod-data-s3-public.s3.eu-west-1.amazonaws.com/motorvehicle/1919/images/1764781028_BUB1gT.jpg, https://ebca-prod-data-s3-public.s3.eu-west-1.amazonaws.com/motorvehicle/1919/images/1764777373_qem05k.jpg, https://ebca-prod-data-s3-public.s3.eu-west-1.amazonaws.com/motorvehicle/1919/images/1764777380_JFn2Ed.jpg, https://ebca-prod-data-s3-public.s3.eu-west-1.amazonaws.com/motorvehicle/1919/images/1764777388_APclCT.jpg, https://ebca-prod-data-s3-public.s3.eu-west-1.amazonaws.com/motorvehicle/1919/images/1764780992_ZDN3ol.jpg, https://ebca-prod-data-s3-public.s3.eu-west-1.amazonaws.com/motorvehicle/1919/images/1764780998_Uq29SU.jpg, https://ebca-prod-data-s3-public.s3.eu-west-1.amazonaws.com/motorvehicle/1919/images/1764781012_3rCY8H.jpg","https://ebca-prod-data-s3-public.s3.eu-west-1.amazonaws.com/motorvehicle/1919/images/1764781012_3rCY8H.jpg, https://ebca-prod-data-s3-public.s3.eu-west-1.amazonaws.com/motorvehicle/1919/images/1764780974_30LB7K.jpg, https://ebca-prod-data-s3-public.s3.eu-west-1.amazonaws.com/motorvehicle/1919/images/1764780979_YtuZ1H.jpg",Bonnet Chipped Multiple Chips,"{'information': {'Keys': '2', 'Service history': 'yes', 'Service documents': 'Service Book', 'Number of stamps': '4', 'Last service date': '12/06/2025', 'Last service miles': '23,620', 'MOT Due': '07/07/2026', 'Former Keepers': '2', 'Body Style': 'Hatchback', 'Hubs': 'Alloy', 'BHP': '144', 'Euro Status': '6', 'Euro': '6', 'CO2': '121', 'MPG Combined': '54.3'}}",RED,2,"£7,100.00","£5,325.00","£6,225.00",,"{'Interior & Tyres': {}, 'Interior': {'Carpet condition': 'Average', 'Seat condition': 'Average', 'Upholstery condition': 'Average', 'Odour': 'No'}, 'Tyres': {'Tyre NSF': 'AVON\t5.0mm', 'Tyre OSF': 'GT RADIAL\t5.0mm', 'Tyre NSR': 'CONTINENTAL\t4.0mm', 'Tyre OSR': 'CONTINENTAL\t4.0mm', 'Spare Tyre': '\t'}}",2,5,,07/07/2026,,4,"23,620","Tyre NSF: AVON	5.0mm, Tyre OSF: GT RADIAL	5.0mm, Tyre NSR: CONTINENTAL	4.0mm, Tyre OSR: CONTINENTAL	4.0mm, Spare Tyre: 	"
ebca,24,East Anglian Motor Auctions,Vauxhall,FX67VWN,Vauxhall,Mokka X,T Elite Nav Auto,114,Hatchback,Petrol,AUTOMATIC,ECA,21/1/2026,11am,06/09/2017,2017,72404,Warranted,Here,15/04/2026,yes,Margin,,3,1.4,,https://www.ebca.co.uk/motorvehicleinspectionreport/standard/6864.pdf,"https://ebca-prod-data-s3-public.s3.eu-west-1.amazonaws.com/motorvehicle/6864/images/1768493962_3QEFE6.jpg, https://ebca-prod-data-s3-public.s3.eu-west-1.amazonaws.com/motorvehicle/6864/images/1768493968_xyB7VR.jpg, https://ebca-prod-data-s3-public.s3.eu-west-1.amazonaws.com/motorvehicle/6864/images/1768494309_wRjjMA.jpg, https://ebca-prod-data-s3-public.s3.eu-west-1.amazonaws.com/motorvehicle/6864/images/1768494326_xxTmBE.jpg, https://ebca-prod-data-s3-public.s3.eu-west-1.amazonaws.com/motorvehicle/6864/images/1768494338_A4FEhc.jpg, https://ebca-prod-data-s3-public.s3.eu-west-1.amazonaws.com/motorvehicle/6864/images/1768494362_5BaSqr.jpg, https://ebca-prod-data-s3-public.s3.eu-west-1.amazonaws.com/motorvehicle/6864/images/1768494314_RVCW6L.jpg, https://ebca-prod-data-s3-public.s3.eu-west-1.amazonaws.com/motorvehicle/6864/images/1768494320_kJPIsu.jpg, https://ebca-prod-data-s3-public.s3.eu-west-1.amazonaws.com/motorvehicle/6864/images/1768494332_33doHj.jpg, https://ebca-prod-data-s3-public.s3.eu-west-1.amazonaws.com/motorvehicle/6864/images/1768494371_YysL9r.jpg, https://ebca-prod-data-s3-public.s3.eu-west-1.amazonaws.com/motorvehicle/6864/images/1768494387_jCMqFA.jpg, https://ebca-prod-data-s3-public.s3.eu-west-1.amazonaws.com/motorvehicle/6864/images/1768494399_CDV8ul.jpg, https://ebca-prod-data-s3-public.s3.eu-west-1.amazonaws.com/motorvehicle/6864/images/1768494407_efapAT.jpg, https://ebca-prod-data-s3-public.s3.eu-west-1.amazonaws.com/motorvehicle/6864/images/1768494419_ap4khV.jpg, https://ebca-prod-data-s3-public.s3.eu-west-1.amazonaws.com/motorvehicle/6864/images/1768905379_umMmvZ.jpg","https://ebca-prod-data-s3-public.s3.eu-west-1.amazonaws.com/motorvehicle/6864/images/1768905379_umMmvZ.jpg, https://ebca-prod-data-s3-public.s3.eu-west-1.amazonaws.com/motorvehicle/6864/images/1768493962_3QEFE6.jpg, https://ebca-prod-data-s3-public.s3.eu-west-1.amazonaws.com/motorvehicle/6864/images/1768493968_xyB7VR.jpg",Bonnet Scratched Over 25mm Thru Paint,"{'information': {'Keys': '2', 'Service history': 'yes', 'Service documents': 'Service Book', 'Number of stamps': '8', 'Last service date': '07/05/2025', 'Last service miles': '68,022', 'MOT Due': '15/04/2026', 'Former Keepers': '3', 'Body Style': 'Hatchback', 'Hubs': 'Alloy', 'BHP': '138', 'Gross Weight': '1843', 'Euro Status': '6', 'Euro': '6', 'CO2': '149', 'MPG Combined': '43.5', 'MPG Urban': '33.6', 'MPG Extra Urban': '52.3'}}",BLACK,2,"£5,450.00","£4,075.00","£4,750.00",,"{'Interior & Tyres': {}, 'Interior': {'Carpet condition': 'Average', 'Seat condition': 'Average', 'Upholstery condition': 'Average', 'Odour': 'No'}, 'Tyres': {'Tyre NSF': 'KORMORAN\t5.0mm', 'Tyre OSF': 'KORMORAN\t5.0mm', 'Tyre NSR': 'TOYO\t5.0mm', 'Tyre OSR': 'TOYO\t5.0mm', 'Spare Tyre': '\t'}}",3,5,,15/04/2026,,8,"68,022","Tyre NSF: KORMORAN	5.0mm, Tyre OSF: KORMORAN	5.0mm, Tyre NSR: TOYO	5.0mm, Tyre OSR: TOYO	5.0mm, Spare Tyre: 	"
ebca,24,East Anglian Motor Auctions,Land Rover,FY69HSU,Land Rover,Discovery,SD6 HSE Auto,89,Estate,Diesel,AUTOMATIC,ECA,21/1/2026,11am,30/09/2019,2019,117112,Warranted,Here,07/10/2026,yes,Margin,,1,3.0,,https://www.ebca.co.uk/motorvehicleinspectionreport/standard/7000.pdf,"https://ebca-prod-data-s3-public.s3.eu-west-1.amazonaws.com/motorvehicle/7000/images/1768901509_sjG8Ef.jpg, https://ebca-prod-data-s3-public.s3.eu-west-1.amazonaws.com/motorvehicle/7000/images/1768901515_qmNoeS.jpg, https://ebca-prod-data-s3-public.s3.eu-west-1.amazonaws.com/motorvehicle/7000/images/1768901520_739DfA.jpg, https://ebca-prod-data-s3-public.s3.eu-west-1.amazonaws.com/motorvehicle/7000/images/1768901534_uM05H8.jpg, https://ebca-prod-data-s3-public.s3.eu-west-1.amazonaws.com/motorvehicle/7000/images/1768901573_EygloM.jpg, https://ebca-prod-data-s3-public.s3.eu-west-1.amazonaws.com/motorvehicle/7000/images/1768901440_ynvHVJ.jpg, https://ebca-prod-data-s3-public.s3.eu-west-1.amazonaws.com/motorvehicle/7000/images/1768901468_nmtPdl.jpg, https://ebca-prod-data-s3-public.s3.eu-west-1.amazonaws.com/motorvehicle/7000/images/1768901472_i0NEid.jpg, https://ebca-prod-data-s3-public.s3.eu-west-1.amazonaws.com/motorvehicle/7000/images/1768901478_fSXnzp.jpg, https://ebca-prod-data-s3-public.s3.eu-west-1.amazonaws.com/motorvehicle/7000/images/1768901483_Y2uWiX.jpg, https://ebca-prod-data-s3-public.s3.eu-west-1.amazonaws.com/motorvehicle/7000/images/1768901488_V4t7vn.jpg, https://ebca-prod-data-s3-public.s3.eu-west-1.amazonaws.com/motorvehicle/7000/images/1768901498_a4uU5e.jpg, https://ebca-prod-data-s3-public.s3.eu-west-1.amazonaws.com/motorvehicle/7000/images/1768901504_p6xCIl.jpg, https://ebca-prod-data-s3-public.s3.eu-west-1.amazonaws.com/motorvehicle/7000/images/1768901554_SDHXNg.jpg","https://ebca-prod-data-s3-public.s3.eu-west-1.amazonaws.com/motorvehicle/7000/images/1768901554_SDHXNg.jpg, https://ebca-prod-data-s3-public.s3.eu-west-1.amazonaws.com/motorvehicle/7000/images/1768901509_sjG8Ef.jpg, https://ebca-prod-data-s3-public.s3.eu-west-1.amazonaws.com/motorvehicle/7000/images/1768901515_qmNoeS.jpg",Bonnet Chipped 1 To 5,"{'information': {'Keys': '2', 'Service history': 'yes', 'Service documents': 'Printout', 'Number of stamps': '5', 'Last service date': '08/07/2025', 'Last service miles': '114,998', 'MOT Due': '07/10/2026', 'Former Keepers': '1', 'Body Style': 'Estate', 'Hubs': 'Alloy', 'BHP': '302', 'Euro Status': '6', 'Euro': '6', 'CO2': '198', 'MPG Combined': '31.4'}}",BLACK,2,"£18,800.00","£16,100.00","£17,450.00",,"{'Interior & Tyres': {}, 'Interior': {'Carpet condition': 'Average', 'Seat condition': 'Average', 'Upholstery condition': 'Average', 'Odour': 'No'}, 'Tyres': {'Tyre NSF': 'GOODYEAR\t3.0mm', 'Tyre OSF': 'GOODYEAR\t3.0mm', 'Tyre NSR': 'PIRELLI\t4.0mm', 'Tyre OSR': 'PIRELLI\t4.0mm', 'Spare Tyre': '\t'}}",3,5,,07/10/2026,,5,"114,998","Tyre NSF: GOODYEAR	3.0mm, Tyre OSF: GOODYEAR	3.0mm, Tyre NSR: PIRELLI	4.0mm, Tyre OSR: PIRELLI	4.0mm, Spare Tyre: 	"
ebca,24,East Anglian Motor Auctions,Suzuki,GF17WPU,Suzuki,Baleno,Boosterjet SZ5,13,Hatchback,Petrol,MANUAL,ECA,21/1/2026,11am,29/04/2017,2017,68646,Warranted,Here,28/10/2026,yes,Margin,,1,1.0,,https://www.ebca.co.uk/motorvehicleinspectionreport/standard/6846.pdf,"https://ebca-prod-data-s3-public.s3.eu-west-1.amazonaws.com/motorvehicle/6846/images/1768557178_6rsyt3.jpg, https://ebca-prod-data-s3-public.s3.eu-west-1.amazonaws.com/motorvehicle/6846/images/1768557183_7RXHEV.jpg, https://ebca-prod-data-s3-public.s3.eu-west-1.amazonaws.com/motorvehicle/6846/images/1768557191_RkLYB4.jpg, https://ebca-prod-data-s3-public.s3.eu-west-1.amazonaws.com/motorvehicle/6846/images/1768557214_EKSaMO.jpg, https://ebca-prod-data-s3-public.s3.eu-west-1.amazonaws.com/motorvehicle/6846/images/1768557227_ng0ISK.jpg, https://ebca-prod-data-s3-public.s3.eu-west-1.amazonaws.com/motorvehicle/6846/images/1768557250_8ltLSP.jpg, https://ebca-prod-data-s3-public.s3.eu-west-1.amazonaws.com/motorvehicle/6846/images/1768557195_ynQPWi.jpg, https://ebca-prod-data-s3-public.s3.eu-west-1.amazonaws.com/motorvehicle/6846/images/1768557201_eahsSf.jpg, https://ebca-prod-data-s3-public.s3.eu-west-1.amazonaws.com/motorvehicle/6846/images/1768557208_tBc0NY.jpg, https://ebca-prod-data-s3-public.s3.eu-west-1.amazonaws.com/motorvehicle/6846/images/1768557221_RcGljk.jpg, https://ebca-prod-data-s3-public.s3.eu-west-1.amazonaws.com/motorvehicle/6846/images/1768557270_ZhOHKH.jpg, https://ebca-prod-data-s3-public.s3.eu-west-1.amazonaws.com/motorvehicle/6846/images/1768557275_u8fNyJ.jpg, https://ebca-prod-data-s3-public.s3.eu-west-1.amazonaws.com/motorvehicle/6846/images/1768557296_EtiPPJ.jpg, https://ebca-prod-data-s3-public.s3.eu-west-1.amazonaws.com/motorvehicle/6846/images/1768557303_IRRg3E.jpg","https://ebca-prod-data-s3-public.s3.eu-west-1.amazonaws.com/motorvehicle/6846/images/1768557303_IRRg3E.jpg, https://ebca-prod-data-s3-public.s3.eu-west-1.amazonaws.com/motorvehicle/6846/images/1768557178_6rsyt3.jpg, https://ebca-prod-data-s3-public.s3.eu-west-1.amazonaws.com/motorvehicle/6846/images/1768557183_7RXHEV.jpg",Bonnet Chipped Over 5mm,"{'information': {'Keys': '1', 'Service history': 'yes', 'Service documents': 'Service Book', 'Number of stamps': '9', 'Last service date': '21/05/2025', 'Last service miles': '64,894', 'MOT Due': '28/10/2026', 'Former Keepers': '1', 'Body Style': 'Hatchback', 'Hubs': 'Alloy', 'BHP': '111', 'Gross Weight': '1430', 'Euro Status': '6', 'Euro': '6', 'CO2': '103', 'MPG Combined': '64.2', 'MPG Urban': '52.3', 'MPG Extra Urban': '72.4'}}",GREY,1,"£3,975.00","£2,850.00","£3,425.00",,"{'Interior & Tyres': {}, 'Interior': {'Carpet condition': 'Average', 'Seat condition': 'Average', 'Upholstery condition': 'Average', 'Odour': 'No'}, 'Tyres': {'Tyre NSF': 'PIRELLI\t5.0mm', 'Tyre OSF': 'PIRELLI\t5.0mm', 'Tyre NSR': 'HANKOOK\t5.0mm', 'Tyre OSR': 'HANKOOK\t5.0mm', 'Spare Tyre': '\tOK'}}",5,5,,28/10/2026,,9,"64,894","Tyre NSF: PIRELLI	5.0mm, Tyre OSF: PIRELLI	5.0mm, Tyre NSR: HANKOOK	5.0mm, Tyre OSR: HANKOOK	5.0mm, Spare Tyre: 	OK"
ebca,24,East Anglian Motor Auctions,BMW,GF67MZP,BMW,I3,kW Range Extender 33kWh Auto,47,Hatchback,Hybrid Electric,AUTOMATIC,ECA,21/1/2026,11am,30/10/2017,2017,64804,Warranted,Here,20/06/2026,yes,Margin,,1,0.6,,https://www.ebca.co.uk/motorvehicleinspectionreport/standard/6929.pdf,"https://ebca-prod-data-s3-public.s3.eu-west-1.amazonaws.com/motorvehicle/6929/images/1768822493_6BuoOC.jpg, https://ebca-prod-data-s3-public.s3.eu-west-1.amazonaws.com/motorvehicle/6929/images/1768822499_xdNNqf.jpg, https://ebca-prod-data-s3-public.s3.eu-west-1.amazonaws.com/motorvehicle/6929/images/1768822504_P3NriQ.jpg, https://ebca-prod-data-s3-public.s3.eu-west-1.amazonaws.com/motorvehicle/6929/images/1768822530_zghYXP.jpg, https://ebca-prod-data-s3-public.s3.eu-west-1.amazonaws.com/motorvehicle/6929/images/1768822581_lGJ7Xo.jpg, https://ebca-prod-data-s3-public.s3.eu-west-1.amazonaws.com/motorvehicle/6929/images/1768822598_iR13OX.jpg, https://ebca-prod-data-s3-public.s3.eu-west-1.amazonaws.com/motorvehicle/6929/images/1768822772_KPy1fd.jpg, https://ebca-prod-data-s3-public.s3.eu-west-1.amazonaws.com/motorvehicle/6929/images/1768822510_WJrPZr.jpg, https://ebca-prod-data-s3-public.s3.eu-west-1.amazonaws.com/motorvehicle/6929/images/1768822514_2N6vGe.jpg, https://ebca-prod-data-s3-public.s3.eu-west-1.amazonaws.com/motorvehicle/6929/images/1768822520_2QHZOG.jpg, https://ebca-prod-data-s3-public.s3.eu-west-1.amazonaws.com/motorvehicle/6929/images/1768822535_yH2aDO.jpg, https://ebca-prod-data-s3-public.s3.eu-west-1.amazonaws.com/motorvehicle/6929/images/1768822540_YWCFKV.jpg, https://ebca-prod-data-s3-public.s3.eu-west-1.amazonaws.com/motorvehicle/6929/images/1768822545_wfGYIa.jpg, https://ebca-prod-data-s3-public.s3.eu-west-1.amazonaws.com/motorvehicle/6929/images/1768822803_iDNVb4.jpg, https://ebca-prod-data-s3-public.s3.eu-west-1.amazonaws.com/motorvehicle/6929/images/1768822815_kIAHRT.jpg, https://ebca-prod-data-s3-public.s3.eu-west-1.amazonaws.com/motorvehicle/6929/images/1768822820_464anB.jpg, https://ebca-prod-data-s3-public.s3.eu-west-1.amazonaws.com/motorvehicle/6929/images/1768822826_St69ZT.jpg, https://ebca-prod-data-s3-public.s3.eu-west-1.amazonaws.com/motorvehicle/6929/images/1768822860_8V9x4J.jpg, https://ebca-prod-data-s3-public.s3.eu-west-1.amazonaws.com/motorvehicle/6929/images/1768822868_h1GhZz.jpg","https://ebca-prod-data-s3-public.s3.eu-west-1.amazonaws.com/motorvehicle/6929/images/1768822868_h1GhZz.jpg, https://ebca-prod-data-s3-public.s3.eu-west-1.amazonaws.com/motorvehicle/6929/images/1768822493_6BuoOC.jpg, https://ebca-prod-data-s3-public.s3.eu-west-1.amazonaws.com/motorvehicle/6929/images/1768822499_xdNNqf.jpg",Bonnet Chipped 1 To 5,"{'information': {'Keys': '2', 'Service history': 'yes', 'Service documents': 'Printout', 'Number of stamps': '2', 'Last service date': '10/06/2025', 'Last service miles': '58,401', 'MOT Due': '20/06/2026', 'Former Keepers': '1', 'Body Style': 'Hatchback', 'Hubs': 'Alloy', 'Gross Weight': '1760', 'Euro Status': '6', 'Euro': '6', 'CO2': '12'}}",BLUE,2,"£6,250.00","£4,650.00","£5,450.00",,"{'Interior & Tyres': {}, 'Interior': {'Carpet condition': 'Average', 'Seat condition': 'Average', 'Upholstery condition': 'Average', 'Odour': 'No'}, 'Tyres': {'Tyre NSF': 'BRIDGESTONE\t5.0mm', 'Tyre OSF': 'BRIDGESTONE\t5.0mm', 'Tyre NSR': 'BRIDGESTONE\t5.0mm', 'Tyre OSR': 'BRIDGESTONE\t5.0mm', 'Spare Tyre': '\t'}}",3,5,,20/06/2026,,2,"58,401","Tyre NSF: BRIDGESTONE	5.0mm, Tyre OSF: BRIDGESTONE	5.0mm, Tyre NSR: BRIDGESTONE	5.0mm, Tyre OSR: BRIDGESTONE	5.0mm, Spare Tyre: 	"
ebca,24,East Anglian Motor Auctions,Volkswagen,GF68HDG,Volkswagen,T-Roc,TSI EVO R-Line,147,Hatchback,Petrol,MANUAL,ECA,21/1/2026,11am,31/10/2018,2018,57471,Warranted,Here,07/09/2026,yes,Margin,,2,1.5,,https://www.ebca.co.uk/motorvehicleinspectionreport/standard/6330.pdf,"https://ebca-prod-data-s3-public.s3.eu-west-1.amazonaws.com/motorvehicle/6330/images/1765812781_tzn4qM.jpg, https://ebca-prod-data-s3-public.s3.eu-west-1.amazonaws.com/motorvehicle/6330/images/1765812786_DiLovS.jpg, https://ebca-prod-data-s3-public.s3.eu-west-1.amazonaws.com/motorvehicle/6330/images/1765812795_9wGXkB.jpg, https://ebca-prod-data-s3-public.s3.eu-west-1.amazonaws.com/motorvehicle/6330/images/1765812805_0VLMgT.jpg, https://ebca-prod-data-s3-public.s3.eu-west-1.amazonaws.com/motorvehicle/6330/images/1765812826_oVsY24.jpg, https://ebca-prod-data-s3-public.s3.eu-west-1.amazonaws.com/motorvehicle/6330/images/1765812732_5Wt91C.jpg, https://ebca-prod-data-s3-public.s3.eu-west-1.amazonaws.com/motorvehicle/6330/images/1765812738_1i3vUn.jpg, https://ebca-prod-data-s3-public.s3.eu-west-1.amazonaws.com/motorvehicle/6330/images/1765812744_yN0lxA.jpg, https://ebca-prod-data-s3-public.s3.eu-west-1.amazonaws.com/motorvehicle/6330/images/1765812751_B9wE5O.jpg, https://ebca-prod-data-s3-public.s3.eu-west-1.amazonaws.com/motorvehicle/6330/images/1765812758_4xKS3F.jpg, https://ebca-prod-data-s3-public.s3.eu-west-1.amazonaws.com/motorvehicle/6330/images/1765812764_pPY2xA.jpg, https://ebca-prod-data-s3-public.s3.eu-west-1.amazonaws.com/motorvehicle/6330/images/1765812771_NG6UqY.jpg, https://ebca-prod-data-s3-public.s3.eu-west-1.amazonaws.com/motorvehicle/6330/images/1765812811_JTUBJS.jpg","https://ebca-prod-data-s3-public.s3.eu-west-1.amazonaws.com/motorvehicle/6330/images/1765812811_JTUBJS.jpg, https://ebca-prod-data-s3-public.s3.eu-west-1.amazonaws.com/motorvehicle/6330/images/1765812781_tzn4qM.jpg, https://ebca-prod-data-s3-public.s3.eu-west-1.amazonaws.com/motorvehicle/6330/images/1765812786_DiLovS.jpg",Bonnet Chipped 1 To 5,"{'information': {'Keys': '2', 'Service history': 'yes', 'Service documents': 'Printout', 'Number of stamps': '4', 'Last service date': '25/09/2025', 'Last service miles': '55,848', 'MOT Due': '07/09/2026', 'Former Keepers': '2', 'Body Style': 'Hatchback', 'Hubs': 'Alloy', 'BHP': '148', 'Gross Weight': '1850', 'Euro Status': '6', 'Euro': '6', 'CO2': '122', 'MPG Combined': '53.3', 'MPG Urban': '42.8', 'MPG Extra Urban': '61.4'}}",YELLOW,2,"£13,000.00","£10,550.00","£11,750.00",,"{'Interior & Tyres': {}, 'Interior': {'Carpet condition': 'Average', 'Seat condition': 'Average', 'Upholstery condition': 'Average', 'Odour': 'No'}, 'Tyres': {'Tyre NSF': 'GOODYEAR\t4.0mm', 'Tyre OSF': 'GOODYEAR\t4.0mm', 'Tyre NSR': 'GOODYEAR\t4.0mm', 'Tyre OSR': 'GOODYEAR\t4.0mm', 'Spare Tyre': '\t'}}",2,5,,07/09/2026,,4,"55,848","Tyre NSF: GOODYEAR	4.0mm, Tyre OSF: GOODYEAR	4.0mm, Tyre NSR: GOODYEAR	4.0mm, Tyre OSR: GOODYEAR	4.0mm, Spare Tyre: 	"
ebca,24,East Anglian Motor Auctions,Nissan,GF71VDR,Nissan,Qashqai,DiG-T MH 158 Tekna+ Xtronic,128,Hatchback,Hybrid Electric,CVT,ECA,21/1/2026,11am,16/11/2021,2021,44712,Warranted,Here, ,yes,Margin,,,1.3,,https://www.ebca.co.uk/motorvehicleinspectionreport/standard/5266.pdf,"https://ebca-prod-data-s3-public.s3.eu-west-1.amazonaws.com/motorvehicle/5266/images/1761912794_oI69m7.jpg, https://ebca-prod-data-s3-public.s3.eu-west-1.amazonaws.com/motorvehicle/5266/images/1761912800_e4iNSA.jpg, https://ebca-prod-data-s3-public.s3.eu-west-1.amazonaws.com/motorvehicle/5266/images/1761912806_0lPOHG.jpg, https://ebca-prod-data-s3-public.s3.eu-west-1.amazonaws.com/motorvehicle/5266/images/1761912826_Iwa69m.jpg, https://ebca-prod-data-s3-public.s3.eu-west-1.amazonaws.com/motorvehicle/5266/images/1761912841_27Wntf.jpg, https://ebca-prod-data-s3-public.s3.eu-west-1.amazonaws.com/motorvehicle/5266/images/1761912872_Bq5bVw.jpg, https://ebca-prod-data-s3-public.s3.eu-west-1.amazonaws.com/motorvehicle/5266/images/1761912312_JquqIa.jpg, https://ebca-prod-data-s3-public.s3.eu-west-1.amazonaws.com/motorvehicle/5266/images/1761912329_sGCgUK.jpg, https://ebca-prod-data-s3-public.s3.eu-west-1.amazonaws.com/motorvehicle/5266/images/1761912811_TznpyY.jpg, https://ebca-prod-data-s3-public.s3.eu-west-1.amazonaws.com/motorvehicle/5266/images/1761912816_iRTlCd.jpg, https://ebca-prod-data-s3-public.s3.eu-west-1.amazonaws.com/motorvehicle/5266/images/1761912821_6l36oV.jpg, https://ebca-prod-data-s3-public.s3.eu-west-1.amazonaws.com/motorvehicle/5266/images/1761912832_ljOLbL.jpg, https://ebca-prod-data-s3-public.s3.eu-west-1.amazonaws.com/motorvehicle/5266/images/1764680122_E8icHH.jpg","https://ebca-prod-data-s3-public.s3.eu-west-1.amazonaws.com/motorvehicle/5266/images/1764680122_E8icHH.jpg, https://ebca-prod-data-s3-public.s3.eu-west-1.amazonaws.com/motorvehicle/5266/images/1761912794_oI69m7.jpg, https://ebca-prod-data-s3-public.s3.eu-west-1.amazonaws.com/motorvehicle/5266/images/1761912800_e4iNSA.jpg",Bonnet Chipped 1 To 5,"{'information': {'Keys': '2', 'Service history': 'yes', 'Service documents': 'Printout', 'Number of stamps': '2', 'Last service date': '13/10/2023', 'Last service miles': '19,077', 'MOT Due': 'Expired', 'Body Style': 'Hatchback', 'Hubs': 'Alloy', 'BHP': '156', 'Euro Status': '6', 'Euro': '6', 'CO2': '144', 'MPG Combined': '43.5'}}",BLUE,2,"£14,550.00","£12,000.00","£13,250.00",,"{'Interior & Tyres': {}, 'Interior': {'Carpet condition': 'Average', 'Seat condition': 'Average', 'Upholstery condition': 'Average', 'Odour': 'No'}, 'Tyres': {'Tyre NSF': 'GOODYEAR\t5.0mm', 'Tyre OSF': 'GOODYEAR\t5.0mm', 'Tyre NSR': 'GOODYEAR\t5.0mm', 'Tyre OSR': 'GOODYEAR\t5.0mm', 'Spare Tyre': '\t'}}",3,5,, ,,2,"19,077","Tyre NSF: GOODYEAR	5.0mm, Tyre OSF: GOODYEAR	5.0mm, Tyre NSR: GOODYEAR	5.0mm, Tyre OSR: GOODYEAR	5.0mm, Spare Tyre: 	"
ebca,24,East Anglian Motor Auctions,Nissan,GH17GVP,Nissan,Qashqai,DiG-T N-Vision,123,Hatchback,Petrol,MANUAL,ECA,21/1/2026,11am,30/03/2017,2017,99689,Warranted,Here,04/04/2026,yes,Margin,,1,1.2,,https://www.ebca.co.uk/motorvehicleinspectionreport/standard/6599.pdf,"https://ebca-prod-data-s3-public.s3.eu-west-1.amazonaws.com/motorvehicle/6599/images/1767716301_td5ANY.jpg, https://ebca-prod-data-s3-public.s3.eu-west-1.amazonaws.com/motorvehicle/6599/images/1767716306_9OXMDS.jpg, https://ebca-prod-data-s3-public.s3.eu-west-1.amazonaws.com/motorvehicle/6599/images/1767716311_tmOrbx.jpg, https://ebca-prod-data-s3-public.s3.eu-west-1.amazonaws.com/motorvehicle/6599/images/1767716334_vlm3gt.jpg, https://ebca-prod-data-s3-public.s3.eu-west-1.amazonaws.com/motorvehicle/6599/images/1767716354_jrCIvH.jpg, https://ebca-prod-data-s3-public.s3.eu-west-1.amazonaws.com/motorvehicle/6599/images/1767716317_vkNJ66.jpg, https://ebca-prod-data-s3-public.s3.eu-west-1.amazonaws.com/motorvehicle/6599/images/1767716324_cyoi1Y.jpg, https://ebca-prod-data-s3-public.s3.eu-west-1.amazonaws.com/motorvehicle/6599/images/1767716328_b3Lacc.jpg, https://ebca-prod-data-s3-public.s3.eu-west-1.amazonaws.com/motorvehicle/6599/images/1767716337_MTLcgM.jpg, https://ebca-prod-data-s3-public.s3.eu-west-1.amazonaws.com/motorvehicle/6599/images/1767716365_nwKtlr.jpg, https://ebca-prod-data-s3-public.s3.eu-west-1.amazonaws.com/motorvehicle/6599/images/1767716370_EmXAXU.jpg, https://ebca-prod-data-s3-public.s3.eu-west-1.amazonaws.com/motorvehicle/6599/images/1767716373_QVZazZ.jpg","https://ebca-prod-data-s3-public.s3.eu-west-1.amazonaws.com/motorvehicle/6599/images/1767716373_QVZazZ.jpg, https://ebca-prod-data-s3-public.s3.eu-west-1.amazonaws.com/motorvehicle/6599/images/1767716301_td5ANY.jpg, https://ebca-prod-data-s3-public.s3.eu-west-1.amazonaws.com/motorvehicle/6599/images/1767716306_9OXMDS.jpg",Bonnet Chipped Multiple Chips,"{'information': {'Keys': '2', 'Service history': 'yes', 'Service documents': 'Service Book', 'Number of stamps': '9', 'Last service date': '10/12/2025', 'Last service miles': '99,114', 'MOT Due': '04/04/2026', 'Former Keepers': '1', 'Body Style': 'Hatchback', 'Hubs': 'Alloy', 'BHP': '113', 'Gross Weight': '1860', 'Euro Status': '6', 'Euro': '6', 'CO2': '129', 'MPG Combined': '50.4', 'MPG Urban': '40.9', 'MPG Extra Urban': '57.7'}}",BLUE,2,"£4,050.00","£2,900.00","£3,475.00",,"{'Interior & Tyres': {}, 'Interior': {'Carpet condition': 'Average', 'Seat condition': 'Average', 'Upholstery condition': 'Average', 'Odour': 'No'}, 'Tyres': {'Tyre NSF': 'FALKEN\t3.0mm', 'Tyre OSF': 'FALKEN\t4.0mm', 'Tyre NSR': 'GENERAL TIRE\t5.0mm', 'Tyre OSR': 'GENERAL TIRE\t5.0mm', 'Spare Tyre': '\t'}}",5,5,,04/04/2026,,9,"99,114","Tyre NSF: FALKEN	3.0mm, Tyre OSF: FALKEN	4.0mm, Tyre NSR: GENERAL TIRE	5.0mm, Tyre OSR: GENERAL TIRE	5.0mm, Spare Tyre: 	"
ebca,24,East Anglian Motor Auctions,Fiat,GJ67RHU,Fiat,500,Lounge,60,Hatchback,Petrol,MANUAL,ECA,21/1/2026,11am,29/09/2017,2017,35735,Warranted,Here,26/08/2026,yes,Margin,,1,1.2,,https://www.ebca.co.uk/motorvehicleinspectionreport/standard/6713.pdf,"https://ebca-prod-data-s3-public.s3.eu-west-1.amazonaws.com/motorvehicle/6713/images/1768905898_zGCP64.jpg, https://ebca-prod-data-s3-public.s3.eu-west-1.amazonaws.com/motorvehicle/6713/images/1768905903_52EnTZ.jpg, https://ebca-prod-data-s3-public.s3.eu-west-1.amazonaws.com/motorvehicle/6713/images/1768905910_eefOsI.jpg, https://ebca-prod-data-s3-public.s3.eu-west-1.amazonaws.com/motorvehicle/6713/images/1768905932_uDrBSw.jpg, https://ebca-prod-data-s3-public.s3.eu-west-1.amazonaws.com/motorvehicle/6713/images/1768905942_hMLpBJ.jpg, https://ebca-prod-data-s3-public.s3.eu-west-1.amazonaws.com/motorvehicle/6713/images/1768905962_W0IgNA.jpg, https://ebca-prod-data-s3-public.s3.eu-west-1.amazonaws.com/motorvehicle/6713/images/1768905789_AnD6iA.jpg, https://ebca-prod-data-s3-public.s3.eu-west-1.amazonaws.com/motorvehicle/6713/images/1768905805_ayNsLF.jpg, https://ebca-prod-data-s3-public.s3.eu-west-1.amazonaws.com/motorvehicle/6713/images/1768905810_VVQgdp.jpg, https://ebca-prod-data-s3-public.s3.eu-west-1.amazonaws.com/motorvehicle/6713/images/1768905819_8G6L3k.jpg, https://ebca-prod-data-s3-public.s3.eu-west-1.amazonaws.com/motorvehicle/6713/images/1768905915_Rggmt7.jpg, https://ebca-prod-data-s3-public.s3.eu-west-1.amazonaws.com/motorvehicle/6713/images/1768905920_o5I4sz.jpg, https://ebca-prod-data-s3-public.s3.eu-west-1.amazonaws.com/motorvehicle/6713/images/1768905926_iqFMlb.jpg, https://ebca-prod-data-s3-public.s3.eu-west-1.amazonaws.com/motorvehicle/6713/images/1768905937_9uZIV9.jpg","https://ebca-prod-data-s3-public.s3.eu-west-1.amazonaws.com/motorvehicle/6713/images/1768905937_9uZIV9.jpg, https://ebca-prod-data-s3-public.s3.eu-west-1.amazonaws.com/motorvehicle/6713/images/1768905898_zGCP64.jpg, https://ebca-prod-data-s3-public.s3.eu-west-1.amazonaws.com/motorvehicle/6713/images/1768905903_52EnTZ.jpg",Wing osf Chipped 1 To 5,"{'information': {'Keys': '2', 'Service history': 'yes', 'Service documents': 'Service Book', 'Number of stamps': '8', 'Last service date': '18/08/2025', 'Last service miles': '33,916', 'MOT Due': '26/08/2026', 'Former Keepers': '1', 'Body Style': 'Hatchback', 'Hubs': 'Alloy', 'BHP': '69', 'Gross Weight': '1345', 'Euro Status': '6', 'Euro': '6', 'CO2': '110', 'MPG Combined': '60.1', 'MPG Urban': '51.4', 'MPG Extra Urban': '65.7'}}",GREEN,2,"£4,575.00","£3,325.00","£3,950.00",,"{'Interior & Tyres': {}, 'Interior': {'Carpet condition': 'Average', 'Seat condition': 'Average', 'Upholstery condition': 'Average', 'Odour': 'No'}, 'Tyres': {'Tyre NSF': 'FALKEN\t5.0mm', 'Tyre OSF': 'FALKEN\t5.0mm', 'Tyre NSR': 'CONTINENTAL\tDamaged', 'Tyre OSR': 'RAPID\t8.0mm', 'Spare Tyre': '\t'}}",2,3,,26/08/2026,,8,"33,916","Tyre NSF: FALKEN	5.0mm, Tyre OSF: FALKEN	5.0mm, Tyre NSR: CONTINENTAL	Damaged, Tyre OSR: RAPID	8.0mm, Spare Tyre: 	"
ebca,24,East Anglian Motor Auctions,Kia,GK68MJE,Kia,Stonic,T GDi First Edition,148,Hatchback,Petrol,MANUAL,ECA,21/1/2026,11am,23/10/2018,2018,105866,Warranted,Here,15/04/2026,yes,Margin,,1,1.0,,https://www.ebca.co.uk/motorvehicleinspectionreport/standard/5945.pdf,"https://ebca-prod-data-s3-public.s3.eu-west-1.amazonaws.com/motorvehicle/5945/images/1764081382_3nMdDo.jpg, https://ebca-prod-data-s3-public.s3.eu-west-1.amazonaws.com/motorvehicle/5945/images/1764081388_UCD36Z.jpg, https://ebca-prod-data-s3-public.s3.eu-west-1.amazonaws.com/motorvehicle/5945/images/1764081395_TBjZ2h.jpg, https://ebca-prod-data-s3-public.s3.eu-west-1.amazonaws.com/motorvehicle/5945/images/1764081411_upjm1q.jpg, https://ebca-prod-data-s3-public.s3.eu-west-1.amazonaws.com/motorvehicle/5945/images/1764081422_3SEiSF.jpg, https://ebca-prod-data-s3-public.s3.eu-west-1.amazonaws.com/motorvehicle/5945/images/1764081449_BAJ035.jpg, https://ebca-prod-data-s3-public.s3.eu-west-1.amazonaws.com/motorvehicle/5945/images/1764081337_HwUWdY.jpg, https://ebca-prod-data-s3-public.s3.eu-west-1.amazonaws.com/motorvehicle/5945/images/1764081349_i2vkpw.jpg, https://ebca-prod-data-s3-public.s3.eu-west-1.amazonaws.com/motorvehicle/5945/images/1764081358_0hwWwa.jpg, https://ebca-prod-data-s3-public.s3.eu-west-1.amazonaws.com/motorvehicle/5945/images/1764081367_8oyGSC.jpg, https://ebca-prod-data-s3-public.s3.eu-west-1.amazonaws.com/motorvehicle/5945/images/1764081400_LEn6bq.jpg, https://ebca-prod-data-s3-public.s3.eu-west-1.amazonaws.com/motorvehicle/5945/images/1764081405_qwSSxa.jpg, https://ebca-prod-data-s3-public.s3.eu-west-1.amazonaws.com/motorvehicle/5945/images/1764081416_dboFow.jpg","https://ebca-prod-data-s3-public.s3.eu-west-1.amazonaws.com/motorvehicle/5945/images/1764081416_dboFow.jpg, https://ebca-prod-data-s3-public.s3.eu-west-1.amazonaws.com/motorvehicle/5945/images/1764081382_3nMdDo.jpg, https://ebca-prod-data-s3-public.s3.eu-west-1.amazonaws.com/motorvehicle/5945/images/1764081388_UCD36Z.jpg",Bonnet Chipped Multiple Chips,"{'information': {'Keys': '2', 'Service history': 'yes', 'Service documents': 'Service Book', 'Number of stamps': '8', 'Last service date': '09/04/2025', 'Last service miles': '96,677', 'MOT Due': '15/04/2026', 'Former Keepers': '1', 'Body Style': 'Hatchback', 'Hubs': 'Alloy', 'BHP': '118', 'Gross Weight': '1640', 'Euro Status': '6', 'Euro': '6', 'CO2': '115', 'MPG Combined': '56.5', 'MPG Urban': '47.1', 'MPG Extra Urban': '62.8'}}",BLACK,2,"£5,675.00","£4,150.00","£4,925.00",,"{'Interior & Tyres': {}, 'Interior': {'Carpet condition': 'Average', 'Seat condition': 'Average', 'Upholstery condition': 'Average', 'Odour': 'No'}, 'Tyres': {'Tyre NSF': 'DUNLOP\t5.0mm', 'Tyre OSF': 'DUNLOP\t5.0mm', 'Tyre NSR': 'MICHELIN\t5.0mm', 'Tyre OSR': 'SUNNY\t5.0mm', 'Spare Tyre': '\t'}}",4,5,,15/04/2026,,8,"96,677","Tyre NSF: DUNLOP	5.0mm, Tyre OSF: DUNLOP	5.0mm, Tyre NSR: MICHELIN	5.0mm, Tyre OSR: SUNNY	5.0mm, Spare Tyre: 	"
ebca,24,East Anglian Motor Auctions,Mini,GL18HSJ,Mini,Countryman,Cooper,107,Hatchback,Petrol,MANUAL,ECA,21/1/2026,11am,11/05/2018,2018,71739,Warranted,Here,20/10/2026,yes,Margin,,1,1.5,,https://www.ebca.co.uk/motorvehicleinspectionreport/standard/6781.pdf,"https://ebca-prod-data-s3-public.s3.eu-west-1.amazonaws.com/motorvehicle/6781/images/1768309698_C2eHtC.jpg, https://ebca-prod-data-s3-public.s3.eu-west-1.amazonaws.com/motorvehicle/6781/images/1768309704_KxHDPy.jpg, https://ebca-prod-data-s3-public.s3.eu-west-1.amazonaws.com/motorvehicle/6781/images/1768309711_Ikgwae.jpg, https://ebca-prod-data-s3-public.s3.eu-west-1.amazonaws.com/motorvehicle/6781/images/1768309734_PxqDhJ.jpg, https://ebca-prod-data-s3-public.s3.eu-west-1.amazonaws.com/motorvehicle/6781/images/1768309745_fakT19.jpg, https://ebca-prod-data-s3-public.s3.eu-west-1.amazonaws.com/motorvehicle/6781/images/1768309760_DJjQ0Z.jpg, https://ebca-prod-data-s3-public.s3.eu-west-1.amazonaws.com/motorvehicle/6781/images/1768309723_7OK8hz.jpg, https://ebca-prod-data-s3-public.s3.eu-west-1.amazonaws.com/motorvehicle/6781/images/1768309728_GXJqpP.jpg, https://ebca-prod-data-s3-public.s3.eu-west-1.amazonaws.com/motorvehicle/6781/images/1768309739_NskMno.jpg, https://ebca-prod-data-s3-public.s3.eu-west-1.amazonaws.com/motorvehicle/6781/images/1768309770_RKOQ3N.jpg, https://ebca-prod-data-s3-public.s3.eu-west-1.amazonaws.com/motorvehicle/6781/images/1768309776_uH9tW2.jpg, https://ebca-prod-data-s3-public.s3.eu-west-1.amazonaws.com/motorvehicle/6781/images/1768309782_07T2VR.jpg, https://ebca-prod-data-s3-public.s3.eu-west-1.amazonaws.com/motorvehicle/6781/images/1768309789_mZGXYd.jpg, https://ebca-prod-data-s3-public.s3.eu-west-1.amazonaws.com/motorvehicle/6781/images/1768309797_Sqg7hY.jpg, https://ebca-prod-data-s3-public.s3.eu-west-1.amazonaws.com/motorvehicle/6781/images/1768309802_91pNA9.jpg","https://ebca-prod-data-s3-public.s3.eu-west-1.amazonaws.com/motorvehicle/6781/images/1768309802_91pNA9.jpg, https://ebca-prod-data-s3-public.s3.eu-west-1.amazonaws.com/motorvehicle/6781/images/1768309698_C2eHtC.jpg, https://ebca-prod-data-s3-public.s3.eu-west-1.amazonaws.com/motorvehicle/6781/images/1768309704_KxHDPy.jpg",Bonnet Chipped Multiple Chips,"{'information': {'Keys': '2', 'Service history': 'yes', 'Service documents': 'Printout', 'Number of stamps': '3', 'Last service date': '22/04/2025', 'Last service miles': '66,305', 'MOT Due': '20/10/2026', 'Former Keepers': '1', 'Body Style': 'Hatchback', 'Hubs': 'Alloy', 'BHP': '134', 'Gross Weight': '1955', 'Euro Status': '6', 'Euro': '6', 'CO2': '126', 'MPG Combined': '51.4', 'MPG Urban': '41.5', 'MPG Extra Urban': '58.9'}}",WHITE,2,"£8,625.00","£6,575.00","£7,600.00",,"{'Interior & Tyres': {}, 'Interior': {'Carpet condition': 'Average', 'Seat condition': 'Average', 'Upholstery condition': 'Average', 'Odour': 'No'}, 'Tyres': {'Tyre NSF': 'MAXTREK\t5.0mm', 'Tyre OSF': 'RAPID\t5.0mm', 'Tyre NSR': 'RAPID\t5.0mm', 'Tyre OSR': 'RAPID\t5.0mm', 'Spare Tyre': '\t'}}",4,5,,20/10/2026,,3,"66,305","Tyre NSF: MAXTREK	5.0mm, Tyre OSF: RAPID	5.0mm, Tyre NSR: RAPID	5.0mm, Tyre OSR: RAPID	5.0mm, Spare Tyre: 	"
ebca,24,East Anglian Motor Auctions,MG,GL22JXB,MG,Mg 5,EXCLUSIVE,135,Estate,Electric,AUTOMATIC,ECA,21/1/2026,11am,20/06/2022,2022,89541,Warranted,Here,19/06/2026,yes,Margin,,,,,https://www.ebca.co.uk/motorvehicleinspectionreport/standard/6695.pdf,"https://ebca-prod-data-s3-public.s3.eu-west-1.amazonaws.com/motorvehicle/6695/images/1767967458_rm05So.jpg, https://ebca-prod-data-s3-public.s3.eu-west-1.amazonaws.com/motorvehicle/6695/images/1767967465_QzU6XM.jpg, https://ebca-prod-data-s3-public.s3.eu-west-1.amazonaws.com/motorvehicle/6695/images/1767967470_nd4JIO.jpg, https://ebca-prod-data-s3-public.s3.eu-west-1.amazonaws.com/motorvehicle/6695/images/1767967493_kmYw4r.jpg, https://ebca-prod-data-s3-public.s3.eu-west-1.amazonaws.com/motorvehicle/6695/images/1767967511_mOkmMA.jpg, https://ebca-prod-data-s3-public.s3.eu-west-1.amazonaws.com/motorvehicle/6695/images/1767967564_e0oYPW.jpg, https://ebca-prod-data-s3-public.s3.eu-west-1.amazonaws.com/motorvehicle/6695/images/1767967572_nODzdB.jpg, https://ebca-prod-data-s3-public.s3.eu-west-1.amazonaws.com/motorvehicle/6695/images/1767967476_M93oFV.jpg, https://ebca-prod-data-s3-public.s3.eu-west-1.amazonaws.com/motorvehicle/6695/images/1767967481_RbyxeO.jpg, https://ebca-prod-data-s3-public.s3.eu-west-1.amazonaws.com/motorvehicle/6695/images/1767967487_L7mqK0.jpg, https://ebca-prod-data-s3-public.s3.eu-west-1.amazonaws.com/motorvehicle/6695/images/1767967505_vRjXwS.jpg, https://ebca-prod-data-s3-public.s3.eu-west-1.amazonaws.com/motorvehicle/6695/images/1767967604_nKonHd.jpg, https://ebca-prod-data-s3-public.s3.eu-west-1.amazonaws.com/motorvehicle/6695/images/1767967613_Z5INn7.jpg, https://ebca-prod-data-s3-public.s3.eu-west-1.amazonaws.com/motorvehicle/6695/images/1767967620_nt5gaU.jpg, https://ebca-prod-data-s3-public.s3.eu-west-1.amazonaws.com/motorvehicle/6695/images/1767967632_FLTSvs.jpg, https://ebca-prod-data-s3-public.s3.eu-west-1.amazonaws.com/motorvehicle/6695/images/1767967643_CdqCQc.jpg","https://ebca-prod-data-s3-public.s3.eu-west-1.amazonaws.com/motorvehicle/6695/images/1767967643_CdqCQc.jpg, https://ebca-prod-data-s3-public.s3.eu-west-1.amazonaws.com/motorvehicle/6695/images/1767967458_rm05So.jpg, https://ebca-prod-data-s3-public.s3.eu-west-1.amazonaws.com/motorvehicle/6695/images/1767967465_QzU6XM.jpg",Bonnet Chipped Multiple Chips,"{'information': {'Keys': '2', 'Service history': 'yes', 'Service documents': 'Printout', 'Number of stamps': '6', 'Last service date': '17/12/2025', 'Last service miles': '88,642', 'MOT Due': '19/06/2026', 'Body Style': 'Estate', 'Hubs': 'Alloy', 'BHP': '154', 'Euro Status': '6', 'Euro': '6'}}",RED,2,"£6,525.00","£4,825.00","£5,700.00",,"{'Interior & Tyres': {}, 'Interior': {'Carpet condition': 'Average', 'Seat condition': 'Average', 'Upholstery condition': 'Average', 'Odour': 'No'}, 'Tyres': {'Tyre NSF': 'TOYO\t5.0mm', 'Tyre OSF': 'TOYO\t5.0mm', 'Tyre NSR': 'TOYO\t5.0mm', 'Tyre OSR': 'TOYO\t5.0mm', 'Spare Tyre': '\t'}}",2,,,19/06/2026,,6,"88,642","Tyre NSF: TOYO	5.0mm, Tyre OSF: TOYO	5.0mm, Tyre NSR: TOYO	5.0mm, Tyre OSR: TOYO	5.0mm, Spare Tyre: 	"
ebca,24,East Anglian Motor Auctions,MG,GL70JWD,MG,Mg 3,EXCITE VTI-TECH,130,Hatchback,Petrol,MANUAL,ECA,21/1/2026,11am,22/12/2020,2020,26124,Warranted,Here, ,yes,Margin,,1,1.5,,https://www.ebca.co.uk/motorvehicleinspectionreport/standard/6231.pdf,"https://ebca-prod-data-s3-public.s3.eu-west-1.amazonaws.com/motorvehicle/6231/images/1765289513_kX12qI.jpg, https://ebca-prod-data-s3-public.s3.eu-west-1.amazonaws.com/motorvehicle/6231/images/1765289518_PTRkEc.jpg, https://ebca-prod-data-s3-public.s3.eu-west-1.amazonaws.com/motorvehicle/6231/images/1765289523_zpzMzd.jpg, https://ebca-prod-data-s3-public.s3.eu-west-1.amazonaws.com/motorvehicle/6231/images/1765289532_L8zsys.jpg, https://ebca-prod-data-s3-public.s3.eu-west-1.amazonaws.com/motorvehicle/6231/images/1765289591_QHQB45.jpg, https://ebca-prod-data-s3-public.s3.eu-west-1.amazonaws.com/motorvehicle/6231/images/1765289539_UDHrQA.jpg, https://ebca-prod-data-s3-public.s3.eu-west-1.amazonaws.com/motorvehicle/6231/images/1765289548_4QqGyi.jpg, https://ebca-prod-data-s3-public.s3.eu-west-1.amazonaws.com/motorvehicle/6231/images/1765289554_MGgWTn.jpg, https://ebca-prod-data-s3-public.s3.eu-west-1.amazonaws.com/motorvehicle/6231/images/1765289608_2E23op.jpg, https://ebca-prod-data-s3-public.s3.eu-west-1.amazonaws.com/motorvehicle/6231/images/1765289614_qAvf0C.jpg, https://ebca-prod-data-s3-public.s3.eu-west-1.amazonaws.com/motorvehicle/6231/images/1765289621_DNXOVB.jpg, https://ebca-prod-data-s3-public.s3.eu-west-1.amazonaws.com/motorvehicle/6231/images/1765289636_Bl3Utp.jpg","https://ebca-prod-data-s3-public.s3.eu-west-1.amazonaws.com/motorvehicle/6231/images/1765289636_Bl3Utp.jpg, https://ebca-prod-data-s3-public.s3.eu-west-1.amazonaws.com/motorvehicle/6231/images/1765289513_kX12qI.jpg, https://ebca-prod-data-s3-public.s3.eu-west-1.amazonaws.com/motorvehicle/6231/images/1765289518_PTRkEc.jpg",Bonnet Chipped 1 To 5,"{'information': {'Keys': '2', 'Service history': 'yes', 'Service documents': 'Service Book', 'Number of stamps': '3', 'Last service date': '18/01/2024', 'Last service miles': '16,291', 'MOT Due': 'Expired', 'Former Keepers': '1', 'Body Style': 'Hatchback', 'Hubs': 'Alloy', 'BHP': '106', 'Gross Weight': '1685', 'Euro Status': '6', 'Euro': '6', 'CO2': '152', 'MPG Combined': '42.2', 'MPG Urban': '38.9', 'MPG Extra Urban': '53.8'}}",YELLOW,2,"£6,225.00","£4,500.00","£5,350.00",,"{'Interior & Tyres': {}, 'Interior': {'Carpet condition': 'Average', 'Seat condition': 'Average', 'Upholstery condition': 'Average', 'Odour': 'No'}, 'Tyres': {'Tyre NSF': 'BUDGET\t3.0mm', 'Tyre OSF': 'KUMHO\t4.0mm', 'Tyre NSR': 'KUMHO\t3.0mm', 'Tyre OSR': 'KUMHO\t4.0mm', 'Spare Tyre': '\t'}}",4,,, ,,3,"16,291","Tyre NSF: BUDGET	3.0mm, Tyre OSF: KUMHO	4.0mm, Tyre NSR: KUMHO	3.0mm, Tyre OSR: KUMHO	4.0mm, Spare Tyre: 	"
ebca,24,East Anglian Motor Auctions,Hyundai,GM68XJV,Hyundai,I10,Go SE,25,Hatchback,Petrol,MANUAL,ECA,21/1/2026,11am,21/02/2019,2019,21364,Warranted,Here,04/03/2026,yes,Margin,,,1.0,,https://www.ebca.co.uk/motorvehicleinspectionreport/standard/6447.pdf,"https://ebca-prod-data-s3-public.s3.eu-west-1.amazonaws.com/motorvehicle/6447/images/1766397379_AGJsEx.jpg, https://ebca-prod-data-s3-public.s3.eu-west-1.amazonaws.com/motorvehicle/6447/images/1766397383_BSrIs4.jpg, https://ebca-prod-data-s3-public.s3.eu-west-1.amazonaws.com/motorvehicle/6447/images/1766397390_5DfaXL.jpg, https://ebca-prod-data-s3-public.s3.eu-west-1.amazonaws.com/motorvehicle/6447/images/1766397400_LwV9dp.jpg, https://ebca-prod-data-s3-public.s3.eu-west-1.amazonaws.com/motorvehicle/6447/images/1766397406_8B1mGT.jpg, https://ebca-prod-data-s3-public.s3.eu-west-1.amazonaws.com/motorvehicle/6447/images/1766397424_e0opcd.jpg, https://ebca-prod-data-s3-public.s3.eu-west-1.amazonaws.com/motorvehicle/6447/images/1766393205_BAfVWh.jpg, https://ebca-prod-data-s3-public.s3.eu-west-1.amazonaws.com/motorvehicle/6447/images/1766393214_24Y72z.jpg, https://ebca-prod-data-s3-public.s3.eu-west-1.amazonaws.com/motorvehicle/6447/images/1766393224_TMJAdJ.jpg, https://ebca-prod-data-s3-public.s3.eu-west-1.amazonaws.com/motorvehicle/6447/images/1766393234_BUivTY.jpg, https://ebca-prod-data-s3-public.s3.eu-west-1.amazonaws.com/motorvehicle/6447/images/1766393244_0n6vXP.jpg, https://ebca-prod-data-s3-public.s3.eu-west-1.amazonaws.com/motorvehicle/6447/images/1766393247_mcAAAP.jpg","https://ebca-prod-data-s3-public.s3.eu-west-1.amazonaws.com/motorvehicle/6447/images/1766393247_mcAAAP.jpg, https://ebca-prod-data-s3-public.s3.eu-west-1.amazonaws.com/motorvehicle/6447/images/1766397379_AGJsEx.jpg, https://ebca-prod-data-s3-public.s3.eu-west-1.amazonaws.com/motorvehicle/6447/images/1766397383_BSrIs4.jpg",Wheel osf Scratched Up To 50mm,"{'information': {'Keys': '2', 'Service history': 'yes', 'Service documents': 'Service Book', 'Number of stamps': '6', 'Last service date': '05/03/2025', 'Last service miles': '20,173', 'MOT Due': '04/03/2026', 'Body Style': 'Hatchback', 'Hubs': 'Alloy', 'BHP': '65', 'Gross Weight': '1420', 'Euro Status': '6', 'Euro': '6', 'CO2': '117', 'MPG Combined': '50.4', 'MPG Urban': '47.1', 'MPG Extra Urban': '70.6'}}",BLUE,2,"£5,950.00","£4,375.00","£5,150.00",,"{'Interior & Tyres': {}, 'Interior': {'Carpet condition': 'Average', 'Seat condition': 'Average', 'Upholstery condition': 'Average', 'Odour': 'No'}, 'Tyres': {'Tyre NSF': 'TRIANGLE\t4.0mm', 'Tyre OSF': 'CONTINENTAL\t4.0mm', 'Tyre NSR': 'CONTINENTAL\t4.0mm', 'Tyre OSR': 'CONTINENTAL\t5.0mm', 'Spare Tyre': '\t'}}",3,5,,04/03/2026,,6,"20,173","Tyre NSF: TRIANGLE	4.0mm, Tyre OSF: CONTINENTAL	4.0mm, Tyre NSR: CONTINENTAL	4.0mm, Tyre OSR: CONTINENTAL	5.0mm, Spare Tyre: 	"
ebca,24,East Anglian Motor Auctions,Smart,GR19JVL,Smart,Fortwo Coupe,kW EQ Prime Premium 17kWh Auto,88,Coupe,Electric,AUTOMATIC,ECA,21/1/2026,11am,13/08/2019,2019,7044,Warranted,Here,12/08/2026,yes,Margin,,,,,https://www.ebca.co.uk/motorvehicleinspectionreport/standard/6979.pdf,"https://ebca-prod-data-s3-public.s3.eu-west-1.amazonaws.com/motorvehicle/6979/images/1768836282_ntuUw5.jpg, https://ebca-prod-data-s3-public.s3.eu-west-1.amazonaws.com/motorvehicle/6979/images/1768836288_d8NeHa.jpg, https://ebca-prod-data-s3-public.s3.eu-west-1.amazonaws.com/motorvehicle/6979/images/1768836294_eTo9ym.jpg, https://ebca-prod-data-s3-public.s3.eu-west-1.amazonaws.com/motorvehicle/6979/images/1768836307_Y4DqoT.jpg, https://ebca-prod-data-s3-public.s3.eu-west-1.amazonaws.com/motorvehicle/6979/images/1768836350_nrHH1A.jpg, https://ebca-prod-data-s3-public.s3.eu-west-1.amazonaws.com/motorvehicle/6979/images/1768836358_H2X0X1.jpg, https://ebca-prod-data-s3-public.s3.eu-west-1.amazonaws.com/motorvehicle/6979/images/1768836385_vVLWoK.jpg, https://ebca-prod-data-s3-public.s3.eu-west-1.amazonaws.com/motorvehicle/6979/images/1768834455_M0DzH8.jpg, https://ebca-prod-data-s3-public.s3.eu-west-1.amazonaws.com/motorvehicle/6979/images/1768834462_PaGn17.jpg, https://ebca-prod-data-s3-public.s3.eu-west-1.amazonaws.com/motorvehicle/6979/images/1768834469_kH7O6d.jpg, https://ebca-prod-data-s3-public.s3.eu-west-1.amazonaws.com/motorvehicle/6979/images/1768834475_VYUuHy.jpg, https://ebca-prod-data-s3-public.s3.eu-west-1.amazonaws.com/motorvehicle/6979/images/1768836299_iwPNSM.jpg, https://ebca-prod-data-s3-public.s3.eu-west-1.amazonaws.com/motorvehicle/6979/images/1768836317_beTQC7.jpg, https://ebca-prod-data-s3-public.s3.eu-west-1.amazonaws.com/motorvehicle/6979/images/1768836336_6F2nLh.jpg","https://ebca-prod-data-s3-public.s3.eu-west-1.amazonaws.com/motorvehicle/6979/images/1768836336_6F2nLh.jpg, https://ebca-prod-data-s3-public.s3.eu-west-1.amazonaws.com/motorvehicle/6979/images/1768836282_ntuUw5.jpg, https://ebca-prod-data-s3-public.s3.eu-west-1.amazonaws.com/motorvehicle/6979/images/1768836288_d8NeHa.jpg",Door osf Chipped Edge Chip,"{'information': {'Keys': '2', 'Service history': 'yes', 'Service documents': 'Printout', 'Number of stamps': '6', 'Last service date': '31/07/2025', 'Last service miles': '6,273', 'MOT Due': '12/08/2026', 'Body Style': 'Coupe', 'Hubs': 'Alloy', 'BHP': '81', 'Euro Status': '6', 'Euro': '6'}}",RED,2,"£5,750.00","£4,250.00","£5,000.00",,"{'Interior & Tyres': {}, 'Interior': {'Carpet condition': 'Good', 'Seat condition': 'Good', 'Upholstery condition': 'Good', 'Odour': 'No'}, 'Tyres': {'Tyre NSF': '\t', 'Tyre OSF': '\t', 'Tyre NSR': '\t', 'Tyre OSR': '\t', 'Spare Tyre': '\t'}}",2,2,,12/08/2026,,6,"6,273","Tyre NSF: 	, Tyre OSF: 	, Tyre NSR: 	, Tyre OSR: 	, Spare Tyre: 	"
ebca,24,East Anglian Motor Auctions,Vauxhall,GU15RBX,Vauxhall,Corsa,Excite AC,2,Hatchback,Petrol,MANUAL,ECA,21/1/2026,11am,27/03/2015,2015,45412,Warranted,Here,30/10/2026,yes,Margin,,1,1.2,,https://www.ebca.co.uk/motorvehicleinspectionreport/standard/6861.pdf,"https://ebca-prod-data-s3-public.s3.eu-west-1.amazonaws.com/motorvehicle/6861/images/1768469917_lJO0ql.jpg, https://ebca-prod-data-s3-public.s3.eu-west-1.amazonaws.com/motorvehicle/6861/images/1768469923_l30C6O.jpg, https://ebca-prod-data-s3-public.s3.eu-west-1.amazonaws.com/motorvehicle/6861/images/1768469929_seUtYO.jpg, https://ebca-prod-data-s3-public.s3.eu-west-1.amazonaws.com/motorvehicle/6861/images/1768469950_hW5W5p.jpg, https://ebca-prod-data-s3-public.s3.eu-west-1.amazonaws.com/motorvehicle/6861/images/1768469962_LNv84b.jpg, https://ebca-prod-data-s3-public.s3.eu-west-1.amazonaws.com/motorvehicle/6861/images/1768469973_UBWHeN.jpg, https://ebca-prod-data-s3-public.s3.eu-west-1.amazonaws.com/motorvehicle/6861/images/1768469934_ssWEMv.jpg, https://ebca-prod-data-s3-public.s3.eu-west-1.amazonaws.com/motorvehicle/6861/images/1768469943_Lzz5Z2.jpg, https://ebca-prod-data-s3-public.s3.eu-west-1.amazonaws.com/motorvehicle/6861/images/1768469956_YV37dy.jpg, https://ebca-prod-data-s3-public.s3.eu-west-1.amazonaws.com/motorvehicle/6861/images/1768469988_B5ueB7.jpg, https://ebca-prod-data-s3-public.s3.eu-west-1.amazonaws.com/motorvehicle/6861/images/1768469993_aF28tC.jpg, https://ebca-prod-data-s3-public.s3.eu-west-1.amazonaws.com/motorvehicle/6861/images/1768470012_gIXymw.jpg, https://ebca-prod-data-s3-public.s3.eu-west-1.amazonaws.com/motorvehicle/6861/images/1768470021_GSUppt.jpg","https://ebca-prod-data-s3-public.s3.eu-west-1.amazonaws.com/motorvehicle/6861/images/1768470021_GSUppt.jpg, https://ebca-prod-data-s3-public.s3.eu-west-1.amazonaws.com/motorvehicle/6861/images/1768469917_lJO0ql.jpg, https://ebca-prod-data-s3-public.s3.eu-west-1.amazonaws.com/motorvehicle/6861/images/1768469923_l30C6O.jpg",Bonnet Chipped Multiple Chips,"{'information': {'Keys': '2', 'Service history': 'yes', 'Service documents': 'Service Book', 'Number of stamps': '8', 'Last service date': '21/02/2024', 'Last service miles': '37,150', 'MOT Due': '30/10/2026', 'Former Keepers': '1', 'Body Style': 'Hatchback', 'Hubs': 'Alloy', 'BHP': '69', 'Gross Weight': '1575', 'Euro Status': '6', 'Euro': '6', 'CO2': '124', 'MPG Combined': '53.3', 'MPG Urban': '42.8', 'MPG Extra Urban': '62.8'}}",RED,2,"£2,875.00","£1,975.00","£2,425.00",,"{'Interior & Tyres': {}, 'Interior': {'Carpet condition': 'Average', 'Seat condition': 'Average', 'Upholstery condition': '-', 'Odour': 'No'}, 'Tyres': {'Tyre NSF': 'BUDGET\t5.0mm', 'Tyre OSF': 'BUDGET\t5.0mm', 'Tyre NSR': 'AVON\t5.0mm', 'Tyre OSR': 'AVON\t5.0mm', 'Spare Tyre': '\t'}}",4,3,,30/10/2026,,8,"37,150","Tyre NSF: BUDGET	5.0mm, Tyre OSF: BUDGET	5.0mm, Tyre NSR: AVON	5.0mm, Tyre OSR: AVON	5.0mm, Spare Tyre: 	"
ebca,24,East Anglian Motor Auctions,Audi,GU17PKX,Audi,Q3,T FSI S Line Edition S Tronic,16,Estate,Petrol,SEMI AUTO,ECA,21/1/2026,11am,17/03/2017,2017,102365,Warranted,Here,23/04/2026,yes,Margin,,1,1.4,,https://www.ebca.co.uk/motorvehicleinspectionreport/standard/6838.pdf,"https://ebca-prod-data-s3-public.s3.eu-west-1.amazonaws.com/motorvehicle/6838/images/1768408948_mKzjAU.jpg, https://ebca-prod-data-s3-public.s3.eu-west-1.amazonaws.com/motorvehicle/6838/images/1768408952_SSsTN6.jpg, https://ebca-prod-data-s3-public.s3.eu-west-1.amazonaws.com/motorvehicle/6838/images/1768408956_hI3fKZ.jpg, https://ebca-prod-data-s3-public.s3.eu-west-1.amazonaws.com/motorvehicle/6838/images/1768408963_vJ2rpw.jpg, https://ebca-prod-data-s3-public.s3.eu-west-1.amazonaws.com/motorvehicle/6838/images/1768408983_fmYXj6.jpg, https://ebca-prod-data-s3-public.s3.eu-west-1.amazonaws.com/motorvehicle/6838/images/1768408921_JCpXCc.jpg, https://ebca-prod-data-s3-public.s3.eu-west-1.amazonaws.com/motorvehicle/6838/images/1768408925_9kGYZr.jpg, https://ebca-prod-data-s3-public.s3.eu-west-1.amazonaws.com/motorvehicle/6838/images/1768408929_eRqhHF.jpg, https://ebca-prod-data-s3-public.s3.eu-west-1.amazonaws.com/motorvehicle/6838/images/1768408933_HIh2An.jpg, https://ebca-prod-data-s3-public.s3.eu-west-1.amazonaws.com/motorvehicle/6838/images/1768408939_PGSMha.jpg, https://ebca-prod-data-s3-public.s3.eu-west-1.amazonaws.com/motorvehicle/6838/images/1768408943_QLuHEU.jpg, https://ebca-prod-data-s3-public.s3.eu-west-1.amazonaws.com/motorvehicle/6838/images/1768408970_bQvcCn.jpg","https://ebca-prod-data-s3-public.s3.eu-west-1.amazonaws.com/motorvehicle/6838/images/1768408970_bQvcCn.jpg, https://ebca-prod-data-s3-public.s3.eu-west-1.amazonaws.com/motorvehicle/6838/images/1768408948_mKzjAU.jpg, https://ebca-prod-data-s3-public.s3.eu-west-1.amazonaws.com/motorvehicle/6838/images/1768408952_SSsTN6.jpg",Bonnet Scratched Over 25mm Thru Paint,"{'information': {'Keys': '2', 'Service history': 'yes', 'Service documents': 'Printout', 'Number of stamps': '5', 'Last service date': '23/01/2023', 'Last service miles': '57,632', 'MOT Due': '23/04/2026', 'Former Keepers': '1', 'Body Style': 'Estate', 'Hubs': 'Alloy', 'BHP': '148', 'Gross Weight': '2005', 'Euro Status': '6', 'Euro': '6', 'CO2': '138', 'MPG Combined': '47.9', 'MPG Urban': '39.8', 'MPG Extra Urban': '53.3'}}",BLACK,2,"£8,525.00","£6,525.00","£7,550.00",,"{'Interior & Tyres': {}, 'Interior': {'Carpet condition': 'Average', 'Seat condition': 'Average', 'Upholstery condition': 'Average', 'Odour': 'No'}, 'Tyres': {'Tyre NSF': 'BRIDGESTONE\t5.0mm', 'Tyre OSF': 'BRIDGESTONE\t5.0mm', 'Tyre NSR': 'BRIDGESTONE\t5.0mm', 'Tyre OSR': 'SUNNY\t5.0mm', 'Spare Tyre': '\t'}}",4,5,,23/04/2026,,5,"57,632","Tyre NSF: BRIDGESTONE	5.0mm, Tyre OSF: BRIDGESTONE	5.0mm, Tyre NSR: BRIDGESTONE	5.0mm, Tyre OSR: SUNNY	5.0mm, Spare Tyre: 	"
ebca,24,East Anglian Motor Auctions,Audi,GU18LDN,Audi,A1,TFSI Sport Nav,72,Hatchback,Petrol,MANUAL,ECA,21/1/2026,11am,24/03/2018,2018,64164,Warranted,Here,25/03/2026,yes,Margin,,1,1.4,,https://www.ebca.co.uk/motorvehicleinspectionreport/standard/6946.pdf,"https://ebca-prod-data-s3-public.s3.eu-west-1.amazonaws.com/motorvehicle/6946/images/1768906357_e3Ef0q.jpg, https://ebca-prod-data-s3-public.s3.eu-west-1.amazonaws.com/motorvehicle/6946/images/1768906362_LsB7CY.jpg, https://ebca-prod-data-s3-public.s3.eu-west-1.amazonaws.com/motorvehicle/6946/images/1768906367_Ion2MQ.jpg, https://ebca-prod-data-s3-public.s3.eu-west-1.amazonaws.com/motorvehicle/6946/images/1768906384_HLuabu.jpg, https://ebca-prod-data-s3-public.s3.eu-west-1.amazonaws.com/motorvehicle/6946/images/1768906408_UVIib7.jpg, https://ebca-prod-data-s3-public.s3.eu-west-1.amazonaws.com/motorvehicle/6946/images/1768906372_elsIgN.jpg, https://ebca-prod-data-s3-public.s3.eu-west-1.amazonaws.com/motorvehicle/6946/images/1768906379_UnPtBh.jpg, https://ebca-prod-data-s3-public.s3.eu-west-1.amazonaws.com/motorvehicle/6946/images/1768906390_kqBBHi.jpg, https://ebca-prod-data-s3-public.s3.eu-west-1.amazonaws.com/motorvehicle/6946/images/1768906396_X73ln2.jpg, https://ebca-prod-data-s3-public.s3.eu-west-1.amazonaws.com/motorvehicle/6946/images/1768906427_Y7YyEZ.jpg, https://ebca-prod-data-s3-public.s3.eu-west-1.amazonaws.com/motorvehicle/6946/images/1768906431_7aD4QP.jpg, https://ebca-prod-data-s3-public.s3.eu-west-1.amazonaws.com/motorvehicle/6946/images/1768906436_KnxTJ3.jpg","https://ebca-prod-data-s3-public.s3.eu-west-1.amazonaws.com/motorvehicle/6946/images/1768906436_KnxTJ3.jpg, https://ebca-prod-data-s3-public.s3.eu-west-1.amazonaws.com/motorvehicle/6946/images/1768906357_e3Ef0q.jpg, https://ebca-prod-data-s3-public.s3.eu-west-1.amazonaws.com/motorvehicle/6946/images/1768906362_LsB7CY.jpg",Bonnet Chipped 1 To 5,"{'information': {'Keys': '2', 'Service history': 'yes', 'Service documents': 'Printout', 'Number of stamps': '9', 'Last service date': '09/06/2025', 'Last service miles': '58,292', 'MOT Due': '25/03/2026', 'Former Keepers': '1', 'Body Style': 'Hatchback', 'Hubs': 'Alloy', 'BHP': '123', 'Gross Weight': '1625', 'Euro Status': '6', 'Euro': '6', 'CO2': '118', 'MPG Combined': '55.4', 'MPG Urban': '42.8', 'MPG Extra Urban': '67.3'}}",RED,2,"£7,300.00","£5,425.00","£6,375.00",,"{'Interior & Tyres': {}, 'Interior': {'Carpet condition': 'Average', 'Seat condition': 'Average', 'Upholstery condition': 'Average', 'Odour': 'No'}, 'Tyres': {'Tyre NSF': 'BUDGET\t3.0mm', 'Tyre OSF': 'DAVANTI\t3.0mm', 'Tyre NSR': 'GOODYEAR\t2.0mm', 'Tyre OSR': 'GOODYEAR\t2.0mm', 'Spare Tyre': '\t'}}",2,5,,25/03/2026,,9,"58,292","Tyre NSF: BUDGET	3.0mm, Tyre OSF: DAVANTI	3.0mm, Tyre NSR: GOODYEAR	2.0mm, Tyre OSR: GOODYEAR	2.0mm, Spare Tyre: 	"
ebca,24,East Anglian Motor Auctions,Citroen,GU19FGK,Citroen,C5 Aircross,PureTech 130 Flair Plus,159,Hatchback,Petrol,MANUAL,ECA,21/1/2026,11am,18/03/2019,2019,45970,Warranted,Here,17/03/2026,yes,Margin,,2,1.2,,https://www.ebca.co.uk/motorvehicleinspectionreport/standard/6640.pdf,"https://ebca-prod-data-s3-public.s3.eu-west-1.amazonaws.com/motorvehicle/6640/images/1767800663_KbS1Eh.jpg, https://ebca-prod-data-s3-public.s3.eu-west-1.amazonaws.com/motorvehicle/6640/images/1767800669_GzLlF2.jpg, https://ebca-prod-data-s3-public.s3.eu-west-1.amazonaws.com/motorvehicle/6640/images/1767800676_ZsgTS2.jpg, https://ebca-prod-data-s3-public.s3.eu-west-1.amazonaws.com/motorvehicle/6640/images/1767800698_5cvK0S.jpg, https://ebca-prod-data-s3-public.s3.eu-west-1.amazonaws.com/motorvehicle/6640/images/1767800715_ZEiFq7.jpg, https://ebca-prod-data-s3-public.s3.eu-west-1.amazonaws.com/motorvehicle/6640/images/1767800756_KJ6vv8.jpg, https://ebca-prod-data-s3-public.s3.eu-west-1.amazonaws.com/motorvehicle/6640/images/1767800527_fKhqCj.jpg, https://ebca-prod-data-s3-public.s3.eu-west-1.amazonaws.com/motorvehicle/6640/images/1767800542_s8Papp.jpg, https://ebca-prod-data-s3-public.s3.eu-west-1.amazonaws.com/motorvehicle/6640/images/1767800553_woDwyL.jpg, https://ebca-prod-data-s3-public.s3.eu-west-1.amazonaws.com/motorvehicle/6640/images/1767800559_P3wSdq.jpg, https://ebca-prod-data-s3-public.s3.eu-west-1.amazonaws.com/motorvehicle/6640/images/1767800564_H0qq1A.jpg, https://ebca-prod-data-s3-public.s3.eu-west-1.amazonaws.com/motorvehicle/6640/images/1767800572_yjpq2q.jpg, https://ebca-prod-data-s3-public.s3.eu-west-1.amazonaws.com/motorvehicle/6640/images/1767800681_ktP2Fy.jpg, https://ebca-prod-data-s3-public.s3.eu-west-1.amazonaws.com/motorvehicle/6640/images/1767800685_EzuFa4.jpg, https://ebca-prod-data-s3-public.s3.eu-west-1.amazonaws.com/motorvehicle/6640/images/1767800692_k8cpFI.jpg, https://ebca-prod-data-s3-public.s3.eu-west-1.amazonaws.com/motorvehicle/6640/images/1767800705_h841R9.jpg","https://ebca-prod-data-s3-public.s3.eu-west-1.amazonaws.com/motorvehicle/6640/images/1767800705_h841R9.jpg, https://ebca-prod-data-s3-public.s3.eu-west-1.amazonaws.com/motorvehicle/6640/images/1767800663_KbS1Eh.jpg, https://ebca-prod-data-s3-public.s3.eu-west-1.amazonaws.com/motorvehicle/6640/images/1767800669_GzLlF2.jpg",Bonnet Chipped 1 To 5,"{'information': {'Keys': '2', 'Service history': 'yes', 'Service documents': 'Service Book', 'Number of stamps': '4', 'Last service date': '06/03/2025', 'Last service miles': '40,185', 'MOT Due': '17/03/2026', 'Former Keepers': '2', 'Body Style': 'Hatchback', 'Hubs': 'Alloy', 'BHP': '128', 'Gross Weight': '1940', 'Euro Status': '6', 'Euro': '6', 'CO2': '119', 'MPG Combined': '44.1', 'MPG Urban': '46.3', 'MPG Extra Urban': '60.1'}}",RED,2,"£8,350.00","£6,175.00","£7,275.00",,"{'Interior & Tyres': {}, 'Interior': {'Carpet condition': 'Average', 'Seat condition': 'Average', 'Upholstery condition': 'Average', 'Odour': 'No'}, 'Tyres': {'Tyre NSF': 'GOODYEAR\t5.0mm', 'Tyre OSF': 'TRIANGLE\t5.0mm', 'Tyre NSR': 'GOODYEAR\t5.0mm', 'Tyre OSR': 'TRIANGLE\t5.0mm', 'Spare Tyre': '\t'}}",3,5,,17/03/2026,,4,"40,185","Tyre NSF: GOODYEAR	5.0mm, Tyre OSF: TRIANGLE	5.0mm, Tyre NSR: GOODYEAR	5.0mm, Tyre OSR: TRIANGLE	5.0mm, Spare Tyre: 	"
ebca,24,East Anglian Motor Auctions,Volkswagen,GU20DFZ,Volkswagen,T-Cross,TSI 115 SE,40,Hatchback,Petrol,MANUAL,ECA,21/1/2026,11am,09/03/2020,2020,99536,Warranted,Here,11/12/2026,yes,Margin,,1,1.0,,https://www.ebca.co.uk/motorvehicleinspectionreport/standard/6939.pdf,"https://ebca-prod-data-s3-public.s3.eu-west-1.amazonaws.com/motorvehicle/6939/images/1768831865_Atv2BL.jpg, https://ebca-prod-data-s3-public.s3.eu-west-1.amazonaws.com/motorvehicle/6939/images/1768831871_mObwI6.jpg, https://ebca-prod-data-s3-public.s3.eu-west-1.amazonaws.com/motorvehicle/6939/images/1768831877_ESypZO.jpg, https://ebca-prod-data-s3-public.s3.eu-west-1.amazonaws.com/motorvehicle/6939/images/1768831892_jWuJv0.jpg, https://ebca-prod-data-s3-public.s3.eu-west-1.amazonaws.com/motorvehicle/6939/images/1768831902_2kggAG.jpg, https://ebca-prod-data-s3-public.s3.eu-west-1.amazonaws.com/motorvehicle/6939/images/1768831932_qwfAJv.jpg, https://ebca-prod-data-s3-public.s3.eu-west-1.amazonaws.com/motorvehicle/6939/images/1768831881_c4smZj.jpg, https://ebca-prod-data-s3-public.s3.eu-west-1.amazonaws.com/motorvehicle/6939/images/1768831886_L4BUL0.jpg, https://ebca-prod-data-s3-public.s3.eu-west-1.amazonaws.com/motorvehicle/6939/images/1768831896_8N5XPF.jpg, https://ebca-prod-data-s3-public.s3.eu-west-1.amazonaws.com/motorvehicle/6939/images/1768831945_UB63dN.jpg, https://ebca-prod-data-s3-public.s3.eu-west-1.amazonaws.com/motorvehicle/6939/images/1768831950_a8uAY9.jpg, https://ebca-prod-data-s3-public.s3.eu-west-1.amazonaws.com/motorvehicle/6939/images/1768831956_7KMSnv.jpg, https://ebca-prod-data-s3-public.s3.eu-west-1.amazonaws.com/motorvehicle/6939/images/1768831962_2yntVS.jpg, https://ebca-prod-data-s3-public.s3.eu-west-1.amazonaws.com/motorvehicle/6939/images/1768831971_RoIJjm.jpg, https://ebca-prod-data-s3-public.s3.eu-west-1.amazonaws.com/motorvehicle/6939/images/1768831978_KzGRc5.jpg","https://ebca-prod-data-s3-public.s3.eu-west-1.amazonaws.com/motorvehicle/6939/images/1768831978_KzGRc5.jpg, https://ebca-prod-data-s3-public.s3.eu-west-1.amazonaws.com/motorvehicle/6939/images/1768831865_Atv2BL.jpg, https://ebca-prod-data-s3-public.s3.eu-west-1.amazonaws.com/motorvehicle/6939/images/1768831871_mObwI6.jpg",Seat Back Cover osf Scuffed Over 25mm,"{'information': {'Keys': '2', 'Service history': 'yes', 'Service documents': 'Printout', 'Number of stamps': '8', 'Last service date': '07/11/2024', 'Last service miles': '80,221', 'MOT Due': '11/12/2026', 'Former Keepers': '1', 'Body Style': 'Hatchback', 'Hubs': 'Alloy', 'BHP': '113', 'Euro Status': '6', 'Euro': '6', 'CO2': '113', 'MPG Combined': '47.9'}}",BLACK,2,"£7,850.00","£6,000.00","£6,950.00",,"{'Interior & Tyres': {}, 'Interior': {'Carpet condition': 'Average', 'Seat condition': 'Average', 'Upholstery condition': 'Average', 'Odour': 'No'}, 'Tyres': {'Tyre NSF': 'BRIDGESTONE\t5.0mm', 'Tyre OSF': 'BRIDGESTONE\t5.0mm', 'Tyre NSR': 'THREEA\t4.0mm', 'Tyre OSR': 'GOODYEAR\t5.0mm', 'Spare Tyre': '\t'}}",3,5,,11/12/2026,,8,"80,221","Tyre NSF: BRIDGESTONE	5.0mm, Tyre OSF: BRIDGESTONE	5.0mm, Tyre NSR: THREEA	4.0mm, Tyre OSR: GOODYEAR	5.0mm, Spare Tyre: 	"
ebca,24,East Anglian Motor Auctions,Hyundai,GU22DTV,Hyundai,Bayon,TGDi 120 48V MHEV Premium,157,Hatchback,Hybrid Electric,MANUAL,ECA,21/1/2026,11am,02/03/2022,2022,49852,Warranted,Here,05/10/2026,yes,Margin,,,1.0,,https://www.ebca.co.uk/motorvehicleinspectionreport/standard/5596.pdf,"https://ebca-prod-data-s3-public.s3.eu-west-1.amazonaws.com/motorvehicle/5596/images/1762870659_XDU0z5.jpg, https://ebca-prod-data-s3-public.s3.eu-west-1.amazonaws.com/motorvehicle/5596/images/1762870664_ROXpZK.jpg, https://ebca-prod-data-s3-public.s3.eu-west-1.amazonaws.com/motorvehicle/5596/images/1762870669_zHBC8q.jpg, https://ebca-prod-data-s3-public.s3.eu-west-1.amazonaws.com/motorvehicle/5596/images/1762870687_U85Pmr.jpg, https://ebca-prod-data-s3-public.s3.eu-west-1.amazonaws.com/motorvehicle/5596/images/1762870707_vgM3Nb.jpg, https://ebca-prod-data-s3-public.s3.eu-west-1.amazonaws.com/motorvehicle/5596/images/1762870675_tYlfU8.jpg, https://ebca-prod-data-s3-public.s3.eu-west-1.amazonaws.com/motorvehicle/5596/images/1762870682_1bw19t.jpg, https://ebca-prod-data-s3-public.s3.eu-west-1.amazonaws.com/motorvehicle/5596/images/1762870691_WNEjkL.jpg, https://ebca-prod-data-s3-public.s3.eu-west-1.amazonaws.com/motorvehicle/5596/images/1762870719_B5HCHp.jpg, https://ebca-prod-data-s3-public.s3.eu-west-1.amazonaws.com/motorvehicle/5596/images/1762870725_zkpdQi.jpg, https://ebca-prod-data-s3-public.s3.eu-west-1.amazonaws.com/motorvehicle/5596/images/1762870738_iZS9ar.jpg","https://ebca-prod-data-s3-public.s3.eu-west-1.amazonaws.com/motorvehicle/5596/images/1762870738_iZS9ar.jpg, https://ebca-prod-data-s3-public.s3.eu-west-1.amazonaws.com/motorvehicle/5596/images/1762870659_XDU0z5.jpg, https://ebca-prod-data-s3-public.s3.eu-west-1.amazonaws.com/motorvehicle/5596/images/1762870664_ROXpZK.jpg",Bonnet Chipped 1 To 5,"{'information': {'Keys': '2', 'Service history': 'yes', 'Service documents': 'Service Book', 'Number of stamps': '4', 'Last service date': '31/05/2025', 'Last service miles': '46,666', 'MOT Due': '05/10/2026', 'Body Style': 'Hatchback', 'Hubs': 'Alloy', 'BHP': '118', 'Euro Status': '6', 'Euro': '6', 'CO2': '121', 'MPG Combined': '53.3'}}",BLUE,2,"£9,525.00","£7,325.00","£8,425.00",,"{'Interior & Tyres': {}, 'Interior': {'Carpet condition': 'Average', 'Seat condition': 'Average', 'Upholstery condition': 'Average', 'Odour': 'No'}, 'Tyres': {'Tyre NSF': 'HIFLY\t4.0mm', 'Tyre OSF': 'HIFLY\t4.0mm', 'Tyre NSR': 'BUDGET\t4.0mm', 'Tyre OSR': 'HIFLY\t4.0mm', 'Spare Tyre': '\t'}}",3,5,,05/10/2026,,4,"46,666","Tyre NSF: HIFLY	4.0mm, Tyre OSF: HIFLY	4.0mm, Tyre NSR: BUDGET	4.0mm, Tyre OSR: HIFLY	4.0mm, Spare Tyre: 	"
ebca,24,East Anglian Motor Auctions,Vauxhall,GU63OJR,Vauxhall,Astra Gtc,T 16V VXR,15,Hatchback,Petrol,MANUAL,ECA,21/1/2026,11am,11/10/2013,2013,44898,Warranted,Here,10/10/2026,yes,Margin,,,2.0,,https://www.ebca.co.uk/motorvehicleinspectionreport/standard/6889.pdf,"https://ebca-prod-data-s3-public.s3.eu-west-1.amazonaws.com/motorvehicle/6889/images/1768565329_HsJCVf.jpg, https://ebca-prod-data-s3-public.s3.eu-west-1.amazonaws.com/motorvehicle/6889/images/1768565333_zMGfcc.jpg, https://ebca-prod-data-s3-public.s3.eu-west-1.amazonaws.com/motorvehicle/6889/images/1768565338_SuFHow.jpg, https://ebca-prod-data-s3-public.s3.eu-west-1.amazonaws.com/motorvehicle/6889/images/1768565354_tPDk52.jpg, https://ebca-prod-data-s3-public.s3.eu-west-1.amazonaws.com/motorvehicle/6889/images/1768565377_MGXc4i.jpg, https://ebca-prod-data-s3-public.s3.eu-west-1.amazonaws.com/motorvehicle/6889/images/1768565287_Ho2JHF.jpg, https://ebca-prod-data-s3-public.s3.eu-west-1.amazonaws.com/motorvehicle/6889/images/1768565291_8gkPJV.jpg, https://ebca-prod-data-s3-public.s3.eu-west-1.amazonaws.com/motorvehicle/6889/images/1768565298_qadv4d.jpg, https://ebca-prod-data-s3-public.s3.eu-west-1.amazonaws.com/motorvehicle/6889/images/1768565311_4ekEt8.jpg, https://ebca-prod-data-s3-public.s3.eu-west-1.amazonaws.com/motorvehicle/6889/images/1768565320_BryyMJ.jpg, https://ebca-prod-data-s3-public.s3.eu-west-1.amazonaws.com/motorvehicle/6889/images/1768565360_oAyByF.jpg","https://ebca-prod-data-s3-public.s3.eu-west-1.amazonaws.com/motorvehicle/6889/images/1768565360_oAyByF.jpg, https://ebca-prod-data-s3-public.s3.eu-west-1.amazonaws.com/motorvehicle/6889/images/1768565329_HsJCVf.jpg, https://ebca-prod-data-s3-public.s3.eu-west-1.amazonaws.com/motorvehicle/6889/images/1768565333_zMGfcc.jpg",Bumper Rear Scratched 25 to 100mm Thru Paint,"{'information': {'Keys': '2', 'Service history': 'yes', 'Service documents': 'Service Book', 'Number of stamps': '12', 'Last service date': '08/10/2025', 'Last service miles': '44,212', 'MOT Due': '10/10/2026', 'Body Style': 'Hatchback', 'Hubs': 'Alloy', 'BHP': '276', 'Gross Weight': '2040', 'Euro Status': '5', 'Euro': '5', 'CO2': '189', 'MPG Combined': '34.9', 'MPG Urban': '26.2', 'MPG Extra Urban': '43.5'}}",BLUE,2,"£4,550.00","£3,275.00","£3,900.00",,"{'Interior & Tyres': {}, 'Interior': {'Carpet condition': 'Average', 'Seat condition': 'Average', 'Upholstery condition': 'Average', 'Odour': 'No'}, 'Tyres': {'Tyre NSF': 'HANKOOK\t4.0mm', 'Tyre OSF': 'HANKOOK\t4.0mm', 'Tyre NSR': 'HANKOOK\t3.0mm', 'Tyre OSR': 'HANKOOK\t4.0mm', 'Spare Tyre': '\t'}}",3,3,,10/10/2026,,12,"44,212","Tyre NSF: HANKOOK	4.0mm, Tyre OSF: HANKOOK	4.0mm, Tyre NSR: HANKOOK	3.0mm, Tyre OSR: HANKOOK	4.0mm, Spare Tyre: 	"
ebca,24,East Anglian Motor Auctions,Audi,GU67VLC,Audi,Q5,T FSI Quattro S Line S Tronic,57,Estate,Petrol,SEMI AUTO,ECA,21/1/2026,11am,30/09/2017,2017,81140,Warranted,Here,29/09/2026,yes,Margin,,1,2.0,,https://www.ebca.co.uk/motorvehicleinspectionreport/standard/6896.pdf,"https://ebca-prod-data-s3-public.s3.eu-west-1.amazonaws.com/motorvehicle/6896/images/1768825607_9Ql3j9.jpg, https://ebca-prod-data-s3-public.s3.eu-west-1.amazonaws.com/motorvehicle/6896/images/1768825613_OLMOgM.jpg, https://ebca-prod-data-s3-public.s3.eu-west-1.amazonaws.com/motorvehicle/6896/images/1768825619_Rg696N.jpg, https://ebca-prod-data-s3-public.s3.eu-west-1.amazonaws.com/motorvehicle/6896/images/1768825634_WGAdk2.jpg, https://ebca-prod-data-s3-public.s3.eu-west-1.amazonaws.com/motorvehicle/6896/images/1768825639_nNx2GN.jpg, https://ebca-prod-data-s3-public.s3.eu-west-1.amazonaws.com/motorvehicle/6896/images/1768825661_c80qvY.jpg, https://ebca-prod-data-s3-public.s3.eu-west-1.amazonaws.com/motorvehicle/6896/images/1768825671_yNolTS.jpg, https://ebca-prod-data-s3-public.s3.eu-west-1.amazonaws.com/motorvehicle/6896/images/1768824944_NBiMNW.jpg, https://ebca-prod-data-s3-public.s3.eu-west-1.amazonaws.com/motorvehicle/6896/images/1768824949_0sumID.jpg, https://ebca-prod-data-s3-public.s3.eu-west-1.amazonaws.com/motorvehicle/6896/images/1768824954_wUzeOM.jpg, https://ebca-prod-data-s3-public.s3.eu-west-1.amazonaws.com/motorvehicle/6896/images/1768824961_jWk77T.jpg, https://ebca-prod-data-s3-public.s3.eu-west-1.amazonaws.com/motorvehicle/6896/images/1768824966_HeRubK.jpg, https://ebca-prod-data-s3-public.s3.eu-west-1.amazonaws.com/motorvehicle/6896/images/1768824977_kWiGEE.jpg, https://ebca-prod-data-s3-public.s3.eu-west-1.amazonaws.com/motorvehicle/6896/images/1768824985_BN89gO.jpg, https://ebca-prod-data-s3-public.s3.eu-west-1.amazonaws.com/motorvehicle/6896/images/1768824992_VK6ZD5.jpg, https://ebca-prod-data-s3-public.s3.eu-west-1.amazonaws.com/motorvehicle/6896/images/1768825041_aM39x4.jpg, https://ebca-prod-data-s3-public.s3.eu-west-1.amazonaws.com/motorvehicle/6896/images/1768825056_BjlwX3.jpg, https://ebca-prod-data-s3-public.s3.eu-west-1.amazonaws.com/motorvehicle/6896/images/1768825628_oEETU1.jpg, https://ebca-prod-data-s3-public.s3.eu-west-1.amazonaws.com/motorvehicle/6896/images/1768825718_Dq1jR9.jpg","https://ebca-prod-data-s3-public.s3.eu-west-1.amazonaws.com/motorvehicle/6896/images/1768825718_Dq1jR9.jpg, https://ebca-prod-data-s3-public.s3.eu-west-1.amazonaws.com/motorvehicle/6896/images/1768825607_9Ql3j9.jpg, https://ebca-prod-data-s3-public.s3.eu-west-1.amazonaws.com/motorvehicle/6896/images/1768825613_OLMOgM.jpg",Wheel osf Corroded Light,"{'information': {'Keys': '2', 'Service history': 'yes', 'Service documents': 'Printout', 'Number of stamps': '5', 'Last service date': '08/02/2023', 'Last service miles': '56,749', 'MOT Due': '29/09/2026', 'Former Keepers': '1', 'Body Style': 'Estate', 'Hubs': 'Alloy', 'BHP': '248', 'Gross Weight': '2400', 'Euro Status': '6', 'Euro': '6', 'CO2': '162', 'MPG Combined': '40.4', 'MPG Urban': '33.6', 'MPG Extra Urban': '46.3'}}",BLACK,2,"£13,200.00","£10,700.00","£11,950.00",,"{'Interior & Tyres': {}, 'Interior': {'Carpet condition': 'Average', 'Seat condition': 'Average', 'Upholstery condition': 'Average', 'Odour': 'No'}, 'Tyres': {'Tyre NSF': 'BRIDGESTONE\t4.0mm', 'Tyre OSF': 'BRIDGESTONE\t4.0mm', 'Tyre NSR': 'BRIDGESTONE\t5.0mm', 'Tyre OSR': 'BRIDGESTONE\t5.0mm', 'Spare Tyre': '\t'}}",2,5,,29/09/2026,,5,"56,749","Tyre NSF: BRIDGESTONE	4.0mm, Tyre OSF: BRIDGESTONE	4.0mm, Tyre NSR: BRIDGESTONE	5.0mm, Tyre OSR: BRIDGESTONE	5.0mm, Spare Tyre: 	"
ebca,24,East Anglian Motor Auctions,Citroen,GU69WUK,Citroen,Grand C4 Spacetourer,PureTech 130 Feel Plus,150,MPV,Petrol,MANUAL,ECA,21/1/2026,11am,14/01/2020,2020,52448,Warranted,Here, ,yes,Margin,,,1.2,,https://www.ebca.co.uk/motorvehicleinspectionreport/standard/5575.pdf,"https://ebca-prod-data-s3-public.s3.eu-west-1.amazonaws.com/motorvehicle/4696/images/1760096380_DxT2Ve.jpg, https://ebca-prod-data-s3-public.s3.eu-west-1.amazonaws.com/motorvehicle/4696/images/1760096385_SZ97pi.jpg, https://ebca-prod-data-s3-public.s3.eu-west-1.amazonaws.com/motorvehicle/4696/images/1760096390_6o6Pzv.jpg, https://ebca-prod-data-s3-public.s3.eu-west-1.amazonaws.com/motorvehicle/4696/images/1760096422_bLLUJI.jpg, https://ebca-prod-data-s3-public.s3.eu-west-1.amazonaws.com/motorvehicle/4696/images/1760096439_tOC9qS.jpg, https://ebca-prod-data-s3-public.s3.eu-west-1.amazonaws.com/motorvehicle/4696/images/1760096469_ufRgYH.jpg, https://ebca-prod-data-s3-public.s3.eu-west-1.amazonaws.com/motorvehicle/4696/images/1760096261_czJEZ4.jpg, https://ebca-prod-data-s3-public.s3.eu-west-1.amazonaws.com/motorvehicle/4696/images/1760096268_uiorS1.jpg, https://ebca-prod-data-s3-public.s3.eu-west-1.amazonaws.com/motorvehicle/4696/images/1760096280_XbsxiN.jpg, https://ebca-prod-data-s3-public.s3.eu-west-1.amazonaws.com/motorvehicle/4696/images/1760096404_wY5Qee.jpg, https://ebca-prod-data-s3-public.s3.eu-west-1.amazonaws.com/motorvehicle/4696/images/1760096409_s0B3aS.jpg, https://ebca-prod-data-s3-public.s3.eu-west-1.amazonaws.com/motorvehicle/4696/images/1760096417_c8TAd7.jpg, https://ebca-prod-data-s3-public.s3.eu-west-1.amazonaws.com/motorvehicle/4696/images/1760096430_WgsmwZ.jpg","https://ebca-prod-data-s3-public.s3.eu-west-1.amazonaws.com/motorvehicle/4696/images/1760096430_WgsmwZ.jpg, https://ebca-prod-data-s3-public.s3.eu-west-1.amazonaws.com/motorvehicle/4696/images/1760096380_DxT2Ve.jpg, https://ebca-prod-data-s3-public.s3.eu-west-1.amazonaws.com/motorvehicle/4696/images/1760096385_SZ97pi.jpg",Bonnet Chipped Multiple Chips,"{'information': {'Keys': '2', 'Service history': 'yes', 'Service documents': 'Service Book', 'Number of stamps': '3', 'Last service date': '02/01/2025', 'Last service miles': '46,960', 'MOT Due': 'Expired', 'Body Style': 'MPV', 'Hubs': 'Alloy', 'BHP': '129', 'Gross Weight': '2110', 'Euro Status': '6', 'Euro': '6', 'CO2': '114', 'MPG Combined': '47.1'}}",GREY,2,"£8,475.00","£6,450.00","£7,450.00",,"{'Interior & Tyres': {}, 'Interior': {'Carpet condition': 'Average', 'Seat condition': 'Average', 'Upholstery condition': 'Average', 'Odour': 'No'}, 'Tyres': {'Tyre NSF': 'TRIANGLE\tDamaged', 'Tyre OSF': 'TRIANGLE\t5.0mm', 'Tyre NSR': 'MICHELIN\t5.0mm', 'Tyre OSR': 'MICHELIN\t5.0mm', 'Spare Tyre': '\t'}}",5,5,, ,,3,"46,960","Tyre NSF: TRIANGLE	Damaged, Tyre OSF: TRIANGLE	5.0mm, Tyre NSR: MICHELIN	5.0mm, Tyre OSR: MICHELIN	5.0mm, Spare Tyre: 	"
ebca,24,East Anglian Motor Auctions,Seat,GU71YBA,Seat,Arona,TSI SE Technology,121,Hatchback,Petrol,MANUAL,ECA,21/1/2026,11am,13/10/2021,2021,38349,Warranted,Here,03/11/2026,yes,Margin,,,1.0,,https://www.ebca.co.uk/motorvehicleinspectionreport/standard/6442.pdf,"https://ebca-prod-data-s3-public.s3.eu-west-1.amazonaws.com/motorvehicle/6442/images/1766412688_X682qo.jpg, https://ebca-prod-data-s3-public.s3.eu-west-1.amazonaws.com/motorvehicle/6442/images/1766412693_pMVxNk.jpg, https://ebca-prod-data-s3-public.s3.eu-west-1.amazonaws.com/motorvehicle/6442/images/1766412700_pzHaxX.jpg, https://ebca-prod-data-s3-public.s3.eu-west-1.amazonaws.com/motorvehicle/6442/images/1766412715_KNJQTI.jpg, https://ebca-prod-data-s3-public.s3.eu-west-1.amazonaws.com/motorvehicle/6442/images/1766412728_jx1F2q.jpg, https://ebca-prod-data-s3-public.s3.eu-west-1.amazonaws.com/motorvehicle/6442/images/1766412765_Qdfr1Y.jpg, https://ebca-prod-data-s3-public.s3.eu-west-1.amazonaws.com/motorvehicle/6442/images/1766412627_qqHdF9.jpg, https://ebca-prod-data-s3-public.s3.eu-west-1.amazonaws.com/motorvehicle/6442/images/1766412635_t3PRKj.jpg, https://ebca-prod-data-s3-public.s3.eu-west-1.amazonaws.com/motorvehicle/6442/images/1766412646_zuBS6R.jpg, https://ebca-prod-data-s3-public.s3.eu-west-1.amazonaws.com/motorvehicle/6442/images/1766412662_QjLnL4.jpg, https://ebca-prod-data-s3-public.s3.eu-west-1.amazonaws.com/motorvehicle/6442/images/1766412671_4qFrx1.jpg, https://ebca-prod-data-s3-public.s3.eu-west-1.amazonaws.com/motorvehicle/6442/images/1766412704_Ot90LW.jpg, https://ebca-prod-data-s3-public.s3.eu-west-1.amazonaws.com/motorvehicle/6442/images/1766412709_zYTZTJ.jpg, https://ebca-prod-data-s3-public.s3.eu-west-1.amazonaws.com/motorvehicle/6442/images/1766412722_HP5XkX.jpg","https://ebca-prod-data-s3-public.s3.eu-west-1.amazonaws.com/motorvehicle/6442/images/1766412722_HP5XkX.jpg, https://ebca-prod-data-s3-public.s3.eu-west-1.amazonaws.com/motorvehicle/6442/images/1766412688_X682qo.jpg, https://ebca-prod-data-s3-public.s3.eu-west-1.amazonaws.com/motorvehicle/6442/images/1766412693_pMVxNk.jpg",Bonnet Chipped 1 To 5,"{'information': {'Keys': '2', 'Service history': 'yes', 'Service documents': 'Printout', 'Number of stamps': '1', 'Last service date': '24/05/2023', 'Last service miles': '16,442', 'MOT Due': '03/11/2026', 'Body Style': 'Hatchback', 'Hubs': 'Alloy', 'BHP': '94', 'Euro Status': '6', 'Euro': '6', 'CO2': '124', 'MPG Combined': '52.3'}}",GREY,2,"£9,600.00","£7,550.00","£8,575.00",,"{'Interior & Tyres': {}, 'Interior': {'Carpet condition': 'Average', 'Seat condition': 'Average', 'Upholstery condition': 'Average', 'Odour': 'No'}, 'Tyres': {'Tyre NSF': 'FIRESTONE\t5.0mm', 'Tyre OSF': 'FIRESTONE\t5.0mm', 'Tyre NSR': 'MICHELIN\t5.0mm', 'Tyre OSR': 'BUDGET\t5.0mm', 'Spare Tyre': '\t'}}",2,5,,03/11/2026,,1,"16,442","Tyre NSF: FIRESTONE	5.0mm, Tyre OSF: FIRESTONE	5.0mm, Tyre NSR: MICHELIN	5.0mm, Tyre OSR: BUDGET	5.0mm, Spare Tyre: 	"
ebca,24,East Anglian Motor Auctions,Volkswagen,GV19DMF,Volkswagen,Golf,TSI EVO 150 R-Line,140,Hatchback,Petrol,MANUAL,ECA,21/1/2026,11am,29/03/2019,2019,58866,Warranted,Here,28/03/2026,yes,Margin,,,1.5,,https://www.ebca.co.uk/motorvehicleinspectionreport/standard/6888.pdf,"https://ebca-prod-data-s3-public.s3.eu-west-1.amazonaws.com/motorvehicle/6888/images/1768566597_IG0fMJ.jpg, https://ebca-prod-data-s3-public.s3.eu-west-1.amazonaws.com/motorvehicle/6888/images/1768566602_shTpZY.jpg, https://ebca-prod-data-s3-public.s3.eu-west-1.amazonaws.com/motorvehicle/6888/images/1768566607_KsCj69.jpg, https://ebca-prod-data-s3-public.s3.eu-west-1.amazonaws.com/motorvehicle/6888/images/1768566611_R48kZS.jpg, https://ebca-prod-data-s3-public.s3.eu-west-1.amazonaws.com/motorvehicle/6888/images/1768566630_VSgZcf.jpg, https://ebca-prod-data-s3-public.s3.eu-west-1.amazonaws.com/motorvehicle/6888/images/1768566569_xd45rw.jpg, https://ebca-prod-data-s3-public.s3.eu-west-1.amazonaws.com/motorvehicle/6888/images/1768566574_gIZyLB.jpg, https://ebca-prod-data-s3-public.s3.eu-west-1.amazonaws.com/motorvehicle/6888/images/1768566578_Wbt9hA.jpg, https://ebca-prod-data-s3-public.s3.eu-west-1.amazonaws.com/motorvehicle/6888/images/1768566582_kuY5yM.jpg, https://ebca-prod-data-s3-public.s3.eu-west-1.amazonaws.com/motorvehicle/6888/images/1768566587_JMDJUV.jpg, https://ebca-prod-data-s3-public.s3.eu-west-1.amazonaws.com/motorvehicle/6888/images/1768566593_UYc7iW.jpg, https://ebca-prod-data-s3-public.s3.eu-west-1.amazonaws.com/motorvehicle/6888/images/1768566617_qkFJn5.jpg","https://ebca-prod-data-s3-public.s3.eu-west-1.amazonaws.com/motorvehicle/6888/images/1768566617_qkFJn5.jpg, https://ebca-prod-data-s3-public.s3.eu-west-1.amazonaws.com/motorvehicle/6888/images/1768566597_IG0fMJ.jpg, https://ebca-prod-data-s3-public.s3.eu-west-1.amazonaws.com/motorvehicle/6888/images/1768566602_shTpZY.jpg",Bumper Rear Scratched 25 to 100mm Thru Paint,"{'information': {'Keys': '2', 'Service history': 'yes', 'Service documents': 'Printout', 'Number of stamps': '5', 'Last service date': '03/03/2025', 'Last service miles': '50,318', 'MOT Due': '28/03/2026', 'Body Style': 'Hatchback', 'Hubs': 'Alloy', 'BHP': '148', 'Gross Weight': '1790', 'Euro Status': '6', 'Euro': '6', 'CO2': '120', 'MPG Combined': '45.6'}}",RED,2,"£10,950.00","£8,800.00","£9,850.00",,"{'Interior & Tyres': {}, 'Interior': {'Carpet condition': 'Average', 'Seat condition': 'Average', 'Upholstery condition': 'Average', 'Odour': 'No'}, 'Tyres': {'Tyre NSF': 'BRIDGESTONE\t2.0mm', 'Tyre OSF': 'BRIDGESTONE\t2.0mm', 'Tyre NSR': 'BRIDGESTONE\t4.0mm', 'Tyre OSR': 'BRIDGESTONE\t4.0mm', 'Spare Tyre': '\t'}}",3,5,,28/03/2026,,5,"50,318","Tyre NSF: BRIDGESTONE	2.0mm, Tyre OSF: BRIDGESTONE	2.0mm, Tyre NSR: BRIDGESTONE	4.0mm, Tyre OSR: BRIDGESTONE	4.0mm, Spare Tyre: 	"
ebca,24,East Anglian Motor Auctions,Nissan,GV19FWK,Nissan,Qashqai,DiG-T Tekna,146,Hatchback,Petrol,MANUAL,ECA,21/1/2026,11am,29/03/2019,2019,38964,Warranted,Here,28/03/2026,yes,Margin,,1,1.2,,https://www.ebca.co.uk/motorvehicleinspectionreport/standard/6851.pdf,"https://ebca-prod-data-s3-public.s3.eu-west-1.amazonaws.com/motorvehicle/6851/images/1768565484_ooSvzN.jpg, https://ebca-prod-data-s3-public.s3.eu-west-1.amazonaws.com/motorvehicle/6851/images/1768565490_tJB0zj.jpg, https://ebca-prod-data-s3-public.s3.eu-west-1.amazonaws.com/motorvehicle/6851/images/1768565496_UgwtSG.jpg, https://ebca-prod-data-s3-public.s3.eu-west-1.amazonaws.com/motorvehicle/6851/images/1768565517_1MjICb.jpg, https://ebca-prod-data-s3-public.s3.eu-west-1.amazonaws.com/motorvehicle/6851/images/1768565529_3z9Wzz.jpg, https://ebca-prod-data-s3-public.s3.eu-west-1.amazonaws.com/motorvehicle/6851/images/1768565550_MpC0tw.jpg, https://ebca-prod-data-s3-public.s3.eu-west-1.amazonaws.com/motorvehicle/6851/images/1768565333_IyZGPf.jpg, https://ebca-prod-data-s3-public.s3.eu-west-1.amazonaws.com/motorvehicle/6851/images/1768565338_w31DdX.jpg, https://ebca-prod-data-s3-public.s3.eu-west-1.amazonaws.com/motorvehicle/6851/images/1768565344_k1F7My.jpg, https://ebca-prod-data-s3-public.s3.eu-west-1.amazonaws.com/motorvehicle/6851/images/1768565352_HlxdqX.jpg, https://ebca-prod-data-s3-public.s3.eu-west-1.amazonaws.com/motorvehicle/6851/images/1768565360_Lruigu.jpg, https://ebca-prod-data-s3-public.s3.eu-west-1.amazonaws.com/motorvehicle/6851/images/1768565501_JQ5RVC.jpg, https://ebca-prod-data-s3-public.s3.eu-west-1.amazonaws.com/motorvehicle/6851/images/1768565506_fRpkWA.jpg, https://ebca-prod-data-s3-public.s3.eu-west-1.amazonaws.com/motorvehicle/6851/images/1768565512_A4KKtj.jpg, https://ebca-prod-data-s3-public.s3.eu-west-1.amazonaws.com/motorvehicle/6851/images/1768565523_MvJ4iH.jpg, https://ebca-prod-data-s3-public.s3.eu-west-1.amazonaws.com/motorvehicle/6851/images/1768565566_kYju5P.jpg","https://ebca-prod-data-s3-public.s3.eu-west-1.amazonaws.com/motorvehicle/6851/images/1768565566_kYju5P.jpg, https://ebca-prod-data-s3-public.s3.eu-west-1.amazonaws.com/motorvehicle/6851/images/1768565484_ooSvzN.jpg, https://ebca-prod-data-s3-public.s3.eu-west-1.amazonaws.com/motorvehicle/6851/images/1768565490_tJB0zj.jpg",Bonnet Dented Between 10mm + 30mm,"{'information': {'Keys': '2', 'Service history': 'yes', 'Service documents': 'Service Book', 'Number of stamps': '3', 'Last service date': '13/03/2024', 'Last service miles': '27,716', 'MOT Due': '28/03/2026', 'Former Keepers': '1', 'Body Style': 'Hatchback', 'Hubs': 'Alloy', 'BHP': '113', 'Gross Weight': '1860', 'Euro Status': '6', 'Euro': '6', 'CO2': '129', 'MPG Combined': '50.4', 'MPG Urban': '42.8', 'MPG Extra Urban': '55.4'}}",GREY,2,"£8,925.00","£6,725.00","£7,800.00",,"{'Interior & Tyres': {}, 'Interior': {'Carpet condition': 'Average', 'Seat condition': 'Average', 'Upholstery condition': 'Average', 'Odour': 'No'}, 'Tyres': {'Tyre NSF': 'YOKOHAMA\t5.0mm', 'Tyre OSF': 'YOKOHAMA\t5.0mm', 'Tyre NSR': 'MICHELIN\t5.0mm', 'Tyre OSR': 'MICHELIN\t5.0mm', 'Spare Tyre': '\t'}}",2,5,,28/03/2026,,3,"27,716","Tyre NSF: YOKOHAMA	5.0mm, Tyre OSF: YOKOHAMA	5.0mm, Tyre NSR: MICHELIN	5.0mm, Tyre OSR: MICHELIN	5.0mm, Spare Tyre: 	"
ebca,24,East Anglian Motor Auctions,Vauxhall,GV21MWL,Vauxhall,Mokka,Turbo 100 SRi Nav Premium,124,Hatchback,Petrol,MANUAL,ECA,21/1/2026,11am,04/06/2021,2021,17827,Warranted,Here,10/06/2026,yes,Margin,,1,1.2,,https://www.ebca.co.uk/motorvehicleinspectionreport/standard/5506.pdf,"https://ebca-prod-data-s3-public.s3.eu-west-1.amazonaws.com/motorvehicle/5506/images/1762508220_nzEzQv.jpg, https://ebca-prod-data-s3-public.s3.eu-west-1.amazonaws.com/motorvehicle/5506/images/1762508225_SjVcby.jpg, https://ebca-prod-data-s3-public.s3.eu-west-1.amazonaws.com/motorvehicle/5506/images/1762508230_ynG9MC.jpg, https://ebca-prod-data-s3-public.s3.eu-west-1.amazonaws.com/motorvehicle/5506/images/1762508254_YsNQ2W.jpg, https://ebca-prod-data-s3-public.s3.eu-west-1.amazonaws.com/motorvehicle/5506/images/1762508265_vqLojH.jpg, https://ebca-prod-data-s3-public.s3.eu-west-1.amazonaws.com/motorvehicle/5506/images/1762508238_7po4he.jpg, https://ebca-prod-data-s3-public.s3.eu-west-1.amazonaws.com/motorvehicle/5506/images/1762508243_2EHvb5.jpg, https://ebca-prod-data-s3-public.s3.eu-west-1.amazonaws.com/motorvehicle/5506/images/1762508249_Pk2slI.jpg, https://ebca-prod-data-s3-public.s3.eu-west-1.amazonaws.com/motorvehicle/5506/images/1762508258_Z11AW8.jpg, https://ebca-prod-data-s3-public.s3.eu-west-1.amazonaws.com/motorvehicle/5506/images/1762508280_CIs2gy.jpg, https://ebca-prod-data-s3-public.s3.eu-west-1.amazonaws.com/motorvehicle/5506/images/1762508286_q370wG.jpg","https://ebca-prod-data-s3-public.s3.eu-west-1.amazonaws.com/motorvehicle/5506/images/1762508286_q370wG.jpg, https://ebca-prod-data-s3-public.s3.eu-west-1.amazonaws.com/motorvehicle/5506/images/1762508220_nzEzQv.jpg, https://ebca-prod-data-s3-public.s3.eu-west-1.amazonaws.com/motorvehicle/5506/images/1762508225_SjVcby.jpg",Bonnet Chipped 1 To 5,"{'information': {'Keys': '2', 'Service history': 'yes', 'Service documents': 'Service Book', 'Number of stamps': '3', 'Last service date': '30/05/2024', 'Last service miles': '14,846', 'MOT Due': '10/06/2026', 'Former Keepers': '1', 'Body Style': 'Hatchback', 'Hubs': 'Alloy', 'BHP': '99', 'Euro Status': '6', 'Euro': '6', 'CO2': '127', 'MPG Combined': '50.4'}}",GREY,2,"£11,050.00","£8,725.00","£9,900.00",,"{'Interior & Tyres': {}, 'Interior': {'Carpet condition': 'Average', 'Seat condition': 'Average', 'Upholstery condition': 'Average', 'Odour': 'No'}, 'Tyres': {'Tyre NSF': 'MICHELIN\t2.0mm', 'Tyre OSF': 'MICHELIN\t2.0mm', 'Tyre NSR': 'MICHELIN\t4.0mm', 'Tyre OSR': 'MICHELIN\t4.0mm', 'Spare Tyre': '\t'}}",4,5,,10/06/2026,,3,"14,846","Tyre NSF: MICHELIN	2.0mm, Tyre OSF: MICHELIN	2.0mm, Tyre NSR: MICHELIN	4.0mm, Tyre OSR: MICHELIN	4.0mm, Spare Tyre: 	"
ebca,24,East Anglian Motor Auctions,Dacia,GV22HZC,Dacia,Jogger,TCe Comfort,142,MPV,Petrol,MANUAL,ECA,21/1/2026,11am,29/06/2022,2022,31568,Warranted,Here,28/06/2026,yes,Margin,,,1.0,,https://www.ebca.co.uk/motorvehicleinspectionreport/standard/6009.pdf,"https://ebca-prod-data-s3-public.s3.eu-west-1.amazonaws.com/motorvehicle/6009/images/1764246615_RI89jq.jpg, https://ebca-prod-data-s3-public.s3.eu-west-1.amazonaws.com/motorvehicle/6009/images/1764246620_WiBMTN.jpg, https://ebca-prod-data-s3-public.s3.eu-west-1.amazonaws.com/motorvehicle/6009/images/1764246626_T8REBe.jpg, https://ebca-prod-data-s3-public.s3.eu-west-1.amazonaws.com/motorvehicle/6009/images/1764246657_NfK9t7.jpg, https://ebca-prod-data-s3-public.s3.eu-west-1.amazonaws.com/motorvehicle/6009/images/1764246670_ZzDUE8.jpg, https://ebca-prod-data-s3-public.s3.eu-west-1.amazonaws.com/motorvehicle/6009/images/1764246688_JQwrZn.jpg, https://ebca-prod-data-s3-public.s3.eu-west-1.amazonaws.com/motorvehicle/6009/images/1764246099_90UPuG.jpg, https://ebca-prod-data-s3-public.s3.eu-west-1.amazonaws.com/motorvehicle/6009/images/1764246112_zQiXla.jpg, https://ebca-prod-data-s3-public.s3.eu-west-1.amazonaws.com/motorvehicle/6009/images/1764246126_ZeUIj4.jpg, https://ebca-prod-data-s3-public.s3.eu-west-1.amazonaws.com/motorvehicle/6009/images/1764246134_wOWJsa.jpg, https://ebca-prod-data-s3-public.s3.eu-west-1.amazonaws.com/motorvehicle/6009/images/1764246632_VzKaPW.jpg, https://ebca-prod-data-s3-public.s3.eu-west-1.amazonaws.com/motorvehicle/6009/images/1764246640_sCDH3g.jpg, https://ebca-prod-data-s3-public.s3.eu-west-1.amazonaws.com/motorvehicle/6009/images/1764246649_knmm03.jpg, https://ebca-prod-data-s3-public.s3.eu-west-1.amazonaws.com/motorvehicle/6009/images/1764246664_aL4C3M.jpg","https://ebca-prod-data-s3-public.s3.eu-west-1.amazonaws.com/motorvehicle/6009/images/1764246664_aL4C3M.jpg, https://ebca-prod-data-s3-public.s3.eu-west-1.amazonaws.com/motorvehicle/6009/images/1764246615_RI89jq.jpg, https://ebca-prod-data-s3-public.s3.eu-west-1.amazonaws.com/motorvehicle/6009/images/1764246620_WiBMTN.jpg",Bonnet Chipped Multiple Chips,"{'information': {'Keys': '1', 'Service history': 'yes', 'Service documents': 'Printout', 'Number of stamps': '1', 'Last service date': '02/06/2023', 'Last service miles': '13,153', 'MOT Due': '28/06/2026', 'Body Style': 'MPV', 'Hubs': 'Steel', 'BHP': '109', 'Euro Status': '6', 'Euro': '6', 'CO2': '131', 'MPG Combined': '48.7'}}",GREY,1,"£11,000.00","£8,850.00","£9,925.00",,"{'Interior & Tyres': {}, 'Interior': {'Carpet condition': 'Average', 'Seat condition': 'Average', 'Upholstery condition': 'Average', 'Odour': 'No'}, 'Tyres': {'Tyre NSF': 'ROTALLA\t5.0mm', 'Tyre OSF': 'ROTALLA\t5.0mm', 'Tyre NSR': 'ROTALLA\t5.0mm', 'Tyre OSR': 'ROTALLA\t5.0mm', 'Spare Tyre': '\t'}}",3,5,,28/06/2026,,1,"13,153","Tyre NSF: ROTALLA	5.0mm, Tyre OSF: ROTALLA	5.0mm, Tyre NSR: ROTALLA	5.0mm, Tyre OSR: ROTALLA	5.0mm, Spare Tyre: 	"
ebca,24,East Anglian Motor Auctions,Suzuki,GV66LWG,Suzuki,Sx4 S-Cross,SZ-T,120,Hatchback,Petrol,MANUAL,ECA,21/1/2026,11am,20/12/2016,2016,77962,Warranted,Here,19/12/2026,yes,Margin,,1,1.6,,https://www.ebca.co.uk/motorvehicleinspectionreport/standard/6828.pdf,"https://ebca-prod-data-s3-public.s3.eu-west-1.amazonaws.com/motorvehicle/6828/images/1768311120_jltMpn.jpg, https://ebca-prod-data-s3-public.s3.eu-west-1.amazonaws.com/motorvehicle/6828/images/1768311126_hzpSmC.jpg, https://ebca-prod-data-s3-public.s3.eu-west-1.amazonaws.com/motorvehicle/6828/images/1768311132_GI44vO.jpg, https://ebca-prod-data-s3-public.s3.eu-west-1.amazonaws.com/motorvehicle/6828/images/1768311149_lY4VlQ.jpg, https://ebca-prod-data-s3-public.s3.eu-west-1.amazonaws.com/motorvehicle/6828/images/1768311161_ErqrAX.jpg, https://ebca-prod-data-s3-public.s3.eu-west-1.amazonaws.com/motorvehicle/6828/images/1768311185_0VLge2.jpg, https://ebca-prod-data-s3-public.s3.eu-west-1.amazonaws.com/motorvehicle/6828/images/1768311138_eeut4M.jpg, https://ebca-prod-data-s3-public.s3.eu-west-1.amazonaws.com/motorvehicle/6828/images/1768311142_cRy1yr.jpg, https://ebca-prod-data-s3-public.s3.eu-west-1.amazonaws.com/motorvehicle/6828/images/1768311154_YxljGh.jpg, https://ebca-prod-data-s3-public.s3.eu-west-1.amazonaws.com/motorvehicle/6828/images/1768311207_WXlOge.jpg, https://ebca-prod-data-s3-public.s3.eu-west-1.amazonaws.com/motorvehicle/6828/images/1768311219_z9AzL8.jpg, https://ebca-prod-data-s3-public.s3.eu-west-1.amazonaws.com/motorvehicle/6828/images/1768311227_UR0b9a.jpg, https://ebca-prod-data-s3-public.s3.eu-west-1.amazonaws.com/motorvehicle/6828/images/1768311243_04WfYC.jpg, https://ebca-prod-data-s3-public.s3.eu-west-1.amazonaws.com/motorvehicle/6828/images/1768311250_byO5U1.jpg, https://ebca-prod-data-s3-public.s3.eu-west-1.amazonaws.com/motorvehicle/6828/images/1768311257_Jfdbtg.jpg","https://ebca-prod-data-s3-public.s3.eu-west-1.amazonaws.com/motorvehicle/6828/images/1768311257_Jfdbtg.jpg, https://ebca-prod-data-s3-public.s3.eu-west-1.amazonaws.com/motorvehicle/6828/images/1768311120_jltMpn.jpg, https://ebca-prod-data-s3-public.s3.eu-west-1.amazonaws.com/motorvehicle/6828/images/1768311126_hzpSmC.jpg",Bonnet Chipped Multiple Chips,"{'information': {'Keys': '2', 'Service history': 'yes', 'Service documents': 'Service Book', 'Number of stamps': '3', 'Last service date': '03/11/2021', 'Last service miles': '45,492', 'MOT Due': '19/12/2026', 'Former Keepers': '1', 'Body Style': 'Hatchback', 'Hubs': 'Alloy', 'BHP': '118', 'Gross Weight': '1730', 'Euro Status': '6', 'Euro': '6', 'CO2': '127', 'MPG Combined': '51.4', 'MPG Urban': '41.5', 'MPG Extra Urban': '58.9'}}",WHITE,2,"£3,675.00","£2,600.00","£3,150.00",,"{'Interior & Tyres': {}, 'Interior': {'Carpet condition': 'Average', 'Seat condition': 'Average', 'Upholstery condition': 'Average', 'Odour': 'No'}, 'Tyres': {'Tyre NSF': 'TRIANGLE\t5.0mm', 'Tyre OSF': 'TRIANGLE\t5.0mm', 'Tyre NSR': 'SUNNY\t6.0mm', 'Tyre OSR': 'TRIANGLE\t5.0mm', 'Spare Tyre': '\t'}}",4,5,,19/12/2026,,3,"45,492","Tyre NSF: TRIANGLE	5.0mm, Tyre OSF: TRIANGLE	5.0mm, Tyre NSR: SUNNY	6.0mm, Tyre OSR: TRIANGLE	5.0mm, Spare Tyre: 	"
ebca,24,East Anglian Motor Auctions,Audi,GV69YAX,Audi,A1,TFSI Sport,58,Hatchback,Petrol,MANUAL,ECA,21/1/2026,11am,08/02/2020,2020,65405,Warranted,Here,13/08/2026,yes,Margin,,1,1.0,,https://www.ebca.co.uk/motorvehicleinspectionreport/standard/6895.pdf,"https://ebca-prod-data-s3-public.s3.eu-west-1.amazonaws.com/motorvehicle/6895/images/1768835374_6B9sDa.jpg, https://ebca-prod-data-s3-public.s3.eu-west-1.amazonaws.com/motorvehicle/6895/images/1768835380_ao8Lzb.jpg, https://ebca-prod-data-s3-public.s3.eu-west-1.amazonaws.com/motorvehicle/6895/images/1768835385_D6p5MT.jpg, https://ebca-prod-data-s3-public.s3.eu-west-1.amazonaws.com/motorvehicle/6895/images/1768835396_lLudL0.jpg, https://ebca-prod-data-s3-public.s3.eu-west-1.amazonaws.com/motorvehicle/6895/images/1768835406_UmbHg3.jpg, https://ebca-prod-data-s3-public.s3.eu-west-1.amazonaws.com/motorvehicle/6895/images/1768835423_5JMN5d.jpg, https://ebca-prod-data-s3-public.s3.eu-west-1.amazonaws.com/motorvehicle/6895/images/1768823984_n5gaAD.jpg, https://ebca-prod-data-s3-public.s3.eu-west-1.amazonaws.com/motorvehicle/6895/images/1768823972_Rf5UFm.jpg, https://ebca-prod-data-s3-public.s3.eu-west-1.amazonaws.com/motorvehicle/6895/images/1768823977_8Jg9tv.jpg, https://ebca-prod-data-s3-public.s3.eu-west-1.amazonaws.com/motorvehicle/6895/images/1768823990_UKN3xS.jpg, https://ebca-prod-data-s3-public.s3.eu-west-1.amazonaws.com/motorvehicle/6895/images/1768823997_gxk3sX.jpg, https://ebca-prod-data-s3-public.s3.eu-west-1.amazonaws.com/motorvehicle/6895/images/1768824004_eIyFvj.jpg, https://ebca-prod-data-s3-public.s3.eu-west-1.amazonaws.com/motorvehicle/6895/images/1768835401_DwGCMV.jpg","https://ebca-prod-data-s3-public.s3.eu-west-1.amazonaws.com/motorvehicle/6895/images/1768835401_DwGCMV.jpg, https://ebca-prod-data-s3-public.s3.eu-west-1.amazonaws.com/motorvehicle/6895/images/1768835374_6B9sDa.jpg, https://ebca-prod-data-s3-public.s3.eu-west-1.amazonaws.com/motorvehicle/6895/images/1768835380_ao8Lzb.jpg",Wheel osf Scratched Up To 50mm,"{'information': {'Keys': '2', 'Service history': 'yes', 'Service documents': 'Printout', 'Number of stamps': '3', 'Last service date': '18/12/2025', 'Last service miles': '65,031', 'MOT Due': '13/08/2026', 'Former Keepers': '1', 'Body Style': 'Hatchback', 'Hubs': 'Alloy', 'BHP': '114', 'Gross Weight': '1655', 'Euro Status': '6', 'Euro': '6', 'CO2': '111', 'MPG Combined': '48.7', 'MPG Urban': '47.1', 'MPG Extra Urban': '67.3'}}",BLACK,2,"£9,575.00","£7,475.00","£8,525.00",,"{'Interior & Tyres': {}, 'Interior': {'Carpet condition': 'Average', 'Seat condition': 'Average', 'Upholstery condition': 'Average', 'Odour': 'No'}, 'Tyres': {'Tyre NSF': 'BUDGET\t5.0mm', 'Tyre OSF': 'BUDGET\t5.0mm', 'Tyre NSR': 'PIRELLI\t5.0mm', 'Tyre OSR': 'PIRELLI\t5.0mm', 'Spare Tyre': '\t'}}",3,5,,13/08/2026,,3,"65,031","Tyre NSF: BUDGET	5.0mm, Tyre OSF: BUDGET	5.0mm, Tyre NSR: PIRELLI	5.0mm, Tyre OSR: PIRELLI	5.0mm, Spare Tyre: 	"
ebca,24,East Anglian Motor Auctions,Toyota,GV70BVL,Toyota,Aygo,VVT-i X-Play TSS,24,Hatchback,Petrol,MANUAL,ECA,21/1/2026,11am,03/12/2020,2020,50862,Warranted,Here,14/12/2026,yes,Margin,,,1.0,,https://www.ebca.co.uk/motorvehicleinspectionreport/standard/6452.pdf,"https://ebca-prod-data-s3-public.s3.eu-west-1.amazonaws.com/motorvehicle/6452/images/1766401628_wIvKSa.jpg, https://ebca-prod-data-s3-public.s3.eu-west-1.amazonaws.com/motorvehicle/6452/images/1766401635_sCiVch.jpg, https://ebca-prod-data-s3-public.s3.eu-west-1.amazonaws.com/motorvehicle/6452/images/1766401640_qvrp3k.jpg, https://ebca-prod-data-s3-public.s3.eu-west-1.amazonaws.com/motorvehicle/6452/images/1766401658_vrWm9k.jpg, https://ebca-prod-data-s3-public.s3.eu-west-1.amazonaws.com/motorvehicle/6452/images/1766401671_rDI1MX.jpg, https://ebca-prod-data-s3-public.s3.eu-west-1.amazonaws.com/motorvehicle/6452/images/1766401685_b7y1Da.jpg, https://ebca-prod-data-s3-public.s3.eu-west-1.amazonaws.com/motorvehicle/6452/images/1766401585_GDB9RG.jpg, https://ebca-prod-data-s3-public.s3.eu-west-1.amazonaws.com/motorvehicle/6452/images/1766401593_oa6Y4A.jpg, https://ebca-prod-data-s3-public.s3.eu-west-1.amazonaws.com/motorvehicle/6452/images/1766401600_0vPY9y.jpg, https://ebca-prod-data-s3-public.s3.eu-west-1.amazonaws.com/motorvehicle/6452/images/1766401605_GJlcTg.jpg, https://ebca-prod-data-s3-public.s3.eu-west-1.amazonaws.com/motorvehicle/6452/images/1766401613_RSDObT.jpg, https://ebca-prod-data-s3-public.s3.eu-west-1.amazonaws.com/motorvehicle/6452/images/1766401645_15LZ3q.jpg, https://ebca-prod-data-s3-public.s3.eu-west-1.amazonaws.com/motorvehicle/6452/images/1766401653_UwcXqY.jpg, https://ebca-prod-data-s3-public.s3.eu-west-1.amazonaws.com/motorvehicle/6452/images/1766401664_dM9ohG.jpg","https://ebca-prod-data-s3-public.s3.eu-west-1.amazonaws.com/motorvehicle/6452/images/1766401664_dM9ohG.jpg, https://ebca-prod-data-s3-public.s3.eu-west-1.amazonaws.com/motorvehicle/6452/images/1766401628_wIvKSa.jpg, https://ebca-prod-data-s3-public.s3.eu-west-1.amazonaws.com/motorvehicle/6452/images/1766401635_sCiVch.jpg",Bonnet Chipped 1 To 5,"{'information': {'Keys': '2', 'Service history': 'yes', 'Service documents': 'Service Book', 'Number of stamps': '4', 'Last service date': '05/02/2025', 'Last service miles': '44,234', 'MOT Due': '14/12/2026', 'Body Style': 'Hatchback', 'Hubs': 'Steel', 'BHP': '69', 'Gross Weight': '1240', 'Euro Status': '6', 'Euro': '6', 'CO2': '114', 'MPG Combined': '68.9', 'MPG Urban': '57.6', 'MPG Extra Urban': '78.5'}}",WHITE,2,"£5,600.00","£4,100.00","£4,850.00",,"{'Interior & Tyres': {}, 'Interior': {'Carpet condition': 'Average', 'Seat condition': 'Average', 'Upholstery condition': 'Average', 'Odour': 'No'}, 'Tyres': {'Tyre NSF': 'BUDGET\t4.0mm', 'Tyre OSF': 'FALKEN\t4.0mm', 'Tyre NSR': 'FALKEN\t4.0mm', 'Tyre OSR': 'FALKEN\t4.0mm', 'Spare Tyre': '\t'}}",4,5,,14/12/2026,,4,"44,234","Tyre NSF: BUDGET	4.0mm, Tyre OSF: FALKEN	4.0mm, Tyre NSR: FALKEN	4.0mm, Tyre OSR: FALKEN	4.0mm, Spare Tyre: 	"
ebca,24,East Anglian Motor Auctions,Volvo,GX18VXU,Volvo,XC40,T5 First Edition AWD Geartronic,56,Estate,Petrol,AUTOMATIC,ECA,21/1/2026,11am,01/03/2018,2018,99215,Warranted,Here,02/04/2026,yes,Margin,,2,2.0,,https://www.ebca.co.uk/motorvehicleinspectionreport/standard/6910.pdf,"https://ebca-prod-data-s3-public.s3.eu-west-1.amazonaws.com/motorvehicle/6910/images/1768576891_XE8la4.jpg, https://ebca-prod-data-s3-public.s3.eu-west-1.amazonaws.com/motorvehicle/6910/images/1768576897_1qb8FU.jpg, https://ebca-prod-data-s3-public.s3.eu-west-1.amazonaws.com/motorvehicle/6910/images/1768576903_4Bdz3n.jpg, https://ebca-prod-data-s3-public.s3.eu-west-1.amazonaws.com/motorvehicle/6910/images/1768576919_LGcgOY.jpg, https://ebca-prod-data-s3-public.s3.eu-west-1.amazonaws.com/motorvehicle/6910/images/1768576933_pi8CU5.jpg, https://ebca-prod-data-s3-public.s3.eu-west-1.amazonaws.com/motorvehicle/6910/images/1768576969_UB3HhQ.jpg, https://ebca-prod-data-s3-public.s3.eu-west-1.amazonaws.com/motorvehicle/6910/images/1768576908_kxkZtO.jpg, https://ebca-prod-data-s3-public.s3.eu-west-1.amazonaws.com/motorvehicle/6910/images/1768576913_ZJdagg.jpg, https://ebca-prod-data-s3-public.s3.eu-west-1.amazonaws.com/motorvehicle/6910/images/1768576924_HTwxRu.jpg, https://ebca-prod-data-s3-public.s3.eu-west-1.amazonaws.com/motorvehicle/6910/images/1768576985_9UaP96.jpg, https://ebca-prod-data-s3-public.s3.eu-west-1.amazonaws.com/motorvehicle/6910/images/1768577029_JvrVGv.jpg, https://ebca-prod-data-s3-public.s3.eu-west-1.amazonaws.com/motorvehicle/6910/images/1768577035_ldwcWa.jpg, https://ebca-prod-data-s3-public.s3.eu-west-1.amazonaws.com/motorvehicle/6910/images/1768577042_fPJakk.jpg, https://ebca-prod-data-s3-public.s3.eu-west-1.amazonaws.com/motorvehicle/6910/images/1768577050_YA4dJf.jpg, https://ebca-prod-data-s3-public.s3.eu-west-1.amazonaws.com/motorvehicle/6910/images/1768577062_ZiOFkT.jpg","https://ebca-prod-data-s3-public.s3.eu-west-1.amazonaws.com/motorvehicle/6910/images/1768577062_ZiOFkT.jpg, https://ebca-prod-data-s3-public.s3.eu-west-1.amazonaws.com/motorvehicle/6910/images/1768576891_XE8la4.jpg, https://ebca-prod-data-s3-public.s3.eu-west-1.amazonaws.com/motorvehicle/6910/images/1768576897_1qb8FU.jpg",Bonnet Chipped 1 To 5,"{'information': {'Keys': '2', 'Service history': 'yes', 'Service documents': 'Service Book', 'Number of stamps': '6', 'Last service date': '19/01/2024', 'Last service miles': '74,598', 'MOT Due': '02/04/2026', 'Former Keepers': '2', 'Body Style': 'Estate', 'Hubs': 'Alloy', 'BHP': '244', 'Gross Weight': '2220', 'Euro Status': '6', 'Euro': '6', 'CO2': '166', 'MPG Combined': '32.8', 'MPG Urban': '31', 'MPG Extra Urban': '47.1'}}",WHITE,2,"£14,000.00","£11,400.00","£12,750.00",,"{'Interior & Tyres': {}, 'Interior': {'Carpet condition': 'Average', 'Seat condition': 'Average', 'Upholstery condition': 'Average', 'Odour': 'No'}, 'Tyres': {'Tyre NSF': 'PIRELLI\t5.0mm', 'Tyre OSF': 'PIRELLI\t5.0mm', 'Tyre NSR': 'PIRELLI\t5.0mm', 'Tyre OSR': 'PIRELLI\t5.0mm', 'Spare Tyre': '\t'}}",3,5,,02/04/2026,,6,"74,598","Tyre NSF: PIRELLI	5.0mm, Tyre OSF: PIRELLI	5.0mm, Tyre NSR: PIRELLI	5.0mm, Tyre OSR: PIRELLI	5.0mm, Spare Tyre: 	"
ebca,24,East Anglian Motor Auctions,Seat,GX21YZK,Seat,Ibiza,TSI 110 FR EZ,11,Hatchback,Petrol,MANUAL,ECA,21/1/2026,11am,09/04/2021,2021,47218,Warranted,Here,08/04/2026,yes,Margin,,1,1.0,,https://www.ebca.co.uk/motorvehicleinspectionreport/standard/5377.pdf,"https://ebca-prod-data-s3-public.s3.eu-west-1.amazonaws.com/motorvehicle/5377/images/1762173408_Ph6jrn.jpg, https://ebca-prod-data-s3-public.s3.eu-west-1.amazonaws.com/motorvehicle/5377/images/1762173413_qDtOnl.jpg, https://ebca-prod-data-s3-public.s3.eu-west-1.amazonaws.com/motorvehicle/5377/images/1762173417_J41mnV.jpg, https://ebca-prod-data-s3-public.s3.eu-west-1.amazonaws.com/motorvehicle/5377/images/1762173436_oN2Eaj.jpg, https://ebca-prod-data-s3-public.s3.eu-west-1.amazonaws.com/motorvehicle/5377/images/1762173454_fjD2MK.jpg, https://ebca-prod-data-s3-public.s3.eu-west-1.amazonaws.com/motorvehicle/5377/images/1762173425_0efykg.jpg, https://ebca-prod-data-s3-public.s3.eu-west-1.amazonaws.com/motorvehicle/5377/images/1762173431_83E82G.jpg, https://ebca-prod-data-s3-public.s3.eu-west-1.amazonaws.com/motorvehicle/5377/images/1762173441_pm2xAy.jpg, https://ebca-prod-data-s3-public.s3.eu-west-1.amazonaws.com/motorvehicle/5377/images/1762173471_tqb2OZ.jpg, https://ebca-prod-data-s3-public.s3.eu-west-1.amazonaws.com/motorvehicle/5377/images/1762173477_1yzGbQ.jpg, https://ebca-prod-data-s3-public.s3.eu-west-1.amazonaws.com/motorvehicle/5377/images/1762173482_tN1XvP.jpg","https://ebca-prod-data-s3-public.s3.eu-west-1.amazonaws.com/motorvehicle/5377/images/1762173482_tN1XvP.jpg, https://ebca-prod-data-s3-public.s3.eu-west-1.amazonaws.com/motorvehicle/5377/images/1762173408_Ph6jrn.jpg, https://ebca-prod-data-s3-public.s3.eu-west-1.amazonaws.com/motorvehicle/5377/images/1762173413_qDtOnl.jpg",Bonnet Chipped Multiple Chips,"{'information': {'Keys': '2', 'Service history': 'yes', 'Service documents': 'Printout', 'Number of stamps': '1', 'Last service date': '28/09/2023', 'Last service miles': '23,726', 'MOT Due': '08/04/2026', 'Former Keepers': '1', 'Body Style': 'Hatchback', 'Hubs': 'Alloy', 'BHP': '109', 'Euro Status': '6', 'Euro': '6', 'CO2': '123', 'MPG Combined': '51.4'}}",WHITE,2,"£9,225.00","£7,175.00","£8,200.00",,"{'Interior & Tyres': {}, 'Interior': {'Carpet condition': 'Average', 'Seat condition': 'Average', 'Upholstery condition': 'Average', 'Odour': 'No'}, 'Tyres': {'Tyre NSF': 'BUDGET\t2.0mm', 'Tyre OSF': 'LAUFENN\t2.0mm', 'Tyre NSR': 'LAUFENN\t3.0mm', 'Tyre OSR': 'LAUFENN\t3.0mm', 'Spare Tyre': '\t'}}",4,5,,08/04/2026,,1,"23,726","Tyre NSF: BUDGET	2.0mm, Tyre OSF: LAUFENN	2.0mm, Tyre NSR: LAUFENN	3.0mm, Tyre OSR: LAUFENN	3.0mm, Spare Tyre: 	"
ebca,24,East Anglian Motor Auctions,Kia,GX67MTE,Kia,Sportage,CRDi ISG 3,119,Estate,Diesel,MANUAL,ECA,21/1/2026,11am,02/09/2017,2017,131742,Warranted,Here,21/10/2026,yes,Margin,,1,1.7,,https://www.ebca.co.uk/motorvehicleinspectionreport/standard/6805.pdf,"https://ebca-prod-data-s3-public.s3.eu-west-1.amazonaws.com/motorvehicle/6805/images/1768318772_Kp86XT.jpg, https://ebca-prod-data-s3-public.s3.eu-west-1.amazonaws.com/motorvehicle/6805/images/1768318778_HN0X9S.jpg, https://ebca-prod-data-s3-public.s3.eu-west-1.amazonaws.com/motorvehicle/6805/images/1768318784_J8cyHD.jpg, https://ebca-prod-data-s3-public.s3.eu-west-1.amazonaws.com/motorvehicle/6805/images/1768318800_MX6pe7.jpg, https://ebca-prod-data-s3-public.s3.eu-west-1.amazonaws.com/motorvehicle/6805/images/1768318811_PEPh3y.jpg, https://ebca-prod-data-s3-public.s3.eu-west-1.amazonaws.com/motorvehicle/6805/images/1768318833_AkQLMO.jpg, https://ebca-prod-data-s3-public.s3.eu-west-1.amazonaws.com/motorvehicle/6805/images/1768318698_UsV5AG.jpg, https://ebca-prod-data-s3-public.s3.eu-west-1.amazonaws.com/motorvehicle/6805/images/1768318708_0bFJNx.jpg, https://ebca-prod-data-s3-public.s3.eu-west-1.amazonaws.com/motorvehicle/6805/images/1768318716_KCBQIR.jpg, https://ebca-prod-data-s3-public.s3.eu-west-1.amazonaws.com/motorvehicle/6805/images/1768318728_da3bGZ.jpg, https://ebca-prod-data-s3-public.s3.eu-west-1.amazonaws.com/motorvehicle/6805/images/1768318746_h15E6Q.jpg, https://ebca-prod-data-s3-public.s3.eu-west-1.amazonaws.com/motorvehicle/6805/images/1768318789_H5kp7z.jpg, https://ebca-prod-data-s3-public.s3.eu-west-1.amazonaws.com/motorvehicle/6805/images/1768318794_qU1Lc2.jpg, https://ebca-prod-data-s3-public.s3.eu-west-1.amazonaws.com/motorvehicle/6805/images/1768318805_YYP4JC.jpg","https://ebca-prod-data-s3-public.s3.eu-west-1.amazonaws.com/motorvehicle/6805/images/1768318805_YYP4JC.jpg, https://ebca-prod-data-s3-public.s3.eu-west-1.amazonaws.com/motorvehicle/6805/images/1768318772_Kp86XT.jpg, https://ebca-prod-data-s3-public.s3.eu-west-1.amazonaws.com/motorvehicle/6805/images/1768318778_HN0X9S.jpg",Bonnet Chipped Multiple Chips,"{'information': {'Keys': '2', 'Service history': 'yes', 'Service documents': 'Service Book', 'Number of stamps': '12', 'Last service date': '28/02/2025', 'Last service miles': '127,248', 'MOT Due': '21/10/2026', 'Former Keepers': '1', 'Body Style': 'Estate', 'Hubs': 'Alloy', 'BHP': '114', 'Gross Weight': '2000', 'Euro Status': '6', 'Euro': '6', 'CO2': '119', 'MPG Combined': '61.4', 'MPG Urban': '52.3', 'MPG Extra Urban': '67.3'}}",SILVER,2,"£4,225.00","£3,000.00","£3,600.00",,"{'Interior & Tyres': {}, 'Interior': {'Carpet condition': 'Average', 'Seat condition': 'Average', 'Upholstery condition': 'Average', 'Odour': 'No'}, 'Tyres': {'Tyre NSF': 'SUNNY\t5.0mm', 'Tyre OSF': 'BUDGET\t5.0mm', 'Tyre NSR': 'BUDGET\t5.0mm', 'Tyre OSR': 'BUDGET\t5.0mm', 'Spare Tyre': '\t'}}",4,5,,21/10/2026,,12,"127,248","Tyre NSF: SUNNY	5.0mm, Tyre OSF: BUDGET	5.0mm, Tyre NSR: BUDGET	5.0mm, Tyre OSR: BUDGET	5.0mm, Spare Tyre: 	"
ebca,24,East Anglian Motor Auctions,Kia,GX69XJM,Kia,Sportage,GDi ISG Platinum Edition,112,Estate,Petrol,MANUAL,ECA,21/1/2026,11am,09/09/2019,2019,37371,Warranted,Here,08/09/2026,yes,Margin,,2,1.6,,https://www.ebca.co.uk/motorvehicleinspectionreport/standard/6898.pdf,"https://ebca-prod-data-s3-public.s3.eu-west-1.amazonaws.com/motorvehicle/6898/images/1768568741_x9a9Ib.jpg, https://ebca-prod-data-s3-public.s3.eu-west-1.amazonaws.com/motorvehicle/6898/images/1768568747_yw6ojJ.jpg, https://ebca-prod-data-s3-public.s3.eu-west-1.amazonaws.com/motorvehicle/6898/images/1768568753_8uZJJZ.jpg, https://ebca-prod-data-s3-public.s3.eu-west-1.amazonaws.com/motorvehicle/6898/images/1768568769_NEKlrK.jpg, https://ebca-prod-data-s3-public.s3.eu-west-1.amazonaws.com/motorvehicle/6898/images/1768568806_Iz5zd0.jpg, https://ebca-prod-data-s3-public.s3.eu-west-1.amazonaws.com/motorvehicle/6898/images/1768568827_jAXJHZ.jpg, https://ebca-prod-data-s3-public.s3.eu-west-1.amazonaws.com/motorvehicle/6898/images/1768568759_jscVQ6.jpg, https://ebca-prod-data-s3-public.s3.eu-west-1.amazonaws.com/motorvehicle/6898/images/1768568764_QgwwJ6.jpg, https://ebca-prod-data-s3-public.s3.eu-west-1.amazonaws.com/motorvehicle/6898/images/1768568776_oll2Zu.jpg, https://ebca-prod-data-s3-public.s3.eu-west-1.amazonaws.com/motorvehicle/6898/images/1768568839_E6jQcX.jpg, https://ebca-prod-data-s3-public.s3.eu-west-1.amazonaws.com/motorvehicle/6898/images/1768568855_1f7Fwy.jpg, https://ebca-prod-data-s3-public.s3.eu-west-1.amazonaws.com/motorvehicle/6898/images/1768568863_S7O8m5.jpg, https://ebca-prod-data-s3-public.s3.eu-west-1.amazonaws.com/motorvehicle/6898/images/1768568883_GSorJH.jpg, https://ebca-prod-data-s3-public.s3.eu-west-1.amazonaws.com/motorvehicle/6898/images/1768568888_xWl1pb.jpg","https://ebca-prod-data-s3-public.s3.eu-west-1.amazonaws.com/motorvehicle/6898/images/1768568888_xWl1pb.jpg, https://ebca-prod-data-s3-public.s3.eu-west-1.amazonaws.com/motorvehicle/6898/images/1768568741_x9a9Ib.jpg, https://ebca-prod-data-s3-public.s3.eu-west-1.amazonaws.com/motorvehicle/6898/images/1768568747_yw6ojJ.jpg",Bonnet Scratched Over 25mm Thru Paint,"{'information': {'Keys': '2', 'Service history': 'yes', 'Service documents': 'Service Book', 'Number of stamps': '6', 'Last service date': '15/09/2025', 'Last service miles': '35,836', 'MOT Due': '08/09/2026', 'Former Keepers': '2', 'Body Style': 'Estate', 'Hubs': 'Alloy', 'BHP': '130', 'Euro Status': '6', 'Euro': '6', 'CO2': '156', 'MPG Combined': '34.9', 'MPG Urban': '35.4', 'MPG Extra Urban': '46.4'}}",SILVER,2,"£11,600.00","£9,200.00","£10,400.00",,"{'Interior & Tyres': {}, 'Interior': {'Carpet condition': 'Average', 'Seat condition': 'Average', 'Upholstery condition': 'Average', 'Odour': 'No'}, 'Tyres': {'Tyre NSF': 'GT RADIAL\t5.0mm', 'Tyre OSF': 'GT RADIAL\t5.0mm', 'Tyre NSR': 'TRIANGLE\t6.0mm', 'Tyre OSR': 'GT RADIAL\t5.0mm', 'Spare Tyre': '\t'}}",3,5,,08/09/2026,,6,"35,836","Tyre NSF: GT RADIAL	5.0mm, Tyre OSF: GT RADIAL	5.0mm, Tyre NSR: TRIANGLE	6.0mm, Tyre OSR: GT RADIAL	5.0mm, Spare Tyre: 	"
ebca,24,East Anglian Motor Auctions,Audi,GX71XCN,Audi,Q3,TFSI Quattro Black Edition S Tronic,55,Estate,Petrol,SEMI AUTO,ECA,21/1/2026,11am,23/12/2021,2021,33560,Warranted,Here,14/01/2027,yes,Margin,,,2.0,,https://www.ebca.co.uk/motorvehicleinspectionreport/standard/6250.pdf,"https://ebca-prod-data-s3-public.s3.eu-west-1.amazonaws.com/motorvehicle/6250/images/1765354488_LdG0Bv.jpg, https://ebca-prod-data-s3-public.s3.eu-west-1.amazonaws.com/motorvehicle/6250/images/1765354494_0NhGfL.jpg, https://ebca-prod-data-s3-public.s3.eu-west-1.amazonaws.com/motorvehicle/6250/images/1765354500_CqhAYp.jpg, https://ebca-prod-data-s3-public.s3.eu-west-1.amazonaws.com/motorvehicle/6250/images/1765354520_1IiKnG.jpg, https://ebca-prod-data-s3-public.s3.eu-west-1.amazonaws.com/motorvehicle/6250/images/1765354545_hNmlxr.jpg, https://ebca-prod-data-s3-public.s3.eu-west-1.amazonaws.com/motorvehicle/6250/images/1765354507_eoSNlO.jpg, https://ebca-prod-data-s3-public.s3.eu-west-1.amazonaws.com/motorvehicle/6250/images/1765354514_xSSQtF.jpg, https://ebca-prod-data-s3-public.s3.eu-west-1.amazonaws.com/motorvehicle/6250/images/1765354525_FSb3c0.jpg, https://ebca-prod-data-s3-public.s3.eu-west-1.amazonaws.com/motorvehicle/6250/images/1765354559_BVsGgH.jpg, https://ebca-prod-data-s3-public.s3.eu-west-1.amazonaws.com/motorvehicle/6250/images/1765354565_J5boEr.jpg, https://ebca-prod-data-s3-public.s3.eu-west-1.amazonaws.com/motorvehicle/6250/images/1765354571_8jyvTK.jpg, https://ebca-prod-data-s3-public.s3.eu-west-1.amazonaws.com/motorvehicle/6250/images/1765354582_nYqzqJ.jpg, https://ebca-prod-data-s3-public.s3.eu-west-1.amazonaws.com/motorvehicle/6250/images/1765354591_fVD7AN.jpg","https://ebca-prod-data-s3-public.s3.eu-west-1.amazonaws.com/motorvehicle/6250/images/1765354591_fVD7AN.jpg, https://ebca-prod-data-s3-public.s3.eu-west-1.amazonaws.com/motorvehicle/6250/images/1765354488_LdG0Bv.jpg, https://ebca-prod-data-s3-public.s3.eu-west-1.amazonaws.com/motorvehicle/6250/images/1765354494_0NhGfL.jpg",Bonnet Chipped 1 To 5,"{'information': {'Keys': '2', 'Service history': 'yes', 'Service documents': 'Printout', 'Number of stamps': '2', 'Last service date': '27/12/2024', 'Last service miles': '26,051', 'MOT Due': '14/01/2027', 'Body Style': 'Estate', 'Hubs': 'Alloy', 'BHP': '188', 'Euro Status': '6', 'Euro': '6', 'CO2': '184', 'MPG Combined': '34.9'}}",GREY,2,"£23,350.00","£20,600.00","£21,950.00",,"{'Interior & Tyres': {}, 'Interior': {'Carpet condition': 'Average', 'Seat condition': 'Average', 'Upholstery condition': 'Average', 'Odour': 'No'}, 'Tyres': {'Tyre NSF': 'BUDGET\t5.0mm', 'Tyre OSF': 'BUDGET\t5.0mm', 'Tyre NSR': 'RAPID\t5.0mm', 'Tyre OSR': 'RAPID\t5.0mm', 'Spare Tyre': '\t'}}",2,5,,14/01/2027,,2,"26,051","Tyre NSF: BUDGET	5.0mm, Tyre OSF: BUDGET	5.0mm, Tyre NSR: RAPID	5.0mm, Tyre OSR: RAPID	5.0mm, Spare Tyre: 	"
ebca,24,East Anglian Motor Auctions,Audi,GY12WCG,Audi,Q7,TDI 245 Quattro S Line Plus Tip Auto,33,Estate,Diesel,AUTOMATIC,ECA,21/1/2026,11am,25/05/2012,2012,133528,Warranted,Here,15/12/2026,yes,Margin,,1,3.0,,https://www.ebca.co.uk/motorvehicleinspectionreport/standard/6753.pdf,"https://ebca-prod-data-s3-public.s3.eu-west-1.amazonaws.com/motorvehicle/6753/images/1768212566_mF2JE5.jpg, https://ebca-prod-data-s3-public.s3.eu-west-1.amazonaws.com/motorvehicle/6753/images/1768212572_UIzFPl.jpg, https://ebca-prod-data-s3-public.s3.eu-west-1.amazonaws.com/motorvehicle/6753/images/1768212577_OpOVNT.jpg, https://ebca-prod-data-s3-public.s3.eu-west-1.amazonaws.com/motorvehicle/6753/images/1768212594_jVrXx9.jpg, https://ebca-prod-data-s3-public.s3.eu-west-1.amazonaws.com/motorvehicle/6753/images/1768212625_tXTgaH.jpg, https://ebca-prod-data-s3-public.s3.eu-west-1.amazonaws.com/motorvehicle/6753/images/1768212583_EeWljS.jpg, https://ebca-prod-data-s3-public.s3.eu-west-1.amazonaws.com/motorvehicle/6753/images/1768212589_K3OtKZ.jpg, https://ebca-prod-data-s3-public.s3.eu-west-1.amazonaws.com/motorvehicle/6753/images/1768212602_K0mdwl.jpg, https://ebca-prod-data-s3-public.s3.eu-west-1.amazonaws.com/motorvehicle/6753/images/1768212639_M6CT8n.jpg, https://ebca-prod-data-s3-public.s3.eu-west-1.amazonaws.com/motorvehicle/6753/images/1768212656_tfThxc.jpg, https://ebca-prod-data-s3-public.s3.eu-west-1.amazonaws.com/motorvehicle/6753/images/1768212661_paA0LF.jpg, https://ebca-prod-data-s3-public.s3.eu-west-1.amazonaws.com/motorvehicle/6753/images/1768212666_uNGZWI.jpg","https://ebca-prod-data-s3-public.s3.eu-west-1.amazonaws.com/motorvehicle/6753/images/1768212666_uNGZWI.jpg, https://ebca-prod-data-s3-public.s3.eu-west-1.amazonaws.com/motorvehicle/6753/images/1768212566_mF2JE5.jpg, https://ebca-prod-data-s3-public.s3.eu-west-1.amazonaws.com/motorvehicle/6753/images/1768212572_UIzFPl.jpg",Bonnet Chipped Over 5mm,"{'information': {'Keys': '2', 'Service history': 'yes', 'Service documents': 'Printout', 'Number of stamps': '12', 'Last service date': '20/10/2025', 'Last service miles': '131,251', 'MOT Due': '15/12/2026', 'Former Keepers': '1', 'Body Style': 'Estate', 'Hubs': 'Alloy', 'BHP': '245', 'Gross Weight': '3125', 'Euro Status': '5', 'Euro': '5', 'CO2': '195', 'MPG Combined': '38.2', 'MPG Urban': '32.8', 'MPG Extra Urban': '42.2'}}",BLACK,2,"£5,000.00","£3,650.00","£4,325.00",,"{'Interior & Tyres': {}, 'Interior': {'Carpet condition': 'Average', 'Seat condition': 'Average', 'Upholstery condition': 'Average', 'Odour': 'No'}, 'Tyres': {'Tyre NSF': 'PIRELLI\t5.0mm', 'Tyre OSF': 'PIRELLI\t5.0mm', 'Tyre NSR': 'PIRELLI\t5.0mm', 'Tyre OSR': 'PIRELLI\t5.0mm', 'Spare Tyre': '\t'}}",4,5,,15/12/2026,,12,"131,251","Tyre NSF: PIRELLI	5.0mm, Tyre OSF: PIRELLI	5.0mm, Tyre NSR: PIRELLI	5.0mm, Tyre OSR: PIRELLI	5.0mm, Spare Tyre: 	"
ebca,24,East Anglian Motor Auctions,LAND ROVER,GY14HVN,LAND ROVER,RANGE ROVER EVOQUE,SD4 Pure Tech Pack,81,Estate,Diesel,MANUAL,ECA,21/1/2026,11am,09/05/2014,2014,100705,Warranted,TBC,24/01/2026,,Margin,,2,2.2,,https://www.ebca.co.uk/motorvehicleinspectionreport/standard/6957.pdf,,,,"{'information': {'MOT Due': '24/01/2026', 'Former Keepers': '2', 'Body Style': 'Estate', 'BHP': '190', 'Gross Weight': '2350', 'Euro Status': '5', 'Euro': '5', 'CO2': '149', 'MPG Combined': '49.6', 'MPG Urban': '40.9', 'MPG Extra Urban': '56.5'}}",BLUE,,"£4,100.00","£2,975.00","£3,550.00",,{},,5,,24/01/2026,,,,
ebca,24,East Anglian Motor Auctions,Mazda,GY64ESG,Mazda,3,SE,4,Hatchback,Petrol,MANUAL,ECA,21/1/2026,11am,30/12/2014,2014,53993,Warranted,Here,29/12/2026,yes,Margin,,1,2.0,,https://www.ebca.co.uk/motorvehicleinspectionreport/standard/6771.pdf,"https://ebca-prod-data-s3-public.s3.eu-west-1.amazonaws.com/motorvehicle/6771/images/1768227853_sr67Vu.jpg, https://ebca-prod-data-s3-public.s3.eu-west-1.amazonaws.com/motorvehicle/6771/images/1768227859_pYfQBT.jpg, https://ebca-prod-data-s3-public.s3.eu-west-1.amazonaws.com/motorvehicle/6771/images/1768227866_M2NzZn.jpg, https://ebca-prod-data-s3-public.s3.eu-west-1.amazonaws.com/motorvehicle/6771/images/1768227881_F0Pz7D.jpg, https://ebca-prod-data-s3-public.s3.eu-west-1.amazonaws.com/motorvehicle/6771/images/1768227898_AQ0evj.jpg, https://ebca-prod-data-s3-public.s3.eu-west-1.amazonaws.com/motorvehicle/6771/images/1768227918_e2Vm9C.jpg, https://ebca-prod-data-s3-public.s3.eu-west-1.amazonaws.com/motorvehicle/6771/images/1768221645_qeR4xa.jpg, https://ebca-prod-data-s3-public.s3.eu-west-1.amazonaws.com/motorvehicle/6771/images/1768221649_9pkaCx.jpg, https://ebca-prod-data-s3-public.s3.eu-west-1.amazonaws.com/motorvehicle/6771/images/1768221655_PHXwsZ.jpg, https://ebca-prod-data-s3-public.s3.eu-west-1.amazonaws.com/motorvehicle/6771/images/1768221661_IF45Mb.jpg, https://ebca-prod-data-s3-public.s3.eu-west-1.amazonaws.com/motorvehicle/6771/images/1768227536_jnoAsi.jpg, https://ebca-prod-data-s3-public.s3.eu-west-1.amazonaws.com/motorvehicle/6771/images/1768227871_WoQzUw.jpg, https://ebca-prod-data-s3-public.s3.eu-west-1.amazonaws.com/motorvehicle/6771/images/1768227876_WPm2NC.jpg, https://ebca-prod-data-s3-public.s3.eu-west-1.amazonaws.com/motorvehicle/6771/images/1768227890_WWfPiv.jpg","https://ebca-prod-data-s3-public.s3.eu-west-1.amazonaws.com/motorvehicle/6771/images/1768227890_WWfPiv.jpg, https://ebca-prod-data-s3-public.s3.eu-west-1.amazonaws.com/motorvehicle/6771/images/1768227853_sr67Vu.jpg, https://ebca-prod-data-s3-public.s3.eu-west-1.amazonaws.com/motorvehicle/6771/images/1768227859_pYfQBT.jpg",Bonnet Chipped 1 To 5,"{'information': {'Keys': '2', 'Service history': 'yes', 'Service documents': 'Printout', 'Number of stamps': '1', 'Last service date': '14/12/2015', 'Last service miles': '9,927', 'MOT Due': '29/12/2026', 'Former Keepers': '1', 'Body Style': 'Hatchback', 'Hubs': 'Alloy', 'BHP': '118', 'Gross Weight': '1815', 'Euro Status': '5', 'Euro': '5', 'CO2': '119', 'MPG Combined': '55.4', 'MPG Urban': '43.5', 'MPG Extra Urban': '65.7'}}",BLUE,2,"£4,425.00","£3,225.00","£3,800.00",,"{'Interior & Tyres': {}, 'Interior': {'Carpet condition': 'Average', 'Seat condition': 'Average', 'Upholstery condition': 'Average', 'Odour': 'No'}, 'Tyres': {'Tyre NSF': 'COOPER TIRES\t5.0mm', 'Tyre OSF': 'COOPER TIRES\t5.0mm', 'Tyre NSR': 'BRIDGESTONE\t5.0mm', 'Tyre OSR': 'BRIDGESTONE\t5.0mm', 'Spare Tyre': '\t'}}",3,5,,29/12/2026,,1,"9,927","Tyre NSF: COOPER TIRES	5.0mm, Tyre OSF: COOPER TIRES	5.0mm, Tyre NSR: BRIDGESTONE	5.0mm, Tyre OSR: BRIDGESTONE	5.0mm, Spare Tyre: 	"
ebca,24,East Anglian Motor Auctions,Audi,GY66DBX,Audi,TT,T FSI S Line S Tronic,62,Coupe,Petrol,SEMI AUTO,ECA,21/1/2026,11am,18/10/2016,2016,49094,Warranted,Here,27/06/2026,yes,Margin,,3,2.0,,https://www.ebca.co.uk/motorvehicleinspectionreport/standard/6485.pdf,"https://ebca-prod-data-s3-public.s3.eu-west-1.amazonaws.com/motorvehicle/6485/images/1766158180_XAdTgR.jpg, https://ebca-prod-data-s3-public.s3.eu-west-1.amazonaws.com/motorvehicle/6485/images/1766158186_4CQlVB.jpg, https://ebca-prod-data-s3-public.s3.eu-west-1.amazonaws.com/motorvehicle/6485/images/1766158191_nKCPTy.jpg, https://ebca-prod-data-s3-public.s3.eu-west-1.amazonaws.com/motorvehicle/6485/images/1766158196_o9MeEt.jpg, https://ebca-prod-data-s3-public.s3.eu-west-1.amazonaws.com/motorvehicle/6485/images/1766158220_25fKHZ.jpg, https://ebca-prod-data-s3-public.s3.eu-west-1.amazonaws.com/motorvehicle/6485/images/1766158146_KfW5LP.jpg, https://ebca-prod-data-s3-public.s3.eu-west-1.amazonaws.com/motorvehicle/6485/images/1766158151_sfhgdi.jpg, https://ebca-prod-data-s3-public.s3.eu-west-1.amazonaws.com/motorvehicle/6485/images/1766158158_FqVdVr.jpg, https://ebca-prod-data-s3-public.s3.eu-west-1.amazonaws.com/motorvehicle/6485/images/1766158163_vmPuQM.jpg, https://ebca-prod-data-s3-public.s3.eu-west-1.amazonaws.com/motorvehicle/6485/images/1766158167_mfOvYK.jpg, https://ebca-prod-data-s3-public.s3.eu-west-1.amazonaws.com/motorvehicle/6485/images/1766158176_C9ra6d.jpg, https://ebca-prod-data-s3-public.s3.eu-west-1.amazonaws.com/motorvehicle/6485/images/1766158202_Nf6Bu4.jpg","https://ebca-prod-data-s3-public.s3.eu-west-1.amazonaws.com/motorvehicle/6485/images/1766158202_Nf6Bu4.jpg, https://ebca-prod-data-s3-public.s3.eu-west-1.amazonaws.com/motorvehicle/6485/images/1766158180_XAdTgR.jpg, https://ebca-prod-data-s3-public.s3.eu-west-1.amazonaws.com/motorvehicle/6485/images/1766158186_4CQlVB.jpg",Bumper Rear Chipped Multiple Chips,"{'information': {'Keys': '2', 'Service history': 'yes', 'Service documents': 'Printout', 'Number of stamps': '3', 'Last service date': '28/07/2021', 'Last service miles': '28,478', 'MOT Due': '27/06/2026', 'Former Keepers': '3', 'Body Style': 'Coupe', 'Hubs': 'Alloy', 'BHP': '227', 'Gross Weight': '1660', 'Euro Status': '6', 'Euro': '6', 'CO2': '150', 'MPG Combined': '43.5', 'MPG Urban': '33.6', 'MPG Extra Urban': '52.3'}}",RED,2,"£12,150.00","£9,825.00","£11,000.00",,"{'Interior & Tyres': {}, 'Interior': {'Carpet condition': 'Average', 'Seat condition': 'Average', 'Upholstery condition': 'Average', 'Odour': 'No'}, 'Tyres': {'Tyre NSF': 'ACCELERA\tIllegal', 'Tyre OSF': 'BUDGET\t4.0mm', 'Tyre NSR': 'HANKOOK\t3.0mm', 'Tyre OSR': 'HANKOOK\t4.0mm', 'Spare Tyre': '\t'}}",4,2,,27/06/2026,,3,"28,478","Tyre NSF: ACCELERA	Illegal, Tyre OSF: BUDGET	4.0mm, Tyre NSR: HANKOOK	3.0mm, Tyre OSR: HANKOOK	4.0mm, Spare Tyre: 	"
ebca,24,East Anglian Motor Auctions,Volkswagen,GY66UBH,Volkswagen,Polo,110 SEL,104,Hatchback,Petrol,MANUAL,ECA,21/1/2026,11am,15/11/2016,2016,73453,Warranted,Here,01/12/2026,yes,Margin,,1,1.0,,https://www.ebca.co.uk/motorvehicleinspectionreport/standard/6854.pdf,"https://ebca-prod-data-s3-public.s3.eu-west-1.amazonaws.com/motorvehicle/6854/images/1768554227_bU7Ni4.jpg, https://ebca-prod-data-s3-public.s3.eu-west-1.amazonaws.com/motorvehicle/6854/images/1768554233_ZAPbC7.jpg, https://ebca-prod-data-s3-public.s3.eu-west-1.amazonaws.com/motorvehicle/6854/images/1768554239_RdeNdF.jpg, https://ebca-prod-data-s3-public.s3.eu-west-1.amazonaws.com/motorvehicle/6854/images/1768554297_gBSobZ.jpg, https://ebca-prod-data-s3-public.s3.eu-west-1.amazonaws.com/motorvehicle/6854/images/1768554308_mT70hQ.jpg, https://ebca-prod-data-s3-public.s3.eu-west-1.amazonaws.com/motorvehicle/6854/images/1768554328_s0eSOG.jpg, https://ebca-prod-data-s3-public.s3.eu-west-1.amazonaws.com/motorvehicle/6854/images/1768554286_AT1Lxm.jpg, https://ebca-prod-data-s3-public.s3.eu-west-1.amazonaws.com/motorvehicle/6854/images/1768554291_YxRewR.jpg, https://ebca-prod-data-s3-public.s3.eu-west-1.amazonaws.com/motorvehicle/6854/images/1768554302_jWP5QQ.jpg, https://ebca-prod-data-s3-public.s3.eu-west-1.amazonaws.com/motorvehicle/6854/images/1768554341_75RObi.jpg, https://ebca-prod-data-s3-public.s3.eu-west-1.amazonaws.com/motorvehicle/6854/images/1768554351_46WsMB.jpg, https://ebca-prod-data-s3-public.s3.eu-west-1.amazonaws.com/motorvehicle/6854/images/1768554358_nh6LHa.jpg, https://ebca-prod-data-s3-public.s3.eu-west-1.amazonaws.com/motorvehicle/6854/images/1768554366_LebwIj.jpg, https://ebca-prod-data-s3-public.s3.eu-west-1.amazonaws.com/motorvehicle/6854/images/1768554371_VTXMod.jpg","https://ebca-prod-data-s3-public.s3.eu-west-1.amazonaws.com/motorvehicle/6854/images/1768554371_VTXMod.jpg, https://ebca-prod-data-s3-public.s3.eu-west-1.amazonaws.com/motorvehicle/6854/images/1768554227_bU7Ni4.jpg, https://ebca-prod-data-s3-public.s3.eu-west-1.amazonaws.com/motorvehicle/6854/images/1768554233_ZAPbC7.jpg",Bonnet Chipped Multiple Chips,"{'information': {'Keys': '2', 'Service history': 'yes', 'Service documents': 'Service Book', 'Number of stamps': '7', 'Last service date': '14/11/2025', 'Last service miles': '72,453', 'MOT Due': '01/12/2026', 'Former Keepers': '1', 'Body Style': 'Hatchback', 'Hubs': 'Alloy', 'BHP': '109', 'Gross Weight': '1610', 'Euro Status': '6', 'Euro': '6', 'CO2': '99', 'MPG Combined': '65.7', 'MPG Urban': '54.3', 'MPG Extra Urban': '68.9'}}",RED,2,"£5,725.00","£4,200.00","£4,950.00",,"{'Interior & Tyres': {}, 'Interior': {'Carpet condition': 'Average', 'Seat condition': 'Average', 'Upholstery condition': 'Average', 'Odour': 'No'}, 'Tyres': {'Tyre NSF': 'HANKOOK\t5.0mm', 'Tyre OSF': 'HANKOOK\t5.0mm', 'Tyre NSR': 'CONTINENTAL\t5.0mm', 'Tyre OSR': 'YOKOHAMA\t6.0mm', 'Spare Tyre': '\t'}}",4,5,,01/12/2026,,7,"72,453","Tyre NSF: HANKOOK	5.0mm, Tyre OSF: HANKOOK	5.0mm, Tyre NSR: CONTINENTAL	5.0mm, Tyre OSR: YOKOHAMA	6.0mm, Spare Tyre: 	"
ebca,24,East Anglian Motor Auctions,Ford,GY68LGO,Ford,Fiesta Vignale,EcoBoost,113,Hatchback,Petrol,MANUAL,ECA,21/1/2026,11am,18/10/2018,2018,58028,Warranted,Here,20/10/2026,yes,Margin,,1,1.0,,https://www.ebca.co.uk/motorvehicleinspectionreport/standard/6840.pdf,"https://ebca-prod-data-s3-public.s3.eu-west-1.amazonaws.com/motorvehicle/6840/images/1768306912_QXY1LS.jpg, https://ebca-prod-data-s3-public.s3.eu-west-1.amazonaws.com/motorvehicle/6840/images/1768306918_burOmy.jpg, https://ebca-prod-data-s3-public.s3.eu-west-1.amazonaws.com/motorvehicle/6840/images/1768306924_LgGhmr.jpg, https://ebca-prod-data-s3-public.s3.eu-west-1.amazonaws.com/motorvehicle/6840/images/1768306946_mFXg3o.jpg, https://ebca-prod-data-s3-public.s3.eu-west-1.amazonaws.com/motorvehicle/6840/images/1768306967_WmCgd0.jpg, https://ebca-prod-data-s3-public.s3.eu-west-1.amazonaws.com/motorvehicle/6840/images/1768306983_34RWs0.jpg, https://ebca-prod-data-s3-public.s3.eu-west-1.amazonaws.com/motorvehicle/6840/images/1768306929_c8HLbk.jpg, https://ebca-prod-data-s3-public.s3.eu-west-1.amazonaws.com/motorvehicle/6840/images/1768306934_MdjZ4a.jpg, https://ebca-prod-data-s3-public.s3.eu-west-1.amazonaws.com/motorvehicle/6840/images/1768306940_GQv9Vg.jpg, https://ebca-prod-data-s3-public.s3.eu-west-1.amazonaws.com/motorvehicle/6840/images/1768306961_Cma5yk.jpg, https://ebca-prod-data-s3-public.s3.eu-west-1.amazonaws.com/motorvehicle/6840/images/1768306994_RN4Hts.jpg, https://ebca-prod-data-s3-public.s3.eu-west-1.amazonaws.com/motorvehicle/6840/images/1768307001_kx4hUP.jpg, https://ebca-prod-data-s3-public.s3.eu-west-1.amazonaws.com/motorvehicle/6840/images/1768307015_LbiC6z.jpg, https://ebca-prod-data-s3-public.s3.eu-west-1.amazonaws.com/motorvehicle/6840/images/1768307021_slIMsg.jpg, https://ebca-prod-data-s3-public.s3.eu-west-1.amazonaws.com/motorvehicle/6840/images/1768307033_25OpXg.jpg, https://ebca-prod-data-s3-public.s3.eu-west-1.amazonaws.com/motorvehicle/6840/images/1768307039_1ucqf7.jpg","https://ebca-prod-data-s3-public.s3.eu-west-1.amazonaws.com/motorvehicle/6840/images/1768307039_1ucqf7.jpg, https://ebca-prod-data-s3-public.s3.eu-west-1.amazonaws.com/motorvehicle/6840/images/1768306912_QXY1LS.jpg, https://ebca-prod-data-s3-public.s3.eu-west-1.amazonaws.com/motorvehicle/6840/images/1768306918_burOmy.jpg",Bonnet Chipped 1 To 5,"{'information': {'Keys': '2', 'Service history': 'yes', 'Service documents': 'Service Book', 'Number of stamps': '7', 'Last service date': '09/10/2025', 'Last service miles': '57,577', 'MOT Due': '20/10/2026', 'Former Keepers': '1', 'Body Style': 'Hatchback', 'Hubs': 'Alloy', 'BHP': '123', 'Gross Weight': '1665', 'Euro Status': '6', 'Euro': '6', 'CO2': '111', 'MPG Combined': '48.7', 'MPG Urban': '47.9', 'MPG Extra Urban': '65.7'}}",GREY,2,"£6,750.00","£4,950.00","£5,850.00",,"{'Interior & Tyres': {}, 'Interior': {'Carpet condition': 'Average', 'Seat condition': 'Average', 'Upholstery condition': 'Average', 'Odour': 'No'}, 'Tyres': {'Tyre NSF': 'ACCELERA\t5.0mm', 'Tyre OSF': 'ACCELERA\t5.0mm', 'Tyre NSR': 'FALKEN\t5.0mm', 'Tyre OSR': 'LAUFENN\t5.0mm', 'Spare Tyre': '\t'}}",2,5,,20/10/2026,,7,"57,577","Tyre NSF: ACCELERA	5.0mm, Tyre OSF: ACCELERA	5.0mm, Tyre NSR: FALKEN	5.0mm, Tyre OSR: LAUFENN	5.0mm, Spare Tyre: 	"
ebca,24,East Anglian Motor Auctions,Ford,GY69UVS,Ford,Kuga,TDCi Titanium Edition 2WD,73,Hatchback,Diesel,MANUAL,ECA,21/1/2026,11am,12/02/2020,2020,57786,Warranted,Here,11/02/2026,yes,Margin,,1,2.0,,https://www.ebca.co.uk/motorvehicleinspectionreport/standard/6947.pdf,"https://ebca-prod-data-s3-public.s3.eu-west-1.amazonaws.com/motorvehicle/6947/images/1768906778_tbuqf8.jpg, https://ebca-prod-data-s3-public.s3.eu-west-1.amazonaws.com/motorvehicle/6947/images/1768906783_s1t4bY.jpg, https://ebca-prod-data-s3-public.s3.eu-west-1.amazonaws.com/motorvehicle/6947/images/1768906791_tUnJeO.jpg, https://ebca-prod-data-s3-public.s3.eu-west-1.amazonaws.com/motorvehicle/6947/images/1768906806_G0YxAE.jpg, https://ebca-prod-data-s3-public.s3.eu-west-1.amazonaws.com/motorvehicle/6947/images/1768906816_RY73lD.jpg, https://ebca-prod-data-s3-public.s3.eu-west-1.amazonaws.com/motorvehicle/6947/images/1768906829_YTVGAg.jpg, https://ebca-prod-data-s3-public.s3.eu-west-1.amazonaws.com/motorvehicle/6947/images/1768906745_1dXte1.jpg, https://ebca-prod-data-s3-public.s3.eu-west-1.amazonaws.com/motorvehicle/6947/images/1768906750_eOj2jn.jpg, https://ebca-prod-data-s3-public.s3.eu-west-1.amazonaws.com/motorvehicle/6947/images/1768906754_RZT9wp.jpg, https://ebca-prod-data-s3-public.s3.eu-west-1.amazonaws.com/motorvehicle/6947/images/1768906760_EhrXot.jpg, https://ebca-prod-data-s3-public.s3.eu-west-1.amazonaws.com/motorvehicle/6947/images/1768906766_5B97ZM.jpg, https://ebca-prod-data-s3-public.s3.eu-west-1.amazonaws.com/motorvehicle/6947/images/1768906795_xT9SlY.jpg, https://ebca-prod-data-s3-public.s3.eu-west-1.amazonaws.com/motorvehicle/6947/images/1768906800_l0iIeG.jpg, https://ebca-prod-data-s3-public.s3.eu-west-1.amazonaws.com/motorvehicle/6947/images/1768906811_DYKZak.jpg","https://ebca-prod-data-s3-public.s3.eu-west-1.amazonaws.com/motorvehicle/6947/images/1768906811_DYKZak.jpg, https://ebca-prod-data-s3-public.s3.eu-west-1.amazonaws.com/motorvehicle/6947/images/1768906778_tbuqf8.jpg, https://ebca-prod-data-s3-public.s3.eu-west-1.amazonaws.com/motorvehicle/6947/images/1768906783_s1t4bY.jpg",Switches And Controls Broken Replace,"{'information': {'Keys': '2', 'Service history': 'yes', 'Service documents': 'Printout', 'Number of stamps': '4', 'Last service date': '24/12/2025', 'Last service miles': '57,361', 'MOT Due': '11/02/2026', 'Former Keepers': '1', 'Body Style': 'Hatchback', 'Hubs': 'Alloy', 'BHP': '148', 'Euro Status': '6', 'Euro': '6', 'CO2': '152', 'MPG Combined': '38.2', 'MPG Urban': '37.2', 'MPG Extra Urban': '49.6'}}",SILVER,2,"£8,500.00","£6,450.00","£7,475.00",,"{'Interior & Tyres': {}, 'Interior': {'Carpet condition': 'Average', 'Seat condition': 'Average', 'Upholstery condition': 'Average', 'Odour': 'No'}, 'Tyres': {'Tyre NSF': 'GOODYEAR\t5.0mm', 'Tyre OSF': 'GOODYEAR\t5.0mm', 'Tyre NSR': 'GOODYEAR\t5.0mm', 'Tyre OSR': 'GOODYEAR\t5.0mm', 'Spare Tyre': '\t'}}",2,5,,11/02/2026,,4,"57,361","Tyre NSF: GOODYEAR	5.0mm, Tyre OSF: GOODYEAR	5.0mm, Tyre NSR: GOODYEAR	5.0mm, Tyre OSR: GOODYEAR	5.0mm, Spare Tyre: 	"
ebca,24,East Anglian Motor Auctions,Nissan,GY69XHD,Nissan,X-Trail,DiG-T N-Connecta 7 Seat DCT,63,Estate,Petrol,SEMI AUTO,ECA,21/1/2026,11am,30/10/2019,2019,47283,Warranted,Here,19/01/2027,yes,Margin,,2,1.3,,https://www.ebca.co.uk/motorvehicleinspectionreport/standard/6922.pdf,"https://ebca-prod-data-s3-public.s3.eu-west-1.amazonaws.com/motorvehicle/6922/images/1768925546_FRFwvo.jpg, https://ebca-prod-data-s3-public.s3.eu-west-1.amazonaws.com/motorvehicle/6922/images/1768925551_dcvs4C.jpg, https://ebca-prod-data-s3-public.s3.eu-west-1.amazonaws.com/motorvehicle/6922/images/1768925559_XfpaaP.jpg, https://ebca-prod-data-s3-public.s3.eu-west-1.amazonaws.com/motorvehicle/6922/images/1768925564_Er6F5W.jpg, https://ebca-prod-data-s3-public.s3.eu-west-1.amazonaws.com/motorvehicle/6922/images/1768925610_UvrgU5.jpg, https://ebca-prod-data-s3-public.s3.eu-west-1.amazonaws.com/motorvehicle/6922/images/1768925630_uqte8Q.jpg, https://ebca-prod-data-s3-public.s3.eu-west-1.amazonaws.com/motorvehicle/6922/images/1768925664_bHnNk2.jpg, https://ebca-prod-data-s3-public.s3.eu-west-1.amazonaws.com/motorvehicle/6922/images/1768925506_qPGnD4.jpg, https://ebca-prod-data-s3-public.s3.eu-west-1.amazonaws.com/motorvehicle/6922/images/1768925514_sHSYki.jpg, https://ebca-prod-data-s3-public.s3.eu-west-1.amazonaws.com/motorvehicle/6922/images/1768925522_ytqBPR.jpg, https://ebca-prod-data-s3-public.s3.eu-west-1.amazonaws.com/motorvehicle/6922/images/1768925527_9mMEBq.jpg, https://ebca-prod-data-s3-public.s3.eu-west-1.amazonaws.com/motorvehicle/6922/images/1768925532_889ek5.jpg, https://ebca-prod-data-s3-public.s3.eu-west-1.amazonaws.com/motorvehicle/6922/images/1768925588_Fe7vNn.jpg, https://ebca-prod-data-s3-public.s3.eu-west-1.amazonaws.com/motorvehicle/6922/images/1768925595_Stp36M.jpg, https://ebca-prod-data-s3-public.s3.eu-west-1.amazonaws.com/motorvehicle/6922/images/1768925602_P13PCL.jpg, https://ebca-prod-data-s3-public.s3.eu-west-1.amazonaws.com/motorvehicle/6922/images/1768925619_lXGGjj.jpg, https://ebca-prod-data-s3-public.s3.eu-west-1.amazonaws.com/motorvehicle/6922/images/1768925638_UmU8c3.jpg","https://ebca-prod-data-s3-public.s3.eu-west-1.amazonaws.com/motorvehicle/6922/images/1768925638_UmU8c3.jpg, https://ebca-prod-data-s3-public.s3.eu-west-1.amazonaws.com/motorvehicle/6922/images/1768925546_FRFwvo.jpg, https://ebca-prod-data-s3-public.s3.eu-west-1.amazonaws.com/motorvehicle/6922/images/1768925551_dcvs4C.jpg",Bonnet Chipped Multiple Chips,"{'information': {'Keys': '2', 'Service history': 'yes', 'Service documents': 'Printout', 'Number of stamps': '5', 'Last service date': '03/07/2024', 'Last service miles': '40,787', 'MOT Due': '19/01/2027', 'Former Keepers': '2', 'Body Style': 'Estate', 'Hubs': 'Alloy', 'BHP': '158', 'Euro Status': '6', 'Euro': '6', 'CO2': '150', 'MPG Combined': '34', 'MPG Urban': '36.7', 'MPG Extra Urban': '47.9'}}",BLUE,2,"£12,750.00","£10,250.00","£11,550.00",,"{'Interior & Tyres': {}, 'Interior': {'Carpet condition': 'Average', 'Seat condition': 'Average', 'Upholstery condition': 'Average', 'Odour': 'No'}, 'Tyres': {'Tyre NSF': 'NEXEN\t5.0mm', 'Tyre OSF': 'NEXEN\t5.0mm', 'Tyre NSR': 'TOYO\t6.0mm', 'Tyre OSR': 'BRIDGESTONE\t5.0mm', 'Spare Tyre': '\t'}}",4,5,,19/01/2027,,5,"40,787","Tyre NSF: NEXEN	5.0mm, Tyre OSF: NEXEN	5.0mm, Tyre NSR: TOYO	6.0mm, Tyre OSR: BRIDGESTONE	5.0mm, Spare Tyre: 	"
ebca,24,East Anglian Motor Auctions,Toyota,GY70RNF,Toyota,Aygo,VVT-i X-Play TSS,17,Hatchback,Petrol,MANUAL,ECA,21/1/2026,11am,03/12/2020,2020,51147,Warranted,Here,10/12/2026,yes,Margin,,,1.0,,https://www.ebca.co.uk/motorvehicleinspectionreport/standard/6448.pdf,"https://ebca-prod-data-s3-public.s3.eu-west-1.amazonaws.com/motorvehicle/6448/images/1768558652_sTZgRz.jpg, https://ebca-prod-data-s3-public.s3.eu-west-1.amazonaws.com/motorvehicle/6448/images/1768558658_OoDKy4.jpg, https://ebca-prod-data-s3-public.s3.eu-west-1.amazonaws.com/motorvehicle/6448/images/1768558665_bmEbiR.jpg, https://ebca-prod-data-s3-public.s3.eu-west-1.amazonaws.com/motorvehicle/6448/images/1768558735_Y6vsMh.jpg, https://ebca-prod-data-s3-public.s3.eu-west-1.amazonaws.com/motorvehicle/6448/images/1768558747_uPetjQ.jpg, https://ebca-prod-data-s3-public.s3.eu-west-1.amazonaws.com/motorvehicle/6448/images/1768558763_SgiaFe.jpg, https://ebca-prod-data-s3-public.s3.eu-west-1.amazonaws.com/motorvehicle/6448/images/1768558675_4kivtp.jpg, https://ebca-prod-data-s3-public.s3.eu-west-1.amazonaws.com/motorvehicle/6448/images/1768558729_3Gzc5T.jpg, https://ebca-prod-data-s3-public.s3.eu-west-1.amazonaws.com/motorvehicle/6448/images/1768558741_6I4uwQ.jpg, https://ebca-prod-data-s3-public.s3.eu-west-1.amazonaws.com/motorvehicle/6448/images/1768558779_pXU2en.jpg, https://ebca-prod-data-s3-public.s3.eu-west-1.amazonaws.com/motorvehicle/6448/images/1768558798_DHSa4L.jpg, https://ebca-prod-data-s3-public.s3.eu-west-1.amazonaws.com/motorvehicle/6448/images/1768558808_sni8km.jpg, https://ebca-prod-data-s3-public.s3.eu-west-1.amazonaws.com/motorvehicle/6448/images/1768558813_Pn2u5B.jpg","https://ebca-prod-data-s3-public.s3.eu-west-1.amazonaws.com/motorvehicle/6448/images/1768558813_Pn2u5B.jpg, https://ebca-prod-data-s3-public.s3.eu-west-1.amazonaws.com/motorvehicle/6448/images/1768558652_sTZgRz.jpg, https://ebca-prod-data-s3-public.s3.eu-west-1.amazonaws.com/motorvehicle/6448/images/1768558658_OoDKy4.jpg",Seat Base Cover osf Torn Over 3mm,"{'information': {'Keys': '2', 'Service history': 'yes', 'Service documents': 'Printout', 'Number of stamps': '4', 'Last service date': '17/06/2025', 'Last service miles': '47,805', 'MOT Due': '10/12/2026', 'Body Style': 'Hatchback', 'Hubs': 'Steel', 'BHP': '69', 'Gross Weight': '1240', 'Euro Status': '6', 'Euro': '6', 'CO2': '114', 'MPG Combined': '68.9', 'MPG Urban': '57.6', 'MPG Extra Urban': '78.5'}}",WHITE,2,"£5,600.00","£4,100.00","£4,850.00",,"{'Interior & Tyres': {}, 'Interior': {'Carpet condition': 'Average', 'Seat condition': 'Average', 'Upholstery condition': 'Average', 'Odour': 'No'}, 'Tyres': {'Tyre NSF': 'BUDGET\t5.0mm', 'Tyre OSF': 'BUDGET\t5.0mm', 'Tyre NSR': 'NANKANG\t5.0mm', 'Tyre OSR': 'LANVIGATOR\t5.0mm', 'Spare Tyre': '\t'}}",3,5,,10/12/2026,,4,"47,805","Tyre NSF: BUDGET	5.0mm, Tyre OSF: BUDGET	5.0mm, Tyre NSR: NANKANG	5.0mm, Tyre OSR: LANVIGATOR	5.0mm, Spare Tyre: 	"
ebca,24,East Anglian Motor Auctions,Jeep,GY71JWK,Jeep,Renegade,T3 GSE Night Eagle II,38,Estate,Petrol,MANUAL,ECA,21/1/2026,11am,30/11/2021,2021,81709,Warranted,Here, ,yes,Margin,,,1.0,,https://www.ebca.co.uk/motorvehicleinspectionreport/standard/6940.pdf,"https://ebca-prod-data-s3-public.s3.eu-west-1.amazonaws.com/motorvehicle/6940/images/1768826723_6tS1pA.jpg, https://ebca-prod-data-s3-public.s3.eu-west-1.amazonaws.com/motorvehicle/6940/images/1768826729_tIh4kb.jpg, https://ebca-prod-data-s3-public.s3.eu-west-1.amazonaws.com/motorvehicle/6940/images/1768826734_cvyLMA.jpg, https://ebca-prod-data-s3-public.s3.eu-west-1.amazonaws.com/motorvehicle/6940/images/1768826740_emR9sd.jpg, https://ebca-prod-data-s3-public.s3.eu-west-1.amazonaws.com/motorvehicle/6940/images/1768826765_sghEYS.jpg, https://ebca-prod-data-s3-public.s3.eu-west-1.amazonaws.com/motorvehicle/6940/images/1768826788_1dZoqG.jpg, https://ebca-prod-data-s3-public.s3.eu-west-1.amazonaws.com/motorvehicle/6940/images/1768826798_67hof7.jpg, https://ebca-prod-data-s3-public.s3.eu-west-1.amazonaws.com/motorvehicle/6940/images/1768826243_ZbOTCW.jpg, https://ebca-prod-data-s3-public.s3.eu-west-1.amazonaws.com/motorvehicle/6940/images/1768826249_kawrh4.jpg, https://ebca-prod-data-s3-public.s3.eu-west-1.amazonaws.com/motorvehicle/6940/images/1768826255_PiafeO.jpg, https://ebca-prod-data-s3-public.s3.eu-west-1.amazonaws.com/motorvehicle/6940/images/1768826261_OqcNna.jpg, https://ebca-prod-data-s3-public.s3.eu-west-1.amazonaws.com/motorvehicle/6940/images/1768826747_P0AQga.jpg, https://ebca-prod-data-s3-public.s3.eu-west-1.amazonaws.com/motorvehicle/6940/images/1768826753_gtS2We.jpg, https://ebca-prod-data-s3-public.s3.eu-west-1.amazonaws.com/motorvehicle/6940/images/1768826758_F1IqnA.jpg, https://ebca-prod-data-s3-public.s3.eu-west-1.amazonaws.com/motorvehicle/6940/images/1768826820_RfQvW9.jpg, https://ebca-prod-data-s3-public.s3.eu-west-1.amazonaws.com/motorvehicle/6940/images/1768826825_UghB3r.jpg","https://ebca-prod-data-s3-public.s3.eu-west-1.amazonaws.com/motorvehicle/6940/images/1768826825_UghB3r.jpg, https://ebca-prod-data-s3-public.s3.eu-west-1.amazonaws.com/motorvehicle/6940/images/1768826723_6tS1pA.jpg, https://ebca-prod-data-s3-public.s3.eu-west-1.amazonaws.com/motorvehicle/6940/images/1768826729_tIh4kb.jpg",Wing osf Chipped 1 To 5,"{'information': {'Keys': '2', 'Service history': 'yes', 'Service documents': 'Service Book', 'Number of stamps': '4', 'Last service date': '22/03/2024', 'Last service miles': '45,322', 'MOT Due': 'Expired', 'Body Style': 'Estate', 'Hubs': 'Alloy', 'BHP': '118', 'Euro Status': '6', 'Euro': '6', 'CO2': '151', 'MPG Combined': '42.2'}}",BLACK,2,"£8,400.00","£6,275.00","£7,325.00",,"{'Interior & Tyres': {}, 'Interior': {'Carpet condition': 'Average', 'Seat condition': 'Average', 'Upholstery condition': 'Average', 'Odour': 'No'}, 'Tyres': {'Tyre NSF': 'BUDGET\t5.0mm', 'Tyre OSF': 'BUDGET\t5.0mm', 'Tyre NSR': 'KUMHO\t4.0mm', 'Tyre OSR': 'KUMHO\t5.0mm', 'Spare Tyre': '\t'}}",3,5,, ,,4,"45,322","Tyre NSF: BUDGET	5.0mm, Tyre OSF: BUDGET	5.0mm, Tyre NSR: KUMHO	4.0mm, Tyre OSR: KUMHO	5.0mm, Spare Tyre: 	"
ebca,24,East Anglian Motor Auctions,Dacia,GY72VLG,Dacia,Duster,TCe 90 Comfort,134,Hatchback,Petrol,MANUAL,ECA,21/1/2026,11am,09/11/2022,2022,38831,Warranted,Here,08/11/2026,yes,Margin,,,1.0,,https://www.ebca.co.uk/motorvehicleinspectionreport/standard/5871.pdf,"https://ebca-prod-data-s3-public.s3.eu-west-1.amazonaws.com/motorvehicle/5871/images/1764003456_1YMU0e.jpg, https://ebca-prod-data-s3-public.s3.eu-west-1.amazonaws.com/motorvehicle/5871/images/1764003461_JC2005.jpg, https://ebca-prod-data-s3-public.s3.eu-west-1.amazonaws.com/motorvehicle/5871/images/1764003466_LFmfwq.jpg, https://ebca-prod-data-s3-public.s3.eu-west-1.amazonaws.com/motorvehicle/5871/images/1764003484_SRRMfb.jpg, https://ebca-prod-data-s3-public.s3.eu-west-1.amazonaws.com/motorvehicle/5871/images/1764003505_LUKcaC.jpg, https://ebca-prod-data-s3-public.s3.eu-west-1.amazonaws.com/motorvehicle/5871/images/1764003472_BghpGP.jpg, https://ebca-prod-data-s3-public.s3.eu-west-1.amazonaws.com/motorvehicle/5871/images/1764003479_IKJPFc.jpg, https://ebca-prod-data-s3-public.s3.eu-west-1.amazonaws.com/motorvehicle/5871/images/1764003490_t7d36x.jpg, https://ebca-prod-data-s3-public.s3.eu-west-1.amazonaws.com/motorvehicle/5871/images/1764003519_eyXhoP.jpg, https://ebca-prod-data-s3-public.s3.eu-west-1.amazonaws.com/motorvehicle/5871/images/1764003524_xk3r0a.jpg, https://ebca-prod-data-s3-public.s3.eu-west-1.amazonaws.com/motorvehicle/5871/images/1764003530_yCsSRC.jpg","https://ebca-prod-data-s3-public.s3.eu-west-1.amazonaws.com/motorvehicle/5871/images/1764003530_yCsSRC.jpg, https://ebca-prod-data-s3-public.s3.eu-west-1.amazonaws.com/motorvehicle/5871/images/1764003456_1YMU0e.jpg, https://ebca-prod-data-s3-public.s3.eu-west-1.amazonaws.com/motorvehicle/5871/images/1764003461_JC2005.jpg",Bonnet Chipped Multiple Chips,"{'information': {'Keys': '2', 'Service history': 'yes', 'Service documents': 'Service Book', 'Number of stamps': '3', 'Last service date': '27/12/2025', 'Last service miles': '38,043', 'MOT Due': '08/11/2026', 'Body Style': 'Hatchback', 'Hubs': 'Alloy', 'BHP': '90', 'Euro Status': '6', 'Euro': '6', 'CO2': '140', 'MPG Combined': '45.6'}}",BLACK,2,"£9,775.00","£7,575.00","£8,700.00",,"{'Interior & Tyres': {}, 'Interior': {'Carpet condition': 'Average', 'Seat condition': 'Average', 'Upholstery condition': 'Average', 'Odour': 'No'}, 'Tyres': {'Tyre NSF': 'NEXEN\t4.0mm', 'Tyre OSF': 'NEXEN\t4.0mm', 'Tyre NSR': 'NEXEN\t4.0mm', 'Tyre OSR': 'NEXEN\t4.0mm', 'Spare Tyre': '\t'}}",3,5,,08/11/2026,,3,"38,043","Tyre NSF: NEXEN	4.0mm, Tyre OSF: NEXEN	4.0mm, Tyre NSR: NEXEN	4.0mm, Tyre OSR: NEXEN	4.0mm, Spare Tyre: 	"
ebca,24,East Anglian Motor Auctions,Kia,GY72WJU,Kia,Sportage,T GDi HEV GT-Line S Auto,106,Estate,Hybrid Electric,AUTOMATIC,ECA,21/1/2026,11am,31/01/2023,2023,74047,Warranted,Here,-,yes,Margin,,,1.6,,https://www.ebca.co.uk/motorvehicleinspectionreport/standard/6266.pdf,"https://ebca-prod-data-s3-public.s3.eu-west-1.amazonaws.com/motorvehicle/6266/images/1765559731_LUkRBz.jpg, https://ebca-prod-data-s3-public.s3.eu-west-1.amazonaws.com/motorvehicle/6266/images/1765559737_1JAL1e.jpg, https://ebca-prod-data-s3-public.s3.eu-west-1.amazonaws.com/motorvehicle/6266/images/1765559742_cNt8Kl.jpg, https://ebca-prod-data-s3-public.s3.eu-west-1.amazonaws.com/motorvehicle/6266/images/1765559763_72AE57.jpg, https://ebca-prod-data-s3-public.s3.eu-west-1.amazonaws.com/motorvehicle/6266/images/1765559789_Br18gm.jpg, https://ebca-prod-data-s3-public.s3.eu-west-1.amazonaws.com/motorvehicle/6266/images/1765559814_4Ab6c1.jpg, https://ebca-prod-data-s3-public.s3.eu-west-1.amazonaws.com/motorvehicle/6266/images/1765541222_TaLW8D.jpg, https://ebca-prod-data-s3-public.s3.eu-west-1.amazonaws.com/motorvehicle/6266/images/1765541240_qzu1IR.jpg, https://ebca-prod-data-s3-public.s3.eu-west-1.amazonaws.com/motorvehicle/6266/images/1765541247_YhdM7x.jpg, https://ebca-prod-data-s3-public.s3.eu-west-1.amazonaws.com/motorvehicle/6266/images/1765541252_YPkVDI.jpg, https://ebca-prod-data-s3-public.s3.eu-west-1.amazonaws.com/motorvehicle/6266/images/1765559747_qmDf0v.jpg, https://ebca-prod-data-s3-public.s3.eu-west-1.amazonaws.com/motorvehicle/6266/images/1765559752_Plz5ad.jpg, https://ebca-prod-data-s3-public.s3.eu-west-1.amazonaws.com/motorvehicle/6266/images/1765559757_nagVtk.jpg, https://ebca-prod-data-s3-public.s3.eu-west-1.amazonaws.com/motorvehicle/6266/images/1765559773_VhDbih.jpg, https://ebca-prod-data-s3-public.s3.eu-west-1.amazonaws.com/motorvehicle/6266/images/1765559841_SUKqfe.jpg, https://ebca-prod-data-s3-public.s3.eu-west-1.amazonaws.com/motorvehicle/6266/images/1765559846_jW3ZGX.jpg, https://ebca-prod-data-s3-public.s3.eu-west-1.amazonaws.com/motorvehicle/6266/images/1765559856_ZAh06r.jpg","https://ebca-prod-data-s3-public.s3.eu-west-1.amazonaws.com/motorvehicle/6266/images/1765559856_ZAh06r.jpg, https://ebca-prod-data-s3-public.s3.eu-west-1.amazonaws.com/motorvehicle/6266/images/1765559731_LUkRBz.jpg, https://ebca-prod-data-s3-public.s3.eu-west-1.amazonaws.com/motorvehicle/6266/images/1765559737_1JAL1e.jpg",Bonnet Dented Over 30mm,"{'information': {'Keys': '2', 'Service history': 'yes', 'Service documents': 'Service Book', 'Number of stamps': '3', 'Last service date': '22/08/2025', 'Last service miles': '73,967', 'Body Style': 'Estate', 'Hubs': 'Alloy', 'BHP': '227', 'Euro Status': '6', 'Euro': '6', 'CO2': '132'}}",SILVER,2,"£18,300.00","£15,600.00","£16,950.00",,"{'Interior & Tyres': {}, 'Interior': {'Carpet condition': 'Average', 'Seat condition': 'Average', 'Upholstery condition': 'Average', 'Odour': 'No'}, 'Tyres': {'Tyre NSF': 'HANKOOK\t5.0mm', 'Tyre OSF': 'HANKOOK\t5.0mm', 'Tyre NSR': 'HANKOOK\t5.0mm', 'Tyre OSR': 'HANKOOK\t5.0mm', 'Spare Tyre': '\t'}}",3,5,,,,3,"73,967","Tyre NSF: HANKOOK	5.0mm, Tyre OSF: HANKOOK	5.0mm, Tyre NSR: HANKOOK	5.0mm, Tyre OSR: HANKOOK	5.0mm, Spare Tyre: 	"
ebca,24,East Anglian Motor Auctions,Mercedes-Benz,HG65WHU,Mercedes-Benz,GLC,GLC 250d 4Matic AMG Line Premium 9G-Tronic,64,Estate,Diesel,AUTOMATIC,ECA,21/1/2026,11am,20/10/2015,2015,100106,Warranted,Here,05/04/2026,yes,Margin,,2,2.1,,https://www.ebca.co.uk/motorvehicleinspectionreport/standard/6868.pdf,"https://ebca-prod-data-s3-public.s3.eu-west-1.amazonaws.com/motorvehicle/6868/images/1768837261_bbFZpL.jpg, https://ebca-prod-data-s3-public.s3.eu-west-1.amazonaws.com/motorvehicle/6868/images/1768837267_DO6k2p.jpg, https://ebca-prod-data-s3-public.s3.eu-west-1.amazonaws.com/motorvehicle/6868/images/1768837272_rHjOoU.jpg, https://ebca-prod-data-s3-public.s3.eu-west-1.amazonaws.com/motorvehicle/6868/images/1768837289_Ffzb9h.jpg, https://ebca-prod-data-s3-public.s3.eu-west-1.amazonaws.com/motorvehicle/6868/images/1768837372_NqKinx.jpg, https://ebca-prod-data-s3-public.s3.eu-west-1.amazonaws.com/motorvehicle/6868/images/1768837378_P5sVHx.jpg, https://ebca-prod-data-s3-public.s3.eu-west-1.amazonaws.com/motorvehicle/6868/images/1768837400_zX7K1R.jpg, https://ebca-prod-data-s3-public.s3.eu-west-1.amazonaws.com/motorvehicle/6868/images/1768826607_arsyLG.jpg, https://ebca-prod-data-s3-public.s3.eu-west-1.amazonaws.com/motorvehicle/6868/images/1768826611_l8uSRW.jpg, https://ebca-prod-data-s3-public.s3.eu-west-1.amazonaws.com/motorvehicle/6868/images/1768826634_oAoU3D.jpg, https://ebca-prod-data-s3-public.s3.eu-west-1.amazonaws.com/motorvehicle/6868/images/1768826639_L8aMCA.jpg, https://ebca-prod-data-s3-public.s3.eu-west-1.amazonaws.com/motorvehicle/6868/images/1768826651_ucsUGS.jpg, https://ebca-prod-data-s3-public.s3.eu-west-1.amazonaws.com/motorvehicle/6868/images/1768826658_C7uYWI.jpg, https://ebca-prod-data-s3-public.s3.eu-west-1.amazonaws.com/motorvehicle/6868/images/1768826667_cUtLMo.jpg, https://ebca-prod-data-s3-public.s3.eu-west-1.amazonaws.com/motorvehicle/6868/images/1768837254_OstiT3.jpg, https://ebca-prod-data-s3-public.s3.eu-west-1.amazonaws.com/motorvehicle/6868/images/1768837279_u7tIxh.jpg, https://ebca-prod-data-s3-public.s3.eu-west-1.amazonaws.com/motorvehicle/6868/images/1768837421_Yexf6b.jpg","https://ebca-prod-data-s3-public.s3.eu-west-1.amazonaws.com/motorvehicle/6868/images/1768837421_Yexf6b.jpg, https://ebca-prod-data-s3-public.s3.eu-west-1.amazonaws.com/motorvehicle/6868/images/1768837261_bbFZpL.jpg, https://ebca-prod-data-s3-public.s3.eu-west-1.amazonaws.com/motorvehicle/6868/images/1768837267_DO6k2p.jpg",Wheel osf Scratched Up To 50mm,"{'information': {'Keys': '2', 'Service history': 'yes', 'Service documents': 'Printout', 'Number of stamps': '6', 'Last service date': '17/04/2023', 'Last service miles': '83,458', 'MOT Due': '05/04/2026', 'Former Keepers': '2', 'Body Style': 'Estate', 'Hubs': 'Alloy', 'BHP': '201', 'Gross Weight': '2530', 'Euro Status': '6', 'Euro': '6', 'CO2': '143', 'MPG Combined': '56.5', 'MPG Urban': '51.4', 'MPG Extra Urban': '60.1'}}",GREY,2,"£11,500.00","£9,075.00","£10,300.00",,"{'Interior & Tyres': {}, 'Interior': {'Carpet condition': 'Average', 'Seat condition': 'Average', 'Upholstery condition': 'Average', 'Odour': 'No'}, 'Tyres': {'Tyre NSF': 'LANDSAIL\t5.0mm', 'Tyre OSF': 'LANDSAIL\t3.0mm', 'Tyre NSR': 'LANDSAIL\t5.0mm', 'Tyre OSR': 'LANDSAIL\t4.0mm', 'Spare Tyre': '\t'}}",2,5,,05/04/2026,,6,"83,458","Tyre NSF: LANDSAIL	5.0mm, Tyre OSF: LANDSAIL	3.0mm, Tyre NSR: LANDSAIL	5.0mm, Tyre OSR: LANDSAIL	4.0mm, Spare Tyre: 	"
ebca,24,East Anglian Motor Auctions,Mini,HG69NNY,Mini,Hatchback,Cooper S Sport II Auto,125,Hatchback,Petrol,AUTOMATIC,ECA,21/1/2026,11am,18/01/2020,2020,31928,Warranted,Here,29/09/2026,yes,Margin,,2,2.0,,https://www.ebca.co.uk/motorvehicleinspectionreport/standard/6102.pdf,"https://ebca-prod-data-s3-public.s3.eu-west-1.amazonaws.com/motorvehicle/6102/images/1764606546_FZHhj4.jpg, https://ebca-prod-data-s3-public.s3.eu-west-1.amazonaws.com/motorvehicle/6102/images/1764606551_a1v8d1.jpg, https://ebca-prod-data-s3-public.s3.eu-west-1.amazonaws.com/motorvehicle/6102/images/1764606556_nyX88r.jpg, https://ebca-prod-data-s3-public.s3.eu-west-1.amazonaws.com/motorvehicle/6102/images/1764606579_f7jDYf.jpg, https://ebca-prod-data-s3-public.s3.eu-west-1.amazonaws.com/motorvehicle/6102/images/1764606596_nYOJbS.jpg, https://ebca-prod-data-s3-public.s3.eu-west-1.amazonaws.com/motorvehicle/6102/images/1764606563_YwgJdz.jpg, https://ebca-prod-data-s3-public.s3.eu-west-1.amazonaws.com/motorvehicle/6102/images/1764606568_88Jql7.jpg, https://ebca-prod-data-s3-public.s3.eu-west-1.amazonaws.com/motorvehicle/6102/images/1764606574_WIfW81.jpg, https://ebca-prod-data-s3-public.s3.eu-west-1.amazonaws.com/motorvehicle/6102/images/1764606585_cO18UR.jpg, https://ebca-prod-data-s3-public.s3.eu-west-1.amazonaws.com/motorvehicle/6102/images/1764606609_xGfCQl.jpg, https://ebca-prod-data-s3-public.s3.eu-west-1.amazonaws.com/motorvehicle/6102/images/1764606614_ExxSrb.jpg, https://ebca-prod-data-s3-public.s3.eu-west-1.amazonaws.com/motorvehicle/6102/images/1764606629_NA3aDg.jpg","https://ebca-prod-data-s3-public.s3.eu-west-1.amazonaws.com/motorvehicle/6102/images/1764606629_NA3aDg.jpg, https://ebca-prod-data-s3-public.s3.eu-west-1.amazonaws.com/motorvehicle/6102/images/1764606546_FZHhj4.jpg, https://ebca-prod-data-s3-public.s3.eu-west-1.amazonaws.com/motorvehicle/6102/images/1764606551_a1v8d1.jpg",Bonnet Chipped 1 To 5,"{'information': {'Keys': '1', 'Service history': 'yes', 'Service documents': 'Electronic &amp; Paper', 'Number of stamps': '3', 'Last service date': '01/04/2025', 'Last service miles': '28,058', 'MOT Due': '29/09/2026', 'Former Keepers': '2', 'Body Style': 'Hatchback', 'Hubs': 'Alloy', 'BHP': '189', 'Euro Status': '6', 'Euro': '6', 'CO2': '127', 'MPG Combined': '44.8', 'MPG Urban': '42.2', 'MPG Extra Urban': '55.4'}}",GREY,1,"£14,800.00","£12,500.00","£13,650.00",,"{'Interior & Tyres': {}, 'Interior': {'Carpet condition': 'Average', 'Seat condition': 'Average', 'Upholstery condition': 'Average', 'Odour': 'No'}, 'Tyres': {'Tyre NSF': 'BUDGET\t4.0mm', 'Tyre OSF': 'SUNNY\t3.0mm', 'Tyre NSR': 'HANKOOK\t3.0mm', 'Tyre OSR': 'HANKOOK\t4.0mm', 'Spare Tyre': '\t'}}",3,5,,29/09/2026,,3,"28,058","Tyre NSF: BUDGET	4.0mm, Tyre OSF: SUNNY	3.0mm, Tyre NSR: HANKOOK	3.0mm, Tyre OSR: HANKOOK	4.0mm, Spare Tyre: 	"
ebca,24,East Anglian Motor Auctions,Kia,HJ68HWU,Kia,Sportage,T GDi ISG GT-Line,139,Estate,Petrol,MANUAL,ECA,21/1/2026,11am,28/09/2018,2018,72710,Warranted,TBC,08/06/2026,yes,Margin,,1,1.6,,https://www.ebca.co.uk/motorvehicleinspectionreport/standard/6341.pdf,"https://ebca-prod-data-s3-public.s3.eu-west-1.amazonaws.com/motorvehicle/6341/images/1765815435_SOrWm6.jpg, https://ebca-prod-data-s3-public.s3.eu-west-1.amazonaws.com/motorvehicle/6341/images/1765815440_eiojQQ.jpg, https://ebca-prod-data-s3-public.s3.eu-west-1.amazonaws.com/motorvehicle/6341/images/1765815447_T8536A.jpg, https://ebca-prod-data-s3-public.s3.eu-west-1.amazonaws.com/motorvehicle/6341/images/1765815455_IAztBK.jpg, https://ebca-prod-data-s3-public.s3.eu-west-1.amazonaws.com/motorvehicle/6341/images/1765815471_EOAvnZ.jpg, https://ebca-prod-data-s3-public.s3.eu-west-1.amazonaws.com/motorvehicle/6341/images/1765815403_n640ph.jpg, https://ebca-prod-data-s3-public.s3.eu-west-1.amazonaws.com/motorvehicle/6341/images/1765815409_BDFdnT.jpg, https://ebca-prod-data-s3-public.s3.eu-west-1.amazonaws.com/motorvehicle/6341/images/1765815415_d7miYu.jpg, https://ebca-prod-data-s3-public.s3.eu-west-1.amazonaws.com/motorvehicle/6341/images/1765815417_aM00Io.jpg, https://ebca-prod-data-s3-public.s3.eu-west-1.amazonaws.com/motorvehicle/6341/images/1765815423_mBAlJ0.jpg, https://ebca-prod-data-s3-public.s3.eu-west-1.amazonaws.com/motorvehicle/6341/images/1765815429_WjKGaP.jpg, https://ebca-prod-data-s3-public.s3.eu-west-1.amazonaws.com/motorvehicle/6341/images/1765815461_Sl6qmU.jpg","https://ebca-prod-data-s3-public.s3.eu-west-1.amazonaws.com/motorvehicle/6341/images/1765815461_Sl6qmU.jpg, https://ebca-prod-data-s3-public.s3.eu-west-1.amazonaws.com/motorvehicle/6341/images/1765815435_SOrWm6.jpg, https://ebca-prod-data-s3-public.s3.eu-west-1.amazonaws.com/motorvehicle/6341/images/1765815440_eiojQQ.jpg",Bonnet Chipped 1 To 5,"{'information': {'Keys': '2', 'Service history': 'yes', 'Service documents': 'Service Book', 'Number of stamps': '7', 'Last service date': '13/05/2025', 'Last service miles': '67,763', 'MOT Due': '08/06/2026', 'Former Keepers': '1', 'Body Style': 'Estate', 'Hubs': 'Alloy', 'BHP': '174', 'Gross Weight': '2110', 'Euro Status': '6', 'Euro': '6', 'CO2': '173', 'MPG Combined': '34.9', 'MPG Urban': '29.7', 'MPG Extra Urban': '46.3'}}",GREY,2,"£8,900.00","£6,700.00","£7,800.00",,"{'Interior & Tyres': {}, 'Interior': {'Carpet condition': 'Average', 'Seat condition': 'Average', 'Upholstery condition': 'Average', 'Odour': 'No'}, 'Tyres': {'Tyre NSF': 'BUDGET\t4.0mm', 'Tyre OSF': 'BUDGET\t4.0mm', 'Tyre NSR': 'RAPID\t4.0mm', 'Tyre OSR': 'RAPID\t4.0mm', 'Spare Tyre': '\t'}}",4,5,,08/06/2026,,7,"67,763","Tyre NSF: BUDGET	4.0mm, Tyre OSF: BUDGET	4.0mm, Tyre NSR: RAPID	4.0mm, Tyre OSR: RAPID	4.0mm, Spare Tyre: 	"
ebca,24,East Anglian Motor Auctions,Nissan,HK14HHX,Nissan,Juke,Acenta Premium Xtronic,22,Hatchback,Petrol,CVT,ECA,21/1/2026,11am,30/06/2014,2014,43803,Warranted,Here,25/06/2026,yes,Margin,,1,1.6,,https://www.ebca.co.uk/motorvehicleinspectionreport/standard/6439.pdf,"https://ebca-prod-data-s3-public.s3.eu-west-1.amazonaws.com/motorvehicle/6439/images/1766156990_NP9Eal.jpg, https://ebca-prod-data-s3-public.s3.eu-west-1.amazonaws.com/motorvehicle/6439/images/1766156998_Qv73oH.jpg, https://ebca-prod-data-s3-public.s3.eu-west-1.amazonaws.com/motorvehicle/6439/images/1766157005_raZt5X.jpg, https://ebca-prod-data-s3-public.s3.eu-west-1.amazonaws.com/motorvehicle/6439/images/1766157018_fsqFga.jpg, https://ebca-prod-data-s3-public.s3.eu-west-1.amazonaws.com/motorvehicle/6439/images/1766157027_f29eaj.jpg, https://ebca-prod-data-s3-public.s3.eu-west-1.amazonaws.com/motorvehicle/6439/images/1766157044_HVwfyB.jpg, https://ebca-prod-data-s3-public.s3.eu-west-1.amazonaws.com/motorvehicle/6439/images/1766152912_tpPs0h.jpg, https://ebca-prod-data-s3-public.s3.eu-west-1.amazonaws.com/motorvehicle/6439/images/1766152917_VmR0lh.jpg, https://ebca-prod-data-s3-public.s3.eu-west-1.amazonaws.com/motorvehicle/6439/images/1766152922_mKd1RV.jpg, https://ebca-prod-data-s3-public.s3.eu-west-1.amazonaws.com/motorvehicle/6439/images/1766152927_PTOfxI.jpg, https://ebca-prod-data-s3-public.s3.eu-west-1.amazonaws.com/motorvehicle/6439/images/1766156952_Jgo5Ne.jpg, https://ebca-prod-data-s3-public.s3.eu-west-1.amazonaws.com/motorvehicle/6439/images/1766156956_q9hGED.jpg, https://ebca-prod-data-s3-public.s3.eu-west-1.amazonaws.com/motorvehicle/6439/images/1766157009_35IejW.jpg, https://ebca-prod-data-s3-public.s3.eu-west-1.amazonaws.com/motorvehicle/6439/images/1766157013_w9sF49.jpg, https://ebca-prod-data-s3-public.s3.eu-west-1.amazonaws.com/motorvehicle/6439/images/1766157022_XM1DPn.jpg","https://ebca-prod-data-s3-public.s3.eu-west-1.amazonaws.com/motorvehicle/6439/images/1766157022_XM1DPn.jpg, https://ebca-prod-data-s3-public.s3.eu-west-1.amazonaws.com/motorvehicle/6439/images/1766156990_NP9Eal.jpg, https://ebca-prod-data-s3-public.s3.eu-west-1.amazonaws.com/motorvehicle/6439/images/1766156998_Qv73oH.jpg",Bonnet Chipped 1 To 5,"{'information': {'Keys': '2', 'Service history': 'yes', 'Service documents': 'Service Book', 'Number of stamps': '11', 'Last service date': '16/06/2025', 'Last service miles': '43,306', 'MOT Due': '25/06/2026', 'Former Keepers': '1', 'Body Style': 'Hatchback', 'Hubs': 'Alloy', 'BHP': '117', 'Gross Weight': '1680', 'Euro Status': '5', 'Euro': '5', 'CO2': '145', 'MPG Combined': '44.8', 'MPG Urban': '34', 'MPG Extra Urban': '54.3'}}",BLACK,2,"£5,050.00","£3,675.00","£4,350.00",,"{'Interior & Tyres': {}, 'Interior': {'Carpet condition': 'Average', 'Seat condition': 'Average', 'Upholstery condition': 'Average', 'Odour': 'No'}, 'Tyres': {'Tyre NSF': 'BRIDGESTONE\t5.0mm', 'Tyre OSF': 'BRIDGESTONE\t5.0mm', 'Tyre NSR': 'BRIDGESTONE\t5.0mm', 'Tyre OSR': 'BRIDGESTONE\t5.0mm', 'Spare Tyre': '\t'}}",4,5,,25/06/2026,,11,"43,306","Tyre NSF: BRIDGESTONE	5.0mm, Tyre OSF: BRIDGESTONE	5.0mm, Tyre NSR: BRIDGESTONE	5.0mm, Tyre OSR: BRIDGESTONE	5.0mm, Spare Tyre: 	"
ebca,24,East Anglian Motor Auctions,Fiat,HN66OJZ,Fiat,500x,E-torQ Lounge Start Stop,75,Hatchback,Petrol,MANUAL,ECA,21/1/2026,11am,26/11/2016,2016,106212,Warranted,Here,21/10/2026,yes,Margin,,1,1.6,,https://www.ebca.co.uk/motorvehicleinspectionreport/standard/6720.pdf,"https://ebca-prod-data-s3-public.s3.eu-west-1.amazonaws.com/motorvehicle/6720/images/1767951496_XGft9P.jpg, https://ebca-prod-data-s3-public.s3.eu-west-1.amazonaws.com/motorvehicle/6720/images/1767951501_Q6KF4J.jpg, https://ebca-prod-data-s3-public.s3.eu-west-1.amazonaws.com/motorvehicle/6720/images/1767951506_pMRCEu.jpg, https://ebca-prod-data-s3-public.s3.eu-west-1.amazonaws.com/motorvehicle/6720/images/1767951519_Nni3B0.jpg, https://ebca-prod-data-s3-public.s3.eu-west-1.amazonaws.com/motorvehicle/6720/images/1767951542_dKEcrn.jpg, https://ebca-prod-data-s3-public.s3.eu-west-1.amazonaws.com/motorvehicle/6720/images/1767951471_KWnCOR.jpg, https://ebca-prod-data-s3-public.s3.eu-west-1.amazonaws.com/motorvehicle/6720/images/1767951476_Ho5NXk.jpg, https://ebca-prod-data-s3-public.s3.eu-west-1.amazonaws.com/motorvehicle/6720/images/1767951481_NMZ5qp.jpg, https://ebca-prod-data-s3-public.s3.eu-west-1.amazonaws.com/motorvehicle/6720/images/1767951487_gL10Oy.jpg, https://ebca-prod-data-s3-public.s3.eu-west-1.amazonaws.com/motorvehicle/6720/images/1767951491_Z2Clf1.jpg, https://ebca-prod-data-s3-public.s3.eu-west-1.amazonaws.com/motorvehicle/6720/images/1767951525_0hlY3b.jpg","https://ebca-prod-data-s3-public.s3.eu-west-1.amazonaws.com/motorvehicle/6720/images/1767951525_0hlY3b.jpg, https://ebca-prod-data-s3-public.s3.eu-west-1.amazonaws.com/motorvehicle/6720/images/1767951496_XGft9P.jpg, https://ebca-prod-data-s3-public.s3.eu-west-1.amazonaws.com/motorvehicle/6720/images/1767951501_Q6KF4J.jpg",Bonnet Chipped Multiple Chips,"{'information': {'Keys': '1', 'Service history': 'yes', 'Service documents': 'Service Book', 'Number of stamps': '8', 'Last service date': '18/11/2025', 'Last service miles': '103,754', 'MOT Due': '21/10/2026', 'Former Keepers': '1', 'Body Style': 'Hatchback', 'Hubs': 'Alloy', 'BHP': '108', 'Euro Status': '6', 'Euro': '6', 'CO2': '139', 'MPG Combined': '47.1', 'MPG Urban': '36.2', 'MPG Extra Urban': '56.5'}}",GREY,1,"£3,075.00","£2,125.00","£2,600.00",,"{'Interior & Tyres': {}, 'Interior': {'Carpet condition': 'Average', 'Seat condition': 'Average', 'Upholstery condition': 'Average', 'Odour': 'No'}, 'Tyres': {'Tyre NSF': 'BUDGET\t4.0mm', 'Tyre OSF': 'BUDGET\t4.0mm', 'Tyre NSR': 'AUTOGREEN\t3.0mm', 'Tyre OSR': 'BUDGET\t4.0mm', 'Spare Tyre': '\t'}}",4,5,,21/10/2026,,8,"103,754","Tyre NSF: BUDGET	4.0mm, Tyre OSF: BUDGET	4.0mm, Tyre NSR: AUTOGREEN	3.0mm, Tyre OSR: BUDGET	4.0mm, Spare Tyre: 	"
ebca,24,East Anglian Motor Auctions,Mini,HN70GJE,Mini,Hatchback,Cooper Exclusive II Auto Comfort plus / Navigation,65,Hatchback,Petrol,AUTOMATIC,ECA,21/1/2026,11am,28/09/2020,2020,20801,Warranted,Here,27/09/2026,yes,Margin,,3,1.5,,https://www.ebca.co.uk/motorvehicleinspectionreport/standard/6225.pdf,"https://ebca-prod-data-s3-public.s3.eu-west-1.amazonaws.com/motorvehicle/6225/images/1766053462_gGIZzp.jpg, https://ebca-prod-data-s3-public.s3.eu-west-1.amazonaws.com/motorvehicle/6225/images/1766053467_NezTTc.jpg, https://ebca-prod-data-s3-public.s3.eu-west-1.amazonaws.com/motorvehicle/6225/images/1766053472_HKKWFh.jpg, https://ebca-prod-data-s3-public.s3.eu-west-1.amazonaws.com/motorvehicle/6225/images/1766053493_biW4zZ.jpg, https://ebca-prod-data-s3-public.s3.eu-west-1.amazonaws.com/motorvehicle/6225/images/1766053512_qEbRFY.jpg, https://ebca-prod-data-s3-public.s3.eu-west-1.amazonaws.com/motorvehicle/6225/images/1766053479_RhRK6O.jpg, https://ebca-prod-data-s3-public.s3.eu-west-1.amazonaws.com/motorvehicle/6225/images/1766053483_CT3Rfi.jpg, https://ebca-prod-data-s3-public.s3.eu-west-1.amazonaws.com/motorvehicle/6225/images/1766053488_vJZs8H.jpg, https://ebca-prod-data-s3-public.s3.eu-west-1.amazonaws.com/motorvehicle/6225/images/1766053499_Ydo2ln.jpg, https://ebca-prod-data-s3-public.s3.eu-west-1.amazonaws.com/motorvehicle/6225/images/1766053527_eQBAZo.jpg, https://ebca-prod-data-s3-public.s3.eu-west-1.amazonaws.com/motorvehicle/6225/images/1766053532_GEi6Ig.jpg, https://ebca-prod-data-s3-public.s3.eu-west-1.amazonaws.com/motorvehicle/6225/images/1766053539_QcSB3C.jpg","https://ebca-prod-data-s3-public.s3.eu-west-1.amazonaws.com/motorvehicle/6225/images/1766053539_QcSB3C.jpg, https://ebca-prod-data-s3-public.s3.eu-west-1.amazonaws.com/motorvehicle/6225/images/1766053462_gGIZzp.jpg, https://ebca-prod-data-s3-public.s3.eu-west-1.amazonaws.com/motorvehicle/6225/images/1766053467_NezTTc.jpg",Bonnet Chipped 1 To 5,"{'information': {'Keys': '2', 'Service history': 'yes', 'Number of stamps': '3', 'Last service date': '20/10/2025', 'Last service miles': '20,077', 'MOT Due': '27/09/2026', 'Former Keepers': '3', 'Body Style': 'Hatchback', 'Hubs': 'Alloy', 'BHP': '134', 'Euro Status': '6', 'Euro': '6', 'CO2': '134', 'MPG Combined': '47.9', 'MPG Urban': '44.1', 'MPG Extra Urban': '61.4'}}",RED,2,"£14,350.00","£11,700.00","£13,750.00",,"{'Interior & Tyres': {}, 'Interior': {'Carpet condition': 'Average', 'Seat condition': 'Average', 'Upholstery condition': 'Average', 'Odour': 'No'}, 'Tyres': {'Tyre NSF': 'GOODYEAR\t5.0mm', 'Tyre OSF': 'BUDGET\t4.0mm', 'Tyre NSR': 'PIRELLI\t5.0mm', 'Tyre OSR': 'PIRELLI\t5.0mm', 'Spare Tyre': '\t'}}",2,3,,27/09/2026,,3,"20,077","Tyre NSF: GOODYEAR	5.0mm, Tyre OSF: BUDGET	4.0mm, Tyre NSR: PIRELLI	5.0mm, Tyre OSR: PIRELLI	5.0mm, Spare Tyre: 	"
ebca,24,East Anglian Motor Auctions,Kia,HT68FEK,Kia,Stonic,T GDi 4 Auto,155,Hatchback,Petrol,SEMI AUTO,ECA,21/1/2026,11am,03/01/2019,2019,88276,Warranted,Here, ,yes,Margin,,2,1.0,,https://www.ebca.co.uk/motorvehicleinspectionreport/standard/6342.pdf,"https://ebca-prod-data-s3-public.s3.eu-west-1.amazonaws.com/motorvehicle/6342/images/1765875510_XbCr2K.jpg, https://ebca-prod-data-s3-public.s3.eu-west-1.amazonaws.com/motorvehicle/6342/images/1765875516_cQRmqz.jpg, https://ebca-prod-data-s3-public.s3.eu-west-1.amazonaws.com/motorvehicle/6342/images/1765875521_8ixKhS.jpg, https://ebca-prod-data-s3-public.s3.eu-west-1.amazonaws.com/motorvehicle/6342/images/1765875542_oHEdGC.jpg, https://ebca-prod-data-s3-public.s3.eu-west-1.amazonaws.com/motorvehicle/6342/images/1765875560_i8osZG.jpg, https://ebca-prod-data-s3-public.s3.eu-west-1.amazonaws.com/motorvehicle/6342/images/1765875527_MgIBqZ.jpg, https://ebca-prod-data-s3-public.s3.eu-west-1.amazonaws.com/motorvehicle/6342/images/1765875532_XbX5wz.jpg, https://ebca-prod-data-s3-public.s3.eu-west-1.amazonaws.com/motorvehicle/6342/images/1765875537_uAr0FZ.jpg, https://ebca-prod-data-s3-public.s3.eu-west-1.amazonaws.com/motorvehicle/6342/images/1765875547_u3E95A.jpg, https://ebca-prod-data-s3-public.s3.eu-west-1.amazonaws.com/motorvehicle/6342/images/1765875578_zsTObc.jpg, https://ebca-prod-data-s3-public.s3.eu-west-1.amazonaws.com/motorvehicle/6342/images/1765875583_IWiAsh.jpg, https://ebca-prod-data-s3-public.s3.eu-west-1.amazonaws.com/motorvehicle/6342/images/1765875588_AwmWcz.jpg, https://ebca-prod-data-s3-public.s3.eu-west-1.amazonaws.com/motorvehicle/6342/images/1765875597_iV4GD1.jpg","https://ebca-prod-data-s3-public.s3.eu-west-1.amazonaws.com/motorvehicle/6342/images/1765875597_iV4GD1.jpg, https://ebca-prod-data-s3-public.s3.eu-west-1.amazonaws.com/motorvehicle/6342/images/1765875510_XbCr2K.jpg, https://ebca-prod-data-s3-public.s3.eu-west-1.amazonaws.com/motorvehicle/6342/images/1765875516_cQRmqz.jpg",Seat Base Cover osf Torn Over 3mm,"{'information': {'Keys': '2', 'Service history': 'yes', 'Service documents': 'Service Book', 'Number of stamps': '8', 'Last service date': '25/11/2025', 'Last service miles': '87,815', 'MOT Due': 'Expired', 'Former Keepers': '2', 'Body Style': 'Hatchback', 'Hubs': 'Alloy', 'BHP': '118', 'Gross Weight': '1670', 'Euro Status': '6', 'Euro': '6', 'CO2': '120', 'MPG Combined': '46.3', 'MPG Urban': '47.9', 'MPG Extra Urban': '57.6'}}",GREY,2,"£7,425.00","£5,600.00","£6,500.00",,"{'Interior & Tyres': {}, 'Interior': {'Carpet condition': 'Average', 'Seat condition': 'Average', 'Upholstery condition': 'Average', 'Odour': 'No'}, 'Tyres': {'Tyre NSF': 'CONTINENTAL\t3.0mm', 'Tyre OSF': 'CONTINENTAL\t3.0mm', 'Tyre NSR': 'CONTINENTAL\t4.0mm', 'Tyre OSR': 'CONTINENTAL\t3.0mm', 'Spare Tyre': '\t'}}",4,5,, ,,8,"87,815","Tyre NSF: CONTINENTAL	3.0mm, Tyre OSF: CONTINENTAL	3.0mm, Tyre NSR: CONTINENTAL	4.0mm, Tyre OSR: CONTINENTAL	3.0mm, Spare Tyre: 	"
ebca,24,East Anglian Motor Auctions,Citroen,HV19AVF,Citroen,Grand C4 Spacetourer,BlueHDi 130 Flair,61,MPV,Diesel,MANUAL,ECA,21/1/2026,11am,30/03/2019,2019,62297,Warranted,Here,05/01/2027,yes,Margin,,2,1.5,,https://www.ebca.co.uk/motorvehicleinspectionreport/standard/6810.pdf,"https://ebca-prod-data-s3-public.s3.eu-west-1.amazonaws.com/motorvehicle/6810/images/1768307426_LbUEWm.jpg, https://ebca-prod-data-s3-public.s3.eu-west-1.amazonaws.com/motorvehicle/6810/images/1768307431_BJC9UP.jpg, https://ebca-prod-data-s3-public.s3.eu-west-1.amazonaws.com/motorvehicle/6810/images/1768307436_PmZWYf.jpg, https://ebca-prod-data-s3-public.s3.eu-west-1.amazonaws.com/motorvehicle/6810/images/1768307449_wBLW7a.jpg, https://ebca-prod-data-s3-public.s3.eu-west-1.amazonaws.com/motorvehicle/6810/images/1768307483_pVKzM0.jpg, https://ebca-prod-data-s3-public.s3.eu-west-1.amazonaws.com/motorvehicle/6810/images/1768307386_jshzjs.jpg, https://ebca-prod-data-s3-public.s3.eu-west-1.amazonaws.com/motorvehicle/6810/images/1768307400_ctcR3M.jpg, https://ebca-prod-data-s3-public.s3.eu-west-1.amazonaws.com/motorvehicle/6810/images/1768307405_7zHv73.jpg, https://ebca-prod-data-s3-public.s3.eu-west-1.amazonaws.com/motorvehicle/6810/images/1768307409_dWYYxw.jpg, https://ebca-prod-data-s3-public.s3.eu-west-1.amazonaws.com/motorvehicle/6810/images/1768307465_kjFEpj.jpg, https://ebca-prod-data-s3-public.s3.eu-west-1.amazonaws.com/motorvehicle/6810/images/1768307500_sEKva1.jpg, https://ebca-prod-data-s3-public.s3.eu-west-1.amazonaws.com/motorvehicle/6810/images/1768307505_0g5NIA.jpg","https://ebca-prod-data-s3-public.s3.eu-west-1.amazonaws.com/motorvehicle/6810/images/1768307505_0g5NIA.jpg, https://ebca-prod-data-s3-public.s3.eu-west-1.amazonaws.com/motorvehicle/6810/images/1768307426_LbUEWm.jpg, https://ebca-prod-data-s3-public.s3.eu-west-1.amazonaws.com/motorvehicle/6810/images/1768307431_BJC9UP.jpg",Bumper Rear Scratched Over 100mm Thru Paint,"{'information': {'Keys': '2', 'Service history': 'yes', 'Service documents': 'Service Book', 'Number of stamps': '4', 'Last service date': '03/02/2025', 'Last service miles': '56,342', 'MOT Due': '05/01/2027', 'Former Keepers': '2', 'Body Style': 'MPV', 'Hubs': 'Alloy', 'BHP': '129', 'Gross Weight': '2190', 'Euro Status': '6', 'Euro': '6', 'CO2': '108', 'MPG Combined': '57.7', 'MPG Urban': '60.1', 'MPG Extra Urban': '76.3'}}",WHITE,2,"£8,875.00","£6,875.00","£7,875.00",,"{'Interior & Tyres': {}, 'Interior': {'Carpet condition': 'Average', 'Seat condition': 'Average', 'Upholstery condition': 'Average', 'Odour': 'No'}, 'Tyres': {'Tyre NSF': 'SUNNY\t4.0mm', 'Tyre OSF': 'SUNNY\t4.0mm', 'Tyre NSR': 'MICHELIN\t3.0mm', 'Tyre OSR': 'MICHELIN\t3.0mm', 'Spare Tyre': '\t'}}",4,5,,05/01/2027,,4,"56,342","Tyre NSF: SUNNY	4.0mm, Tyre OSF: SUNNY	4.0mm, Tyre NSR: MICHELIN	3.0mm, Tyre OSR: MICHELIN	3.0mm, Spare Tyre: 	"
ebca,24,East Anglian Motor Auctions,Volkswagen,HV71KZR,Volkswagen,Tiguan,TSI eHybrid R-Line DSG,69,Estate,Hybrid Electric,SEMI AUTO,ECA,21/1/2026,11am,14/09/2021,2021,96502,Warranted,TBC,13/09/2026,,Margin,,1,1.4,,https://www.ebca.co.uk/motorvehicleinspectionreport/standard/6859.pdf,"https://ebca-prod-data-s3-public.s3.eu-west-1.amazonaws.com/motorvehicle/6859/images/1768916804_i26zID.jpg, https://ebca-prod-data-s3-public.s3.eu-west-1.amazonaws.com/motorvehicle/6859/images/1768916810_Y7O6mr.jpg, https://ebca-prod-data-s3-public.s3.eu-west-1.amazonaws.com/motorvehicle/6859/images/1768916815_8mgpkD.jpg, https://ebca-prod-data-s3-public.s3.eu-west-1.amazonaws.com/motorvehicle/6859/images/1768916822_Kw8LzA.jpg, https://ebca-prod-data-s3-public.s3.eu-west-1.amazonaws.com/motorvehicle/6859/images/1768916847_pR7U2t.jpg, https://ebca-prod-data-s3-public.s3.eu-west-1.amazonaws.com/motorvehicle/6859/images/1768916715_TXh2pN.jpg, https://ebca-prod-data-s3-public.s3.eu-west-1.amazonaws.com/motorvehicle/6859/images/1768916727_kKLJLx.jpg, https://ebca-prod-data-s3-public.s3.eu-west-1.amazonaws.com/motorvehicle/6859/images/1768916763_CiFTnJ.jpg, https://ebca-prod-data-s3-public.s3.eu-west-1.amazonaws.com/motorvehicle/6859/images/1768916779_BtRuNd.jpg, https://ebca-prod-data-s3-public.s3.eu-west-1.amazonaws.com/motorvehicle/6859/images/1768916784_ccpsCq.jpg, https://ebca-prod-data-s3-public.s3.eu-west-1.amazonaws.com/motorvehicle/6859/images/1768916790_JdKJ8h.jpg, https://ebca-prod-data-s3-public.s3.eu-west-1.amazonaws.com/motorvehicle/6859/images/1768916798_ltEYSI.jpg, https://ebca-prod-data-s3-public.s3.eu-west-1.amazonaws.com/motorvehicle/6859/images/1768916828_TfZLR7.jpg, https://ebca-prod-data-s3-public.s3.eu-west-1.amazonaws.com/motorvehicle/6859/images/1768916833_DlUx3U.jpg","https://ebca-prod-data-s3-public.s3.eu-west-1.amazonaws.com/motorvehicle/6859/images/1768916833_DlUx3U.jpg, https://ebca-prod-data-s3-public.s3.eu-west-1.amazonaws.com/motorvehicle/6859/images/1768916804_i26zID.jpg, https://ebca-prod-data-s3-public.s3.eu-west-1.amazonaws.com/motorvehicle/6859/images/1768916810_Y7O6mr.jpg",Bumper Rear Scratched 25 to 100mm Thru Paint,"{'information': {'Keys': '2', 'MOT Due': '13/09/2026', 'Former Keepers': '1', 'Body Style': 'Estate', 'Hubs': 'Alloy', 'BHP': '242', 'Euro Status': '6', 'Euro': '6', 'CO2': '43'}}",BLUE,2,"£14,700.00","£12,100.00","£13,400.00",,"{'Interior & Tyres': {}, 'Interior': {'Carpet condition': 'Average', 'Seat condition': 'Average', 'Upholstery condition': 'Average', 'Odour': 'No'}, 'Tyres': {'Tyre NSF': 'PIRELLI\t4.0mm', 'Tyre OSF': 'PIRELLI\t4.0mm', 'Tyre NSR': 'PIRELLI\t4.0mm', 'Tyre OSR': 'PIRELLI\t4.0mm', 'Spare Tyre': '\t'}}",3,5,,13/09/2026,,,,"Tyre NSF: PIRELLI	4.0mm, Tyre OSF: PIRELLI	4.0mm, Tyre NSR: PIRELLI	4.0mm, Tyre OSR: PIRELLI	4.0mm, Spare Tyre: 	"
ebca,24,East Anglian Motor Auctions,Ford,HY63YLM,Ford,Fiesta,82 Zetec,5,Hatchback,Petrol,MANUAL,ECA,21/1/2026,11am,30/09/2013,2013,53252,Warranted,Here,30/07/2026,yes,Margin,,3,1.2,,https://www.ebca.co.uk/motorvehicleinspectionreport/standard/6788.pdf,"https://ebca-prod-data-s3-public.s3.eu-west-1.amazonaws.com/motorvehicle/6788/images/1768226073_N5m8Jm.jpg, https://ebca-prod-data-s3-public.s3.eu-west-1.amazonaws.com/motorvehicle/6788/images/1768226078_6xc457.jpg, https://ebca-prod-data-s3-public.s3.eu-west-1.amazonaws.com/motorvehicle/6788/images/1768226083_gVThvd.jpg, https://ebca-prod-data-s3-public.s3.eu-west-1.amazonaws.com/motorvehicle/6788/images/1768226093_itmfg6.jpg, https://ebca-prod-data-s3-public.s3.eu-west-1.amazonaws.com/motorvehicle/6788/images/1768226113_XplrnV.jpg, https://ebca-prod-data-s3-public.s3.eu-west-1.amazonaws.com/motorvehicle/6788/images/1768226043_ofhfVu.jpg, https://ebca-prod-data-s3-public.s3.eu-west-1.amazonaws.com/motorvehicle/6788/images/1768226047_0kjOST.jpg, https://ebca-prod-data-s3-public.s3.eu-west-1.amazonaws.com/motorvehicle/6788/images/1768226052_JGkuZI.jpg, https://ebca-prod-data-s3-public.s3.eu-west-1.amazonaws.com/motorvehicle/6788/images/1768226063_WxZHAi.jpg, https://ebca-prod-data-s3-public.s3.eu-west-1.amazonaws.com/motorvehicle/6788/images/1768226067_3bOryP.jpg, https://ebca-prod-data-s3-public.s3.eu-west-1.amazonaws.com/motorvehicle/6788/images/1768226100_leBUY7.jpg","https://ebca-prod-data-s3-public.s3.eu-west-1.amazonaws.com/motorvehicle/6788/images/1768226100_leBUY7.jpg, https://ebca-prod-data-s3-public.s3.eu-west-1.amazonaws.com/motorvehicle/6788/images/1768226073_N5m8Jm.jpg, https://ebca-prod-data-s3-public.s3.eu-west-1.amazonaws.com/motorvehicle/6788/images/1768226078_6xc457.jpg",Bonnet Chipped 1 To 5,"{'information': {'Keys': '2', 'Service history': 'yes', 'Service documents': 'Service Book', 'Number of stamps': '10', 'Last service date': '09/07/2025', 'Last service miles': '49,861', 'MOT Due': '30/07/2026', 'Former Keepers': '3', 'Body Style': 'Hatchback', 'Hubs': 'Alloy', 'BHP': '81', 'Gross Weight': '1495', 'Euro Status': '5', 'Euro': '5', 'CO2': '120', 'MPG Combined': '54.3', 'MPG Urban': '41.5', 'MPG Extra Urban': '67.3'}}",SILVER,2,"£3,075.00","£2,050.00","£2,575.00",,"{'Interior & Tyres': {}, 'Interior': {'Carpet condition': 'Average', 'Seat condition': 'Average', 'Upholstery condition': 'Average', 'Odour': 'No'}, 'Tyres': {'Tyre NSF': 'HANKOOK\t3.0mm', 'Tyre OSF': 'HANKOOK\t4.0mm', 'Tyre NSR': 'CONTINENTAL\t4.0mm', 'Tyre OSR': 'CONTINENTAL\t4.0mm', 'Spare Tyre': '\t'}}",5,5,,30/07/2026,,10,"49,861","Tyre NSF: HANKOOK	3.0mm, Tyre OSF: HANKOOK	4.0mm, Tyre NSR: CONTINENTAL	4.0mm, Tyre OSR: CONTINENTAL	4.0mm, Spare Tyre: 	"
ebca,24,East Anglian Motor Auctions,Toyota,KE17CDO,Toyota,Hilux,Icon D/Cab Pick Up 2.4 D-4D,70,Light 4X4 Utility,Diesel,MANUAL,ECA,21/1/2026,11am,30/08/2017,2017,84570,Warranted,Here,29/06/2026,yes,Plus VAT,,,2.4,,https://www.ebca.co.uk/motorvehicleinspectionreport/standard/5632.pdf,"https://ebca-prod-data-s3-public.s3.eu-west-1.amazonaws.com/motorvehicle/5632/images/1762850245_fMq0I5.jpg, https://ebca-prod-data-s3-public.s3.eu-west-1.amazonaws.com/motorvehicle/5632/images/1762850251_gbdlFj.jpg, https://ebca-prod-data-s3-public.s3.eu-west-1.amazonaws.com/motorvehicle/5632/images/1762850256_TDgkVH.jpg, https://ebca-prod-data-s3-public.s3.eu-west-1.amazonaws.com/motorvehicle/5632/images/1762850261_D924UQ.jpg, https://ebca-prod-data-s3-public.s3.eu-west-1.amazonaws.com/motorvehicle/5632/images/1762850328_EfrPbv.jpg, https://ebca-prod-data-s3-public.s3.eu-west-1.amazonaws.com/motorvehicle/5632/images/1762850219_J3O8XP.jpg, https://ebca-prod-data-s3-public.s3.eu-west-1.amazonaws.com/motorvehicle/5632/images/1762850223_iTFEDK.jpg, https://ebca-prod-data-s3-public.s3.eu-west-1.amazonaws.com/motorvehicle/5632/images/1762850228_4vFoV7.jpg, https://ebca-prod-data-s3-public.s3.eu-west-1.amazonaws.com/motorvehicle/5632/images/1762850234_l0zsez.jpg, https://ebca-prod-data-s3-public.s3.eu-west-1.amazonaws.com/motorvehicle/5632/images/1762850240_83tVij.jpg, https://ebca-prod-data-s3-public.s3.eu-west-1.amazonaws.com/motorvehicle/5632/images/1762850275_gf9PDQ.jpg","https://ebca-prod-data-s3-public.s3.eu-west-1.amazonaws.com/motorvehicle/5632/images/1762850275_gf9PDQ.jpg, https://ebca-prod-data-s3-public.s3.eu-west-1.amazonaws.com/motorvehicle/5632/images/1762850245_fMq0I5.jpg, https://ebca-prod-data-s3-public.s3.eu-west-1.amazonaws.com/motorvehicle/5632/images/1762850251_gbdlFj.jpg",Bonnet Dented With Paint Damage,"{'information': {'Keys': '1', 'Service history': 'yes', 'Service documents': 'Printout', 'Number of stamps': '7', 'Last service date': '03/06/2025', 'Last service miles': '79,964', 'MOT Due': '29/06/2026', 'Body Style': 'Light 4X4 Utility', 'Hubs': 'Alloy', 'BHP': '148', 'Gross Weight': '3210', 'Euro Status': '6', 'Euro': '6', 'CO2': '185', 'MPG Combined': '40.4', 'MPG Urban': '34.5', 'MPG Extra Urban': '44.8'}}",GREY,1,"£11,450.00","£7,075.00","£9,525.00",,"{'Interior & Tyres': {}, 'Interior': {'Carpet condition': 'Average', 'Seat condition': 'Average', 'Upholstery condition': 'Average', 'Odour': 'No'}, 'Tyres': {'Tyre NSF': 'MICHELIN\t3.0mm', 'Tyre OSF': 'MICHELIN\t4.0mm', 'Tyre NSR': 'MICHELIN\t3.0mm', 'Tyre OSR': 'MICHELIN\t4.0mm', 'Spare Tyre': '\t'}}",4,,,29/06/2026,,7,"79,964","Tyre NSF: MICHELIN	3.0mm, Tyre OSF: MICHELIN	4.0mm, Tyre NSR: MICHELIN	3.0mm, Tyre OSR: MICHELIN	4.0mm, Spare Tyre: 	"
ebca,24,East Anglian Motor Auctions,BMW,KJ18DZC,BMW,3 Series,i M Sport,30,Saloon,Petrol,MANUAL,ECA,21/1/2026,11am,30/06/2018,2018,93924,Warranted,Here,11/08/2026,yes,Margin,,1,2.0,,https://www.ebca.co.uk/motorvehicleinspectionreport/standard/6855.pdf,"https://ebca-prod-data-s3-public.s3.eu-west-1.amazonaws.com/motorvehicle/6855/images/1768572369_8YTsKR.jpg, https://ebca-prod-data-s3-public.s3.eu-west-1.amazonaws.com/motorvehicle/6855/images/1768572377_o188X3.jpg, https://ebca-prod-data-s3-public.s3.eu-west-1.amazonaws.com/motorvehicle/6855/images/1768572387_Mx2dOH.jpg, https://ebca-prod-data-s3-public.s3.eu-west-1.amazonaws.com/motorvehicle/6855/images/1768572427_dG4db6.jpg, https://ebca-prod-data-s3-public.s3.eu-west-1.amazonaws.com/motorvehicle/6855/images/1768572438_8gPHQQ.jpg, https://ebca-prod-data-s3-public.s3.eu-west-1.amazonaws.com/motorvehicle/6855/images/1768572456_8WOGCM.jpg, https://ebca-prod-data-s3-public.s3.eu-west-1.amazonaws.com/motorvehicle/6855/images/1768572392_nOlVZd.jpg, https://ebca-prod-data-s3-public.s3.eu-west-1.amazonaws.com/motorvehicle/6855/images/1768572422_6C6GLL.jpg, https://ebca-prod-data-s3-public.s3.eu-west-1.amazonaws.com/motorvehicle/6855/images/1768572432_Hwl9aj.jpg, https://ebca-prod-data-s3-public.s3.eu-west-1.amazonaws.com/motorvehicle/6855/images/1768572471_D9tUYA.jpg, https://ebca-prod-data-s3-public.s3.eu-west-1.amazonaws.com/motorvehicle/6855/images/1768572508_GXTigM.jpg, https://ebca-prod-data-s3-public.s3.eu-west-1.amazonaws.com/motorvehicle/6855/images/1768572516_dXicvt.jpg, https://ebca-prod-data-s3-public.s3.eu-west-1.amazonaws.com/motorvehicle/6855/images/1768572521_IDiPIS.jpg, https://ebca-prod-data-s3-public.s3.eu-west-1.amazonaws.com/motorvehicle/6855/images/1768572527_bFWPDH.jpg, https://ebca-prod-data-s3-public.s3.eu-west-1.amazonaws.com/motorvehicle/6855/images/1768572544_Z4yyCY.jpg","https://ebca-prod-data-s3-public.s3.eu-west-1.amazonaws.com/motorvehicle/6855/images/1768572544_Z4yyCY.jpg, https://ebca-prod-data-s3-public.s3.eu-west-1.amazonaws.com/motorvehicle/6855/images/1768572369_8YTsKR.jpg, https://ebca-prod-data-s3-public.s3.eu-west-1.amazonaws.com/motorvehicle/6855/images/1768572377_o188X3.jpg",Bumper Rear Chipped Multiple Chips,"{'information': {'Keys': '1', 'Service history': 'yes', 'Service documents': 'Electronic / Online', 'Number of stamps': '3', 'Last service date': '10/08/2023', 'Last service miles': '52,893', 'MOT Due': '11/08/2026', 'Former Keepers': '1', 'Body Style': 'Saloon', 'Hubs': 'Alloy', 'BHP': '181', 'Gross Weight': '2020', 'Euro Status': '6', 'Euro': '6', 'CO2': '138', 'MPG Combined': '47.9', 'MPG Urban': '35.8', 'MPG Extra Urban': '58.9'}}",GREY,1,"£6,100.00","£4,575.00","£5,325.00",,"{'Interior & Tyres': {}, 'Interior': {'Carpet condition': 'Average', 'Seat condition': 'Average', 'Upholstery condition': 'Average', 'Odour': 'No'}, 'Tyres': {'Tyre NSF': 'PIRELLI\t4.0mm', 'Tyre OSF': 'PIRELLI\t4.0mm', 'Tyre NSR': 'BRIDGESTONE\t4.0mm', 'Tyre OSR': 'BRIDGESTONE\t4.0mm', 'Spare Tyre': '\t'}}",3,4,,11/08/2026,,3,"52,893","Tyre NSF: PIRELLI	4.0mm, Tyre OSF: PIRELLI	4.0mm, Tyre NSR: BRIDGESTONE	4.0mm, Tyre OSR: BRIDGESTONE	4.0mm, Spare Tyre: 	"
ebca,24,East Anglian Motor Auctions,Mercedes-Benz,KP69ZYV,Mercedes-Benz,C Class,C200 AMG Line Premium 9G-Tronic,49,Convertible,Hybrid Electric,AUTOMATIC,ECA,21/1/2026,11am,24/09/2019,2019,25630,Warranted,Here,11/08/2026,yes,Margin,,2,1.5,,https://www.ebca.co.uk/motorvehicleinspectionreport/standard/6858.pdf,"https://ebca-prod-data-s3-public.s3.eu-west-1.amazonaws.com/motorvehicle/6858/images/1768816953_7FgCYC.jpg, https://ebca-prod-data-s3-public.s3.eu-west-1.amazonaws.com/motorvehicle/6858/images/1768816959_70UWF4.jpg, https://ebca-prod-data-s3-public.s3.eu-west-1.amazonaws.com/motorvehicle/6858/images/1768816965_g8bqER.jpg, https://ebca-prod-data-s3-public.s3.eu-west-1.amazonaws.com/motorvehicle/6858/images/1768816987_tr6MVd.jpg, https://ebca-prod-data-s3-public.s3.eu-west-1.amazonaws.com/motorvehicle/6858/images/1768817116_GEDsls.jpg, https://ebca-prod-data-s3-public.s3.eu-west-1.amazonaws.com/motorvehicle/6858/images/1768817122_PyiIx0.jpg, https://ebca-prod-data-s3-public.s3.eu-west-1.amazonaws.com/motorvehicle/6858/images/1768817139_XJfe4r.jpg, https://ebca-prod-data-s3-public.s3.eu-west-1.amazonaws.com/motorvehicle/6858/images/1768816970_G1fMZ1.jpg, https://ebca-prod-data-s3-public.s3.eu-west-1.amazonaws.com/motorvehicle/6858/images/1768816976_Ig1GNk.jpg, https://ebca-prod-data-s3-public.s3.eu-west-1.amazonaws.com/motorvehicle/6858/images/1768816981_nBI7AF.jpg, https://ebca-prod-data-s3-public.s3.eu-west-1.amazonaws.com/motorvehicle/6858/images/1768817034_NgIjZt.jpg, https://ebca-prod-data-s3-public.s3.eu-west-1.amazonaws.com/motorvehicle/6858/images/1768817045_cC46Bf.jpg, https://ebca-prod-data-s3-public.s3.eu-west-1.amazonaws.com/motorvehicle/6858/images/1768817053_pB5Wnj.jpg, https://ebca-prod-data-s3-public.s3.eu-west-1.amazonaws.com/motorvehicle/6858/images/1768817061_I9PYHn.jpg, https://ebca-prod-data-s3-public.s3.eu-west-1.amazonaws.com/motorvehicle/6858/images/1768817082_qtAMnP.jpg, https://ebca-prod-data-s3-public.s3.eu-west-1.amazonaws.com/motorvehicle/6858/images/1768817087_VnlQhI.jpg, https://ebca-prod-data-s3-public.s3.eu-west-1.amazonaws.com/motorvehicle/6858/images/1768817109_LidkXL.jpg, https://ebca-prod-data-s3-public.s3.eu-west-1.amazonaws.com/motorvehicle/6858/images/1768817185_zurwUb.jpg","https://ebca-prod-data-s3-public.s3.eu-west-1.amazonaws.com/motorvehicle/6858/images/1768817185_zurwUb.jpg, https://ebca-prod-data-s3-public.s3.eu-west-1.amazonaws.com/motorvehicle/6858/images/1768816953_7FgCYC.jpg, https://ebca-prod-data-s3-public.s3.eu-west-1.amazonaws.com/motorvehicle/6858/images/1768816959_70UWF4.jpg",Bonnet Chipped 1 To 5,"{'information': {'Keys': '2', 'Service history': 'yes', 'Service documents': 'Printout', 'Number of stamps': '5', 'Last service date': '16/07/2025', 'Last service miles': '24,860', 'MOT Due': '11/08/2026', 'Former Keepers': '2', 'Body Style': 'Convertible', 'Hubs': 'Alloy', 'BHP': '181', 'Gross Weight': '2195', 'Euro Status': '6', 'Euro': '6', 'CO2': '154', 'MPG Combined': '44.1', 'MPG Urban': '34', 'MPG Extra Urban': '54.3'}}",GREY,2,"£16,550.00","£14,200.00","£15,350.00",,"{'Interior & Tyres': {}, 'Interior': {'Carpet condition': 'Average', 'Seat condition': 'Average', 'Upholstery condition': 'Average', 'Odour': 'No'}, 'Tyres': {'Tyre NSF': 'PIRELLI\t5.0mm', 'Tyre OSF': 'PIRELLI\t5.0mm', 'Tyre NSR': 'PIRELLI\t5.0mm', 'Tyre OSR': 'PIRELLI\t5.0mm', 'Spare Tyre': '\t'}}",2,2,,11/08/2026,,5,"24,860","Tyre NSF: PIRELLI	5.0mm, Tyre OSF: PIRELLI	5.0mm, Tyre NSR: PIRELLI	5.0mm, Tyre OSR: PIRELLI	5.0mm, Spare Tyre: 	"
ebca,24,East Anglian Motor Auctions,Audi,KR16NTE,Audi,Q3,TDI 184 Quattro S Line Plus S Tronic,31,Estate,Diesel,SEMI AUTO,ECA,21/1/2026,11am,09/05/2016,2016,128716,Warranted,Here,08/11/2026,yes,Margin,,2,2.0,,https://www.ebca.co.uk/motorvehicleinspectionreport/standard/6809.pdf,"https://ebca-prod-data-s3-public.s3.eu-west-1.amazonaws.com/motorvehicle/6809/images/1768304179_z2FTuF.jpg, https://ebca-prod-data-s3-public.s3.eu-west-1.amazonaws.com/motorvehicle/6809/images/1768304185_mmBPHS.jpg, https://ebca-prod-data-s3-public.s3.eu-west-1.amazonaws.com/motorvehicle/6809/images/1768304191_DICNDm.jpg, https://ebca-prod-data-s3-public.s3.eu-west-1.amazonaws.com/motorvehicle/6809/images/1768304207_VI3EzC.jpg, https://ebca-prod-data-s3-public.s3.eu-west-1.amazonaws.com/motorvehicle/6809/images/1768304223_w3QVTM.jpg, https://ebca-prod-data-s3-public.s3.eu-west-1.amazonaws.com/motorvehicle/6809/images/1768304241_2LCs8M.jpg, https://ebca-prod-data-s3-public.s3.eu-west-1.amazonaws.com/motorvehicle/6809/images/1768304196_cjuOIo.jpg, https://ebca-prod-data-s3-public.s3.eu-west-1.amazonaws.com/motorvehicle/6809/images/1768304201_WJ1RUO.jpg, https://ebca-prod-data-s3-public.s3.eu-west-1.amazonaws.com/motorvehicle/6809/images/1768304213_CLIJLR.jpg, https://ebca-prod-data-s3-public.s3.eu-west-1.amazonaws.com/motorvehicle/6809/images/1768304254_zszNa0.jpg, https://ebca-prod-data-s3-public.s3.eu-west-1.amazonaws.com/motorvehicle/6809/images/1768304259_cR23jH.jpg, https://ebca-prod-data-s3-public.s3.eu-west-1.amazonaws.com/motorvehicle/6809/images/1768304269_Bpqrvz.jpg, https://ebca-prod-data-s3-public.s3.eu-west-1.amazonaws.com/motorvehicle/6809/images/1768304274_FqI8HB.jpg, https://ebca-prod-data-s3-public.s3.eu-west-1.amazonaws.com/motorvehicle/6809/images/1768304320_jIkf46.jpg, https://ebca-prod-data-s3-public.s3.eu-west-1.amazonaws.com/motorvehicle/6809/images/1768304329_pgefC1.jpg","https://ebca-prod-data-s3-public.s3.eu-west-1.amazonaws.com/motorvehicle/6809/images/1768304329_pgefC1.jpg, https://ebca-prod-data-s3-public.s3.eu-west-1.amazonaws.com/motorvehicle/6809/images/1768304179_z2FTuF.jpg, https://ebca-prod-data-s3-public.s3.eu-west-1.amazonaws.com/motorvehicle/6809/images/1768304185_mmBPHS.jpg",Bonnet Scratched Over 25mm Thru Paint,"{'information': {'Keys': '2', 'Service history': 'yes', 'Service documents': 'Printout', 'Number of stamps': '10', 'Last service date': '23/06/2025', 'Last service miles': '119,261', 'MOT Due': '08/11/2026', 'Former Keepers': '2', 'Body Style': 'Estate', 'Hubs': 'Alloy', 'BHP': '182', 'Gross Weight': '2225', 'Euro Status': '6', 'Euro': '6', 'CO2': '144', 'MPG Combined': '50.4', 'MPG Urban': '42.8', 'MPG Extra Urban': '57.7'}}",SILVER,2,"£6,200.00","£4,625.00","£5,425.00",,"{'Interior & Tyres': {}, 'Interior': {'Carpet condition': 'Average', 'Seat condition': 'Average', 'Upholstery condition': 'Average', 'Odour': 'No'}, 'Tyres': {'Tyre NSF': 'PIRELLI\t5.0mm', 'Tyre OSF': 'PIRELLI\t5.0mm', 'Tyre NSR': 'PIRELLI\t5.0mm', 'Tyre OSR': 'PIRELLI\t5.0mm', 'Spare Tyre': '\t'}}",3,5,,08/11/2026,,10,"119,261","Tyre NSF: PIRELLI	5.0mm, Tyre OSF: PIRELLI	5.0mm, Tyre NSR: PIRELLI	5.0mm, Tyre OSR: PIRELLI	5.0mm, Spare Tyre: 	"
ebca,24,East Anglian Motor Auctions,Audi,KR17UUW,Audi,A5,S5 Quattro Tiptronic,151,Hatchback,Petrol,AUTOMATIC,ECA,21/1/2026,11am,15/06/2017,2017,45563,Warranted,Here,13/08/2026,yes,Margin,,6,3.0,,https://www.ebca.co.uk/motorvehicleinspectionreport/standard/6777.pdf,"https://ebca-prod-data-s3-public.s3.eu-west-1.amazonaws.com/motorvehicle/6777/images/1768209654_Hrb5O4.jpg, https://ebca-prod-data-s3-public.s3.eu-west-1.amazonaws.com/motorvehicle/6777/images/1768209660_QgKAhh.jpg, https://ebca-prod-data-s3-public.s3.eu-west-1.amazonaws.com/motorvehicle/6777/images/1768209665_Ou51UV.jpg, https://ebca-prod-data-s3-public.s3.eu-west-1.amazonaws.com/motorvehicle/6777/images/1768209690_Qfw16V.jpg, https://ebca-prod-data-s3-public.s3.eu-west-1.amazonaws.com/motorvehicle/6777/images/1768209724_lnDRuo.jpg, https://ebca-prod-data-s3-public.s3.eu-west-1.amazonaws.com/motorvehicle/6777/images/1768209672_xoQALp.jpg, https://ebca-prod-data-s3-public.s3.eu-west-1.amazonaws.com/motorvehicle/6777/images/1768209679_GYoNu8.jpg, https://ebca-prod-data-s3-public.s3.eu-west-1.amazonaws.com/motorvehicle/6777/images/1768209685_j2gEIv.jpg, https://ebca-prod-data-s3-public.s3.eu-west-1.amazonaws.com/motorvehicle/6777/images/1768209696_RmY4rc.jpg, https://ebca-prod-data-s3-public.s3.eu-west-1.amazonaws.com/motorvehicle/6777/images/1768209739_H9k0LT.jpg, https://ebca-prod-data-s3-public.s3.eu-west-1.amazonaws.com/motorvehicle/6777/images/1768209744_63o9JC.jpg","https://ebca-prod-data-s3-public.s3.eu-west-1.amazonaws.com/motorvehicle/6777/images/1768209744_63o9JC.jpg, https://ebca-prod-data-s3-public.s3.eu-west-1.amazonaws.com/motorvehicle/6777/images/1768209654_Hrb5O4.jpg, https://ebca-prod-data-s3-public.s3.eu-west-1.amazonaws.com/motorvehicle/6777/images/1768209660_QgKAhh.jpg",Bonnet Chipped 1 To 5,"{'information': {'Keys': '2', 'Service history': 'yes', 'Service documents': 'Printout', 'Number of stamps': '9', 'Last service date': '16/09/2025', 'MOT Due': '13/08/2026', 'Former Keepers': '6', 'Body Style': 'Hatchback', 'Hubs': 'Alloy', 'BHP': '349', 'Gross Weight': '2230', 'Euro Status': '6', 'Euro': '6', 'CO2': '170', 'MPG Combined': '37.7', 'MPG Urban': '28.5', 'MPG Extra Urban': '46.3'}}",BLUE,2,"£16,500.00","£13,850.00","£15,200.00",,"{'Interior & Tyres': {}, 'Interior': {'Carpet condition': 'Average', 'Seat condition': 'Average', 'Upholstery condition': 'Average', 'Odour': 'No'}, 'Tyres': {'Tyre NSF': 'BUDGET\t3.0mm', 'Tyre OSF': 'BUDGET\t5.0mm', 'Tyre NSR': 'BUDGET\t3.0mm', 'Tyre OSR': 'BUDGET\t4.0mm', 'Spare Tyre': '\t'}}",2,5,,13/08/2026,,9,,"Tyre NSF: BUDGET	3.0mm, Tyre OSF: BUDGET	5.0mm, Tyre NSR: BUDGET	3.0mm, Tyre OSR: BUDGET	4.0mm, Spare Tyre: 	"
ebca,24,East Anglian Motor Auctions,Nissan,KS65XBP,Nissan,Juke,Tekna Xtronic,21,Hatchback,Petrol,CVT,ECA,21/1/2026,11am,01/01/2016,2016,61198,Warranted,Here,01/08/2026,yes,Margin,,3,1.6,,https://www.ebca.co.uk/motorvehicleinspectionreport/standard/6296.pdf,"https://ebca-prod-data-s3-public.s3.eu-west-1.amazonaws.com/motorvehicle/6296/images/1765554021_9QdvOG.jpg, https://ebca-prod-data-s3-public.s3.eu-west-1.amazonaws.com/motorvehicle/6296/images/1765554027_DHfKPT.jpg, https://ebca-prod-data-s3-public.s3.eu-west-1.amazonaws.com/motorvehicle/6296/images/1765554033_PmPwQH.jpg, https://ebca-prod-data-s3-public.s3.eu-west-1.amazonaws.com/motorvehicle/6296/images/1765554049_tDVarU.jpg, https://ebca-prod-data-s3-public.s3.eu-west-1.amazonaws.com/motorvehicle/6296/images/1765554060_gLPyLO.jpg, https://ebca-prod-data-s3-public.s3.eu-west-1.amazonaws.com/motorvehicle/6296/images/1765554075_rAWua7.jpg, https://ebca-prod-data-s3-public.s3.eu-west-1.amazonaws.com/motorvehicle/6296/images/1765553975_1uqs3E.jpg, https://ebca-prod-data-s3-public.s3.eu-west-1.amazonaws.com/motorvehicle/6296/images/1765553980_CrOUeF.jpg, https://ebca-prod-data-s3-public.s3.eu-west-1.amazonaws.com/motorvehicle/6296/images/1765553986_VNVKW9.jpg, https://ebca-prod-data-s3-public.s3.eu-west-1.amazonaws.com/motorvehicle/6296/images/1765553990_Inmnro.jpg, https://ebca-prod-data-s3-public.s3.eu-west-1.amazonaws.com/motorvehicle/6296/images/1765553996_xQ7r89.jpg, https://ebca-prod-data-s3-public.s3.eu-west-1.amazonaws.com/motorvehicle/6296/images/1765554002_NiQor1.jpg, https://ebca-prod-data-s3-public.s3.eu-west-1.amazonaws.com/motorvehicle/6296/images/1765554007_Xym9jk.jpg, https://ebca-prod-data-s3-public.s3.eu-west-1.amazonaws.com/motorvehicle/6296/images/1765554038_yJqFdS.jpg, https://ebca-prod-data-s3-public.s3.eu-west-1.amazonaws.com/motorvehicle/6296/images/1765554043_7vhyKp.jpg, https://ebca-prod-data-s3-public.s3.eu-west-1.amazonaws.com/motorvehicle/6296/images/1765554054_e8TqL8.jpg","https://ebca-prod-data-s3-public.s3.eu-west-1.amazonaws.com/motorvehicle/6296/images/1765554054_e8TqL8.jpg, https://ebca-prod-data-s3-public.s3.eu-west-1.amazonaws.com/motorvehicle/6296/images/1765554021_9QdvOG.jpg, https://ebca-prod-data-s3-public.s3.eu-west-1.amazonaws.com/motorvehicle/6296/images/1765554027_DHfKPT.jpg",Bonnet Chipped Multiple Chips,"{'information': {'Keys': '2', 'Service history': 'yes', 'Service documents': 'Service Book', 'Number of stamps': '5', 'Last service date': '10/06/2020', 'Last service miles': '30,916', 'MOT Due': '01/08/2026', 'Former Keepers': '3', 'Body Style': 'Hatchback', 'Hubs': 'Alloy', 'BHP': '117', 'Gross Weight': '1680', 'Euro Status': '6', 'Euro': '6', 'CO2': '139', 'MPG Combined': '47.1', 'MPG Urban': '37.7', 'MPG Extra Urban': '55.4'}}",GREY,2,"£5,025.00","£3,650.00","£4,325.00",,"{'Interior & Tyres': {}, 'Interior': {'Carpet condition': 'Average', 'Seat condition': 'Average', 'Upholstery condition': 'Average', 'Odour': 'No'}, 'Tyres': {'Tyre NSF': 'SUNNY\t5.0mm', 'Tyre OSF': 'BUDGET\t5.0mm', 'Tyre NSR': 'CONTINENTAL\t5.0mm', 'Tyre OSR': 'DOUBLESTAR\t5.0mm', 'Spare Tyre': '\t'}}",3,5,,01/08/2026,,5,"30,916","Tyre NSF: SUNNY	5.0mm, Tyre OSF: BUDGET	5.0mm, Tyre NSR: CONTINENTAL	5.0mm, Tyre OSR: DOUBLESTAR	5.0mm, Spare Tyre: 	"
ebca,24,East Anglian Motor Auctions,Volvo,KS68MUY,Volvo,V60,D4 190 Momentum Pro Auto,153,Estate,Diesel,AUTOMATIC,ECA,21/1/2026,11am,27/12/2018,2018,84926,Warranted,Here,26/12/2026,yes,Margin,,1,2.0,,https://www.ebca.co.uk/motorvehicleinspectionreport/standard/6659.pdf,"https://ebca-prod-data-s3-public.s3.eu-west-1.amazonaws.com/motorvehicle/6659/images/1767715621_e9s5gA.jpg, https://ebca-prod-data-s3-public.s3.eu-west-1.amazonaws.com/motorvehicle/6659/images/1767715626_1pmgaJ.jpg, https://ebca-prod-data-s3-public.s3.eu-west-1.amazonaws.com/motorvehicle/6659/images/1767715631_bbi1yE.jpg, https://ebca-prod-data-s3-public.s3.eu-west-1.amazonaws.com/motorvehicle/6659/images/1767715648_ZP9Yll.jpg, https://ebca-prod-data-s3-public.s3.eu-west-1.amazonaws.com/motorvehicle/6659/images/1767715672_Cf7IrQ.jpg, https://ebca-prod-data-s3-public.s3.eu-west-1.amazonaws.com/motorvehicle/6659/images/1767715637_01DK4p.jpg, https://ebca-prod-data-s3-public.s3.eu-west-1.amazonaws.com/motorvehicle/6659/images/1767715643_uosThD.jpg, https://ebca-prod-data-s3-public.s3.eu-west-1.amazonaws.com/motorvehicle/6659/images/1767715655_WAKMkV.jpg, https://ebca-prod-data-s3-public.s3.eu-west-1.amazonaws.com/motorvehicle/6659/images/1767715688_ekWW6X.jpg, https://ebca-prod-data-s3-public.s3.eu-west-1.amazonaws.com/motorvehicle/6659/images/1767715695_f4tiWT.jpg, https://ebca-prod-data-s3-public.s3.eu-west-1.amazonaws.com/motorvehicle/6659/images/1767715707_VZFd5g.jpg, https://ebca-prod-data-s3-public.s3.eu-west-1.amazonaws.com/motorvehicle/6659/images/1767715712_mlUBht.jpg","https://ebca-prod-data-s3-public.s3.eu-west-1.amazonaws.com/motorvehicle/6659/images/1767715712_mlUBht.jpg, https://ebca-prod-data-s3-public.s3.eu-west-1.amazonaws.com/motorvehicle/6659/images/1767715621_e9s5gA.jpg, https://ebca-prod-data-s3-public.s3.eu-west-1.amazonaws.com/motorvehicle/6659/images/1767715626_1pmgaJ.jpg",Bonnet Chipped 1 To 5,"{'information': {'Keys': '2', 'Service history': 'yes', 'Service documents': 'Printout', 'Number of stamps': '1', 'Last service date': '04/12/2023', 'Last service miles': '60,236', 'MOT Due': '26/12/2026', 'Former Keepers': '1', 'Body Style': 'Estate', 'Hubs': 'Alloy', 'BHP': '188', 'Gross Weight': '2260', 'Euro Status': '6', 'Euro': '6', 'CO2': '119', 'MPG Combined': '46.3', 'MPG Urban': '53.3', 'MPG Extra Urban': '68.9'}}",GREY,2,"£11,100.00","£8,975.00","£10,050.00",,"{'Interior & Tyres': {}, 'Interior': {'Carpet condition': 'Average', 'Seat condition': 'Average', 'Upholstery condition': 'Average', 'Odour': 'No'}, 'Tyres': {'Tyre NSF': 'MICHELIN\t4.0mm', 'Tyre OSF': 'MICHELIN\t3.0mm', 'Tyre NSR': 'MICHELIN\t4.0mm', 'Tyre OSR': 'MICHELIN\t4.0mm', 'Spare Tyre': '\t'}}",3,5,,26/12/2026,,1,"60,236","Tyre NSF: MICHELIN	4.0mm, Tyre OSF: MICHELIN	3.0mm, Tyre NSR: MICHELIN	4.0mm, Tyre OSR: MICHELIN	4.0mm, Spare Tyre: 	"
ebca,24,East Anglian Motor Auctions,Lexus,LB24CNY,Lexus,LBX,Premium Plus E-CVT,138,Hatchback,Hybrid Electric,CVT,ECA,21/1/2026,11am,19/04/2024,2024,4443,Warranted,Here,-,yes,Margin,,,1.5,,https://www.ebca.co.uk/motorvehicleinspectionreport/standard/5884.pdf,"https://ebca-prod-data-s3-public.s3.eu-west-1.amazonaws.com/motorvehicle/5884/images/1764088141_4piXuE.jpg, https://ebca-prod-data-s3-public.s3.eu-west-1.amazonaws.com/motorvehicle/5884/images/1764088146_dy26qT.jpg, https://ebca-prod-data-s3-public.s3.eu-west-1.amazonaws.com/motorvehicle/5884/images/1764088152_szkneI.jpg, https://ebca-prod-data-s3-public.s3.eu-west-1.amazonaws.com/motorvehicle/5884/images/1764088190_AewFfv.jpg, https://ebca-prod-data-s3-public.s3.eu-west-1.amazonaws.com/motorvehicle/5884/images/1764088218_t4DUr6.jpg, https://ebca-prod-data-s3-public.s3.eu-west-1.amazonaws.com/motorvehicle/5884/images/1764088237_soYhOK.jpg, https://ebca-prod-data-s3-public.s3.eu-west-1.amazonaws.com/motorvehicle/5884/images/1764087986_gdlhrf.jpg, https://ebca-prod-data-s3-public.s3.eu-west-1.amazonaws.com/motorvehicle/5884/images/1764087991_MvNdJB.jpg, https://ebca-prod-data-s3-public.s3.eu-west-1.amazonaws.com/motorvehicle/5884/images/1764088000_zC5THL.jpg, https://ebca-prod-data-s3-public.s3.eu-west-1.amazonaws.com/motorvehicle/5884/images/1764088125_np6TX6.jpg, https://ebca-prod-data-s3-public.s3.eu-west-1.amazonaws.com/motorvehicle/5884/images/1764088178_56LK9c.jpg, https://ebca-prod-data-s3-public.s3.eu-west-1.amazonaws.com/motorvehicle/5884/images/1764088184_47itRq.jpg, https://ebca-prod-data-s3-public.s3.eu-west-1.amazonaws.com/motorvehicle/5884/images/1764088196_cqQxP3.jpg","https://ebca-prod-data-s3-public.s3.eu-west-1.amazonaws.com/motorvehicle/5884/images/1764088196_cqQxP3.jpg, https://ebca-prod-data-s3-public.s3.eu-west-1.amazonaws.com/motorvehicle/5884/images/1764088141_4piXuE.jpg, https://ebca-prod-data-s3-public.s3.eu-west-1.amazonaws.com/motorvehicle/5884/images/1764088146_dy26qT.jpg",Bonnet Chipped 1 To 5,"{'information': {'Keys': '2', 'Service history': 'yes', 'Service documents': 'Printout', 'Number of stamps': '1', 'Last service date': '15/04/2025', 'Last service miles': '2,675', 'Body Style': 'Hatchback', 'Hubs': 'Alloy', 'BHP': '134', 'Euro Status': '6', 'Euro': '6', 'CO2': '103'}}",RED,2,"£27,100.00","£24,400.00","£25,700.00",,"{'Interior & Tyres': {}, 'Interior': {'Carpet condition': 'Average', 'Seat condition': 'Average', 'Upholstery condition': 'Average', 'Odour': 'No'}, 'Tyres': {'Tyre NSF': 'DUNLOP\t4.0mm', 'Tyre OSF': 'DUNLOP\t4.0mm', 'Tyre NSR': 'DUNLOP\t4.0mm', 'Tyre OSR': 'BUDGET\t4.0mm', 'Spare Tyre': '\t'}}",2,5,,,,1,"2,675","Tyre NSF: DUNLOP	4.0mm, Tyre OSF: DUNLOP	4.0mm, Tyre NSR: DUNLOP	4.0mm, Tyre OSR: BUDGET	4.0mm, Spare Tyre: 	"
ebca,24,East Anglian Motor Auctions,Volkswagen,LD66RXP,Volkswagen,Golf,TDI 110 Match Edition,7,Estate,Diesel,MANUAL,ECA,21/1/2026,11am,22/10/2016,2016,100479,Warranted,Here,21/10/2026,yes,Margin,,,1.6,,https://www.ebca.co.uk/motorvehicleinspectionreport/standard/5045.pdf,"https://ebca-prod-data-s3-public.s3.eu-west-1.amazonaws.com/motorvehicle/4769/images/1760433795_1T9nHM.jpg, https://ebca-prod-data-s3-public.s3.eu-west-1.amazonaws.com/motorvehicle/4769/images/1760433800_rHzsrb.jpg, https://ebca-prod-data-s3-public.s3.eu-west-1.amazonaws.com/motorvehicle/4769/images/1760433807_W8goej.jpg, https://ebca-prod-data-s3-public.s3.eu-west-1.amazonaws.com/motorvehicle/4769/images/1760433821_twv3OT.jpg, https://ebca-prod-data-s3-public.s3.eu-west-1.amazonaws.com/motorvehicle/4769/images/1760433842_MmeC8R.jpg, https://ebca-prod-data-s3-public.s3.eu-west-1.amazonaws.com/motorvehicle/4769/images/1760433768_oTPKOk.jpg, https://ebca-prod-data-s3-public.s3.eu-west-1.amazonaws.com/motorvehicle/4769/images/1760433772_nhqdtz.jpg, https://ebca-prod-data-s3-public.s3.eu-west-1.amazonaws.com/motorvehicle/4769/images/1760433777_HX7aVB.jpg, https://ebca-prod-data-s3-public.s3.eu-west-1.amazonaws.com/motorvehicle/4769/images/1760433784_tGwQf2.jpg, https://ebca-prod-data-s3-public.s3.eu-west-1.amazonaws.com/motorvehicle/4769/images/1760433791_aFSnbm.jpg, https://ebca-prod-data-s3-public.s3.eu-west-1.amazonaws.com/motorvehicle/4769/images/1760433829_A4nT2G.jpg","https://ebca-prod-data-s3-public.s3.eu-west-1.amazonaws.com/motorvehicle/4769/images/1760433829_A4nT2G.jpg, https://ebca-prod-data-s3-public.s3.eu-west-1.amazonaws.com/motorvehicle/4769/images/1760433795_1T9nHM.jpg, https://ebca-prod-data-s3-public.s3.eu-west-1.amazonaws.com/motorvehicle/4769/images/1760433800_rHzsrb.jpg",Bumper Rear Scratched Over 100mm Thru Paint,"{'information': {'Keys': '2', 'Service history': 'yes', 'Service documents': 'Service Book', 'Number of stamps': '6', 'Last service date': '10/03/2022', 'Last service miles': '54,143', 'MOT Due': '21/10/2026', 'Body Style': 'Estate', 'Hubs': 'Alloy', 'BHP': '109', 'Gross Weight': '1930', 'Euro Status': '6', 'Euro': '6', 'CO2': '102', 'MPG Combined': '72.4', 'MPG Urban': '61.4', 'MPG Extra Urban': '80.7'}}",BLUE,2,"£4,500.00","£3,225.00","£3,850.00",,"{'Interior & Tyres': {}, 'Interior': {'Carpet condition': 'Average', 'Seat condition': 'Average', 'Upholstery condition': 'Average', 'Odour': 'No'}, 'Tyres': {'Tyre NSF': 'BUDGET\t4.0mm', 'Tyre OSF': 'BUDGET\t4.0mm', 'Tyre NSR': 'BRIDGESTONE\t2.0mm', 'Tyre OSR': 'KUMHO\t4.0mm', 'Spare Tyre': '\t'}}",3,5,,21/10/2026,,6,"54,143","Tyre NSF: BUDGET	4.0mm, Tyre OSF: BUDGET	4.0mm, Tyre NSR: BRIDGESTONE	2.0mm, Tyre OSR: KUMHO	4.0mm, Spare Tyre: 	"
ebca,24,East Anglian Motor Auctions,Skoda,LD70SZO,Skoda,Karoq,TSI SE L DSG,37,Estate,Petrol,SEMI AUTO,ECA,21/1/2026,11am,30/09/2020,2020,51483,Warranted,Here,01/10/2026,yes,Margin,,,1.5,,https://www.ebca.co.uk/motorvehicleinspectionreport/standard/6941.pdf,"https://ebca-prod-data-s3-public.s3.eu-west-1.amazonaws.com/motorvehicle/6941/images/1768834661_lzX4Ac.jpg, https://ebca-prod-data-s3-public.s3.eu-west-1.amazonaws.com/motorvehicle/6941/images/1768834667_VlegyQ.jpg, https://ebca-prod-data-s3-public.s3.eu-west-1.amazonaws.com/motorvehicle/6941/images/1768834673_ZP0BLY.jpg, https://ebca-prod-data-s3-public.s3.eu-west-1.amazonaws.com/motorvehicle/6941/images/1768834710_t4DlME.jpg, https://ebca-prod-data-s3-public.s3.eu-west-1.amazonaws.com/motorvehicle/6941/images/1768834716_OmJxM6.jpg, https://ebca-prod-data-s3-public.s3.eu-west-1.amazonaws.com/motorvehicle/6941/images/1768834738_xgk28O.jpg, https://ebca-prod-data-s3-public.s3.eu-west-1.amazonaws.com/motorvehicle/6941/images/1768833686_pjgiKa.jpg, https://ebca-prod-data-s3-public.s3.eu-west-1.amazonaws.com/motorvehicle/6941/images/1768833687_jY7zad.jpg, https://ebca-prod-data-s3-public.s3.eu-west-1.amazonaws.com/motorvehicle/6941/images/1768833689_vE0Ne6.jpg, https://ebca-prod-data-s3-public.s3.eu-west-1.amazonaws.com/motorvehicle/6941/images/1768833690_brMZLl.jpg, https://ebca-prod-data-s3-public.s3.eu-west-1.amazonaws.com/motorvehicle/6941/images/1768833691_G9K29Y.jpg, https://ebca-prod-data-s3-public.s3.eu-west-1.amazonaws.com/motorvehicle/6941/images/1768833692_67B7Xl.jpg, https://ebca-prod-data-s3-public.s3.eu-west-1.amazonaws.com/motorvehicle/6941/images/1768833694_XhHj51.jpg, https://ebca-prod-data-s3-public.s3.eu-west-1.amazonaws.com/motorvehicle/6941/images/1768834751_5u9UmP.jpg","https://ebca-prod-data-s3-public.s3.eu-west-1.amazonaws.com/motorvehicle/6941/images/1768834751_5u9UmP.jpg, https://ebca-prod-data-s3-public.s3.eu-west-1.amazonaws.com/motorvehicle/6941/images/1768834661_lzX4Ac.jpg, https://ebca-prod-data-s3-public.s3.eu-west-1.amazonaws.com/motorvehicle/6941/images/1768834667_VlegyQ.jpg",Bonnet Dented Over 30mm,"{'information': {'Keys': '3', 'Service history': 'yes', 'Service documents': 'Printout', 'Number of stamps': '5', 'Last service date': '16/09/2025', 'Last service miles': '49,769', 'MOT Due': '01/10/2026', 'Body Style': 'Estate', 'Hubs': 'Alloy', 'BHP': '148', 'Gross Weight': '1881', 'Euro Status': '6', 'Euro': '6', 'CO2': '150', 'MPG Combined': '42.8', 'MPG Urban': '42.8', 'MPG Extra Urban': '60.1'}}",GREY,3,"£13,050.00","£10,700.00","£11,850.00",,"{'Interior & Tyres': {}, 'Interior': {'Carpet condition': 'Average', 'Seat condition': 'Average', 'Upholstery condition': 'Average', 'Odour': 'Yes'}, 'Tyres': {'Tyre NSF': 'BRIDGESTONE\t5.0mm', 'Tyre OSF': 'PIRELLI\t5.0mm', 'Tyre NSR': 'BRIDGESTONE\t5.0mm', 'Tyre OSR': 'BRIDGESTONE\t5.0mm', 'Spare Tyre': '\t'}}",4,5,,01/10/2026,,5,"49,769","Tyre NSF: BRIDGESTONE	5.0mm, Tyre OSF: PIRELLI	5.0mm, Tyre NSR: BRIDGESTONE	5.0mm, Tyre OSR: BRIDGESTONE	5.0mm, Spare Tyre: 	"
ebca,24,East Anglian Motor Auctions,Citroen,LF19UDL,Citroen,C4 Cactus,BlueHDi 120 Flair EAT6,129,Hatchback,Diesel,AUTOMATIC,ECA,21/1/2026,11am,01/03/2019,2019,75651,Warranted,Here,07/12/2026,yes,Margin,,2,1.5,,https://www.ebca.co.uk/motorvehicleinspectionreport/standard/6624.pdf,"https://ebca-prod-data-s3-public.s3.eu-west-1.amazonaws.com/motorvehicle/6624/images/1767963538_wp7yqe.jpg, https://ebca-prod-data-s3-public.s3.eu-west-1.amazonaws.com/motorvehicle/6624/images/1767963543_vrogA5.jpg, https://ebca-prod-data-s3-public.s3.eu-west-1.amazonaws.com/motorvehicle/6624/images/1767963550_ZDfNiC.jpg, https://ebca-prod-data-s3-public.s3.eu-west-1.amazonaws.com/motorvehicle/6624/images/1767963562_AMzZHs.jpg, https://ebca-prod-data-s3-public.s3.eu-west-1.amazonaws.com/motorvehicle/6624/images/1767963581_Ko7h52.jpg, https://ebca-prod-data-s3-public.s3.eu-west-1.amazonaws.com/motorvehicle/6624/images/1767963496_ydAuX8.jpg, https://ebca-prod-data-s3-public.s3.eu-west-1.amazonaws.com/motorvehicle/6624/images/1767963500_hLYyOJ.jpg, https://ebca-prod-data-s3-public.s3.eu-west-1.amazonaws.com/motorvehicle/6624/images/1767963506_Wjxpfd.jpg, https://ebca-prod-data-s3-public.s3.eu-west-1.amazonaws.com/motorvehicle/6624/images/1767963511_5fdCOu.jpg, https://ebca-prod-data-s3-public.s3.eu-west-1.amazonaws.com/motorvehicle/6624/images/1767963523_13LSa2.jpg, https://ebca-prod-data-s3-public.s3.eu-west-1.amazonaws.com/motorvehicle/6624/images/1767963532_5fMuBH.jpg, https://ebca-prod-data-s3-public.s3.eu-west-1.amazonaws.com/motorvehicle/6624/images/1767963569_l45OSh.jpg","https://ebca-prod-data-s3-public.s3.eu-west-1.amazonaws.com/motorvehicle/6624/images/1767963569_l45OSh.jpg, https://ebca-prod-data-s3-public.s3.eu-west-1.amazonaws.com/motorvehicle/6624/images/1767963538_wp7yqe.jpg, https://ebca-prod-data-s3-public.s3.eu-west-1.amazonaws.com/motorvehicle/6624/images/1767963543_vrogA5.jpg",Bumper Rear Chipped Multiple Chips,"{'information': {'Keys': '2', 'Service history': 'yes', 'Service documents': 'Service Book', 'Number of stamps': '7', 'Last service date': '01/10/2024', 'Last service miles': '56,788', 'MOT Due': '07/12/2026', 'Former Keepers': '2', 'Body Style': 'Hatchback', 'Hubs': 'Alloy', 'BHP': '118', 'Gross Weight': '1680', 'Euro Status': '6', 'Euro': '6', 'CO2': '102', 'MPG Combined': '58.9', 'MPG Urban': '64.2', 'MPG Extra Urban': '78.5'}}",WHITE,2,"£4,925.00","£3,625.00","£4,250.00",,"{'Interior & Tyres': {}, 'Interior': {'Carpet condition': 'Average', 'Seat condition': 'Average', 'Upholstery condition': 'Average', 'Odour': 'No'}, 'Tyres': {'Tyre NSF': 'BUDGET\t5.0mm', 'Tyre OSF': 'BUDGET\t4.0mm', 'Tyre NSR': 'BUDGET\t5.0mm', 'Tyre OSR': 'BUDGET\t4.0mm', 'Spare Tyre': '\t'}}",2,5,,07/12/2026,,7,"56,788","Tyre NSF: BUDGET	5.0mm, Tyre OSF: BUDGET	4.0mm, Tyre NSR: BUDGET	5.0mm, Tyre OSR: BUDGET	4.0mm, Spare Tyre: 	"
ebca,24,East Anglian Motor Auctions,Nissan,LF21MSD,Nissan,Qashqai,DiG-T MH 158 Premiere Edition Xtronic,132,Hatchback,Hybrid Electric,CVT,ECA,21/1/2026,11am,27/08/2021,2021,36171,Warranted,Here,22/09/2026,yes,Margin,,,1.3,,https://www.ebca.co.uk/motorvehicleinspectionreport/standard/2496.pdf,"https://ebca-prod-data-s3-public.s3.eu-west-1.amazonaws.com/motorvehicle/2496/images/1753186747_8WFUFr.jpg, https://ebca-prod-data-s3-public.s3.eu-west-1.amazonaws.com/motorvehicle/2496/images/1753186753_d4aDJB.jpg, https://ebca-prod-data-s3-public.s3.eu-west-1.amazonaws.com/motorvehicle/2496/images/1753186758_L1AlNS.jpg, https://ebca-prod-data-s3-public.s3.eu-west-1.amazonaws.com/motorvehicle/2496/images/1753186766_wpWJcr.jpg, https://ebca-prod-data-s3-public.s3.eu-west-1.amazonaws.com/motorvehicle/2496/images/1753186799_zjsmtL.jpg, https://ebca-prod-data-s3-public.s3.eu-west-1.amazonaws.com/motorvehicle/2496/images/1753186707_oKFY2E.jpg, https://ebca-prod-data-s3-public.s3.eu-west-1.amazonaws.com/motorvehicle/2496/images/1753186712_bcNjWZ.jpg, https://ebca-prod-data-s3-public.s3.eu-west-1.amazonaws.com/motorvehicle/2496/images/1753186773_CXDbLM.jpg, https://ebca-prod-data-s3-public.s3.eu-west-1.amazonaws.com/motorvehicle/2496/images/1753186716_ghbFcz.jpg, https://ebca-prod-data-s3-public.s3.eu-west-1.amazonaws.com/motorvehicle/2496/images/1753186736_EGdkV3.jpg, https://ebca-prod-data-s3-public.s3.eu-west-1.amazonaws.com/motorvehicle/2496/images/1758702402_5NAInn.jpg","https://ebca-prod-data-s3-public.s3.eu-west-1.amazonaws.com/motorvehicle/2496/images/1758702402_5NAInn.jpg, https://ebca-prod-data-s3-public.s3.eu-west-1.amazonaws.com/motorvehicle/2496/images/1753186747_8WFUFr.jpg, https://ebca-prod-data-s3-public.s3.eu-west-1.amazonaws.com/motorvehicle/2496/images/1753186753_d4aDJB.jpg",Bonnet Chipped 1 To 5,"{'information': {'Keys': '2', 'Service history': 'yes', 'Service documents': 'Printout', 'Number of stamps': '1', 'Last service date': '02/08/2022', 'Last service miles': '9,868', 'MOT Due': '22/09/2026', 'Body Style': 'Hatchback', 'Hubs': 'Alloy', 'BHP': '156', 'Euro Status': '6', 'Euro': '6', 'CO2': '145', 'MPG Combined': '44.1'}}",GREY,2,"£13,250.00","£10,800.00","£12,050.00",,"{'Interior & Tyres': {}, 'Interior': {'Carpet condition': 'Average', 'Seat condition': 'Average', 'Upholstery condition': 'Average', 'Odour': 'No'}, 'Tyres': {'Tyre NSF': 'SUNNY\t4.0mm', 'Tyre OSF': 'SUNNY\t4.0mm', 'Tyre NSR': 'BRIDGESTONE\t4.0mm', 'Tyre OSR': 'BRIDGESTONE\t4.0mm', 'Spare Tyre': '\t'}}",3,5,,22/09/2026,,1,"9,868","Tyre NSF: SUNNY	4.0mm, Tyre OSF: SUNNY	4.0mm, Tyre NSR: BRIDGESTONE	4.0mm, Tyre OSR: BRIDGESTONE	4.0mm, Spare Tyre: 	"
ebca,24,East Anglian Motor Auctions,Renault,LF24AOO,Renault,Clio,E-TECH full hybrid 145 Esprit Alpine Auto,160,Hatchback,Hybrid Electric,AUTOMATIC,ECA,21/1/2026,11am,22/03/2024,2024,7156,Warranted,Here,-,none,Margin,,1,1.6,,https://www.ebca.co.uk/motorvehicleinspectionreport/standard/4995.pdf,"https://ebca-prod-data-s3-public.s3.eu-west-1.amazonaws.com/motorvehicle/4995/images/1761062374_Tylygt.jpg, https://ebca-prod-data-s3-public.s3.eu-west-1.amazonaws.com/motorvehicle/4995/images/1761062378_CWi4qt.jpg, https://ebca-prod-data-s3-public.s3.eu-west-1.amazonaws.com/motorvehicle/4995/images/1761062383_RoWUyV.jpg, https://ebca-prod-data-s3-public.s3.eu-west-1.amazonaws.com/motorvehicle/4995/images/1761062409_FED2zq.jpg, https://ebca-prod-data-s3-public.s3.eu-west-1.amazonaws.com/motorvehicle/4995/images/1761062439_YzPYPb.jpg, https://ebca-prod-data-s3-public.s3.eu-west-1.amazonaws.com/motorvehicle/4995/images/1761062387_vN17Pr.jpg, https://ebca-prod-data-s3-public.s3.eu-west-1.amazonaws.com/motorvehicle/4995/images/1761062394_AijviY.jpg, https://ebca-prod-data-s3-public.s3.eu-west-1.amazonaws.com/motorvehicle/4995/images/1761062398_uJYUFl.jpg, https://ebca-prod-data-s3-public.s3.eu-west-1.amazonaws.com/motorvehicle/4995/images/1761062416_VD8Bfk.jpg, https://ebca-prod-data-s3-public.s3.eu-west-1.amazonaws.com/motorvehicle/4995/images/1761062453_DQtba1.jpg, https://ebca-prod-data-s3-public.s3.eu-west-1.amazonaws.com/motorvehicle/4995/images/1761062457_omGAHV.jpg","https://ebca-prod-data-s3-public.s3.eu-west-1.amazonaws.com/motorvehicle/4995/images/1761062457_omGAHV.jpg, https://ebca-prod-data-s3-public.s3.eu-west-1.amazonaws.com/motorvehicle/4995/images/1761062374_Tylygt.jpg, https://ebca-prod-data-s3-public.s3.eu-west-1.amazonaws.com/motorvehicle/4995/images/1761062378_CWi4qt.jpg",Bonnet Chipped 1 To 5,"{'information': {'Keys': '2', 'Service history': 'none', 'Former Keepers': '1', 'Body Style': 'Hatchback', 'Hubs': 'Alloy', 'BHP': '141', 'Euro Status': '6', 'Euro': '6', 'CO2': '97', 'MPG Combined': '65.7'}}",RED,2,"£16,450.00","£14,100.00","£15,250.00",,"{'Interior & Tyres': {}, 'Interior': {'Carpet condition': 'Average', 'Seat condition': 'Average', 'Upholstery condition': 'Average', 'Odour': 'No'}, 'Tyres': {'Tyre NSF': 'CONTINENTAL\t4.0mm', 'Tyre OSF': 'CONTINENTAL\t3.0mm', 'Tyre NSR': 'CONTINENTAL\t4.0mm', 'Tyre OSR': 'CONTINENTAL\t3.0mm', 'Spare Tyre': '\t'}}",2,5,,,,,,"Tyre NSF: CONTINENTAL	4.0mm, Tyre OSF: CONTINENTAL	3.0mm, Tyre NSR: CONTINENTAL	4.0mm, Tyre OSR: CONTINENTAL	3.0mm, Spare Tyre: 	"
ebca,24,East Anglian Motor Auctions,Peugeot,LF71ULW,Peugeot,3008,PureTech Allure Premium,122,Hatchback,Petrol,MANUAL,ECA,21/1/2026,11am,22/11/2021,2021,19483,Warranted,Here,-,yes,Margin,,,1.2,,https://www.ebca.co.uk/motorvehicleinspectionreport/standard/5883.pdf,"https://ebca-prod-data-s3-public.s3.eu-west-1.amazonaws.com/motorvehicle/5883/images/1764086871_aK87Vp.jpg, https://ebca-prod-data-s3-public.s3.eu-west-1.amazonaws.com/motorvehicle/5883/images/1764086876_aZEra2.jpg, https://ebca-prod-data-s3-public.s3.eu-west-1.amazonaws.com/motorvehicle/5883/images/1764086881_DGz7kM.jpg, https://ebca-prod-data-s3-public.s3.eu-west-1.amazonaws.com/motorvehicle/5883/images/1764086886_ZMclAb.jpg, https://ebca-prod-data-s3-public.s3.eu-west-1.amazonaws.com/motorvehicle/5883/images/1764086920_V51pFX.jpg, https://ebca-prod-data-s3-public.s3.eu-west-1.amazonaws.com/motorvehicle/5883/images/1764083290_CEORdu.jpg, https://ebca-prod-data-s3-public.s3.eu-west-1.amazonaws.com/motorvehicle/5883/images/1764083297_C8BKOV.jpg, https://ebca-prod-data-s3-public.s3.eu-west-1.amazonaws.com/motorvehicle/5883/images/1764083313_LT7zxY.jpg, https://ebca-prod-data-s3-public.s3.eu-west-1.amazonaws.com/motorvehicle/5883/images/1764083320_8EVuIR.jpg, https://ebca-prod-data-s3-public.s3.eu-west-1.amazonaws.com/motorvehicle/5883/images/1764083323_IwcIx3.jpg","https://ebca-prod-data-s3-public.s3.eu-west-1.amazonaws.com/motorvehicle/5883/images/1764083323_IwcIx3.jpg, https://ebca-prod-data-s3-public.s3.eu-west-1.amazonaws.com/motorvehicle/5883/images/1764086871_aK87Vp.jpg, https://ebca-prod-data-s3-public.s3.eu-west-1.amazonaws.com/motorvehicle/5883/images/1764086876_aZEra2.jpg",Bonnet Chipped 1 To 5,"{'information': {'Keys': '2', 'Service history': 'yes', 'Service documents': 'Service Book', 'Number of stamps': '3', 'Last service date': '26/11/2024', 'Last service miles': '15,523', 'Body Style': 'Hatchback', 'Hubs': 'Alloy', 'BHP': '129', 'Euro Status': '6', 'Euro': '6', 'CO2': '140', 'MPG Combined': '47.9'}}",GREY,2,"£12,700.00","£10,250.00","£11,500.00",,"{'Interior & Tyres': {}, 'Interior': {'Carpet condition': '-', 'Seat condition': '-', 'Upholstery condition': '-', 'Odour': '-'}, 'Tyres': {'Tyre NSF': 'MICHELIN\t5.0mm', 'Tyre OSF': 'MICHELIN\t5.0mm', 'Tyre NSR': 'MICHELIN\t5.0mm', 'Tyre OSR': 'MICHELIN\t5.0mm', 'Spare Tyre': '\t'}}",3,5,,,,3,"15,523","Tyre NSF: MICHELIN	5.0mm, Tyre OSF: MICHELIN	5.0mm, Tyre NSR: MICHELIN	5.0mm, Tyre OSR: MICHELIN	5.0mm, Spare Tyre: 	"
ebca,24,East Anglian Motor Auctions,Kia,LG15LTZ,Kia,Sorento,CRDi KX-4 Auto,152,Estate,Diesel,AUTOMATIC,ECA,21/1/2026,11am,27/05/2015,2015,123462,Warranted,Here, ,yes,Margin,,1,2.2,,https://www.ebca.co.uk/motorvehicleinspectionreport/standard/2495.pdf,"https://ebca-prod-data-s3-public.s3.eu-west-1.amazonaws.com/motorvehicle/2495/images/1753257381_kuFyTI.jpg, https://ebca-prod-data-s3-public.s3.eu-west-1.amazonaws.com/motorvehicle/2495/images/1753257387_jGrzpx.jpg, https://ebca-prod-data-s3-public.s3.eu-west-1.amazonaws.com/motorvehicle/2495/images/1753257392_dgG1Wg.jpg, https://ebca-prod-data-s3-public.s3.eu-west-1.amazonaws.com/motorvehicle/2495/images/1753257412_FmAFaI.jpg, https://ebca-prod-data-s3-public.s3.eu-west-1.amazonaws.com/motorvehicle/2495/images/1753257437_YMUVSr.jpg, https://ebca-prod-data-s3-public.s3.eu-west-1.amazonaws.com/motorvehicle/2495/images/1753257397_Yxs8XK.jpg, https://ebca-prod-data-s3-public.s3.eu-west-1.amazonaws.com/motorvehicle/2495/images/1753257402_yE6tEB.jpg, https://ebca-prod-data-s3-public.s3.eu-west-1.amazonaws.com/motorvehicle/2495/images/1753257407_lGj5EG.jpg, https://ebca-prod-data-s3-public.s3.eu-west-1.amazonaws.com/motorvehicle/2495/images/1753257420_TJYUwH.jpg, https://ebca-prod-data-s3-public.s3.eu-west-1.amazonaws.com/motorvehicle/2495/images/1753257448_k3Nzvc.jpg, https://ebca-prod-data-s3-public.s3.eu-west-1.amazonaws.com/motorvehicle/2495/images/1753257453_Ec03qj.jpg","https://ebca-prod-data-s3-public.s3.eu-west-1.amazonaws.com/motorvehicle/2495/images/1753257453_Ec03qj.jpg, https://ebca-prod-data-s3-public.s3.eu-west-1.amazonaws.com/motorvehicle/2495/images/1753257381_kuFyTI.jpg, https://ebca-prod-data-s3-public.s3.eu-west-1.amazonaws.com/motorvehicle/2495/images/1753257387_jGrzpx.jpg",Seat Base Cover osf Torn Over 3mm,"{'information': {'Keys': '2', 'Service history': 'yes', 'Service documents': 'Printout', 'Number of stamps': '12', 'Last service date': '15/11/2024', 'Last service miles': '115,416', 'MOT Due': 'Expired', 'Former Keepers': '1', 'Body Style': 'Estate', 'Hubs': 'Alloy', 'BHP': '197', 'Gross Weight': '2620', 'Euro Status': '6', 'Euro': '6', 'CO2': '177', 'MPG Combined': '42.2', 'MPG Urban': '36.7', 'MPG Extra Urban': '46.3'}}",BLACK,2,"£7,825.00","£5,975.00","£6,900.00",,"{'Interior & Tyres': {}, 'Interior': {'Carpet condition': 'Average', 'Seat condition': 'Average', 'Upholstery condition': 'Average', 'Odour': 'No'}, 'Tyres': {'Tyre NSF': 'BUDGET\tWorn', 'Tyre OSF': 'LAUFENN\t3.0mm', 'Tyre NSR': 'BUDGET\t3.0mm', 'Tyre OSR': 'BUDGET\t3.0mm', 'Spare Tyre': '\t'}}",5,5,, ,,12,"115,416","Tyre NSF: BUDGET	Worn, Tyre OSF: LAUFENN	3.0mm, Tyre NSR: BUDGET	3.0mm, Tyre OSR: BUDGET	3.0mm, Spare Tyre: 	"
ebca,24,East Anglian Motor Auctions,Ford,LG69JKJ,Ford,Focus,EcoBoost 125 Titanium,105,Estate,Petrol,MANUAL,ECA,21/1/2026,11am,23/09/2019,2019,46026,Warranted,Here,28/10/2026,yes,VAT Qualifying,,,1.0,,https://www.ebca.co.uk/motorvehicleinspectionreport/standard/6752.pdf,"https://ebca-prod-data-s3-public.s3.eu-west-1.amazonaws.com/motorvehicle/6752/images/1768321244_KGa2lv.jpg, https://ebca-prod-data-s3-public.s3.eu-west-1.amazonaws.com/motorvehicle/6752/images/1768321250_US0eQx.jpg, https://ebca-prod-data-s3-public.s3.eu-west-1.amazonaws.com/motorvehicle/6752/images/1768321257_ww3Jo9.jpg, https://ebca-prod-data-s3-public.s3.eu-west-1.amazonaws.com/motorvehicle/6752/images/1768321280_rDOgAD.jpg, https://ebca-prod-data-s3-public.s3.eu-west-1.amazonaws.com/motorvehicle/6752/images/1768321291_6t07HT.jpg, https://ebca-prod-data-s3-public.s3.eu-west-1.amazonaws.com/motorvehicle/6752/images/1768321301_vuNQ4O.jpg, https://ebca-prod-data-s3-public.s3.eu-west-1.amazonaws.com/motorvehicle/6752/images/1768321269_CTO6k8.jpg, https://ebca-prod-data-s3-public.s3.eu-west-1.amazonaws.com/motorvehicle/6752/images/1768321274_XFygMD.jpg, https://ebca-prod-data-s3-public.s3.eu-west-1.amazonaws.com/motorvehicle/6752/images/1768321286_oLQLEU.jpg, https://ebca-prod-data-s3-public.s3.eu-west-1.amazonaws.com/motorvehicle/6752/images/1768321315_3wiG3C.jpg, https://ebca-prod-data-s3-public.s3.eu-west-1.amazonaws.com/motorvehicle/6752/images/1768321323_YnkIXJ.jpg, https://ebca-prod-data-s3-public.s3.eu-west-1.amazonaws.com/motorvehicle/6752/images/1768321331_IxUflk.jpg, https://ebca-prod-data-s3-public.s3.eu-west-1.amazonaws.com/motorvehicle/6752/images/1768321336_Mo8loZ.jpg, https://ebca-prod-data-s3-public.s3.eu-west-1.amazonaws.com/motorvehicle/6752/images/1768321344_HeHxxB.jpg, https://ebca-prod-data-s3-public.s3.eu-west-1.amazonaws.com/motorvehicle/6752/images/1768321352_IEIHhj.jpg","https://ebca-prod-data-s3-public.s3.eu-west-1.amazonaws.com/motorvehicle/6752/images/1768321352_IEIHhj.jpg, https://ebca-prod-data-s3-public.s3.eu-west-1.amazonaws.com/motorvehicle/6752/images/1768321244_KGa2lv.jpg, https://ebca-prod-data-s3-public.s3.eu-west-1.amazonaws.com/motorvehicle/6752/images/1768321250_US0eQx.jpg",Bonnet Chipped 1 To 5,"{'information': {'Keys': '2', 'Service history': 'yes', 'Service documents': 'Printout', 'Number of stamps': '3', 'Last service date': '04/11/2025', 'Last service miles': '42,804', 'MOT Due': '28/10/2026', 'Body Style': 'Estate', 'Hubs': 'Alloy', 'BHP': '123', 'Euro Status': '6', 'Euro': '6', 'CO2': '108', 'MPG Combined': '48.7', 'MPG Urban': '47.9', 'MPG Extra Urban': '68.9'}}",BLUE,2,"£7,625.00","£5,725.00","£6,675.00",,"{'Interior & Tyres': {}, 'Interior': {'Carpet condition': 'Average', 'Seat condition': 'Average', 'Upholstery condition': 'Average', 'Odour': 'No'}, 'Tyres': {'Tyre NSF': 'KORMORAN\t5.0mm', 'Tyre OSF': 'KORMORAN\t5.0mm', 'Tyre NSR': 'KORMORAN\t5.0mm', 'Tyre OSR': 'KORMORAN\t5.0mm', 'Spare Tyre': '\t'}}",4,5,,28/10/2026,,3,"42,804","Tyre NSF: KORMORAN	5.0mm, Tyre OSF: KORMORAN	5.0mm, Tyre NSR: KORMORAN	5.0mm, Tyre OSR: KORMORAN	5.0mm, Spare Tyre: 	"
ebca,24,East Anglian Motor Auctions,Mini,LG69SSU,Mini,Countryman,Cooper S E Exclusive ALL4 PHEV Auto,50,Hatchback,Hybrid Electric,AUTOMATIC,ECA,21/1/2026,11am,30/10/2019,2019,43344,Warranted,Here,01/07/2026,yes,Margin,,2,1.5,,https://www.ebca.co.uk/motorvehicleinspectionreport/standard/6655.pdf,"https://ebca-prod-data-s3-public.s3.eu-west-1.amazonaws.com/motorvehicle/6655/images/1767701325_YQOHiE.jpg, https://ebca-prod-data-s3-public.s3.eu-west-1.amazonaws.com/motorvehicle/6655/images/1767701330_TB22GE.jpg, https://ebca-prod-data-s3-public.s3.eu-west-1.amazonaws.com/motorvehicle/6655/images/1767701335_CQ2BMY.jpg, https://ebca-prod-data-s3-public.s3.eu-west-1.amazonaws.com/motorvehicle/6655/images/1767701342_pSOAY8.jpg, https://ebca-prod-data-s3-public.s3.eu-west-1.amazonaws.com/motorvehicle/6655/images/1767701369_3YOrwL.jpg, https://ebca-prod-data-s3-public.s3.eu-west-1.amazonaws.com/motorvehicle/6655/images/1767701285_CYVVMT.jpg, https://ebca-prod-data-s3-public.s3.eu-west-1.amazonaws.com/motorvehicle/6655/images/1767701291_raJ5RG.jpg, https://ebca-prod-data-s3-public.s3.eu-west-1.amazonaws.com/motorvehicle/6655/images/1767701295_AZEwOp.jpg, https://ebca-prod-data-s3-public.s3.eu-west-1.amazonaws.com/motorvehicle/6655/images/1767701304_qTkGAH.jpg, https://ebca-prod-data-s3-public.s3.eu-west-1.amazonaws.com/motorvehicle/6655/images/1767701313_i8gqLA.jpg, https://ebca-prod-data-s3-public.s3.eu-west-1.amazonaws.com/motorvehicle/6655/images/1767701318_dSAlAT.jpg, https://ebca-prod-data-s3-public.s3.eu-west-1.amazonaws.com/motorvehicle/6655/images/1767701350_5ONzFr.jpg, https://ebca-prod-data-s3-public.s3.eu-west-1.amazonaws.com/motorvehicle/6655/images/1767701356_yJkqUj.jpg","https://ebca-prod-data-s3-public.s3.eu-west-1.amazonaws.com/motorvehicle/6655/images/1767701356_yJkqUj.jpg, https://ebca-prod-data-s3-public.s3.eu-west-1.amazonaws.com/motorvehicle/6655/images/1767701325_YQOHiE.jpg, https://ebca-prod-data-s3-public.s3.eu-west-1.amazonaws.com/motorvehicle/6655/images/1767701330_TB22GE.jpg",Boot Lid Chipped 1 To 5,"{'information': {'Keys': '2', 'Service history': 'yes', 'Service documents': 'Electronic &amp; Paper', 'Number of stamps': '2', 'Last service date': '30/06/2025', 'Last service miles': '39,291', 'MOT Due': '01/07/2026', 'Former Keepers': '2', 'Body Style': 'Hatchback', 'Hubs': 'Alloy', 'BHP': '221', 'Gross Weight': '2270', 'Euro Status': '6', 'Euro': '6', 'CO2': '43'}}",WHITE,2,"£13,900.00","£11,650.00","£12,750.00",,"{'Interior & Tyres': {}, 'Interior': {'Carpet condition': 'Average', 'Seat condition': 'Average', 'Upholstery condition': 'Average', 'Odour': 'No'}, 'Tyres': {'Tyre NSF': 'BUDGET\tWorn', 'Tyre OSF': 'BUDGET\t2.0mm', 'Tyre NSR': 'PIRELLI\t3.0mm', 'Tyre OSR': 'PIRELLI\t3.0mm', 'Spare Tyre': '\t'}}",3,5,,01/07/2026,,2,"39,291","Tyre NSF: BUDGET	Worn, Tyre OSF: BUDGET	2.0mm, Tyre NSR: PIRELLI	3.0mm, Tyre OSR: PIRELLI	3.0mm, Spare Tyre: 	"
ebca,24,East Anglian Motor Auctions,Mercedes-Benz,LL22MFJ,Mercedes-Benz,E Class,E220d 200 Sport 9G-Tronic,51,Saloon,Electric Diesel,AUTOMATIC,ECA,21/1/2026,11am,27/04/2022,2022,125378,Warranted,Here,19/11/2026,yes,Margin,,2,2.0,,https://www.ebca.co.uk/motorvehicleinspectionreport/standard/6930.pdf,"https://ebca-prod-data-s3-public.s3.eu-west-1.amazonaws.com/motorvehicle/6930/images/1768571920_5RZfRB.jpg, https://ebca-prod-data-s3-public.s3.eu-west-1.amazonaws.com/motorvehicle/6930/images/1768571926_JmOyiP.jpg, https://ebca-prod-data-s3-public.s3.eu-west-1.amazonaws.com/motorvehicle/6930/images/1768571934_W7x481.jpg, https://ebca-prod-data-s3-public.s3.eu-west-1.amazonaws.com/motorvehicle/6930/images/1768571978_vaZup2.jpg, https://ebca-prod-data-s3-public.s3.eu-west-1.amazonaws.com/motorvehicle/6930/images/1768571984_mIm4b4.jpg, https://ebca-prod-data-s3-public.s3.eu-west-1.amazonaws.com/motorvehicle/6930/images/1768572009_epQAHN.jpg, https://ebca-prod-data-s3-public.s3.eu-west-1.amazonaws.com/motorvehicle/6930/images/1768571861_1BWaX4.jpg, https://ebca-prod-data-s3-public.s3.eu-west-1.amazonaws.com/motorvehicle/6930/images/1768571867_nCN2KU.jpg, https://ebca-prod-data-s3-public.s3.eu-west-1.amazonaws.com/motorvehicle/6930/images/1768571873_7FgdIP.jpg, https://ebca-prod-data-s3-public.s3.eu-west-1.amazonaws.com/motorvehicle/6930/images/1768571878_2F7AnN.jpg, https://ebca-prod-data-s3-public.s3.eu-west-1.amazonaws.com/motorvehicle/6930/images/1768571895_ENH5oj.jpg, https://ebca-prod-data-s3-public.s3.eu-west-1.amazonaws.com/motorvehicle/6930/images/1768571901_fBUQYx.jpg, https://ebca-prod-data-s3-public.s3.eu-west-1.amazonaws.com/motorvehicle/6930/images/1768571939_N9esCt.jpg, https://ebca-prod-data-s3-public.s3.eu-west-1.amazonaws.com/motorvehicle/6930/images/1768571944_He1HYw.jpg, https://ebca-prod-data-s3-public.s3.eu-west-1.amazonaws.com/motorvehicle/6930/images/1768571968_JyuEJ8.jpg, https://ebca-prod-data-s3-public.s3.eu-west-1.amazonaws.com/motorvehicle/6930/images/1768572033_yDXWt4.jpg","https://ebca-prod-data-s3-public.s3.eu-west-1.amazonaws.com/motorvehicle/6930/images/1768572033_yDXWt4.jpg, https://ebca-prod-data-s3-public.s3.eu-west-1.amazonaws.com/motorvehicle/6930/images/1768571920_5RZfRB.jpg, https://ebca-prod-data-s3-public.s3.eu-west-1.amazonaws.com/motorvehicle/6930/images/1768571926_JmOyiP.jpg",Bumper Rear Chipped Multiple Chips,"{'information': {'Keys': '2', 'Service history': 'yes', 'Service documents': 'Printout', 'Number of stamps': '7', 'Last service date': '30/09/2025', 'Last service miles': '116,315', 'MOT Due': '19/11/2026', 'Former Keepers': '2', 'Body Style': 'Saloon', 'Hubs': 'Alloy', 'BHP': '197', 'Euro Status': '6', 'Euro': '6', 'CO2': '127', 'MPG Combined': '57.7'}}",BLACK,2,"£14,200.00","£11,950.00","£13,050.00",,"{'Interior & Tyres': {}, 'Interior': {'Carpet condition': 'Average', 'Seat condition': 'Average', 'Upholstery condition': 'Average', 'Odour': 'No'}, 'Tyres': {'Tyre NSF': 'FARROAD\t5.0mm', 'Tyre OSF': 'RAPID\t4.0mm', 'Tyre NSR': 'RAPID\t4.0mm', 'Tyre OSR': 'BUDGET\t3.0mm', 'Spare Tyre': '\t'}}",2,4,,19/11/2026,,7,"116,315","Tyre NSF: FARROAD	5.0mm, Tyre OSF: RAPID	4.0mm, Tyre NSR: RAPID	4.0mm, Tyre OSR: BUDGET	3.0mm, Spare Tyre: 	"
ebca,24,East Anglian Motor Auctions,Citroen,LM66HHL,Citroen,Grand C4 Picasso,PureTech Feel,18,MPV,Petrol,MANUAL,ECA,21/1/2026,11am,28/12/2016,2016,58373,Warranted,Here, ,yes,Margin,,2,1.2,,https://www.ebca.co.uk/motorvehicleinspectionreport/standard/5857.pdf,"https://ebca-prod-data-s3-public.s3.eu-west-1.amazonaws.com/motorvehicle/5857/images/1764341301_u1MBAD.jpg, https://ebca-prod-data-s3-public.s3.eu-west-1.amazonaws.com/motorvehicle/5857/images/1764341306_6PBUbQ.jpg, https://ebca-prod-data-s3-public.s3.eu-west-1.amazonaws.com/motorvehicle/5857/images/1764341314_ZdoP5z.jpg, https://ebca-prod-data-s3-public.s3.eu-west-1.amazonaws.com/motorvehicle/5857/images/1764341328_sOkBeU.jpg, https://ebca-prod-data-s3-public.s3.eu-west-1.amazonaws.com/motorvehicle/5857/images/1764341346_IZFsKV.jpg, https://ebca-prod-data-s3-public.s3.eu-west-1.amazonaws.com/motorvehicle/5857/images/1764341373_KHMlGA.jpg, https://ebca-prod-data-s3-public.s3.eu-west-1.amazonaws.com/motorvehicle/5857/images/1764341318_FHuJ2v.jpg, https://ebca-prod-data-s3-public.s3.eu-west-1.amazonaws.com/motorvehicle/5857/images/1764341323_VhqV2R.jpg, https://ebca-prod-data-s3-public.s3.eu-west-1.amazonaws.com/motorvehicle/5857/images/1764341335_2JT0s8.jpg, https://ebca-prod-data-s3-public.s3.eu-west-1.amazonaws.com/motorvehicle/5857/images/1764341570_0VNFpN.jpg, https://ebca-prod-data-s3-public.s3.eu-west-1.amazonaws.com/motorvehicle/5857/images/1764341576_RHHzwE.jpg, https://ebca-prod-data-s3-public.s3.eu-west-1.amazonaws.com/motorvehicle/5857/images/1764341588_1DUfsV.jpg, https://ebca-prod-data-s3-public.s3.eu-west-1.amazonaws.com/motorvehicle/5857/images/1764341596_WCXA6c.jpg, https://ebca-prod-data-s3-public.s3.eu-west-1.amazonaws.com/motorvehicle/5857/images/1764341613_jGNBVg.jpg, https://ebca-prod-data-s3-public.s3.eu-west-1.amazonaws.com/motorvehicle/5857/images/1764341620_cVjKXW.jpg","https://ebca-prod-data-s3-public.s3.eu-west-1.amazonaws.com/motorvehicle/5857/images/1764341620_cVjKXW.jpg, https://ebca-prod-data-s3-public.s3.eu-west-1.amazonaws.com/motorvehicle/5857/images/1764341301_u1MBAD.jpg, https://ebca-prod-data-s3-public.s3.eu-west-1.amazonaws.com/motorvehicle/5857/images/1764341306_6PBUbQ.jpg",Bonnet Chipped 1 To 5,"{'information': {'Keys': '2', 'Service history': 'yes', 'Service documents': 'Service Book', 'Number of stamps': '9', 'Last service date': '10/12/2024', 'Last service miles': '50,998', 'MOT Due': 'Expired', 'Former Keepers': '2', 'Body Style': 'MPV', 'Hubs': 'Alloy', 'BHP': '129', 'Gross Weight': '2125', 'Euro Status': '6', 'Euro': '6', 'CO2': '116', 'MPG Combined': '56.5', 'MPG Urban': '46.3', 'MPG Extra Urban': '65.7'}}",RED,2,"£5,375.00","£3,950.00","£4,650.00",,"{'Interior & Tyres': {}, 'Interior': {'Carpet condition': 'Average', 'Seat condition': 'Average', 'Upholstery condition': 'Average', 'Odour': 'No'}, 'Tyres': {'Tyre NSF': 'MICHELIN\t5.0mm', 'Tyre OSF': 'MICHELIN\t5.0mm', 'Tyre NSR': 'MICHELIN\t4.0mm', 'Tyre OSR': 'MICHELIN\t5.0mm', 'Spare Tyre': '\t'}}",4,5,, ,,9,"50,998","Tyre NSF: MICHELIN	5.0mm, Tyre OSF: MICHELIN	5.0mm, Tyre NSR: MICHELIN	4.0mm, Tyre OSR: MICHELIN	5.0mm, Spare Tyre: 	"
ebca,24,East Anglian Motor Auctions,Audi,LM70XRB,Audi,A5,TDI S Line S Tronic,52,Hatchback,Diesel,SEMI AUTO,ECA,21/1/2026,11am,27/10/2020,2020,49837,Warranted,Here,10/07/2026,yes,Margin,,2,2.0,,https://www.ebca.co.uk/motorvehicleinspectionreport/standard/6287.pdf,"https://ebca-prod-data-s3-public.s3.eu-west-1.amazonaws.com/motorvehicle/6287/images/1765792303_mweMqb.jpg, https://ebca-prod-data-s3-public.s3.eu-west-1.amazonaws.com/motorvehicle/6287/images/1765792308_0iZ6Uf.jpg, https://ebca-prod-data-s3-public.s3.eu-west-1.amazonaws.com/motorvehicle/6287/images/1765792317_6eA3Sy.jpg, https://ebca-prod-data-s3-public.s3.eu-west-1.amazonaws.com/motorvehicle/6287/images/1765792331_Pb0Izx.jpg, https://ebca-prod-data-s3-public.s3.eu-west-1.amazonaws.com/motorvehicle/6287/images/1765792359_dKdInV.jpg, https://ebca-prod-data-s3-public.s3.eu-west-1.amazonaws.com/motorvehicle/6287/images/1765792385_ZwPwVj.jpg, https://ebca-prod-data-s3-public.s3.eu-west-1.amazonaws.com/motorvehicle/6287/images/1765543015_phUNw2.jpg, https://ebca-prod-data-s3-public.s3.eu-west-1.amazonaws.com/motorvehicle/6287/images/1765543020_iF4ySp.jpg, https://ebca-prod-data-s3-public.s3.eu-west-1.amazonaws.com/motorvehicle/6287/images/1765543029_OYFL6j.jpg, https://ebca-prod-data-s3-public.s3.eu-west-1.amazonaws.com/motorvehicle/6287/images/1765543040_R8rpjr.jpg, https://ebca-prod-data-s3-public.s3.eu-west-1.amazonaws.com/motorvehicle/6287/images/1765792173_0NeysK.jpg, https://ebca-prod-data-s3-public.s3.eu-west-1.amazonaws.com/motorvehicle/6287/images/1765792321_sFNpjZ.jpg, https://ebca-prod-data-s3-public.s3.eu-west-1.amazonaws.com/motorvehicle/6287/images/1765792326_e3shtE.jpg, https://ebca-prod-data-s3-public.s3.eu-west-1.amazonaws.com/motorvehicle/6287/images/1765792338_kRnnrX.jpg","https://ebca-prod-data-s3-public.s3.eu-west-1.amazonaws.com/motorvehicle/6287/images/1765792338_kRnnrX.jpg, https://ebca-prod-data-s3-public.s3.eu-west-1.amazonaws.com/motorvehicle/6287/images/1765792303_mweMqb.jpg, https://ebca-prod-data-s3-public.s3.eu-west-1.amazonaws.com/motorvehicle/6287/images/1765792308_0iZ6Uf.jpg",Bonnet Chipped Multiple Chips,"{'information': {'Keys': '2', 'Service history': 'yes', 'Service documents': 'Printout', 'Number of stamps': '1', 'Last service date': '13/06/2025', 'Last service miles': '47,271', 'MOT Due': '10/07/2026', 'Former Keepers': '2', 'Body Style': 'Hatchback', 'Hubs': 'Alloy', 'BHP': '188', 'Gross Weight': '2125', 'Euro Status': '6', 'Euro': '6', 'CO2': '146', 'MPG Combined': '50.4', 'MPG Urban': '55.4', 'MPG Extra Urban': '67.3'}}",BLACK,2,"£16,300.00","£13,900.00","£15,100.00",,"{'Interior & Tyres': {}, 'Interior': {'Carpet condition': 'Average', 'Seat condition': 'Average', 'Upholstery condition': 'Average', 'Odour': 'No'}, 'Tyres': {'Tyre NSF': 'KUMHO\t5.0mm', 'Tyre OSF': 'KUMHO\t5.0mm', 'Tyre NSR': 'KUMHO\t5.0mm', 'Tyre OSR': 'KUMHO\t5.0mm', 'Spare Tyre': '\t'}}",3,5,,10/07/2026,,1,"47,271","Tyre NSF: KUMHO	5.0mm, Tyre OSF: KUMHO	5.0mm, Tyre NSR: KUMHO	5.0mm, Tyre OSR: KUMHO	5.0mm, Spare Tyre: 	"
ebca,24,East Anglian Motor Auctions,Mini,LN64EUJ,Mini,Hatchback,Cooper,78,Hatchback,Petrol,MANUAL,ECA,21/1/2026,11am,01/09/2014,2014,81551,Warranted,Here,31/08/2026,yes,Margin,,2,1.5,,https://www.ebca.co.uk/motorvehicleinspectionreport/standard/6450.pdf,"https://ebca-prod-data-s3-public.s3.eu-west-1.amazonaws.com/motorvehicle/6450/images/1766414008_FDj2AI.jpg, https://ebca-prod-data-s3-public.s3.eu-west-1.amazonaws.com/motorvehicle/6450/images/1766414013_RuH5f1.jpg, https://ebca-prod-data-s3-public.s3.eu-west-1.amazonaws.com/motorvehicle/6450/images/1766414018_wIXzue.jpg, https://ebca-prod-data-s3-public.s3.eu-west-1.amazonaws.com/motorvehicle/6450/images/1766414022_QDH9kQ.jpg, https://ebca-prod-data-s3-public.s3.eu-west-1.amazonaws.com/motorvehicle/6450/images/1766414036_fynm3g.jpg, https://ebca-prod-data-s3-public.s3.eu-west-1.amazonaws.com/motorvehicle/6450/images/1766413980_jKwviF.jpg, https://ebca-prod-data-s3-public.s3.eu-west-1.amazonaws.com/motorvehicle/6450/images/1766413984_8CWOGQ.jpg, https://ebca-prod-data-s3-public.s3.eu-west-1.amazonaws.com/motorvehicle/6450/images/1766413992_WZRvt9.jpg, https://ebca-prod-data-s3-public.s3.eu-west-1.amazonaws.com/motorvehicle/6450/images/1766413998_i3tBU2.jpg, https://ebca-prod-data-s3-public.s3.eu-west-1.amazonaws.com/motorvehicle/6450/images/1766414004_J6s9v5.jpg, https://ebca-prod-data-s3-public.s3.eu-west-1.amazonaws.com/motorvehicle/6450/images/1766414028_QKa5HT.jpg","https://ebca-prod-data-s3-public.s3.eu-west-1.amazonaws.com/motorvehicle/6450/images/1766414028_QKa5HT.jpg, https://ebca-prod-data-s3-public.s3.eu-west-1.amazonaws.com/motorvehicle/6450/images/1766414008_FDj2AI.jpg, https://ebca-prod-data-s3-public.s3.eu-west-1.amazonaws.com/motorvehicle/6450/images/1766414013_RuH5f1.jpg",Bumper Front Chipped Multiple Chips,"{'information': {'Keys': '2', 'Service history': 'yes', 'Service documents': 'Printout', 'Number of stamps': '8', 'Last service date': '18/08/2025', 'Last service miles': '80,588', 'MOT Due': '31/08/2026', 'Former Keepers': '2', 'Body Style': 'Hatchback', 'Hubs': 'Alloy', 'BHP': '134', 'Gross Weight': '1565', 'Euro Status': '6', 'Euro': '6', 'CO2': '107', 'MPG Combined': '62.8', 'MPG Urban': '49.6', 'MPG Extra Urban': '74.3'}}",RED,2,"£3,425.00","£2,400.00","£2,925.00",,"{'Interior & Tyres': {}, 'Interior': {'Carpet condition': 'Average', 'Seat condition': 'Average', 'Upholstery condition': 'Average', 'Odour': 'No'}, 'Tyres': {'Tyre NSF': 'BUDGET\t4.0mm', 'Tyre OSF': 'BUDGET\t4.0mm', 'Tyre NSR': 'WESTLAKE\t3.0mm', 'Tyre OSR': 'WESTLAKE\t4.0mm', 'Spare Tyre': '\t'}}",3,3,,31/08/2026,,8,"80,588","Tyre NSF: BUDGET	4.0mm, Tyre OSF: BUDGET	4.0mm, Tyre NSR: WESTLAKE	3.0mm, Tyre OSR: WESTLAKE	4.0mm, Spare Tyre: 	"
ebca,24,East Anglian Motor Auctions,Mercedes-Benz,LP68ACJ,Mercedes-Benz,A Class,A180d Sport Executive Auto,133,Hatchback,Diesel,AUTOMATIC,ECA,21/1/2026,11am,30/11/2018,2018,64677,Warranted,Here,29/11/2026,yes,Margin,,1,1.5,,https://www.ebca.co.uk/motorvehicleinspectionreport/standard/6663.pdf,"https://ebca-prod-data-s3-public.s3.eu-west-1.amazonaws.com/motorvehicle/6663/images/1767705925_84MvYV.jpg, https://ebca-prod-data-s3-public.s3.eu-west-1.amazonaws.com/motorvehicle/6663/images/1767705926_WCsdbl.jpg, https://ebca-prod-data-s3-public.s3.eu-west-1.amazonaws.com/motorvehicle/6663/images/1767705927_oXKQWd.jpg, https://ebca-prod-data-s3-public.s3.eu-west-1.amazonaws.com/motorvehicle/6663/images/1767705928_BQtmnt.jpg, https://ebca-prod-data-s3-public.s3.eu-west-1.amazonaws.com/motorvehicle/6663/images/1767705936_b7rRfG.jpg, https://ebca-prod-data-s3-public.s3.eu-west-1.amazonaws.com/motorvehicle/6663/images/1767705862_WL95Lq.jpg, https://ebca-prod-data-s3-public.s3.eu-west-1.amazonaws.com/motorvehicle/6663/images/1767705880_3vf9xY.jpg, https://ebca-prod-data-s3-public.s3.eu-west-1.amazonaws.com/motorvehicle/6663/images/1767705894_OMMeHt.jpg, https://ebca-prod-data-s3-public.s3.eu-west-1.amazonaws.com/motorvehicle/6663/images/1767705912_flpz2Z.jpg, https://ebca-prod-data-s3-public.s3.eu-west-1.amazonaws.com/motorvehicle/6663/images/1767705920_8o9dTx.jpg, https://ebca-prod-data-s3-public.s3.eu-west-1.amazonaws.com/motorvehicle/6663/images/1767705923_0cLnQl.jpg, https://ebca-prod-data-s3-public.s3.eu-west-1.amazonaws.com/motorvehicle/6663/images/1767705929_gMfLlY.jpg","https://ebca-prod-data-s3-public.s3.eu-west-1.amazonaws.com/motorvehicle/6663/images/1767705929_gMfLlY.jpg, https://ebca-prod-data-s3-public.s3.eu-west-1.amazonaws.com/motorvehicle/6663/images/1767705925_84MvYV.jpg, https://ebca-prod-data-s3-public.s3.eu-west-1.amazonaws.com/motorvehicle/6663/images/1767705926_WCsdbl.jpg",Bumper Rear Scratched Over 100mm Thru Paint,"{'information': {'Keys': '2', 'Service history': 'yes', 'Service documents': 'Printout', 'Number of stamps': '3', 'Last service date': '18/02/2025', 'Last service miles': '57,291', 'MOT Due': '29/11/2026', 'Former Keepers': '1', 'Body Style': 'Hatchback', 'Hubs': 'Alloy', 'BHP': '114', 'Gross Weight': '1935', 'Euro Status': '6', 'Euro': '6', 'CO2': '111', 'MPG Combined': '65.7', 'MPG Urban': '57.7', 'MPG Extra Urban': '70.6'}}",GREY,2,"£10,250.00","£8,150.00","£9,200.00",,"{'Interior & Tyres': {}, 'Interior': {'Carpet condition': 'Average', 'Seat condition': 'Average', 'Upholstery condition': 'Average', 'Odour': 'No'}, 'Tyres': {'Tyre NSF': 'BRIDGESTONE\t4.0mm', 'Tyre OSF': 'BRIDGESTONE\t4.0mm', 'Tyre NSR': 'BRIDGESTONE\t4.0mm', 'Tyre OSR': 'BRIDGESTONE\t4.0mm', 'Spare Tyre': '\t'}}",4,5,,29/11/2026,,3,"57,291","Tyre NSF: BRIDGESTONE	4.0mm, Tyre OSF: BRIDGESTONE	4.0mm, Tyre NSR: BRIDGESTONE	4.0mm, Tyre OSR: BRIDGESTONE	4.0mm, Spare Tyre: 	"
ebca,24,East Anglian Motor Auctions,Kia,NG68HRF,Kia,Picanto,3 Auto,53,Hatchback,Petrol,AUTOMATIC,ECA,21/1/2026,11am,04/02/2019,2019,46146,Warranted,Here,31/05/2026,yes,Margin,,1,1.2,,https://www.ebca.co.uk/motorvehicleinspectionreport/standard/5995.pdf,"https://ebca-prod-data-s3-public.s3.eu-west-1.amazonaws.com/motorvehicle/5995/images/1764589592_TBZ0VT.jpg, https://ebca-prod-data-s3-public.s3.eu-west-1.amazonaws.com/motorvehicle/5995/images/1764589597_1keH8R.jpg, https://ebca-prod-data-s3-public.s3.eu-west-1.amazonaws.com/motorvehicle/5995/images/1764589612_N3h9fw.jpg, https://ebca-prod-data-s3-public.s3.eu-west-1.amazonaws.com/motorvehicle/5995/images/1764589622_ufsKTH.jpg, https://ebca-prod-data-s3-public.s3.eu-west-1.amazonaws.com/motorvehicle/5995/images/1764589644_lmCTP5.jpg, https://ebca-prod-data-s3-public.s3.eu-west-1.amazonaws.com/motorvehicle/5995/images/1764585753_hAyqQ3.jpg, https://ebca-prod-data-s3-public.s3.eu-west-1.amazonaws.com/motorvehicle/5995/images/1764585760_siSUXa.jpg, https://ebca-prod-data-s3-public.s3.eu-west-1.amazonaws.com/motorvehicle/5995/images/1764585767_1gNLKm.jpg, https://ebca-prod-data-s3-public.s3.eu-west-1.amazonaws.com/motorvehicle/5995/images/1764585815_0JqtlK.jpg, https://ebca-prod-data-s3-public.s3.eu-west-1.amazonaws.com/motorvehicle/5995/images/1764585825_vjQe8b.jpg, https://ebca-prod-data-s3-public.s3.eu-west-1.amazonaws.com/motorvehicle/5995/images/1764589573_i3xErq.jpg, https://ebca-prod-data-s3-public.s3.eu-west-1.amazonaws.com/motorvehicle/5995/images/1764589582_pf3m03.jpg, https://ebca-prod-data-s3-public.s3.eu-west-1.amazonaws.com/motorvehicle/5995/images/1764589631_5X7PkK.jpg","https://ebca-prod-data-s3-public.s3.eu-west-1.amazonaws.com/motorvehicle/5995/images/1764589631_5X7PkK.jpg, https://ebca-prod-data-s3-public.s3.eu-west-1.amazonaws.com/motorvehicle/5995/images/1764589592_TBZ0VT.jpg, https://ebca-prod-data-s3-public.s3.eu-west-1.amazonaws.com/motorvehicle/5995/images/1764589597_1keH8R.jpg",Bumper Rear Poor Previous Repair Poor Paint,"{'information': {'Service history': 'yes', 'Service documents': 'Service Book', 'Number of stamps': '1', 'Last service date': '05/10/2020', 'Last service miles': '5,677', 'MOT Due': '31/05/2026', 'Former Keepers': '1', 'Body Style': 'Hatchback', 'Hubs': 'Alloy', 'BHP': '83', 'Gross Weight': '1400', 'Euro Status': '6', 'Euro': '6', 'CO2': '136', 'MPG Combined': '43.5', 'MPG Urban': '43.5', 'MPG Extra Urban': '51.4'}}",BLACK,,"£7,375.00","£5,550.00","£6,450.00",,"{'Interior & Tyres': {}, 'Interior': {'Carpet condition': 'Average', 'Seat condition': 'Average', 'Upholstery condition': 'Average', 'Odour': 'No'}, 'Tyres': {'Tyre NSF': 'BUDGET\t4.0mm', 'Tyre OSF': 'BUDGET\t4.0mm', 'Tyre NSR': 'BUDGET\t4.0mm', 'Tyre OSR': 'CONTINENTAL\t3.0mm', 'Spare Tyre': '\t'}}",4,5,,31/05/2026,,1,"5,677","Tyre NSF: BUDGET	4.0mm, Tyre OSF: BUDGET	4.0mm, Tyre NSR: BUDGET	4.0mm, Tyre OSR: CONTINENTAL	3.0mm, Spare Tyre: 	"
ebca,24,East Anglian Motor Auctions,Audi,OV13UAP,Audi,A6 Allroad,TDI Quattro 204 S Tronic,145,Estate,Diesel,AUTOMATIC,ECA,21/1/2026,11am,27/06/2013,2013,80152,Warranted,Here,10/09/2026,yes,Margin,,4,3.0,,https://www.ebca.co.uk/motorvehicleinspectionreport/standard/6822.pdf,"https://ebca-prod-data-s3-public.s3.eu-west-1.amazonaws.com/motorvehicle/6822/images/1768407301_BSbFo4.jpg, https://ebca-prod-data-s3-public.s3.eu-west-1.amazonaws.com/motorvehicle/6822/images/1768407307_NGOXRy.jpg, https://ebca-prod-data-s3-public.s3.eu-west-1.amazonaws.com/motorvehicle/6822/images/1768407313_IYut0U.jpg, https://ebca-prod-data-s3-public.s3.eu-west-1.amazonaws.com/motorvehicle/6822/images/1768407317_V6CbjM.jpg, https://ebca-prod-data-s3-public.s3.eu-west-1.amazonaws.com/motorvehicle/6822/images/1768407333_bBeVtA.jpg, https://ebca-prod-data-s3-public.s3.eu-west-1.amazonaws.com/motorvehicle/6822/images/1768407274_SfHtWN.jpg, https://ebca-prod-data-s3-public.s3.eu-west-1.amazonaws.com/motorvehicle/6822/images/1768407278_nca5IC.jpg, https://ebca-prod-data-s3-public.s3.eu-west-1.amazonaws.com/motorvehicle/6822/images/1768407279_j6kXSp.jpg, https://ebca-prod-data-s3-public.s3.eu-west-1.amazonaws.com/motorvehicle/6822/images/1768407284_ojBFoR.jpg, https://ebca-prod-data-s3-public.s3.eu-west-1.amazonaws.com/motorvehicle/6822/images/1768407289_oBq5Yx.jpg, https://ebca-prod-data-s3-public.s3.eu-west-1.amazonaws.com/motorvehicle/6822/images/1768407296_nhhrJj.jpg, https://ebca-prod-data-s3-public.s3.eu-west-1.amazonaws.com/motorvehicle/6822/images/1768407323_AHOmtz.jpg","https://ebca-prod-data-s3-public.s3.eu-west-1.amazonaws.com/motorvehicle/6822/images/1768407323_AHOmtz.jpg, https://ebca-prod-data-s3-public.s3.eu-west-1.amazonaws.com/motorvehicle/6822/images/1768407301_BSbFo4.jpg, https://ebca-prod-data-s3-public.s3.eu-west-1.amazonaws.com/motorvehicle/6822/images/1768407307_NGOXRy.jpg",Bonnet Chipped Multiple Chips,"{'information': {'Keys': '1', 'Service history': 'yes', 'Service documents': 'Printout', 'Number of stamps': '3', 'Last service date': '20/03/2023', 'Last service miles': '74,143', 'MOT Due': '10/09/2026', 'Former Keepers': '4', 'Body Style': 'Estate', 'Hubs': 'Alloy', 'BHP': '201', 'Gross Weight': '2505', 'Euro Status': '5', 'Euro': '5', 'CO2': '159', 'MPG Combined': '46.3', 'MPG Urban': '40.4', 'MPG Extra Urban': '51.4'}}",BLUE,1,"£7,125.00","£5,625.00","£6,375.00",,"{'Interior & Tyres': {}, 'Interior': {'Carpet condition': 'Average', 'Seat condition': 'Average', 'Upholstery condition': 'Average', 'Odour': 'No'}, 'Tyres': {'Tyre NSF': 'ACCELERA\t5.0mm', 'Tyre OSF': 'BUDGET\t4.0mm', 'Tyre NSR': 'BUDGET\t4.0mm', 'Tyre OSR': 'ACCELERA\t5.0mm', 'Spare Tyre': '\t'}}",4,5,,10/09/2026,,3,"74,143","Tyre NSF: ACCELERA	5.0mm, Tyre OSF: BUDGET	4.0mm, Tyre NSR: BUDGET	4.0mm, Tyre OSR: ACCELERA	5.0mm, Spare Tyre: 	"
ebca,24,East Anglian Motor Auctions,Volkswagen,OV66HMU,Volkswagen,Cc Moda Bmt Tsi S-A,,32,Coupe,Petrol,,ECA,21/1/2026,11am,21/12/2016,2016,95482,Warranted,Here,28/12/2026,yes,Margin,,2,1.8,,https://www.ebca.co.uk/motorvehicleinspectionreport/standard/6894.pdf,"https://ebca-prod-data-s3-public.s3.eu-west-1.amazonaws.com/motorvehicle/6894/images/1768909950_kCP33u.jpg, https://ebca-prod-data-s3-public.s3.eu-west-1.amazonaws.com/motorvehicle/6894/images/1768909956_jaXF0H.jpg, https://ebca-prod-data-s3-public.s3.eu-west-1.amazonaws.com/motorvehicle/6894/images/1768909963_fQGzER.jpg, https://ebca-prod-data-s3-public.s3.eu-west-1.amazonaws.com/motorvehicle/6894/images/1768909992_pBO0DC.jpg, https://ebca-prod-data-s3-public.s3.eu-west-1.amazonaws.com/motorvehicle/6894/images/1768910006_4ay44d.jpg, https://ebca-prod-data-s3-public.s3.eu-west-1.amazonaws.com/motorvehicle/6894/images/1768910027_biM7VU.jpg, https://ebca-prod-data-s3-public.s3.eu-west-1.amazonaws.com/motorvehicle/6894/images/1768909891_ddonZv.jpg, https://ebca-prod-data-s3-public.s3.eu-west-1.amazonaws.com/motorvehicle/6894/images/1768909896_1dPWCo.jpg, https://ebca-prod-data-s3-public.s3.eu-west-1.amazonaws.com/motorvehicle/6894/images/1768909901_JWUq3a.jpg, https://ebca-prod-data-s3-public.s3.eu-west-1.amazonaws.com/motorvehicle/6894/images/1768909907_SRezmd.jpg, https://ebca-prod-data-s3-public.s3.eu-west-1.amazonaws.com/motorvehicle/6894/images/1768909912_fGLoNY.jpg, https://ebca-prod-data-s3-public.s3.eu-west-1.amazonaws.com/motorvehicle/6894/images/1768909920_Kf8Eu7.jpg, https://ebca-prod-data-s3-public.s3.eu-west-1.amazonaws.com/motorvehicle/6894/images/1768909969_F4nEKR.jpg, https://ebca-prod-data-s3-public.s3.eu-west-1.amazonaws.com/motorvehicle/6894/images/1768909974_7OeGPs.jpg, https://ebca-prod-data-s3-public.s3.eu-west-1.amazonaws.com/motorvehicle/6894/images/1768909999_wqRWdk.jpg","https://ebca-prod-data-s3-public.s3.eu-west-1.amazonaws.com/motorvehicle/6894/images/1768909999_wqRWdk.jpg, https://ebca-prod-data-s3-public.s3.eu-west-1.amazonaws.com/motorvehicle/6894/images/1768909950_kCP33u.jpg, https://ebca-prod-data-s3-public.s3.eu-west-1.amazonaws.com/motorvehicle/6894/images/1768909956_jaXF0H.jpg",Bonnet Chipped Multiple Chips,"{'information': {'Keys': '2', 'Service history': 'yes', 'Service documents': 'Service Book', 'Number of stamps': '7', 'Last service date': '03/12/2024', 'Last service miles': '80,545', 'MOT Due': '28/12/2026', 'Former Keepers': '2', 'Body Style': 'Coupe', 'Hubs': 'Alloy', 'CO2': '165'}}",SILVER,2,£0.00,£0.00,£0.00,,"{'Interior & Tyres': {}, 'Interior': {'Carpet condition': 'Average', 'Seat condition': 'Average', 'Upholstery condition': 'Average', 'Odour': 'No'}, 'Tyres': {'Tyre NSF': 'MICHELIN\t5.0mm', 'Tyre OSF': 'CONTINENTAL\t5.0mm', 'Tyre NSR': 'MICHELIN\t6.0mm', 'Tyre OSR': 'MICHELIN\t6.0mm', 'Spare Tyre': '\t'}}",3,,,28/12/2026,,7,"80,545","Tyre NSF: MICHELIN	5.0mm, Tyre OSF: CONTINENTAL	5.0mm, Tyre NSR: MICHELIN	6.0mm, Tyre OSR: MICHELIN	6.0mm, Spare Tyre: 	"
ebca,24,East Anglian Motor Auctions,Volkswagen,PF67VEM,Volkswagen,Golf,TSI EVO 150 GT,110,Hatchback,Petrol,MANUAL,ECA,21/1/2026,11am,28/02/2018,2018,58796,Warranted,Here,27/02/2026,yes,Margin,,1,1.5,,https://www.ebca.co.uk/motorvehicleinspectionreport/standard/6825.pdf,"https://ebca-prod-data-s3-public.s3.eu-west-1.amazonaws.com/motorvehicle/6825/images/1768407501_ecdu49.jpg, https://ebca-prod-data-s3-public.s3.eu-west-1.amazonaws.com/motorvehicle/6825/images/1768407505_miC3mG.jpg, https://ebca-prod-data-s3-public.s3.eu-west-1.amazonaws.com/motorvehicle/6825/images/1768407510_mMRI8a.jpg, https://ebca-prod-data-s3-public.s3.eu-west-1.amazonaws.com/motorvehicle/6825/images/1768407516_ArbbPA.jpg, https://ebca-prod-data-s3-public.s3.eu-west-1.amazonaws.com/motorvehicle/6825/images/1768407532_qRkUVi.jpg, https://ebca-prod-data-s3-public.s3.eu-west-1.amazonaws.com/motorvehicle/6825/images/1768407472_34nJzO.jpg, https://ebca-prod-data-s3-public.s3.eu-west-1.amazonaws.com/motorvehicle/6825/images/1768407478_gl00Th.jpg, https://ebca-prod-data-s3-public.s3.eu-west-1.amazonaws.com/motorvehicle/6825/images/1768407483_r7pscA.jpg, https://ebca-prod-data-s3-public.s3.eu-west-1.amazonaws.com/motorvehicle/6825/images/1768407488_A5A96n.jpg, https://ebca-prod-data-s3-public.s3.eu-west-1.amazonaws.com/motorvehicle/6825/images/1768407494_TaASc9.jpg, https://ebca-prod-data-s3-public.s3.eu-west-1.amazonaws.com/motorvehicle/6825/images/1768407496_Xr1IM3.jpg, https://ebca-prod-data-s3-public.s3.eu-west-1.amazonaws.com/motorvehicle/6825/images/1768407522_DIRnTZ.jpg","https://ebca-prod-data-s3-public.s3.eu-west-1.amazonaws.com/motorvehicle/6825/images/1768407522_DIRnTZ.jpg, https://ebca-prod-data-s3-public.s3.eu-west-1.amazonaws.com/motorvehicle/6825/images/1768407501_ecdu49.jpg, https://ebca-prod-data-s3-public.s3.eu-west-1.amazonaws.com/motorvehicle/6825/images/1768407505_miC3mG.jpg",Bonnet Chipped Multiple Chips,"{'information': {'Keys': '2', 'Service history': 'yes', 'Service documents': 'Printout', 'Number of stamps': '4', 'Last service date': '15/02/2024', 'Last service miles': '46,261', 'MOT Due': '27/02/2026', 'Former Keepers': '1', 'Body Style': 'Hatchback', 'Hubs': 'Alloy', 'BHP': '148', 'Gross Weight': '1790', 'Euro Status': '6', 'Euro': '6', 'CO2': '116', 'MPG Combined': '55.4', 'MPG Urban': '45.6', 'MPG Extra Urban': '64.2'}}",BLACK,2,"£9,000.00","£6,975.00","£8,000.00",,"{'Interior & Tyres': {}, 'Interior': {'Carpet condition': 'Average', 'Seat condition': 'Average', 'Upholstery condition': 'Average', 'Odour': 'No'}, 'Tyres': {'Tyre NSF': 'TOYO\t4.0mm', 'Tyre OSF': 'TOYO\t4.0mm', 'Tyre NSR': 'DUNLOP\t3.0mm', 'Tyre OSR': 'LAUFENN\t3.0mm', 'Spare Tyre': '\t'}}",4,5,,27/02/2026,,4,"46,261","Tyre NSF: TOYO	4.0mm, Tyre OSF: TOYO	4.0mm, Tyre NSR: DUNLOP	3.0mm, Tyre OSR: LAUFENN	3.0mm, Spare Tyre: 	"
ebca,24,East Anglian Motor Auctions,Nissan,PN63UTT,Nissan,Juke,Tekna CVT,9,Hatchback,Petrol,CVT,ECA,21/1/2026,11am,30/09/2013,2013,24559,Warranted,Here,02/01/2027,yes,Margin,,1,1.6,,https://www.ebca.co.uk/motorvehicleinspectionreport/standard/6897.pdf,"https://ebca-prod-data-s3-public.s3.eu-west-1.amazonaws.com/motorvehicle/6897/images/1768567442_1jxe6n.jpg, https://ebca-prod-data-s3-public.s3.eu-west-1.amazonaws.com/motorvehicle/6897/images/1768567447_CbTpBt.jpg, https://ebca-prod-data-s3-public.s3.eu-west-1.amazonaws.com/motorvehicle/6897/images/1768567452_yXBfv5.jpg, https://ebca-prod-data-s3-public.s3.eu-west-1.amazonaws.com/motorvehicle/6897/images/1768567456_eFIntq.jpg, https://ebca-prod-data-s3-public.s3.eu-west-1.amazonaws.com/motorvehicle/6897/images/1768567474_d4hNXE.jpg, https://ebca-prod-data-s3-public.s3.eu-west-1.amazonaws.com/motorvehicle/6897/images/1768567419_K6EXRz.jpg, https://ebca-prod-data-s3-public.s3.eu-west-1.amazonaws.com/motorvehicle/6897/images/1768567424_8MeQDF.jpg, https://ebca-prod-data-s3-public.s3.eu-west-1.amazonaws.com/motorvehicle/6897/images/1768567428_8MvfSU.jpg, https://ebca-prod-data-s3-public.s3.eu-west-1.amazonaws.com/motorvehicle/6897/images/1768567433_6hN6kd.jpg, https://ebca-prod-data-s3-public.s3.eu-west-1.amazonaws.com/motorvehicle/6897/images/1768567438_TUwBoL.jpg, https://ebca-prod-data-s3-public.s3.eu-west-1.amazonaws.com/motorvehicle/6897/images/1768567462_ZABtwj.jpg","https://ebca-prod-data-s3-public.s3.eu-west-1.amazonaws.com/motorvehicle/6897/images/1768567462_ZABtwj.jpg, https://ebca-prod-data-s3-public.s3.eu-west-1.amazonaws.com/motorvehicle/6897/images/1768567442_1jxe6n.jpg, https://ebca-prod-data-s3-public.s3.eu-west-1.amazonaws.com/motorvehicle/6897/images/1768567447_CbTpBt.jpg",Bumper Rear Scratched 25 to 100mm Thru Paint,"{'information': {'Keys': '2', 'Service history': 'yes', 'Service documents': 'Service Book', 'Number of stamps': '9', 'Last service date': '14/12/2023', 'Last service miles': '22,399', 'MOT Due': '02/01/2027', 'Former Keepers': '1', 'Body Style': 'Hatchback', 'Hubs': 'Alloy', 'BHP': '117', 'Gross Weight': '1675', 'Euro Status': '5', 'Euro': '5', 'CO2': '145', 'MPG Combined': '44.8', 'MPG Urban': '36.2', 'MPG Extra Urban': '52.3'}}",WHITE,2,"£4,925.00","£3,525.00","£4,225.00",,"{'Interior & Tyres': {}, 'Interior': {'Carpet condition': 'Average', 'Seat condition': 'Average', 'Upholstery condition': 'Average', 'Odour': 'No'}, 'Tyres': {'Tyre NSF': 'BRIDGESTONE\t4.0mm', 'Tyre OSF': 'BRIDGESTONE\t4.0mm', 'Tyre NSR': 'BRIDGESTONE\t4.0mm', 'Tyre OSR': 'BRIDGESTONE\t4.0mm', 'Spare Tyre': '\t'}}",2,5,,02/01/2027,,9,"22,399","Tyre NSF: BRIDGESTONE	4.0mm, Tyre OSF: BRIDGESTONE	4.0mm, Tyre NSR: BRIDGESTONE	4.0mm, Tyre OSR: BRIDGESTONE	4.0mm, Spare Tyre: 	"
ebca,24,East Anglian Motor Auctions,VOLKSWAGEN,R321JLP,VOLKSWAGEN,SCIROCCO,TSI 280 BlueMotion Tech R,85,Coupe,Petrol,MANUAL,ECA,21/1/2026,11am,27/11/2015,2015,81000,Warranted,TBC,29/12/2026,,Margin,,2,2.0,,https://www.ebca.co.uk/motorvehicleinspectionreport/standard/6952.pdf,,,,"{'information': {'MOT Due': '29/12/2026', 'Former Keepers': '2', 'Body Style': 'Coupe', 'BHP': '278', 'Gross Weight': '1770', 'Euro Status': '6', 'Euro': '6', 'CO2': '187', 'MPG Combined': '34.9', 'MPG Urban': '25', 'MPG Extra Urban': '45.6'}}",WHITE,,"£7,925.00","£6,025.00","£6,975.00",,{},,3,,29/12/2026,,,,
ebca,24,East Anglian Motor Auctions,Hyundai,RF71MYA,Hyundai,Kona,kW Premium 64kWh Auto,137,Hatchback,Electric,AUTOMATIC,ECA,21/1/2026,11am,17/02/2022,2022,52987,Warranted,Here,16/02/2026,yes,Margin,,1,,,https://www.ebca.co.uk/motorvehicleinspectionreport/standard/6764.pdf,"https://ebca-prod-data-s3-public.s3.eu-west-1.amazonaws.com/motorvehicle/6764/images/1768229907_JlX9Pr.jpg, https://ebca-prod-data-s3-public.s3.eu-west-1.amazonaws.com/motorvehicle/6764/images/1768229911_kNjPSg.jpg, https://ebca-prod-data-s3-public.s3.eu-west-1.amazonaws.com/motorvehicle/6764/images/1768229917_BpqWOu.jpg, https://ebca-prod-data-s3-public.s3.eu-west-1.amazonaws.com/motorvehicle/6764/images/1768229922_GFg7z2.jpg, https://ebca-prod-data-s3-public.s3.eu-west-1.amazonaws.com/motorvehicle/6764/images/1768229953_DYworc.jpg, https://ebca-prod-data-s3-public.s3.eu-west-1.amazonaws.com/motorvehicle/6764/images/1768229875_1xy5Rw.jpg, https://ebca-prod-data-s3-public.s3.eu-west-1.amazonaws.com/motorvehicle/6764/images/1768229880_7Ib7Zk.jpg, https://ebca-prod-data-s3-public.s3.eu-west-1.amazonaws.com/motorvehicle/6764/images/1768229885_AedZBy.jpg, https://ebca-prod-data-s3-public.s3.eu-west-1.amazonaws.com/motorvehicle/6764/images/1768229891_Pp82Pk.jpg, https://ebca-prod-data-s3-public.s3.eu-west-1.amazonaws.com/motorvehicle/6764/images/1768229896_3fF1Pc.jpg, https://ebca-prod-data-s3-public.s3.eu-west-1.amazonaws.com/motorvehicle/6764/images/1768229902_8dSBuF.jpg, https://ebca-prod-data-s3-public.s3.eu-west-1.amazonaws.com/motorvehicle/6764/images/1768229928_vVGhQZ.jpg, https://ebca-prod-data-s3-public.s3.eu-west-1.amazonaws.com/motorvehicle/6764/images/1768229933_sxiqt0.jpg","https://ebca-prod-data-s3-public.s3.eu-west-1.amazonaws.com/motorvehicle/6764/images/1768229933_sxiqt0.jpg, https://ebca-prod-data-s3-public.s3.eu-west-1.amazonaws.com/motorvehicle/6764/images/1768229907_JlX9Pr.jpg, https://ebca-prod-data-s3-public.s3.eu-west-1.amazonaws.com/motorvehicle/6764/images/1768229911_kNjPSg.jpg",Bumper Rear Scratched 25 to 100mm Thru Paint,"{'information': {'Keys': '2', 'Service history': 'yes', 'Service documents': 'Service Book', 'Number of stamps': '4', 'Last service date': '07/02/2025', 'Last service miles': '4', 'MOT Due': '16/02/2026', 'Former Keepers': '1', 'Body Style': 'Hatchback', 'Hubs': 'Alloy', 'BHP': '201', 'Euro Status': '6', 'Euro': '6'}}",RED,2,"£10,650.00","£8,525.00","£9,600.00",,"{'Interior & Tyres': {}, 'Interior': {'Carpet condition': 'Average', 'Seat condition': 'Average', 'Upholstery condition': 'Average', 'Odour': 'No'}, 'Tyres': {'Tyre NSF': 'BUDGET\t4.0mm', 'Tyre OSF': 'BUDGET\t4.0mm', 'Tyre NSR': 'RAPID\t4.0mm', 'Tyre OSR': 'RAPID\t4.0mm', 'Spare Tyre': '\t'}}",3,5,,16/02/2026,,4,4,"Tyre NSF: BUDGET	4.0mm, Tyre OSF: BUDGET	4.0mm, Tyre NSR: RAPID	4.0mm, Tyre OSR: RAPID	4.0mm, Spare Tyre: 	"
ebca,24,East Anglian Motor Auctions,Kia,RJ21PUE,Kia,Sportage,CRDi 48V ISG 2,158,Estate,Hybrid Electric,MANUAL,ECA,21/1/2026,11am,10/06/2021,2021,48926,Warranted,Here,09/06/2026,yes,Margin,,1,1.6,,https://www.ebca.co.uk/motorvehicleinspectionreport/standard/4902.pdf,"https://ebca-prod-data-s3-public.s3.eu-west-1.amazonaws.com/motorvehicle/4902/images/1760521373_x9NAjd.jpg, https://ebca-prod-data-s3-public.s3.eu-west-1.amazonaws.com/motorvehicle/4902/images/1760521378_n6GgLI.jpg, https://ebca-prod-data-s3-public.s3.eu-west-1.amazonaws.com/motorvehicle/4902/images/1760521385_aDclSK.jpg, https://ebca-prod-data-s3-public.s3.eu-west-1.amazonaws.com/motorvehicle/4902/images/1760521403_JucyZQ.jpg, https://ebca-prod-data-s3-public.s3.eu-west-1.amazonaws.com/motorvehicle/4902/images/1760521413_9s5uwv.jpg, https://ebca-prod-data-s3-public.s3.eu-west-1.amazonaws.com/motorvehicle/4902/images/1760521440_SB7aB5.jpg, https://ebca-prod-data-s3-public.s3.eu-west-1.amazonaws.com/motorvehicle/4902/images/1760521394_wSaBKf.jpg, https://ebca-prod-data-s3-public.s3.eu-west-1.amazonaws.com/motorvehicle/4902/images/1760521398_lYHA1c.jpg, https://ebca-prod-data-s3-public.s3.eu-west-1.amazonaws.com/motorvehicle/4902/images/1760521408_O43w3M.jpg, https://ebca-prod-data-s3-public.s3.eu-west-1.amazonaws.com/motorvehicle/4902/images/1760521449_Eyd2m8.jpg, https://ebca-prod-data-s3-public.s3.eu-west-1.amazonaws.com/motorvehicle/4902/images/1760521473_7JwSB1.jpg, https://ebca-prod-data-s3-public.s3.eu-west-1.amazonaws.com/motorvehicle/4902/images/1760521481_bQCDkN.jpg","https://ebca-prod-data-s3-public.s3.eu-west-1.amazonaws.com/motorvehicle/4902/images/1760521481_bQCDkN.jpg, https://ebca-prod-data-s3-public.s3.eu-west-1.amazonaws.com/motorvehicle/4902/images/1760521373_x9NAjd.jpg, https://ebca-prod-data-s3-public.s3.eu-west-1.amazonaws.com/motorvehicle/4902/images/1760521378_n6GgLI.jpg",Bonnet Chipped 1 To 5,"{'information': {'Keys': '2', 'Service history': 'yes', 'Number of stamps': '3', 'Last service date': '16/06/2025', 'Last service miles': '48,775', 'MOT Due': '09/06/2026', 'Former Keepers': '1', 'Body Style': 'Estate', 'Hubs': 'Alloy', 'BHP': '134', 'Gross Weight': '2120', 'Euro Status': '6', 'Euro': '6', 'CO2': '146', 'MPG Combined': '50.4', 'MPG Urban': '64.2', 'MPG Extra Urban': '72.4'}}",SILVER,2,"£10,200.00","£7,850.00","£9,025.00",,"{'Interior & Tyres': {}, 'Interior': {'Carpet condition': 'Average', 'Seat condition': 'Average', 'Upholstery condition': 'Average', 'Odour': 'No'}, 'Tyres': {'Tyre NSF': 'MAXXIS\t5.0mm', 'Tyre OSF': 'MAXXIS\t5.0mm', 'Tyre NSR': 'RAPID\t5.0mm', 'Tyre OSR': 'CONTINENTAL\t5.0mm', 'Spare Tyre': '\t'}}",2,5,,09/06/2026,,3,"48,775","Tyre NSF: MAXXIS	5.0mm, Tyre OSF: MAXXIS	5.0mm, Tyre NSR: RAPID	5.0mm, Tyre OSR: CONTINENTAL	5.0mm, Spare Tyre: 	"
ebca,24,East Anglian Motor Auctions,Audi,RK22LBG,Audi,A6,TFSI Sport S Tronic,54,Saloon,Petrol,SEMI AUTO,ECA,21/1/2026,11am,04/03/2022,2022,19774,Warranted,Here,21/12/2026,yes,Margin,,1,2.0,,https://www.ebca.co.uk/motorvehicleinspectionreport/standard/6824.pdf,"https://ebca-prod-data-s3-public.s3.eu-west-1.amazonaws.com/motorvehicle/6824/images/1768236239_K1qIoX.jpg, https://ebca-prod-data-s3-public.s3.eu-west-1.amazonaws.com/motorvehicle/6824/images/1768236244_mqqKrB.jpg, https://ebca-prod-data-s3-public.s3.eu-west-1.amazonaws.com/motorvehicle/6824/images/1768236249_uMcDR9.jpg, https://ebca-prod-data-s3-public.s3.eu-west-1.amazonaws.com/motorvehicle/6824/images/1768236261_qaf9kS.jpg, https://ebca-prod-data-s3-public.s3.eu-west-1.amazonaws.com/motorvehicle/6824/images/1768236285_xHOuCw.jpg, https://ebca-prod-data-s3-public.s3.eu-west-1.amazonaws.com/motorvehicle/6824/images/1768236137_GG55fT.jpg, https://ebca-prod-data-s3-public.s3.eu-west-1.amazonaws.com/motorvehicle/6824/images/1768236143_frP1oS.jpg, https://ebca-prod-data-s3-public.s3.eu-west-1.amazonaws.com/motorvehicle/6824/images/1768236149_UU3btb.jpg, https://ebca-prod-data-s3-public.s3.eu-west-1.amazonaws.com/motorvehicle/6824/images/1768236150_GzDdAU.jpg, https://ebca-prod-data-s3-public.s3.eu-west-1.amazonaws.com/motorvehicle/6824/images/1768236226_KLsHi2.jpg, https://ebca-prod-data-s3-public.s3.eu-west-1.amazonaws.com/motorvehicle/6824/images/1768236233_TZkh92.jpg, https://ebca-prod-data-s3-public.s3.eu-west-1.amazonaws.com/motorvehicle/6824/images/1768236267_qyu8Rg.jpg","https://ebca-prod-data-s3-public.s3.eu-west-1.amazonaws.com/motorvehicle/6824/images/1768236267_qyu8Rg.jpg, https://ebca-prod-data-s3-public.s3.eu-west-1.amazonaws.com/motorvehicle/6824/images/1768236239_K1qIoX.jpg, https://ebca-prod-data-s3-public.s3.eu-west-1.amazonaws.com/motorvehicle/6824/images/1768236244_mqqKrB.jpg",Bonnet Chipped 1 To 5,"{'information': {'Keys': '2', 'Service history': 'yes', 'Service documents': 'Printout', 'Number of stamps': '2', 'Last service date': '22/12/2025', 'MOT Due': '21/12/2026', 'Former Keepers': '1', 'Body Style': 'Saloon', 'Hubs': 'Alloy', 'BHP': '201', 'Euro Status': '6', 'Euro': '6', 'CO2': '163', 'MPG Combined': '39.2'}}",BLACK,2,"£18,650.00","£16,250.00","£17,450.00",,"{'Interior & Tyres': {}, 'Interior': {'Carpet condition': 'Average', 'Seat condition': 'Average', 'Upholstery condition': 'Average', 'Odour': 'No'}, 'Tyres': {'Tyre NSF': 'PIRELLI\t4.0mm', 'Tyre OSF': 'PIRELLI\t4.0mm', 'Tyre NSR': 'PIRELLI\t4.0mm', 'Tyre OSR': 'PIRELLI\t4.0mm', 'Spare Tyre': '\t'}}",2,4,,21/12/2026,,2,,"Tyre NSF: PIRELLI	4.0mm, Tyre OSF: PIRELLI	4.0mm, Tyre NSR: PIRELLI	4.0mm, Tyre OSR: PIRELLI	4.0mm, Spare Tyre: 	"
ebca,24,East Anglian Motor Auctions,BMW,RO20GZS,BMW,1 Series,i M Sport Step Auto,109,Hatchback,Petrol,AUTOMATIC,ECA,21/1/2026,11am,20/03/2020,2020,27199,Warranted,Here,19/03/2026,yes,Margin,,1,1.5,,https://www.ebca.co.uk/motorvehicleinspectionreport/standard/6811.pdf,"https://ebca-prod-data-s3-public.s3.eu-west-1.amazonaws.com/motorvehicle/6811/images/1768408027_yycJ2Q.jpg, https://ebca-prod-data-s3-public.s3.eu-west-1.amazonaws.com/motorvehicle/6811/images/1768408032_23poM5.jpg, https://ebca-prod-data-s3-public.s3.eu-west-1.amazonaws.com/motorvehicle/6811/images/1768408038_pQwaO6.jpg, https://ebca-prod-data-s3-public.s3.eu-west-1.amazonaws.com/motorvehicle/6811/images/1768408043_WraIyd.jpg, https://ebca-prod-data-s3-public.s3.eu-west-1.amazonaws.com/motorvehicle/6811/images/1768408057_UInFbE.jpg, https://ebca-prod-data-s3-public.s3.eu-west-1.amazonaws.com/motorvehicle/6811/images/1768407980_mcVa7O.jpg, https://ebca-prod-data-s3-public.s3.eu-west-1.amazonaws.com/motorvehicle/6811/images/1768408002_4CCcb2.jpg, https://ebca-prod-data-s3-public.s3.eu-west-1.amazonaws.com/motorvehicle/6811/images/1768408006_tsc2yN.jpg, https://ebca-prod-data-s3-public.s3.eu-west-1.amazonaws.com/motorvehicle/6811/images/1768408008_1gmS52.jpg, https://ebca-prod-data-s3-public.s3.eu-west-1.amazonaws.com/motorvehicle/6811/images/1768408012_tsNvtP.jpg, https://ebca-prod-data-s3-public.s3.eu-west-1.amazonaws.com/motorvehicle/6811/images/1768408017_iaU5AI.jpg, https://ebca-prod-data-s3-public.s3.eu-west-1.amazonaws.com/motorvehicle/6811/images/1768408023_QvzWpg.jpg, https://ebca-prod-data-s3-public.s3.eu-west-1.amazonaws.com/motorvehicle/6811/images/1768408047_E21jph.jpg","https://ebca-prod-data-s3-public.s3.eu-west-1.amazonaws.com/motorvehicle/6811/images/1768408047_E21jph.jpg, https://ebca-prod-data-s3-public.s3.eu-west-1.amazonaws.com/motorvehicle/6811/images/1768408027_yycJ2Q.jpg, https://ebca-prod-data-s3-public.s3.eu-west-1.amazonaws.com/motorvehicle/6811/images/1768408032_23poM5.jpg",Bonnet Chipped 1 To 5,"{'information': {'Keys': '2', 'Service history': 'yes', 'Service documents': 'Electronic / Online', 'Number of stamps': '3', 'Last service date': '01/03/2023', 'Last service miles': '10,621', 'MOT Due': '19/03/2026', 'Former Keepers': '1', 'Body Style': 'Hatchback', 'Hubs': 'Alloy', 'BHP': '138', 'Gross Weight': '1870', 'Euro Status': '6', 'Euro': '6', 'CO2': '115', 'MPG Combined': '40.4', 'MPG Urban': '44.1', 'MPG Extra Urban': '67.3'}}",RED,2,"£15,950.00","£13,600.00","£14,750.00",,"{'Interior & Tyres': {}, 'Interior': {'Carpet condition': 'Average', 'Seat condition': 'Average', 'Upholstery condition': 'Average', 'Odour': 'No'}, 'Tyres': {'Tyre NSF': 'BRIDGESTONE\t5.0mm', 'Tyre OSF': 'BRIDGESTONE\t5.0mm', 'Tyre NSR': 'BUDGET\t6.0mm', 'Tyre OSR': 'MARSHAL\t5.0mm', 'Spare Tyre': '\t'}}",2,5,,19/03/2026,,3,"10,621","Tyre NSF: BRIDGESTONE	5.0mm, Tyre OSF: BRIDGESTONE	5.0mm, Tyre NSR: BUDGET	6.0mm, Tyre OSR: MARSHAL	5.0mm, Spare Tyre: 	"
ebca,24,East Anglian Motor Auctions,Lexus,RV67ONB,Lexus,CT,h 1.8 Sport CVT Auto Non Sunroof,66,Hatchback,Hybrid Electric,CVT,ECA,21/1/2026,11am,29/09/2017,2017,45118,Warranted,Here,28/09/2026,yes,Margin,,1,1.8,,https://www.ebca.co.uk/motorvehicleinspectionreport/standard/6857.pdf,"https://ebca-prod-data-s3-public.s3.eu-west-1.amazonaws.com/motorvehicle/6857/images/1768575102_7csXuK.jpg, https://ebca-prod-data-s3-public.s3.eu-west-1.amazonaws.com/motorvehicle/6857/images/1768575108_PhxGrc.jpg, https://ebca-prod-data-s3-public.s3.eu-west-1.amazonaws.com/motorvehicle/6857/images/1768575115_cWNSJG.jpg, https://ebca-prod-data-s3-public.s3.eu-west-1.amazonaws.com/motorvehicle/6857/images/1768575131_ycEGHd.jpg, https://ebca-prod-data-s3-public.s3.eu-west-1.amazonaws.com/motorvehicle/6857/images/1768575161_dX0zN7.jpg, https://ebca-prod-data-s3-public.s3.eu-west-1.amazonaws.com/motorvehicle/6857/images/1768575183_vKYLnI.jpg, https://ebca-prod-data-s3-public.s3.eu-west-1.amazonaws.com/motorvehicle/6857/images/1768575120_30qTLQ.jpg, https://ebca-prod-data-s3-public.s3.eu-west-1.amazonaws.com/motorvehicle/6857/images/1768575125_ojAG96.jpg, https://ebca-prod-data-s3-public.s3.eu-west-1.amazonaws.com/motorvehicle/6857/images/1768575137_hLqC2S.jpg, https://ebca-prod-data-s3-public.s3.eu-west-1.amazonaws.com/motorvehicle/6857/images/1768575195_3Qzhj6.jpg, https://ebca-prod-data-s3-public.s3.eu-west-1.amazonaws.com/motorvehicle/6857/images/1768575201_wQgMnI.jpg, https://ebca-prod-data-s3-public.s3.eu-west-1.amazonaws.com/motorvehicle/6857/images/1768575208_b8QWvY.jpg, https://ebca-prod-data-s3-public.s3.eu-west-1.amazonaws.com/motorvehicle/6857/images/1768575214_QbAVlO.jpg, https://ebca-prod-data-s3-public.s3.eu-west-1.amazonaws.com/motorvehicle/6857/images/1768575223_Iwqcbd.jpg, https://ebca-prod-data-s3-public.s3.eu-west-1.amazonaws.com/motorvehicle/6857/images/1768575228_TCIhmM.jpg","https://ebca-prod-data-s3-public.s3.eu-west-1.amazonaws.com/motorvehicle/6857/images/1768575228_TCIhmM.jpg, https://ebca-prod-data-s3-public.s3.eu-west-1.amazonaws.com/motorvehicle/6857/images/1768575102_7csXuK.jpg, https://ebca-prod-data-s3-public.s3.eu-west-1.amazonaws.com/motorvehicle/6857/images/1768575108_PhxGrc.jpg",Bonnet Scratched Over 25mm Thru Paint,"{'information': {'Keys': '2', 'Service history': 'yes', 'Service documents': 'Service Book', 'Number of stamps': '8', 'Last service date': '11/09/2025', 'Last service miles': '43,557', 'MOT Due': '28/09/2026', 'Former Keepers': '1', 'Body Style': 'Hatchback', 'Hubs': 'Alloy', 'Gross Weight': '1845', 'Euro Status': '6', 'Euro': '6', 'CO2': '94'}}",BLACK,2,"£11,750.00","£9,650.00","£10,700.00",,"{'Interior & Tyres': {}, 'Interior': {'Carpet condition': '-', 'Seat condition': '-', 'Upholstery condition': '-', 'Odour': '-'}, 'Tyres': {'Tyre NSF': 'BUDGET\t5.0mm', 'Tyre OSF': 'BUDGET\t5.0mm', 'Tyre NSR': 'BUDGET\t5.0mm', 'Tyre OSR': 'BUDGET\t5.0mm', 'Spare Tyre': '\t'}}",3,5,,28/09/2026,,8,"43,557","Tyre NSF: BUDGET	5.0mm, Tyre OSF: BUDGET	5.0mm, Tyre NSR: BUDGET	5.0mm, Tyre OSR: BUDGET	5.0mm, Spare Tyre: 	"
ebca,24,East Anglian Motor Auctions,Lexus,RY24NZX,Lexus,LBX,Premium Plus E-CVT,48,Hatchback,Hybrid Electric,CVT,ECA,21/1/2026,11am,28/08/2024,2024,3153,Warranted,Here,-,yes,Margin,,,1.5,,https://www.ebca.co.uk/motorvehicleinspectionreport/standard/6905.pdf,"https://ebca-prod-data-s3-public.s3.eu-west-1.amazonaws.com/motorvehicle/6905/images/1768578260_aAIbAo.jpg, https://ebca-prod-data-s3-public.s3.eu-west-1.amazonaws.com/motorvehicle/6905/images/1768578266_noURAG.jpg, https://ebca-prod-data-s3-public.s3.eu-west-1.amazonaws.com/motorvehicle/6905/images/1768578274_bfc6gz.jpg, https://ebca-prod-data-s3-public.s3.eu-west-1.amazonaws.com/motorvehicle/6905/images/1768578293_tdmJf1.jpg, https://ebca-prod-data-s3-public.s3.eu-west-1.amazonaws.com/motorvehicle/6905/images/1768578320_1DTP7L.jpg, https://ebca-prod-data-s3-public.s3.eu-west-1.amazonaws.com/motorvehicle/6905/images/1768578346_Xt2HRl.jpg, https://ebca-prod-data-s3-public.s3.eu-west-1.amazonaws.com/motorvehicle/6905/images/1768578280_TRdw4V.jpg, https://ebca-prod-data-s3-public.s3.eu-west-1.amazonaws.com/motorvehicle/6905/images/1768578285_nptkBE.jpg, https://ebca-prod-data-s3-public.s3.eu-west-1.amazonaws.com/motorvehicle/6905/images/1768578301_NuZktK.jpg, https://ebca-prod-data-s3-public.s3.eu-west-1.amazonaws.com/motorvehicle/6905/images/1768578357_da3xHT.jpg, https://ebca-prod-data-s3-public.s3.eu-west-1.amazonaws.com/motorvehicle/6905/images/1768578364_2oAbeR.jpg, https://ebca-prod-data-s3-public.s3.eu-west-1.amazonaws.com/motorvehicle/6905/images/1768578372_B06pH2.jpg, https://ebca-prod-data-s3-public.s3.eu-west-1.amazonaws.com/motorvehicle/6905/images/1768578383_FkcLVX.jpg, https://ebca-prod-data-s3-public.s3.eu-west-1.amazonaws.com/motorvehicle/6905/images/1768578401_AWNym4.jpg","https://ebca-prod-data-s3-public.s3.eu-west-1.amazonaws.com/motorvehicle/6905/images/1768578401_AWNym4.jpg, https://ebca-prod-data-s3-public.s3.eu-west-1.amazonaws.com/motorvehicle/6905/images/1768578260_aAIbAo.jpg, https://ebca-prod-data-s3-public.s3.eu-west-1.amazonaws.com/motorvehicle/6905/images/1768578266_noURAG.jpg",Bumper Front Chipped 1 To 5,"{'information': {'Keys': '2', 'Service history': 'yes', 'Service documents': 'Printout', 'Number of stamps': '1', 'Last service date': '20/08/2025', 'Last service miles': '1,623', 'Body Style': 'Hatchback', 'Hubs': 'Alloy', 'BHP': '134', 'Euro Status': '6', 'Euro': '6', 'CO2': '103'}}",RED,2,"£27,250.00","£24,400.00","£25,850.00",,"{'Interior & Tyres': {}, 'Interior': {'Carpet condition': 'Average', 'Seat condition': 'Average', 'Upholstery condition': 'Average', 'Odour': 'No'}, 'Tyres': {'Tyre NSF': 'YOKOHAMA\t5.0mm', 'Tyre OSF': 'YOKOHAMA\t6.0mm', 'Tyre NSR': 'YOKOHAMA\t5.0mm', 'Tyre OSR': 'YOKOHAMA\t5.0mm', 'Spare Tyre': '\t'}}",1,5,,,,1,"1,623","Tyre NSF: YOKOHAMA	5.0mm, Tyre OSF: YOKOHAMA	6.0mm, Tyre NSR: YOKOHAMA	5.0mm, Tyre OSR: YOKOHAMA	5.0mm, Spare Tyre: 	"
ebca,24,East Anglian Motor Auctions,Vauxhall,SA22JNV,Vauxhall,Mokka,Turbo SRi Premium Auto,117,Hatchback,Petrol,AUTOMATIC,ECA,21/1/2026,11am,09/03/2022,2022,15488,Warranted,Here,03/11/2026,yes,Margin,,2,1.2,,https://www.ebca.co.uk/motorvehicleinspectionreport/standard/6600.pdf,"https://ebca-prod-data-s3-public.s3.eu-west-1.amazonaws.com/motorvehicle/6600/images/1767714932_ZJFBLC.jpg, https://ebca-prod-data-s3-public.s3.eu-west-1.amazonaws.com/motorvehicle/6600/images/1767714938_hwCC7V.jpg, https://ebca-prod-data-s3-public.s3.eu-west-1.amazonaws.com/motorvehicle/6600/images/1767714943_3XHJ26.jpg, https://ebca-prod-data-s3-public.s3.eu-west-1.amazonaws.com/motorvehicle/6600/images/1767714953_4w67UZ.jpg, https://ebca-prod-data-s3-public.s3.eu-west-1.amazonaws.com/motorvehicle/6600/images/1767714972_aEbFcY.jpg, https://ebca-prod-data-s3-public.s3.eu-west-1.amazonaws.com/motorvehicle/6600/images/1767714902_iRVgah.jpg, https://ebca-prod-data-s3-public.s3.eu-west-1.amazonaws.com/motorvehicle/6600/images/1767714907_7hgLzp.jpg, https://ebca-prod-data-s3-public.s3.eu-west-1.amazonaws.com/motorvehicle/6600/images/1767714912_QsqBLf.jpg, https://ebca-prod-data-s3-public.s3.eu-west-1.amazonaws.com/motorvehicle/6600/images/1767714913_4ATng9.jpg, https://ebca-prod-data-s3-public.s3.eu-west-1.amazonaws.com/motorvehicle/6600/images/1767714920_jJ8uGV.jpg, https://ebca-prod-data-s3-public.s3.eu-west-1.amazonaws.com/motorvehicle/6600/images/1767714926_lG7MUv.jpg, https://ebca-prod-data-s3-public.s3.eu-west-1.amazonaws.com/motorvehicle/6600/images/1767714961_KVWruM.jpg","https://ebca-prod-data-s3-public.s3.eu-west-1.amazonaws.com/motorvehicle/6600/images/1767714961_KVWruM.jpg, https://ebca-prod-data-s3-public.s3.eu-west-1.amazonaws.com/motorvehicle/6600/images/1767714932_ZJFBLC.jpg, https://ebca-prod-data-s3-public.s3.eu-west-1.amazonaws.com/motorvehicle/6600/images/1767714938_hwCC7V.jpg",Bonnet Chipped 1 To 5,"{'information': {'Keys': '2', 'Service history': 'yes', 'Service documents': 'Service Book', 'Number of stamps': '4', 'Last service date': '26/09/2025', 'Last service miles': '14,582', 'MOT Due': '03/11/2026', 'Former Keepers': '2', 'Body Style': 'Hatchback', 'Hubs': 'Alloy', 'BHP': '129', 'Euro Status': '6', 'Euro': '6', 'CO2': '135', 'MPG Combined': '47.9'}}",GREY,2,"£13,050.00","£10,550.00","£11,800.00",,"{'Interior & Tyres': {}, 'Interior': {'Carpet condition': 'Average', 'Seat condition': 'Average', 'Upholstery condition': 'Average', 'Odour': 'No'}, 'Tyres': {'Tyre NSF': 'MICHELIN\t4.0mm', 'Tyre OSF': 'MICHELIN\t4.0mm', 'Tyre NSR': 'MICHELIN\t4.0mm', 'Tyre OSR': 'MICHELIN\t4.0mm', 'Spare Tyre': '\t'}}",3,5,,03/11/2026,,4,"14,582","Tyre NSF: MICHELIN	4.0mm, Tyre OSF: MICHELIN	4.0mm, Tyre NSR: MICHELIN	4.0mm, Tyre OSR: MICHELIN	4.0mm, Spare Tyre: 	"
ebca,24,East Anglian Motor Auctions,Audi,SC65DNY,Audi,A5,TDI 190 Black Edition Plus Multitronic,12,Coupe,Diesel,AUTOMATIC,ECA,21/1/2026,11am,10/12/2015,2015,139193,Warranted,Here, ,yes,Margin,,2,2.0,,https://www.ebca.co.uk/motorvehicleinspectionreport/standard/6128.pdf,"https://ebca-prod-data-s3-public.s3.eu-west-1.amazonaws.com/motorvehicle/6128/images/1764856770_fnh5PJ.jpg, https://ebca-prod-data-s3-public.s3.eu-west-1.amazonaws.com/motorvehicle/6128/images/1764856775_cULG4y.jpg, https://ebca-prod-data-s3-public.s3.eu-west-1.amazonaws.com/motorvehicle/6128/images/1764856783_lDudKa.jpg, https://ebca-prod-data-s3-public.s3.eu-west-1.amazonaws.com/motorvehicle/6128/images/1764856808_GwXqMp.jpg, https://ebca-prod-data-s3-public.s3.eu-west-1.amazonaws.com/motorvehicle/6128/images/1764856820_shPfYW.jpg, https://ebca-prod-data-s3-public.s3.eu-west-1.amazonaws.com/motorvehicle/6128/images/1764856863_53XN0G.jpg, https://ebca-prod-data-s3-public.s3.eu-west-1.amazonaws.com/motorvehicle/6128/images/1764856789_T8zTfH.jpg, https://ebca-prod-data-s3-public.s3.eu-west-1.amazonaws.com/motorvehicle/6128/images/1764856796_Fkg9bH.jpg, https://ebca-prod-data-s3-public.s3.eu-west-1.amazonaws.com/motorvehicle/6128/images/1764856813_xOzaMZ.jpg, https://ebca-prod-data-s3-public.s3.eu-west-1.amazonaws.com/motorvehicle/6128/images/1764856878_XGqkpJ.jpg, https://ebca-prod-data-s3-public.s3.eu-west-1.amazonaws.com/motorvehicle/6128/images/1764856926_fnuFWU.jpg, https://ebca-prod-data-s3-public.s3.eu-west-1.amazonaws.com/motorvehicle/6128/images/1764856931_hE5pvS.jpg, https://ebca-prod-data-s3-public.s3.eu-west-1.amazonaws.com/motorvehicle/6128/images/1764856947_IiINFW.jpg, https://ebca-prod-data-s3-public.s3.eu-west-1.amazonaws.com/motorvehicle/6128/images/1764856954_6C4f3M.jpg, https://ebca-prod-data-s3-public.s3.eu-west-1.amazonaws.com/motorvehicle/6128/images/1764856961_NRGqwm.jpg, https://ebca-prod-data-s3-public.s3.eu-west-1.amazonaws.com/motorvehicle/6128/images/1764856974_ODAOQw.jpg","https://ebca-prod-data-s3-public.s3.eu-west-1.amazonaws.com/motorvehicle/6128/images/1764856974_ODAOQw.jpg, https://ebca-prod-data-s3-public.s3.eu-west-1.amazonaws.com/motorvehicle/6128/images/1764856770_fnh5PJ.jpg, https://ebca-prod-data-s3-public.s3.eu-west-1.amazonaws.com/motorvehicle/6128/images/1764856775_cULG4y.jpg",Bonnet Poor Previous Repair Poor Paint,"{'information': {'Keys': '2', 'Service history': 'yes', 'Service documents': 'Printout', 'Number of stamps': '4', 'Last service date': '12/03/2025', 'Last service miles': '133,431', 'MOT Due': 'Expired', 'Former Keepers': '2', 'Body Style': 'Coupe', 'Hubs': 'Alloy', 'BHP': '187', 'Gross Weight': '2060', 'Euro Status': '6', 'Euro': '6', 'CO2': '131', 'MPG Combined': '56.5', 'MPG Urban': '49.6', 'MPG Extra Urban': '62.8'}}",BLACK,2,"£3,975.00","£3,025.00","£3,500.00",,"{'Interior & Tyres': {}, 'Interior': {'Carpet condition': 'Average', 'Seat condition': 'Average', 'Upholstery condition': 'Average', 'Odour': 'No'}, 'Tyres': {'Tyre NSF': 'MICHELIN\t5.0mm', 'Tyre OSF': 'MAXXIS\t5.0mm', 'Tyre NSR': 'TOMKET\t5.0mm', 'Tyre OSR': 'TOMKET\t5.0mm', 'Spare Tyre': '\t'}}",5,2,, ,,4,"133,431","Tyre NSF: MICHELIN	5.0mm, Tyre OSF: MAXXIS	5.0mm, Tyre NSR: TOMKET	5.0mm, Tyre OSR: TOMKET	5.0mm, Spare Tyre: 	"
ebca,24,East Anglian Motor Auctions,BMW,SM65ZJY,BMW,I3,kW Auto,115,Hatchback,Electric,AUTOMATIC,ECA,21/1/2026,11am,12/12/2015,2015,48331,Warranted,Here,21/04/2026,yes,Margin,,6,,,https://www.ebca.co.uk/motorvehicleinspectionreport/standard/6761.pdf,"https://ebca-prod-data-s3-public.s3.eu-west-1.amazonaws.com/motorvehicle/6488/images/1767622391_2voLUa.jpg, https://ebca-prod-data-s3-public.s3.eu-west-1.amazonaws.com/motorvehicle/6488/images/1767622397_jf1XJa.jpg, https://ebca-prod-data-s3-public.s3.eu-west-1.amazonaws.com/motorvehicle/6488/images/1767622403_g5BuFk.jpg, https://ebca-prod-data-s3-public.s3.eu-west-1.amazonaws.com/motorvehicle/6488/images/1767622410_oQVM22.jpg, https://ebca-prod-data-s3-public.s3.eu-west-1.amazonaws.com/motorvehicle/6488/images/1767622454_eKaleX.jpg, https://ebca-prod-data-s3-public.s3.eu-west-1.amazonaws.com/motorvehicle/6488/images/1767622342_bboxZw.jpg, https://ebca-prod-data-s3-public.s3.eu-west-1.amazonaws.com/motorvehicle/6488/images/1767622348_C2xIIr.jpg, https://ebca-prod-data-s3-public.s3.eu-west-1.amazonaws.com/motorvehicle/6488/images/1767622353_tH15AJ.jpg, https://ebca-prod-data-s3-public.s3.eu-west-1.amazonaws.com/motorvehicle/6488/images/1767622376_Ze5a40.jpg, https://ebca-prod-data-s3-public.s3.eu-west-1.amazonaws.com/motorvehicle/6488/images/1767622381_P9oyju.jpg, https://ebca-prod-data-s3-public.s3.eu-west-1.amazonaws.com/motorvehicle/6488/images/1767622421_hBfv66.jpg, https://ebca-prod-data-s3-public.s3.eu-west-1.amazonaws.com/motorvehicle/6488/images/1767622425_WG95Pg.jpg, https://ebca-prod-data-s3-public.s3.eu-west-1.amazonaws.com/motorvehicle/6761/images/1767965711_HoYwfw.jpg","https://ebca-prod-data-s3-public.s3.eu-west-1.amazonaws.com/motorvehicle/6761/images/1767965711_HoYwfw.jpg, https://ebca-prod-data-s3-public.s3.eu-west-1.amazonaws.com/motorvehicle/6488/images/1767622391_2voLUa.jpg, https://ebca-prod-data-s3-public.s3.eu-west-1.amazonaws.com/motorvehicle/6488/images/1767622397_jf1XJa.jpg",Bumper Rear Chipped Multiple Chips,"{'information': {'Keys': '2', 'Service history': 'yes', 'Service documents': 'Electronic &amp; Paper', 'Number of stamps': '3', 'Last service date': '27/11/2023', 'Last service miles': '42,630', 'MOT Due': '21/04/2026', 'Former Keepers': '6', 'Body Style': 'Hatchback', 'Hubs': 'Alloy', 'BHP': '168', 'Gross Weight': '1620', 'Euro Status': '6', 'Euro': '6'}}",WHITE,2,"£5,000.00","£3,725.00","£4,350.00",,"{'Interior & Tyres': {}, 'Interior': {'Carpet condition': 'Average', 'Seat condition': 'Average', 'Upholstery condition': 'Average', 'Odour': 'No'}, 'Tyres': {'Tyre NSF': 'BRIDGESTONE\t3.0mm', 'Tyre OSF': 'BRIDGESTONE\t3.0mm', 'Tyre NSR': 'BRIDGESTONE\t3.0mm', 'Tyre OSR': 'BRIDGESTONE\t3.0mm', 'Spare Tyre': '\t'}}",2,5,,21/04/2026,,3,"42,630","Tyre NSF: BRIDGESTONE	3.0mm, Tyre OSF: BRIDGESTONE	3.0mm, Tyre NSR: BRIDGESTONE	3.0mm, Tyre OSR: BRIDGESTONE	3.0mm, Spare Tyre: 	"
ebca,24,East Anglian Motor Auctions,Fiat,SV66LOH,Fiat,Fullback,180hp LX Double Cab Pick Up Auto,90,Pick-up,Diesel,AUTOMATIC,ECA,21/1/2026,11am,17/01/2017,2017,156014,Warranted,TBC,17/01/2027,yes,Plus VAT,,1,2.4,,https://www.ebca.co.uk/motorvehicleinspectionreport/standard/7003.pdf,"https://ebca-prod-data-s3-public.s3.eu-west-1.amazonaws.com/motorvehicle/7003/images/1768904629_sIqo3D.jpg, https://ebca-prod-data-s3-public.s3.eu-west-1.amazonaws.com/motorvehicle/7003/images/1768904638_tPD1Mi.jpg, https://ebca-prod-data-s3-public.s3.eu-west-1.amazonaws.com/motorvehicle/7003/images/1768904646_wrX20B.jpg, https://ebca-prod-data-s3-public.s3.eu-west-1.amazonaws.com/motorvehicle/7003/images/1768904665_rio6WE.jpg, https://ebca-prod-data-s3-public.s3.eu-west-1.amazonaws.com/motorvehicle/7003/images/1768904700_IBq5HY.jpg, https://ebca-prod-data-s3-public.s3.eu-west-1.amazonaws.com/motorvehicle/7003/images/1768904707_6vm1TY.jpg, https://ebca-prod-data-s3-public.s3.eu-west-1.amazonaws.com/motorvehicle/7003/images/1768904829_fbHaZL.jpg, https://ebca-prod-data-s3-public.s3.eu-west-1.amazonaws.com/motorvehicle/7003/images/1768904854_0bKb0X.jpg, https://ebca-prod-data-s3-public.s3.eu-west-1.amazonaws.com/motorvehicle/7003/images/1768904859_YGGThT.jpg, https://ebca-prod-data-s3-public.s3.eu-west-1.amazonaws.com/motorvehicle/7003/images/1768904578_FyCkXm.jpg, https://ebca-prod-data-s3-public.s3.eu-west-1.amazonaws.com/motorvehicle/7003/images/1768904584_o43F74.jpg, https://ebca-prod-data-s3-public.s3.eu-west-1.amazonaws.com/motorvehicle/7003/images/1768904592_IKCr4u.jpg, https://ebca-prod-data-s3-public.s3.eu-west-1.amazonaws.com/motorvehicle/7003/images/1768904596_J3YuXp.jpg, https://ebca-prod-data-s3-public.s3.eu-west-1.amazonaws.com/motorvehicle/7003/images/1768904601_mksLmx.jpg, https://ebca-prod-data-s3-public.s3.eu-west-1.amazonaws.com/motorvehicle/7003/images/1768904608_7tGhmx.jpg, https://ebca-prod-data-s3-public.s3.eu-west-1.amazonaws.com/motorvehicle/7003/images/1768904654_5LKyre.jpg, https://ebca-prod-data-s3-public.s3.eu-west-1.amazonaws.com/motorvehicle/7003/images/1768904660_98AbRw.jpg, https://ebca-prod-data-s3-public.s3.eu-west-1.amazonaws.com/motorvehicle/7003/images/1768904681_mOul1A.jpg","https://ebca-prod-data-s3-public.s3.eu-west-1.amazonaws.com/motorvehicle/7003/images/1768904681_mOul1A.jpg, https://ebca-prod-data-s3-public.s3.eu-west-1.amazonaws.com/motorvehicle/7003/images/1768904629_sIqo3D.jpg, https://ebca-prod-data-s3-public.s3.eu-west-1.amazonaws.com/motorvehicle/7003/images/1768904638_tPD1Mi.jpg",Carpets Front Torn Over 10mm,"{'information': {'Keys': '2', 'Service history': 'yes', 'Service documents': 'Printout', 'Number of stamps': '2', 'Last service date': '05/01/2024', 'Last service miles': '123,697', 'MOT Due': '17/01/2027', 'Former Keepers': '1', 'Body Style': 'Pick-up', 'Hubs': 'Alloy', 'BHP': '180', 'Gross Weight': '2800', 'Euro Status': '6', 'Euro': '6', 'CO2': '196', 'MPG Combined': '37.7', 'MPG Urban': '31', 'MPG Extra Urban': '43.5'}}",BLACK,2,£0.00,£0.00,£0.00,,"{'Interior & Tyres': {}, 'Interior': {'Carpet condition': 'Poor', 'Seat condition': 'Poor', 'Upholstery condition': 'Average', 'Odour': 'No'}, 'Tyres': {'Tyre NSF': 'DUNLOP\t5.0mm', 'Tyre OSF': 'DUNLOP\t5.0mm', 'Tyre NSR': 'DUNLOP\t5.0mm', 'Tyre OSR': 'DUNLOP\t5.0mm', 'Spare Tyre': '\t'}}",4,,,17/01/2027,,2,"123,697","Tyre NSF: DUNLOP	5.0mm, Tyre OSF: DUNLOP	5.0mm, Tyre NSR: DUNLOP	5.0mm, Tyre OSR: DUNLOP	5.0mm, Spare Tyre: 	"
ebca,24,East Anglian Motor Auctions,Volkswagen,SW68CXZ,Volkswagen,T-Roc,TSI EVO SEL,141,Hatchback,Petrol,MANUAL,ECA,21/1/2026,11am,17/12/2018,2018,69703,Warranted,Here,19/03/2026,yes,Margin,,1,1.5,,https://www.ebca.co.uk/motorvehicleinspectionreport/standard/6605.pdf,"https://ebca-prod-data-s3-public.s3.eu-west-1.amazonaws.com/motorvehicle/6605/images/1768214389_sQIWF3.jpg, https://ebca-prod-data-s3-public.s3.eu-west-1.amazonaws.com/motorvehicle/6605/images/1768214394_zYMduI.jpg, https://ebca-prod-data-s3-public.s3.eu-west-1.amazonaws.com/motorvehicle/6605/images/1768214400_Mkaqbo.jpg, https://ebca-prod-data-s3-public.s3.eu-west-1.amazonaws.com/motorvehicle/6605/images/1768214416_KEBG56.jpg, https://ebca-prod-data-s3-public.s3.eu-west-1.amazonaws.com/motorvehicle/6605/images/1768214434_05tp3Z.jpg, https://ebca-prod-data-s3-public.s3.eu-west-1.amazonaws.com/motorvehicle/6605/images/1768214404_JYpeaZ.jpg, https://ebca-prod-data-s3-public.s3.eu-west-1.amazonaws.com/motorvehicle/6605/images/1768214411_gAKNsl.jpg, https://ebca-prod-data-s3-public.s3.eu-west-1.amazonaws.com/motorvehicle/6605/images/1768214422_9kgMK9.jpg, https://ebca-prod-data-s3-public.s3.eu-west-1.amazonaws.com/motorvehicle/6605/images/1768214448_rTIAAB.jpg, https://ebca-prod-data-s3-public.s3.eu-west-1.amazonaws.com/motorvehicle/6605/images/1768214459_cZTFSF.jpg, https://ebca-prod-data-s3-public.s3.eu-west-1.amazonaws.com/motorvehicle/6605/images/1768214464_CmDzXa.jpg, https://ebca-prod-data-s3-public.s3.eu-west-1.amazonaws.com/motorvehicle/6605/images/1768214467_NKH8JG.jpg","https://ebca-prod-data-s3-public.s3.eu-west-1.amazonaws.com/motorvehicle/6605/images/1768214467_NKH8JG.jpg, https://ebca-prod-data-s3-public.s3.eu-west-1.amazonaws.com/motorvehicle/6605/images/1768214389_sQIWF3.jpg, https://ebca-prod-data-s3-public.s3.eu-west-1.amazonaws.com/motorvehicle/6605/images/1768214394_zYMduI.jpg",Seat Base Cover osf Torn UpTo 3mm,"{'information': {'Keys': '2', 'Service history': 'yes', 'Service documents': 'Printout', 'Number of stamps': '4', 'Last service date': '06/01/2025', 'Last service miles': '53,414', 'MOT Due': '19/03/2026', 'Former Keepers': '1', 'Body Style': 'Hatchback', 'Hubs': 'Alloy', 'BHP': '148', 'Gross Weight': '1850', 'Euro Status': '6', 'Euro': '6', 'CO2': '123', 'MPG Combined': '42.2'}}",SILVER,2,"£10,900.00","£8,525.00","£9,700.00",,"{'Interior & Tyres': {}, 'Interior': {'Carpet condition': 'Average', 'Seat condition': 'Average', 'Upholstery condition': 'Average', 'Odour': 'No'}, 'Tyres': {'Tyre NSF': 'BUDGET\t3.0mm', 'Tyre OSF': 'NANKANG\t3.0mm', 'Tyre NSR': 'NANKANG\t3.0mm', 'Tyre OSR': 'NANKANG\t3.0mm', 'Spare Tyre': '\t'}}",3,5,,19/03/2026,,4,"53,414","Tyre NSF: BUDGET	3.0mm, Tyre OSF: NANKANG	3.0mm, Tyre NSR: NANKANG	3.0mm, Tyre OSR: NANKANG	3.0mm, Spare Tyre: 	"
ebca,24,East Anglian Motor Auctions,Volkswagen,VE62KHO,Volkswagen,Golf,TSI SE DSG Convertible,79,Convertible,Petrol,SEMI AUTO,ECA,21/1/2026,11am,06/12/2012,2012,111195,Warranted,Here,07/05/2026,yes,Margin,,1,1.4,,https://www.ebca.co.uk/motorvehicleinspectionreport/standard/6455.pdf,"https://ebca-prod-data-s3-public.s3.eu-west-1.amazonaws.com/motorvehicle/6455/images/1767875222_XiOvr7.jpg, https://ebca-prod-data-s3-public.s3.eu-west-1.amazonaws.com/motorvehicle/6455/images/1767875246_n5ZUIx.jpg, https://ebca-prod-data-s3-public.s3.eu-west-1.amazonaws.com/motorvehicle/6455/images/1767875265_GYJNmI.jpg, https://ebca-prod-data-s3-public.s3.eu-west-1.amazonaws.com/motorvehicle/6455/images/1767875267_5w33PP.jpg, https://ebca-prod-data-s3-public.s3.eu-west-1.amazonaws.com/motorvehicle/6455/images/1767875272_sL2EkW.jpg, https://ebca-prod-data-s3-public.s3.eu-west-1.amazonaws.com/motorvehicle/6455/images/1767875306_ZKwbLz.jpg, https://ebca-prod-data-s3-public.s3.eu-west-1.amazonaws.com/motorvehicle/6455/images/1766394169_P4kcWY.jpg, https://ebca-prod-data-s3-public.s3.eu-west-1.amazonaws.com/motorvehicle/6455/images/1766394176_MRFKCA.jpg, https://ebca-prod-data-s3-public.s3.eu-west-1.amazonaws.com/motorvehicle/6455/images/1766394183_IikwuV.jpg, https://ebca-prod-data-s3-public.s3.eu-west-1.amazonaws.com/motorvehicle/6455/images/1766394189_G0ssRU.jpg, https://ebca-prod-data-s3-public.s3.eu-west-1.amazonaws.com/motorvehicle/6455/images/1766394196_EveOdO.jpg, https://ebca-prod-data-s3-public.s3.eu-west-1.amazonaws.com/motorvehicle/6455/images/1767875290_4SOVM0.jpg","https://ebca-prod-data-s3-public.s3.eu-west-1.amazonaws.com/motorvehicle/6455/images/1767875290_4SOVM0.jpg, https://ebca-prod-data-s3-public.s3.eu-west-1.amazonaws.com/motorvehicle/6455/images/1767875222_XiOvr7.jpg, https://ebca-prod-data-s3-public.s3.eu-west-1.amazonaws.com/motorvehicle/6455/images/1767875246_n5ZUIx.jpg",Wheel osf Scratched Over 50mm,"{'information': {'Keys': '1', 'Service history': 'yes', 'Service documents': 'Service Book', 'Number of stamps': '7', 'Last service date': '07/08/2020', 'Last service miles': '45,812', 'MOT Due': '07/05/2026', 'Former Keepers': '1', 'Body Style': 'Convertible', 'Hubs': 'Alloy', 'BHP': '121', 'Gross Weight': '1920', 'Euro Status': '5', 'Euro': '5', 'CO2': '147', 'MPG Combined': '44.8', 'MPG Urban': '35.3', 'MPG Extra Urban': '52.3'}}",RED,1,"£2,875.00","£1,975.00","£2,425.00",,"{'Interior & Tyres': {}, 'Interior': {'Carpet condition': 'Average', 'Seat condition': 'Average', 'Upholstery condition': 'Average', 'Odour': 'No'}, 'Tyres': {'Tyre NSF': '\t', 'Tyre OSF': 'LAUFENN\t5.0mm', 'Tyre NSR': '\t', 'Tyre OSR': 'LAUFENN\t5.0mm', 'Spare Tyre': '\t'}}",3,2,,07/05/2026,,7,"45,812","Tyre NSF: 	, Tyre OSF: LAUFENN	5.0mm, Tyre NSR: 	, Tyre OSR: LAUFENN	5.0mm, Spare Tyre: 	"
ebca,24,East Anglian Motor Auctions,Nissan,VK20HVX,Nissan,Qashqai,DiG-T 160 N-Connecta DCT,67,Hatchback,Petrol,SEMI AUTO,ECA,21/1/2026,11am,17/03/2020,2020,44275,Warranted,Here,16/03/2026,yes,Margin,,1,1.3,,https://www.ebca.co.uk/motorvehicleinspectionreport/standard/6916.pdf,"https://ebca-prod-data-s3-public.s3.eu-west-1.amazonaws.com/motorvehicle/6916/images/1768573725_dWsyly.jpg, https://ebca-prod-data-s3-public.s3.eu-west-1.amazonaws.com/motorvehicle/6916/images/1768573731_uzGtKH.jpg, https://ebca-prod-data-s3-public.s3.eu-west-1.amazonaws.com/motorvehicle/6916/images/1768573737_nuXBoX.jpg, https://ebca-prod-data-s3-public.s3.eu-west-1.amazonaws.com/motorvehicle/6916/images/1768573765_iupsgJ.jpg, https://ebca-prod-data-s3-public.s3.eu-west-1.amazonaws.com/motorvehicle/6916/images/1768573777_35mG1Q.jpg, https://ebca-prod-data-s3-public.s3.eu-west-1.amazonaws.com/motorvehicle/6916/images/1768573796_qfM6XL.jpg, https://ebca-prod-data-s3-public.s3.eu-west-1.amazonaws.com/motorvehicle/6916/images/1768573742_BxDEhy.jpg, https://ebca-prod-data-s3-public.s3.eu-west-1.amazonaws.com/motorvehicle/6916/images/1768573750_uq7yoE.jpg, https://ebca-prod-data-s3-public.s3.eu-west-1.amazonaws.com/motorvehicle/6916/images/1768573758_0GzQQ2.jpg, https://ebca-prod-data-s3-public.s3.eu-west-1.amazonaws.com/motorvehicle/6916/images/1768573771_FI3pwu.jpg, https://ebca-prod-data-s3-public.s3.eu-west-1.amazonaws.com/motorvehicle/6916/images/1768573827_OLbP8D.jpg, https://ebca-prod-data-s3-public.s3.eu-west-1.amazonaws.com/motorvehicle/6916/images/1768573832_PnGv2k.jpg, https://ebca-prod-data-s3-public.s3.eu-west-1.amazonaws.com/motorvehicle/6916/images/1768573841_FM2hor.jpg, https://ebca-prod-data-s3-public.s3.eu-west-1.amazonaws.com/motorvehicle/6916/images/1768573852_OdMxhd.jpg, https://ebca-prod-data-s3-public.s3.eu-west-1.amazonaws.com/motorvehicle/6916/images/1768573861_EUQ94K.jpg","https://ebca-prod-data-s3-public.s3.eu-west-1.amazonaws.com/motorvehicle/6916/images/1768573861_EUQ94K.jpg, https://ebca-prod-data-s3-public.s3.eu-west-1.amazonaws.com/motorvehicle/6916/images/1768573725_dWsyly.jpg, https://ebca-prod-data-s3-public.s3.eu-west-1.amazonaws.com/motorvehicle/6916/images/1768573731_uzGtKH.jpg",Bumper Rear Chipped Multiple Chips,"{'information': {'Keys': '2', 'Service history': 'yes', 'Service documents': 'Service Book', 'Number of stamps': '5', 'Last service date': '03/01/2025', 'Last service miles': '34,803', 'MOT Due': '16/03/2026', 'Former Keepers': '1', 'Body Style': 'Hatchback', 'Hubs': 'Alloy', 'BHP': '158', 'Gross Weight': '1885', 'Euro Status': '6', 'Euro': '6', 'CO2': '123', 'MPG Combined': '39.8', 'MPG Urban': '38.7', 'MPG Extra Urban': '57.6'}}",BLACK,2,"£10,300.00","£8,050.00","£9,175.00",,"{'Interior & Tyres': {}, 'Interior': {'Carpet condition': 'Average', 'Seat condition': 'Average', 'Upholstery condition': 'Average', 'Odour': 'No'}, 'Tyres': {'Tyre NSF': 'MICHELIN\t3.0mm', 'Tyre OSF': 'MICHELIN\t4.0mm', 'Tyre NSR': 'MICHELIN\t3.0mm', 'Tyre OSR': 'MICHELIN\t4.0mm', 'Spare Tyre': '\t'}}",3,5,,16/03/2026,,5,"34,803","Tyre NSF: MICHELIN	3.0mm, Tyre OSF: MICHELIN	4.0mm, Tyre NSR: MICHELIN	3.0mm, Tyre OSR: MICHELIN	4.0mm, Spare Tyre: 	"
ebca,24,East Anglian Motor Auctions,Vauxhall,VU73HTN,Vauxhall,Astra,Turbo 130 GS,136,Hatchback,Petrol,MANUAL,ECA,21/1/2026,11am,29/02/2024,2024,10931,Warranted,Here,28/02/2027,yes,Margin,,1,1.2,,https://www.ebca.co.uk/motorvehicleinspectionreport/standard/6301.pdf,"https://ebca-prod-data-s3-public.s3.eu-west-1.amazonaws.com/motorvehicle/6301/images/1765536600_zS4raW.jpg, https://ebca-prod-data-s3-public.s3.eu-west-1.amazonaws.com/motorvehicle/6301/images/1765536606_7w4oHo.jpg, https://ebca-prod-data-s3-public.s3.eu-west-1.amazonaws.com/motorvehicle/6301/images/1765536612_QGe8Ux.jpg, https://ebca-prod-data-s3-public.s3.eu-west-1.amazonaws.com/motorvehicle/6301/images/1765536630_D6QGV9.jpg, https://ebca-prod-data-s3-public.s3.eu-west-1.amazonaws.com/motorvehicle/6301/images/1765536642_vKUrtr.jpg, https://ebca-prod-data-s3-public.s3.eu-west-1.amazonaws.com/motorvehicle/6301/images/1765536662_360llP.jpg, https://ebca-prod-data-s3-public.s3.eu-west-1.amazonaws.com/motorvehicle/6301/images/1765536617_LKsFri.jpg, https://ebca-prod-data-s3-public.s3.eu-west-1.amazonaws.com/motorvehicle/6301/images/1765536624_cIjP79.jpg, https://ebca-prod-data-s3-public.s3.eu-west-1.amazonaws.com/motorvehicle/6301/images/1765536636_1O9SXp.jpg, https://ebca-prod-data-s3-public.s3.eu-west-1.amazonaws.com/motorvehicle/6301/images/1765536676_El7UT4.jpg, https://ebca-prod-data-s3-public.s3.eu-west-1.amazonaws.com/motorvehicle/6301/images/1765536693_YXZhGL.jpg, https://ebca-prod-data-s3-public.s3.eu-west-1.amazonaws.com/motorvehicle/6301/images/1765536701_p0jYIU.jpg, https://ebca-prod-data-s3-public.s3.eu-west-1.amazonaws.com/motorvehicle/6301/images/1765536709_RhxcLS.jpg, https://ebca-prod-data-s3-public.s3.eu-west-1.amazonaws.com/motorvehicle/6301/images/1765536715_C5vO04.jpg, https://ebca-prod-data-s3-public.s3.eu-west-1.amazonaws.com/motorvehicle/6301/images/1765536737_HX3Zqn.jpg, https://ebca-prod-data-s3-public.s3.eu-west-1.amazonaws.com/motorvehicle/6301/images/1765536751_BK36kh.jpg","https://ebca-prod-data-s3-public.s3.eu-west-1.amazonaws.com/motorvehicle/6301/images/1765536751_BK36kh.jpg, https://ebca-prod-data-s3-public.s3.eu-west-1.amazonaws.com/motorvehicle/6301/images/1765536600_zS4raW.jpg, https://ebca-prod-data-s3-public.s3.eu-west-1.amazonaws.com/motorvehicle/6301/images/1765536606_7w4oHo.jpg",Bumper Front Chipped 1 To 5,"{'information': {'Keys': '2', 'Service history': 'yes', 'Service documents': 'Service Book', 'Number of stamps': '2', 'Last service date': '27/10/2025', 'Last service miles': '10,544', 'MOT Due': '28/02/2027', 'Former Keepers': '1', 'Body Style': 'Hatchback', 'Hubs': 'Alloy', 'BHP': '129', 'Euro Status': '6', 'Euro': '6', 'CO2': '125', 'MPG Combined': '51.4'}}",GREY,2,"£14,900.00","£12,550.00","£13,750.00",,"{'Interior & Tyres': {}, 'Interior': {'Carpet condition': 'Average', 'Seat condition': 'Average', 'Upholstery condition': 'Average', 'Odour': 'No'}, 'Tyres': {'Tyre NSF': 'MICHELIN\t5.0mm', 'Tyre OSF': 'MICHELIN\t5.0mm', 'Tyre NSR': 'MICHELIN\t5.0mm', 'Tyre OSR': 'MICHELIN\t5.0mm', 'Spare Tyre': '\t'}}",2,5,,28/02/2027,,2,"10,544","Tyre NSF: MICHELIN	5.0mm, Tyre OSF: MICHELIN	5.0mm, Tyre NSR: MICHELIN	5.0mm, Tyre OSR: MICHELIN	5.0mm, Spare Tyre: 	"
ebca,24,East Anglian Motor Auctions,Volkswagen,VX19ZVO,Volkswagen,T-Roc,TDI 4MOTION R-Line,68,Hatchback,Diesel,MANUAL,ECA,21/1/2026,11am,01/03/2019,2019,25579,Warranted,Here,07/12/2026,yes,Margin,,,2.0,,https://www.ebca.co.uk/motorvehicleinspectionreport/standard/6917.pdf,"https://ebca-prod-data-s3-public.s3.eu-west-1.amazonaws.com/motorvehicle/6917/images/1768569084_aCJ41R.jpg, https://ebca-prod-data-s3-public.s3.eu-west-1.amazonaws.com/motorvehicle/6917/images/1768569089_lMN94Z.jpg, https://ebca-prod-data-s3-public.s3.eu-west-1.amazonaws.com/motorvehicle/6917/images/1768569094_RvwXqz.jpg, https://ebca-prod-data-s3-public.s3.eu-west-1.amazonaws.com/motorvehicle/6917/images/1768569100_zInbDV.jpg, https://ebca-prod-data-s3-public.s3.eu-west-1.amazonaws.com/motorvehicle/6917/images/1768569117_xFGtDS.jpg, https://ebca-prod-data-s3-public.s3.eu-west-1.amazonaws.com/motorvehicle/6917/images/1768569055_w952f5.jpg, https://ebca-prod-data-s3-public.s3.eu-west-1.amazonaws.com/motorvehicle/6917/images/1768569060_nQzGx4.jpg, https://ebca-prod-data-s3-public.s3.eu-west-1.amazonaws.com/motorvehicle/6917/images/1768569065_NblrC5.jpg, https://ebca-prod-data-s3-public.s3.eu-west-1.amazonaws.com/motorvehicle/6917/images/1768569069_pEX8Tw.jpg, https://ebca-prod-data-s3-public.s3.eu-west-1.amazonaws.com/motorvehicle/6917/images/1768569073_4rDuvJ.jpg, https://ebca-prod-data-s3-public.s3.eu-west-1.amazonaws.com/motorvehicle/6917/images/1768569078_4UZL27.jpg, https://ebca-prod-data-s3-public.s3.eu-west-1.amazonaws.com/motorvehicle/6917/images/1768569105_UXL30m.jpg","https://ebca-prod-data-s3-public.s3.eu-west-1.amazonaws.com/motorvehicle/6917/images/1768569105_UXL30m.jpg, https://ebca-prod-data-s3-public.s3.eu-west-1.amazonaws.com/motorvehicle/6917/images/1768569084_aCJ41R.jpg, https://ebca-prod-data-s3-public.s3.eu-west-1.amazonaws.com/motorvehicle/6917/images/1768569089_lMN94Z.jpg",Bonnet Chipped 1 To 5,"{'information': {'Keys': '2', 'Service history': 'yes', 'Service documents': 'Printout', 'Number of stamps': '1', 'Last service date': '17/02/2024', 'Last service miles': '15,745', 'MOT Due': '07/12/2026', 'Body Style': 'Hatchback', 'Hubs': 'Alloy', 'BHP': '148', 'Gross Weight': '2020', 'Euro Status': '6', 'Euro': '6', 'CO2': '129', 'MPG Combined': '46.3', 'MPG Urban': '47.1', 'MPG Extra Urban': '65.7'}}",BLACK,2,"£16,100.00","£13,500.00","£14,800.00",,"{'Interior & Tyres': {}, 'Interior': {'Carpet condition': 'Average', 'Seat condition': 'Average', 'Upholstery condition': 'Average', 'Odour': 'No'}, 'Tyres': {'Tyre NSF': 'GOODYEAR\t4.0mm', 'Tyre OSF': 'GOODYEAR\t4.0mm', 'Tyre NSR': 'GOODYEAR\t4.0mm', 'Tyre OSR': 'GOODYEAR\t5.0mm', 'Spare Tyre': '\t'}}",2,5,,07/12/2026,,1,"15,745","Tyre NSF: GOODYEAR	4.0mm, Tyre OSF: GOODYEAR	4.0mm, Tyre NSR: GOODYEAR	4.0mm, Tyre OSR: GOODYEAR	5.0mm, Spare Tyre: 	"
ebca,24,East Anglian Motor Auctions,Porsche,VX69SHZ,Porsche,Macan,S PDK,102,Estate,Petrol,SEMI AUTO,ECA,21/1/2026,11am,24/09/2019,2019,39188,Warranted,Here,15/12/2026,yes,Margin,,1,3.0,,https://www.ebca.co.uk/motorvehicleinspectionreport/standard/6831.pdf,"https://ebca-prod-data-s3-public.s3.eu-west-1.amazonaws.com/motorvehicle/6831/images/1768408673_0TGfIz.jpg, https://ebca-prod-data-s3-public.s3.eu-west-1.amazonaws.com/motorvehicle/6831/images/1768408675_6tyQCt.jpg, https://ebca-prod-data-s3-public.s3.eu-west-1.amazonaws.com/motorvehicle/6831/images/1768408677_hLAnEZ.jpg, https://ebca-prod-data-s3-public.s3.eu-west-1.amazonaws.com/motorvehicle/6831/images/1768408679_WoSMhz.jpg, https://ebca-prod-data-s3-public.s3.eu-west-1.amazonaws.com/motorvehicle/6831/images/1768408681_iauH5d.jpg, https://ebca-prod-data-s3-public.s3.eu-west-1.amazonaws.com/motorvehicle/6831/images/1768408582_l1sh23.jpg, https://ebca-prod-data-s3-public.s3.eu-west-1.amazonaws.com/motorvehicle/6831/images/1768408610_Du8EYt.jpg, https://ebca-prod-data-s3-public.s3.eu-west-1.amazonaws.com/motorvehicle/6831/images/1768408636_P8D12V.jpg, https://ebca-prod-data-s3-public.s3.eu-west-1.amazonaws.com/motorvehicle/6831/images/1768408646_s7wO8m.jpg, https://ebca-prod-data-s3-public.s3.eu-west-1.amazonaws.com/motorvehicle/6831/images/1768408654_COEmSQ.jpg, https://ebca-prod-data-s3-public.s3.eu-west-1.amazonaws.com/motorvehicle/6831/images/1768408664_Y62VrM.jpg, https://ebca-prod-data-s3-public.s3.eu-west-1.amazonaws.com/motorvehicle/6831/images/1768408670_UNvhXY.jpg","https://ebca-prod-data-s3-public.s3.eu-west-1.amazonaws.com/motorvehicle/6831/images/1768408670_UNvhXY.jpg, https://ebca-prod-data-s3-public.s3.eu-west-1.amazonaws.com/motorvehicle/6831/images/1768408673_0TGfIz.jpg, https://ebca-prod-data-s3-public.s3.eu-west-1.amazonaws.com/motorvehicle/6831/images/1768408675_6tyQCt.jpg",Screen Front Cracked Replace,"{'information': {'Keys': '2', 'Service history': 'yes', 'Service documents': 'Service Book', 'Number of stamps': '2', 'Last service date': '25/09/2023', 'Last service miles': '17,568', 'MOT Due': '15/12/2026', 'Former Keepers': '1', 'Body Style': 'Estate', 'Hubs': 'Alloy', 'BHP': '349', 'Euro Status': '6', 'Euro': '6', 'CO2': '204', 'MPG Combined': '25.7', 'MPG Urban': '25', 'MPG Extra Urban': '37.7'}}",GREY,2,"£33,100.00","£30,600.00","£31,800.00",,"{'Interior & Tyres': {}, 'Interior': {'Carpet condition': 'Average', 'Seat condition': 'Average', 'Upholstery condition': 'Average', 'Odour': 'No'}, 'Tyres': {'Tyre NSF': 'CONTINENTAL\t5.0mm', 'Tyre OSF': 'CONTINENTAL\t5.0mm', 'Tyre NSR': 'CONTINENTAL\t5.0mm', 'Tyre OSR': 'CONTINENTAL\t5.0mm', 'Spare Tyre': '\t'}}",3,5,,15/12/2026,,2,"17,568","Tyre NSF: CONTINENTAL	5.0mm, Tyre OSF: CONTINENTAL	5.0mm, Tyre NSR: CONTINENTAL	5.0mm, Tyre OSR: CONTINENTAL	5.0mm, Spare Tyre: 	"
ebca,24,East Anglian Motor Auctions,Volvo,WF17DJK,Volvo,V90,D4 Momentum Geartronic,14,Estate,Diesel,AUTOMATIC,ECA,21/1/2026,11am,31/03/2017,2017,191193,Warranted,Here,11/06/2026,yes,Margin,,2,2.0,,https://www.ebca.co.uk/motorvehicleinspectionreport/standard/6850.pdf,"https://ebca-prod-data-s3-public.s3.eu-west-1.amazonaws.com/motorvehicle/6850/images/1768473362_YJ63ld.jpg, https://ebca-prod-data-s3-public.s3.eu-west-1.amazonaws.com/motorvehicle/6850/images/1768473367_bMLSHU.jpg, https://ebca-prod-data-s3-public.s3.eu-west-1.amazonaws.com/motorvehicle/6850/images/1768473372_jzawrR.jpg, https://ebca-prod-data-s3-public.s3.eu-west-1.amazonaws.com/motorvehicle/6850/images/1768473385_oIh1Bf.jpg, https://ebca-prod-data-s3-public.s3.eu-west-1.amazonaws.com/motorvehicle/6850/images/1768473417_2HC4db.jpg, https://ebca-prod-data-s3-public.s3.eu-west-1.amazonaws.com/motorvehicle/6850/images/1768323975_TLd53E.jpg, https://ebca-prod-data-s3-public.s3.eu-west-1.amazonaws.com/motorvehicle/6850/images/1768323981_StP9yZ.jpg, https://ebca-prod-data-s3-public.s3.eu-west-1.amazonaws.com/motorvehicle/6850/images/1768323988_TXTZ6K.jpg, https://ebca-prod-data-s3-public.s3.eu-west-1.amazonaws.com/motorvehicle/6850/images/1768323996_vLDmW0.jpg, https://ebca-prod-data-s3-public.s3.eu-west-1.amazonaws.com/motorvehicle/6850/images/1768473349_hM1Vm6.jpg, https://ebca-prod-data-s3-public.s3.eu-west-1.amazonaws.com/motorvehicle/6850/images/1768473356_yBfI1w.jpg, https://ebca-prod-data-s3-public.s3.eu-west-1.amazonaws.com/motorvehicle/6850/images/1768473391_K6RnhH.jpg","https://ebca-prod-data-s3-public.s3.eu-west-1.amazonaws.com/motorvehicle/6850/images/1768473391_K6RnhH.jpg, https://ebca-prod-data-s3-public.s3.eu-west-1.amazonaws.com/motorvehicle/6850/images/1768473362_YJ63ld.jpg, https://ebca-prod-data-s3-public.s3.eu-west-1.amazonaws.com/motorvehicle/6850/images/1768473367_bMLSHU.jpg",Bonnet Chipped Multiple Chips,"{'information': {'Keys': '1', 'Service history': 'yes', 'Service documents': 'Service Book', 'Number of stamps': '8', 'Last service date': '19/06/2024', 'Last service miles': '158,258', 'MOT Due': '11/06/2026', 'Former Keepers': '2', 'Body Style': 'Estate', 'Hubs': 'Alloy', 'BHP': '188', 'Gross Weight': '2310', 'Euro Status': '6', 'Euro': '6', 'CO2': '119', 'MPG Combined': '62.8', 'MPG Urban': '54.3', 'MPG Extra Urban': '68.9'}}",BLACK,1,"£6,275.00","£4,875.00","£5,575.00",,"{'Interior & Tyres': {}, 'Interior': {'Carpet condition': 'Average', 'Seat condition': 'Average', 'Upholstery condition': 'Average', 'Odour': 'No'}, 'Tyres': {'Tyre NSF': 'KUMHO\t2.0mm', 'Tyre OSF': 'GOODYEAR\t2.0mm', 'Tyre NSR': 'PIRELLI\t3.0mm', 'Tyre OSR': 'BUDGET\t3.0mm', 'Spare Tyre': '\t'}}",4,5,,11/06/2026,,8,"158,258","Tyre NSF: KUMHO	2.0mm, Tyre OSF: GOODYEAR	2.0mm, Tyre NSR: PIRELLI	3.0mm, Tyre OSR: BUDGET	3.0mm, Spare Tyre: 	"
ebca,24,East Anglian Motor Auctions,Fiat,WM17KXV,Fiat,500,Lounge,10,Hatchback,Petrol,MANUAL,ECA,21/1/2026,11am,11/05/2017,2017,66262,Warranted,Here,28/11/2026,yes,Margin,,1,1.2,,https://www.ebca.co.uk/motorvehicleinspectionreport/standard/6837.pdf,"https://ebca-prod-data-s3-public.s3.eu-west-1.amazonaws.com/motorvehicle/6837/images/1768409473_QoI4Z5.jpg, https://ebca-prod-data-s3-public.s3.eu-west-1.amazonaws.com/motorvehicle/6837/images/1768409478_LIESih.jpg, https://ebca-prod-data-s3-public.s3.eu-west-1.amazonaws.com/motorvehicle/6837/images/1768409490_9Al9L2.jpg, https://ebca-prod-data-s3-public.s3.eu-west-1.amazonaws.com/motorvehicle/6837/images/1768409509_dMUisC.jpg, https://ebca-prod-data-s3-public.s3.eu-west-1.amazonaws.com/motorvehicle/6837/images/1768409521_RXvDlP.jpg, https://ebca-prod-data-s3-public.s3.eu-west-1.amazonaws.com/motorvehicle/6837/images/1768409539_yr4KCF.jpg, https://ebca-prod-data-s3-public.s3.eu-west-1.amazonaws.com/motorvehicle/6837/images/1768409425_40CcmA.jpg, https://ebca-prod-data-s3-public.s3.eu-west-1.amazonaws.com/motorvehicle/6837/images/1768409433_rccBfI.jpg, https://ebca-prod-data-s3-public.s3.eu-west-1.amazonaws.com/motorvehicle/6837/images/1768409451_kloApu.jpg, https://ebca-prod-data-s3-public.s3.eu-west-1.amazonaws.com/motorvehicle/6837/images/1768409495_cbvfMX.jpg, https://ebca-prod-data-s3-public.s3.eu-west-1.amazonaws.com/motorvehicle/6837/images/1768409500_q82X0i.jpg, https://ebca-prod-data-s3-public.s3.eu-west-1.amazonaws.com/motorvehicle/6837/images/1768409503_Qlu55X.jpg, https://ebca-prod-data-s3-public.s3.eu-west-1.amazonaws.com/motorvehicle/6837/images/1768409515_NWSSw1.jpg","https://ebca-prod-data-s3-public.s3.eu-west-1.amazonaws.com/motorvehicle/6837/images/1768409515_NWSSw1.jpg, https://ebca-prod-data-s3-public.s3.eu-west-1.amazonaws.com/motorvehicle/6837/images/1768409473_QoI4Z5.jpg, https://ebca-prod-data-s3-public.s3.eu-west-1.amazonaws.com/motorvehicle/6837/images/1768409478_LIESih.jpg",Switches And Controls Broken Replace,"{'information': {'Service history': 'yes', 'Service documents': 'Service Book', 'Number of stamps': '3', 'Last service date': '08/11/2025', 'Last service miles': '65,919', 'MOT Due': '28/11/2026', 'Former Keepers': '1', 'Body Style': 'Hatchback', 'Hubs': 'Alloy', 'BHP': '69', 'Gross Weight': '1345', 'Euro Status': '6', 'Euro': '6', 'CO2': '110', 'MPG Combined': '60.1', 'MPG Urban': '51.4', 'MPG Extra Urban': '65.7'}}",GREEN,,"£3,800.00","£2,750.00","£3,275.00",,"{'Interior & Tyres': {}, 'Interior': {'Carpet condition': 'Average', 'Seat condition': 'Average', 'Upholstery condition': 'Average', 'Odour': 'No'}, 'Tyres': {'Tyre NSF': 'BUDGET\t5.0mm', 'Tyre OSF': 'BUDGET\t5.0mm', 'Tyre NSR': 'BUDGET\t5.0mm', 'Tyre OSR': 'BUDGET\t5.0mm', 'Spare Tyre': '\t'}}",4,3,,28/11/2026,,3,"65,919","Tyre NSF: BUDGET	5.0mm, Tyre OSF: BUDGET	5.0mm, Tyre NSR: BUDGET	5.0mm, Tyre OSR: BUDGET	5.0mm, Spare Tyre: 	"
ebca,24,East Anglian Motor Auctions,Fiat,WP65BWO,Fiat,500x,Multijet Cross,77,Hatchback,Diesel,MANUAL,ECA,21/1/2026,11am,31/10/2015,2015,84537,Warranted,Here,31/10/2026,yes,Margin,,4,1.6,,https://www.ebca.co.uk/motorvehicleinspectionreport/standard/6454.pdf,"https://ebca-prod-data-s3-public.s3.eu-west-1.amazonaws.com/motorvehicle/6454/images/1768559694_SWaiJo.jpg, https://ebca-prod-data-s3-public.s3.eu-west-1.amazonaws.com/motorvehicle/6454/images/1768559700_URbp9I.jpg, https://ebca-prod-data-s3-public.s3.eu-west-1.amazonaws.com/motorvehicle/6454/images/1768559706_aIBJhS.jpg, https://ebca-prod-data-s3-public.s3.eu-west-1.amazonaws.com/motorvehicle/6454/images/1768559725_I1eVNC.jpg, https://ebca-prod-data-s3-public.s3.eu-west-1.amazonaws.com/motorvehicle/6454/images/1768559730_dtGEg9.jpg, https://ebca-prod-data-s3-public.s3.eu-west-1.amazonaws.com/motorvehicle/6454/images/1768559751_rBf8Ji.jpg, https://ebca-prod-data-s3-public.s3.eu-west-1.amazonaws.com/motorvehicle/6454/images/1768559200_Xf3XGf.jpg, https://ebca-prod-data-s3-public.s3.eu-west-1.amazonaws.com/motorvehicle/6454/images/1768559711_x8BHkd.jpg, https://ebca-prod-data-s3-public.s3.eu-west-1.amazonaws.com/motorvehicle/6454/images/1768559718_MFZRb4.jpg, https://ebca-prod-data-s3-public.s3.eu-west-1.amazonaws.com/motorvehicle/6454/images/1768559763_A67X4L.jpg, https://ebca-prod-data-s3-public.s3.eu-west-1.amazonaws.com/motorvehicle/6454/images/1768559776_GorBJ6.jpg, https://ebca-prod-data-s3-public.s3.eu-west-1.amazonaws.com/motorvehicle/6454/images/1768559789_ErpZup.jpg, https://ebca-prod-data-s3-public.s3.eu-west-1.amazonaws.com/motorvehicle/6454/images/1768559794_obyzmL.jpg, https://ebca-prod-data-s3-public.s3.eu-west-1.amazonaws.com/motorvehicle/6454/images/1768559806_tF0AP2.jpg","https://ebca-prod-data-s3-public.s3.eu-west-1.amazonaws.com/motorvehicle/6454/images/1768559806_tF0AP2.jpg, https://ebca-prod-data-s3-public.s3.eu-west-1.amazonaws.com/motorvehicle/6454/images/1768559694_SWaiJo.jpg, https://ebca-prod-data-s3-public.s3.eu-west-1.amazonaws.com/motorvehicle/6454/images/1768559700_URbp9I.jpg",Seat Base Cover osf Scuffed Over 25mm,"{'information': {'Keys': '2', 'Service history': 'yes', 'Service documents': 'Service Book', 'Number of stamps': '10', 'Last service date': '16/10/2025', 'Last service miles': '82,741', 'MOT Due': '31/10/2026', 'Former Keepers': '4', 'Body Style': 'Hatchback', 'Hubs': 'Alloy', 'BHP': '118', 'Euro Status': '6', 'Euro': '6', 'CO2': '109', 'MPG Combined': '68.9', 'MPG Urban': '60.1', 'MPG Extra Urban': '74.3'}}",GREY,2,"£2,375.00","£1,475.00","£1,925.00",,"{'Interior & Tyres': {}, 'Interior': {'Carpet condition': 'Average', 'Seat condition': 'Average', 'Upholstery condition': 'Average', 'Odour': 'No'}, 'Tyres': {'Tyre NSF': 'BUDGET\t5.0mm', 'Tyre OSF': 'BUDGET\t5.0mm', 'Tyre NSR': 'BUDGET\t5.0mm', 'Tyre OSR': 'BUDGET\t5.0mm', 'Spare Tyre': '\t'}}",3,5,,31/10/2026,,10,"82,741","Tyre NSF: BUDGET	5.0mm, Tyre OSF: BUDGET	5.0mm, Tyre NSR: BUDGET	5.0mm, Tyre OSR: BUDGET	5.0mm, Spare Tyre: 	"
ebca,24,East Anglian Motor Auctions,Nissan,WV68KJE,Nissan,Qashqai,DiG-T Tekna,29,Hatchback,Petrol,MANUAL,ECA,21/1/2026,11am,05/09/2018,2018,57378,Warranted,Here,26/08/2026,yes,Margin,,1,1.2,,https://www.ebca.co.uk/motorvehicleinspectionreport/standard/6806.pdf,"https://ebca-prod-data-s3-public.s3.eu-west-1.amazonaws.com/motorvehicle/6806/images/1768814588_A8qkhv.jpg, https://ebca-prod-data-s3-public.s3.eu-west-1.amazonaws.com/motorvehicle/6806/images/1768814594_wtEbOz.jpg, https://ebca-prod-data-s3-public.s3.eu-west-1.amazonaws.com/motorvehicle/6806/images/1768814600_8U7TWn.jpg, https://ebca-prod-data-s3-public.s3.eu-west-1.amazonaws.com/motorvehicle/6806/images/1768814621_ab04hJ.jpg, https://ebca-prod-data-s3-public.s3.eu-west-1.amazonaws.com/motorvehicle/6806/images/1768814631_4qNwNN.jpg, https://ebca-prod-data-s3-public.s3.eu-west-1.amazonaws.com/motorvehicle/6806/images/1768814649_9q5qdx.jpg, https://ebca-prod-data-s3-public.s3.eu-west-1.amazonaws.com/motorvehicle/6806/images/1768814605_904oTP.jpg, https://ebca-prod-data-s3-public.s3.eu-west-1.amazonaws.com/motorvehicle/6806/images/1768814610_XTWM53.jpg, https://ebca-prod-data-s3-public.s3.eu-west-1.amazonaws.com/motorvehicle/6806/images/1768814616_wGVSn9.jpg, https://ebca-prod-data-s3-public.s3.eu-west-1.amazonaws.com/motorvehicle/6806/images/1768814626_u5Kkvf.jpg, https://ebca-prod-data-s3-public.s3.eu-west-1.amazonaws.com/motorvehicle/6806/images/1768814709_P2PXiQ.jpg, https://ebca-prod-data-s3-public.s3.eu-west-1.amazonaws.com/motorvehicle/6806/images/1768814715_SEQwwo.jpg, https://ebca-prod-data-s3-public.s3.eu-west-1.amazonaws.com/motorvehicle/6806/images/1768814726_FZ1vrt.jpg, https://ebca-prod-data-s3-public.s3.eu-west-1.amazonaws.com/motorvehicle/6806/images/1768814731_wJLsu3.jpg, https://ebca-prod-data-s3-public.s3.eu-west-1.amazonaws.com/motorvehicle/6806/images/1768814737_N0DQPB.jpg, https://ebca-prod-data-s3-public.s3.eu-west-1.amazonaws.com/motorvehicle/6806/images/1768814741_RekeIq.jpg, https://ebca-prod-data-s3-public.s3.eu-west-1.amazonaws.com/motorvehicle/6806/images/1768814747_ale5zG.jpg, https://ebca-prod-data-s3-public.s3.eu-west-1.amazonaws.com/motorvehicle/6806/images/1768814763_1ns0jv.jpg","https://ebca-prod-data-s3-public.s3.eu-west-1.amazonaws.com/motorvehicle/6806/images/1768814763_1ns0jv.jpg, https://ebca-prod-data-s3-public.s3.eu-west-1.amazonaws.com/motorvehicle/6806/images/1768814588_A8qkhv.jpg, https://ebca-prod-data-s3-public.s3.eu-west-1.amazonaws.com/motorvehicle/6806/images/1768814594_wtEbOz.jpg",Bonnet Chipped Multiple Chips,"{'information': {'Keys': '2', 'Service history': 'yes', 'Service documents': 'Service Book', 'Number of stamps': '7', 'Last service date': '26/08/2025', 'Last service miles': '54,000', 'MOT Due': '26/08/2026', 'Former Keepers': '1', 'Body Style': 'Hatchback', 'Hubs': 'Alloy', 'BHP': '113', 'Gross Weight': '1860', 'Euro Status': '6', 'Euro': '6', 'CO2': '129', 'MPG Combined': '50.4', 'MPG Urban': '42.8', 'MPG Extra Urban': '55.4'}}",BLACK,2,"£7,375.00","£5,575.00","£6,475.00",,"{'Interior & Tyres': {}, 'Interior': {'Carpet condition': 'Average', 'Seat condition': 'Average', 'Upholstery condition': 'Average', 'Odour': 'No'}, 'Tyres': {'Tyre NSF': 'BUDGET\t6.0mm', 'Tyre OSF': 'BUDGET\t6.0mm', 'Tyre NSR': 'BUDGET\t6.0mm', 'Tyre OSR': 'NEXEN\t5.0mm', 'Spare Tyre': '\t'}}",2,5,,26/08/2026,,7,"54,000","Tyre NSF: BUDGET	6.0mm, Tyre OSF: BUDGET	6.0mm, Tyre NSR: BUDGET	6.0mm, Tyre OSR: NEXEN	5.0mm, Spare Tyre: 	"
ebca,24,East Anglian Motor Auctions,Peugeot,WX16VUP,Peugeot,208,PureTech 110 GT Line,19,Hatchback,Petrol,MANUAL,ECA,21/1/2026,11am,08/03/2016,2016,71676,Warranted,Here,23/02/2026,yes,Margin,,1,1.2,,https://www.ebca.co.uk/motorvehicleinspectionreport/standard/6473.pdf,"https://ebca-prod-data-s3-public.s3.eu-west-1.amazonaws.com/motorvehicle/6473/images/1768582955_A0O53c.jpg, https://ebca-prod-data-s3-public.s3.eu-west-1.amazonaws.com/motorvehicle/6473/images/1768582962_kOZaMU.jpg, https://ebca-prod-data-s3-public.s3.eu-west-1.amazonaws.com/motorvehicle/6473/images/1768582968_68FwSM.jpg, https://ebca-prod-data-s3-public.s3.eu-west-1.amazonaws.com/motorvehicle/6473/images/1768582985_kTRIlV.jpg, https://ebca-prod-data-s3-public.s3.eu-west-1.amazonaws.com/motorvehicle/6473/images/1768582997_FzYbDW.jpg, https://ebca-prod-data-s3-public.s3.eu-west-1.amazonaws.com/motorvehicle/6473/images/1768583012_AIcy72.jpg, https://ebca-prod-data-s3-public.s3.eu-west-1.amazonaws.com/motorvehicle/6473/images/1768582974_hhGCqb.jpg, https://ebca-prod-data-s3-public.s3.eu-west-1.amazonaws.com/motorvehicle/6473/images/1768582979_qmOHJF.jpg, https://ebca-prod-data-s3-public.s3.eu-west-1.amazonaws.com/motorvehicle/6473/images/1768582990_osXLmj.jpg, https://ebca-prod-data-s3-public.s3.eu-west-1.amazonaws.com/motorvehicle/6473/images/1768583115_MeSwP7.jpg, https://ebca-prod-data-s3-public.s3.eu-west-1.amazonaws.com/motorvehicle/6473/images/1768583124_TvmH5D.jpg, https://ebca-prod-data-s3-public.s3.eu-west-1.amazonaws.com/motorvehicle/6473/images/1768583129_in27YP.jpg, https://ebca-prod-data-s3-public.s3.eu-west-1.amazonaws.com/motorvehicle/6473/images/1768583140_tZTu3S.jpg, https://ebca-prod-data-s3-public.s3.eu-west-1.amazonaws.com/motorvehicle/6473/images/1768583145_cfszDG.jpg, https://ebca-prod-data-s3-public.s3.eu-west-1.amazonaws.com/motorvehicle/6473/images/1768583151_Ajsnil.jpg","https://ebca-prod-data-s3-public.s3.eu-west-1.amazonaws.com/motorvehicle/6473/images/1768583151_Ajsnil.jpg, https://ebca-prod-data-s3-public.s3.eu-west-1.amazonaws.com/motorvehicle/6473/images/1768582955_A0O53c.jpg, https://ebca-prod-data-s3-public.s3.eu-west-1.amazonaws.com/motorvehicle/6473/images/1768582962_kOZaMU.jpg",Bonnet Chipped Multiple Chips,"{'information': {'Service history': 'yes', 'Service documents': 'Printout', 'Number of stamps': '3', 'Last service date': '21/02/2025', 'Last service miles': '60,787', 'MOT Due': '23/02/2026', 'Former Keepers': '1', 'Body Style': 'Hatchback', 'Hubs': 'Alloy', 'BHP': '110', 'Gross Weight': '1600', 'Euro Status': '6', 'Euro': '6', 'CO2': '99', 'MPG Combined': '65.7', 'MPG Urban': '54.3', 'MPG Extra Urban': '76.4'}}",GREY,,"£2,950.00","£2,000.00","£2,450.00",,"{'Interior & Tyres': {}, 'Interior': {'Carpet condition': 'Average', 'Seat condition': 'Average', 'Upholstery condition': 'Average', 'Odour': 'No'}, 'Tyres': {'Tyre NSF': 'RAPID\t5.0mm', 'Tyre OSF': 'RAPID\t6.0mm', 'Tyre NSR': 'GOODYEAR\t5.0mm', 'Tyre OSR': 'GOODYEAR\t5.0mm', 'Spare Tyre': '\t'}}",3,5,,23/02/2026,,3,"60,787","Tyre NSF: RAPID	5.0mm, Tyre OSF: RAPID	6.0mm, Tyre NSR: GOODYEAR	5.0mm, Tyre OSR: GOODYEAR	5.0mm, Spare Tyre: 	"
ebca,24,East Anglian Motor Auctions,Volvo,YD66XPC,Volvo,XC60,D4 190 SE Lux Nav AWD Geartronic,108,Estate,Diesel,AUTOMATIC,ECA,21/1/2026,11am,26/09/2016,2016,83002,Warranted,Here,23/09/2026,yes,Margin,,3,2.4,,https://www.ebca.co.uk/motorvehicleinspectionreport/standard/6852.pdf,"https://ebca-prod-data-s3-public.s3.eu-west-1.amazonaws.com/motorvehicle/6852/images/1768568433_mLMRyN.jpg, https://ebca-prod-data-s3-public.s3.eu-west-1.amazonaws.com/motorvehicle/6852/images/1768568437_GBfrAW.jpg, https://ebca-prod-data-s3-public.s3.eu-west-1.amazonaws.com/motorvehicle/6852/images/1768568442_6YDcIO.jpg, https://ebca-prod-data-s3-public.s3.eu-west-1.amazonaws.com/motorvehicle/6852/images/1768568450_XwRwW4.jpg, https://ebca-prod-data-s3-public.s3.eu-west-1.amazonaws.com/motorvehicle/6852/images/1768568482_oyuL6a.jpg, https://ebca-prod-data-s3-public.s3.eu-west-1.amazonaws.com/motorvehicle/6852/images/1768568396_Uw2nym.jpg, https://ebca-prod-data-s3-public.s3.eu-west-1.amazonaws.com/motorvehicle/6852/images/1768568401_M5P8zD.jpg, https://ebca-prod-data-s3-public.s3.eu-west-1.amazonaws.com/motorvehicle/6852/images/1768568405_5mYHMC.jpg, https://ebca-prod-data-s3-public.s3.eu-west-1.amazonaws.com/motorvehicle/6852/images/1768568411_PREKhm.jpg, https://ebca-prod-data-s3-public.s3.eu-west-1.amazonaws.com/motorvehicle/6852/images/1768568417_R87BHy.jpg, https://ebca-prod-data-s3-public.s3.eu-west-1.amazonaws.com/motorvehicle/6852/images/1768568427_OnEdMA.jpg","https://ebca-prod-data-s3-public.s3.eu-west-1.amazonaws.com/motorvehicle/6852/images/1768568427_OnEdMA.jpg, https://ebca-prod-data-s3-public.s3.eu-west-1.amazonaws.com/motorvehicle/6852/images/1768568433_mLMRyN.jpg, https://ebca-prod-data-s3-public.s3.eu-west-1.amazonaws.com/motorvehicle/6852/images/1768568437_GBfrAW.jpg",Bumper Rear Scratched Over 100mm Thru Paint,"{'information': {'Keys': '2', 'Service history': 'yes', 'Service documents': 'Service Book', 'Number of stamps': '6', 'Last service date': '28/02/2025', 'Last service miles': '73,581', 'MOT Due': '23/09/2026', 'Former Keepers': '3', 'Body Style': 'Estate', 'Hubs': 'Alloy', 'BHP': '187', 'Gross Weight': '2505', 'Euro Status': '6', 'Euro': '6', 'CO2': '149', 'MPG Combined': '49.6', 'MPG Urban': '42.2', 'MPG Extra Urban': '55.4'}}",BLACK,2,"£9,100.00","£6,950.00","£8,025.00",,"{'Interior & Tyres': {}, 'Interior': {'Carpet condition': 'Average', 'Seat condition': 'Average', 'Upholstery condition': 'Average', 'Odour': 'No'}, 'Tyres': {'Tyre NSF': 'AVON\t5.0mm', 'Tyre OSF': 'AVON\t5.0mm', 'Tyre NSR': 'AVON\t5.0mm', 'Tyre OSR': 'AVON\t5.0mm', 'Spare Tyre': '\t'}}",4,5,,23/09/2026,,6,"73,581","Tyre NSF: AVON	5.0mm, Tyre OSF: AVON	5.0mm, Tyre NSR: AVON	5.0mm, Tyre OSR: AVON	5.0mm, Spare Tyre: 	"
ebca,24,East Anglian Motor Auctions,LAND ROVER,YD67XAM,LAND ROVER,RANGE ROVER EVOQUE,TD4 SE Tech Auto,83,Estate,Diesel,AUTOMATIC,ECA,21/1/2026,11am,01/09/2017,2017,100843,Warranted,Here,28/09/2026,yes,Margin,,1,2.0,,https://www.ebca.co.uk/motorvehicleinspectionreport/standard/6955.pdf,,,,"{'information': {'Service history': 'yes', 'Service documents': 'Printout', 'Number of stamps': '6', 'Last service date': '14/08/2025', 'Last service miles': '96,279', 'MOT Due': '28/09/2026', 'Former Keepers': '1', 'Body Style': 'Estate', 'BHP': '178', 'Gross Weight': '2350', 'Euro Status': '6', 'Euro': '6', 'CO2': '134', 'MPG Combined': '55.4', 'MPG Urban': '46.3', 'MPG Extra Urban': '62.8'}}",BLACK,,"£5,500.00","£4,075.00","£4,775.00",,{},,5,,28/09/2026,,6,"96,279",
ebca,24,East Anglian Motor Auctions,Lexus,YE17XVD,Lexus,CT,h 1.8 Advance CVT Auto,131,Hatchback,Hybrid Electric,CVT,ECA,21/1/2026,11am,28/04/2017,2017,43023,Warranted,Here,24/06/2026,yes,Margin,,4,1.8,,https://www.ebca.co.uk/motorvehicleinspectionreport/standard/6187.pdf,"https://ebca-prod-data-s3-public.s3.eu-west-1.amazonaws.com/motorvehicle/6187/images/1765270508_SK3Xmq.jpg, https://ebca-prod-data-s3-public.s3.eu-west-1.amazonaws.com/motorvehicle/6187/images/1765270513_JHgjPO.jpg, https://ebca-prod-data-s3-public.s3.eu-west-1.amazonaws.com/motorvehicle/6187/images/1765270518_IDoR3k.jpg, https://ebca-prod-data-s3-public.s3.eu-west-1.amazonaws.com/motorvehicle/6187/images/1765270540_kLEz3n.jpg, https://ebca-prod-data-s3-public.s3.eu-west-1.amazonaws.com/motorvehicle/6187/images/1765270556_BNgtLW.jpg, https://ebca-prod-data-s3-public.s3.eu-west-1.amazonaws.com/motorvehicle/6187/images/1765270524_2ei22W.jpg, https://ebca-prod-data-s3-public.s3.eu-west-1.amazonaws.com/motorvehicle/6187/images/1765270529_WtRWLj.jpg, https://ebca-prod-data-s3-public.s3.eu-west-1.amazonaws.com/motorvehicle/6187/images/1765270534_Prs6bC.jpg, https://ebca-prod-data-s3-public.s3.eu-west-1.amazonaws.com/motorvehicle/6187/images/1765270544_4obPeZ.jpg, https://ebca-prod-data-s3-public.s3.eu-west-1.amazonaws.com/motorvehicle/6187/images/1765270571_zmmY5u.jpg, https://ebca-prod-data-s3-public.s3.eu-west-1.amazonaws.com/motorvehicle/6187/images/1765270577_MFcHkJ.jpg, https://ebca-prod-data-s3-public.s3.eu-west-1.amazonaws.com/motorvehicle/6187/images/1765270582_Wbz8TL.jpg, https://ebca-prod-data-s3-public.s3.eu-west-1.amazonaws.com/motorvehicle/6187/images/1765270591_OxXDjb.jpg","https://ebca-prod-data-s3-public.s3.eu-west-1.amazonaws.com/motorvehicle/6187/images/1765270591_OxXDjb.jpg, https://ebca-prod-data-s3-public.s3.eu-west-1.amazonaws.com/motorvehicle/6187/images/1765270508_SK3Xmq.jpg, https://ebca-prod-data-s3-public.s3.eu-west-1.amazonaws.com/motorvehicle/6187/images/1765270513_JHgjPO.jpg",Bonnet Chipped 1 To 5,"{'information': {'Keys': '2', 'Service history': 'yes', 'Service documents': 'Service Book', 'Number of stamps': '7', 'Last service date': '28/10/2025', 'Last service miles': '42,445', 'MOT Due': '24/06/2026', 'Former Keepers': '4', 'Body Style': 'Hatchback', 'Hubs': 'Alloy', 'Gross Weight': '1845', 'Euro Status': '6', 'Euro': '6', 'CO2': '94'}}",BLACK,2,"£12,250.00","£10,100.00","£11,150.00",,"{'Interior & Tyres': {}, 'Interior': {'Carpet condition': 'Average', 'Seat condition': 'Average', 'Upholstery condition': 'Average', 'Odour': 'No'}, 'Tyres': {'Tyre NSF': 'GOODYEAR\t4.0mm', 'Tyre OSF': 'GOODYEAR\t5.0mm', 'Tyre NSR': 'BRIDGESTONE\t5.0mm', 'Tyre OSR': 'BUDGET\t5.0mm', 'Spare Tyre': '\t'}}",3,5,,24/06/2026,,7,"42,445","Tyre NSF: GOODYEAR	4.0mm, Tyre OSF: GOODYEAR	5.0mm, Tyre NSR: BRIDGESTONE	5.0mm, Tyre OSR: BUDGET	5.0mm, Spare Tyre: 	"
ebca,24,East Anglian Motor Auctions,BMW,YG69FZM,BMW,4 Series,d 190 xDrive M Sport Auto Prof Media,111,Coupe,Diesel,AUTOMATIC,ECA,21/1/2026,11am,13/09/2019,2019,58814,Warranted,Here,12/09/2026,yes,Margin,,4,2.0,,https://www.ebca.co.uk/motorvehicleinspectionreport/standard/6913.pdf,"https://ebca-prod-data-s3-public.s3.eu-west-1.amazonaws.com/motorvehicle/5417/images/1762522827_95q7og.jpg, https://ebca-prod-data-s3-public.s3.eu-west-1.amazonaws.com/motorvehicle/5417/images/1762522832_TbrnAp.jpg, https://ebca-prod-data-s3-public.s3.eu-west-1.amazonaws.com/motorvehicle/5417/images/1762522837_zPnwoM.jpg, https://ebca-prod-data-s3-public.s3.eu-west-1.amazonaws.com/motorvehicle/5417/images/1762522844_kVgCOH.jpg, https://ebca-prod-data-s3-public.s3.eu-west-1.amazonaws.com/motorvehicle/5417/images/1762522865_VjWHKx.jpg, https://ebca-prod-data-s3-public.s3.eu-west-1.amazonaws.com/motorvehicle/5417/images/1762507080_I2QePc.jpg, https://ebca-prod-data-s3-public.s3.eu-west-1.amazonaws.com/motorvehicle/5417/images/1762507085_opI8Aa.jpg, https://ebca-prod-data-s3-public.s3.eu-west-1.amazonaws.com/motorvehicle/5417/images/1762507090_gRFhgc.jpg, https://ebca-prod-data-s3-public.s3.eu-west-1.amazonaws.com/motorvehicle/5417/images/1762522815_ZRqpbl.jpg, https://ebca-prod-data-s3-public.s3.eu-west-1.amazonaws.com/motorvehicle/5417/images/1762522820_CDWDBS.jpg, https://ebca-prod-data-s3-public.s3.eu-west-1.amazonaws.com/motorvehicle/5417/images/1762522850_MzzKi2.jpg","https://ebca-prod-data-s3-public.s3.eu-west-1.amazonaws.com/motorvehicle/5417/images/1762522850_MzzKi2.jpg, https://ebca-prod-data-s3-public.s3.eu-west-1.amazonaws.com/motorvehicle/5417/images/1762522827_95q7og.jpg, https://ebca-prod-data-s3-public.s3.eu-west-1.amazonaws.com/motorvehicle/5417/images/1762522832_TbrnAp.jpg",Wheel osf Scratched Over 50mm,"{'information': {'Keys': '2', 'Service history': 'yes', 'Number of stamps': '3', 'Last service date': '25/08/2025', 'Last service miles': '54,271', 'MOT Due': '12/09/2026', 'Former Keepers': '4', 'Body Style': 'Coupe', 'Hubs': 'Alloy', 'BHP': '188', 'Gross Weight': '2125', 'Euro Status': '6', 'Euro': '6', 'CO2': '132', 'MPG Combined': '60.1', 'MPG Urban': '50.4', 'MPG Extra Urban': '67.3'}}",GREY,2,"£13,500.00","£11,300.00","£12,400.00",,"{'Interior & Tyres': {}, 'Interior': {'Carpet condition': 'Average', 'Seat condition': 'Average', 'Upholstery condition': 'Average', 'Odour': 'No'}, 'Tyres': {'Tyre NSF': 'MICHELIN\t4.0mm', 'Tyre OSF': 'MICHELIN\tDamaged', 'Tyre NSR': 'MICHELIN\t2.0mm', 'Tyre OSR': 'MICHELIN\t2.0mm', 'Spare Tyre': '\t'}}",2,2,,12/09/2026,,3,"54,271","Tyre NSF: MICHELIN	4.0mm, Tyre OSF: MICHELIN	Damaged, Tyre NSR: MICHELIN	2.0mm, Tyre OSR: MICHELIN	2.0mm, Spare Tyre: 	"
ebca,24,East Anglian Motor Auctions,Ford,YH68XNV,Ford,C-Max,EcoBoost 125 Titanium,154,MPV,Petrol,MANUAL,ECA,21/1/2026,11am,30/09/2018,2018,43387,Warranted,Here,17/07/2026,yes,Margin,,1,1.0,,https://www.ebca.co.uk/motorvehicleinspectionreport/standard/6808.pdf,"https://ebca-prod-data-s3-public.s3.eu-west-1.amazonaws.com/motorvehicle/6808/images/1768232381_Z3CteC.jpg, https://ebca-prod-data-s3-public.s3.eu-west-1.amazonaws.com/motorvehicle/6808/images/1768232387_87mHfL.jpg, https://ebca-prod-data-s3-public.s3.eu-west-1.amazonaws.com/motorvehicle/6808/images/1768232394_ItcTQ0.jpg, https://ebca-prod-data-s3-public.s3.eu-west-1.amazonaws.com/motorvehicle/6808/images/1768232412_lSFwNF.jpg, https://ebca-prod-data-s3-public.s3.eu-west-1.amazonaws.com/motorvehicle/6808/images/1768232424_lOqxZC.jpg, https://ebca-prod-data-s3-public.s3.eu-west-1.amazonaws.com/motorvehicle/6808/images/1768232441_dAK9S5.jpg, https://ebca-prod-data-s3-public.s3.eu-west-1.amazonaws.com/motorvehicle/6808/images/1768232204_VzqMJr.jpg, https://ebca-prod-data-s3-public.s3.eu-west-1.amazonaws.com/motorvehicle/6808/images/1768232215_hVAz3R.jpg, https://ebca-prod-data-s3-public.s3.eu-west-1.amazonaws.com/motorvehicle/6808/images/1768232221_aKvuDW.jpg, https://ebca-prod-data-s3-public.s3.eu-west-1.amazonaws.com/motorvehicle/6808/images/1768232365_TQP6HS.jpg, https://ebca-prod-data-s3-public.s3.eu-west-1.amazonaws.com/motorvehicle/6808/images/1768232400_Nzpkvq.jpg, https://ebca-prod-data-s3-public.s3.eu-west-1.amazonaws.com/motorvehicle/6808/images/1768232406_xgoI0P.jpg, https://ebca-prod-data-s3-public.s3.eu-west-1.amazonaws.com/motorvehicle/6808/images/1768232418_O6zyPK.jpg","https://ebca-prod-data-s3-public.s3.eu-west-1.amazonaws.com/motorvehicle/6808/images/1768232418_O6zyPK.jpg, https://ebca-prod-data-s3-public.s3.eu-west-1.amazonaws.com/motorvehicle/6808/images/1768232381_Z3CteC.jpg, https://ebca-prod-data-s3-public.s3.eu-west-1.amazonaws.com/motorvehicle/6808/images/1768232387_87mHfL.jpg",Bonnet Chipped Multiple Chips,"{'information': {'Keys': '2', 'Service history': 'yes', 'Service documents': 'Service Book', 'Number of stamps': '2', 'Last service date': '25/06/2024', 'Last service miles': '27,777', 'MOT Due': '17/07/2026', 'Former Keepers': '1', 'Body Style': 'MPV', 'Hubs': 'Alloy', 'BHP': '123', 'Gross Weight': '1900', 'Euro Status': '6', 'Euro': '6', 'CO2': '131', 'MPG Combined': '40.4', 'MPG Urban': '41.5', 'MPG Extra Urban': '54.3'}}",BLACK,2,"£4,550.00","£3,250.00","£3,900.00",,"{'Interior & Tyres': {}, 'Interior': {'Carpet condition': 'Average', 'Seat condition': 'Average', 'Upholstery condition': 'Average', 'Odour': 'No'}, 'Tyres': {'Tyre NSF': 'NEXEN\t5.0mm', 'Tyre OSF': 'NEXEN\t5.0mm', 'Tyre NSR': 'GOODYEAR\t5.0mm', 'Tyre OSR': 'CONTINENTAL\t5.0mm', 'Spare Tyre': '\t'}}",3,5,,17/07/2026,,2,"27,777","Tyre NSF: NEXEN	5.0mm, Tyre OSF: NEXEN	5.0mm, Tyre NSR: GOODYEAR	5.0mm, Tyre OSR: CONTINENTAL	5.0mm, Spare Tyre: 	"
ebca,24,East Anglian Motor Auctions,Mercedes-Benz,YJ68LRH,Mercedes-Benz,C Class,C220d AMG Line 9G-Tronic,39,Saloon,Diesel,AUTOMATIC,ECA,21/1/2026,11am,29/01/2019,2019,59105,Warranted,Here,01/02/2026,yes,Margin,,2,1.9,,https://www.ebca.co.uk/motorvehicledamageimage?key=StorageS3::privileged/motorvehicle/6460/1766409617_MRCSIW.pdf,"https://ebca-prod-data-s3-public.s3.eu-west-1.amazonaws.com/motorvehicle/6938/images/1768920247_ZJgP8N.jpg, https://ebca-prod-data-s3-public.s3.eu-west-1.amazonaws.com/motorvehicle/6938/images/1768920253_KOPGVj.jpg, https://ebca-prod-data-s3-public.s3.eu-west-1.amazonaws.com/motorvehicle/6938/images/1768920262_oGWWVV.jpg, https://ebca-prod-data-s3-public.s3.eu-west-1.amazonaws.com/motorvehicle/6938/images/1768920281_TWEJaU.jpg, https://ebca-prod-data-s3-public.s3.eu-west-1.amazonaws.com/motorvehicle/6938/images/1768920299_pxRpOd.jpg, https://ebca-prod-data-s3-public.s3.eu-west-1.amazonaws.com/motorvehicle/6938/images/1768920323_RC7vqY.jpg, https://ebca-prod-data-s3-public.s3.eu-west-1.amazonaws.com/motorvehicle/6938/images/1768920174_RO5F1B.jpg, https://ebca-prod-data-s3-public.s3.eu-west-1.amazonaws.com/motorvehicle/6938/images/1768920180_6JENv8.jpg, https://ebca-prod-data-s3-public.s3.eu-west-1.amazonaws.com/motorvehicle/6938/images/1768920185_CIl3uW.jpg, https://ebca-prod-data-s3-public.s3.eu-west-1.amazonaws.com/motorvehicle/6938/images/1768920190_gboAxU.jpg, https://ebca-prod-data-s3-public.s3.eu-west-1.amazonaws.com/motorvehicle/6938/images/1768920201_AOm3yh.jpg, https://ebca-prod-data-s3-public.s3.eu-west-1.amazonaws.com/motorvehicle/6938/images/1768920211_DM0nzz.jpg, https://ebca-prod-data-s3-public.s3.eu-west-1.amazonaws.com/motorvehicle/6938/images/1768920225_iLPRzr.jpg, https://ebca-prod-data-s3-public.s3.eu-west-1.amazonaws.com/motorvehicle/6938/images/1768920233_5I78wR.jpg, https://ebca-prod-data-s3-public.s3.eu-west-1.amazonaws.com/motorvehicle/6938/images/1768920268_glh4tq.jpg, https://ebca-prod-data-s3-public.s3.eu-west-1.amazonaws.com/motorvehicle/6938/images/1768920274_ulNrzA.jpg, https://ebca-prod-data-s3-public.s3.eu-west-1.amazonaws.com/motorvehicle/6938/images/1768920288_ThHW1P.jpg","https://ebca-prod-data-s3-public.s3.eu-west-1.amazonaws.com/motorvehicle/6938/images/1768920288_ThHW1P.jpg, https://ebca-prod-data-s3-public.s3.eu-west-1.amazonaws.com/motorvehicle/6938/images/1768920247_ZJgP8N.jpg, https://ebca-prod-data-s3-public.s3.eu-west-1.amazonaws.com/motorvehicle/6938/images/1768920253_KOPGVj.jpg",Bonnet Chipped 1 To 5,"{'information': {'Keys': '1', 'Service history': 'yes', 'Service documents': 'Printout', 'Number of stamps': '4', 'Last service date': '04/03/2025', 'Last service miles': '54,608', 'MOT Due': '01/02/2026', 'Former Keepers': '2', 'Body Style': 'Saloon', 'Hubs': 'Alloy', 'BHP': '191', 'Gross Weight': '2165', 'Euro Status': '6', 'Euro': '6', 'CO2': '117', 'MPG Combined': '64.2', 'MPG Urban': '53.3', 'MPG Extra Urban': '72.4'}}",BLUE,1,"£13,400.00","£11,200.00","£12,300.00",,"{'Interior & Tyres': {}, 'Interior': {'Carpet condition': 'Average', 'Seat condition': 'Average', 'Upholstery condition': 'Average', 'Odour': 'No'}, 'Tyres': {'Tyre NSF': 'MICHELIN\t5.0mm', 'Tyre OSF': 'MICHELIN\t5.0mm', 'Tyre NSR': 'PIRELLI\t6.0mm', 'Tyre OSR': 'PIRELLI\t6.0mm', 'Spare Tyre': '\t'}}",2,4,,01/02/2026,,4,"54,608","Tyre NSF: MICHELIN	5.0mm, Tyre OSF: MICHELIN	5.0mm, Tyre NSR: PIRELLI	6.0mm, Tyre OSR: PIRELLI	6.0mm, Spare Tyre: 	"
ebca,24,East Anglian Motor Auctions,Suzuki,YS17YJV,Suzuki,Swift,Boosterjet SZ5 Auto,127,Hatchback,Petrol,AUTOMATIC,ECA,21/1/2026,11am,16/06/2017,2017,86156,Warranted,Here,15/06/2026,yes,Margin,,1,1.0,,https://www.ebca.co.uk/motorvehicleinspectionreport/standard/6782.pdf,"https://ebca-prod-data-s3-public.s3.eu-west-1.amazonaws.com/motorvehicle/6782/images/1768223914_VuefFY.jpg, https://ebca-prod-data-s3-public.s3.eu-west-1.amazonaws.com/motorvehicle/6782/images/1768223919_Cu9A8v.jpg, https://ebca-prod-data-s3-public.s3.eu-west-1.amazonaws.com/motorvehicle/6782/images/1768223987_E1NdAh.jpg, https://ebca-prod-data-s3-public.s3.eu-west-1.amazonaws.com/motorvehicle/6782/images/1768224002_JHKBOq.jpg, https://ebca-prod-data-s3-public.s3.eu-west-1.amazonaws.com/motorvehicle/6782/images/1768224013_SkLHjE.jpg, https://ebca-prod-data-s3-public.s3.eu-west-1.amazonaws.com/motorvehicle/6782/images/1768224034_w9RODG.jpg, https://ebca-prod-data-s3-public.s3.eu-west-1.amazonaws.com/motorvehicle/6782/images/1768223991_3Jwo6G.jpg, https://ebca-prod-data-s3-public.s3.eu-west-1.amazonaws.com/motorvehicle/6782/images/1768223996_NSmGyy.jpg, https://ebca-prod-data-s3-public.s3.eu-west-1.amazonaws.com/motorvehicle/6782/images/1768224008_OTA41P.jpg, https://ebca-prod-data-s3-public.s3.eu-west-1.amazonaws.com/motorvehicle/6782/images/1768224044_9wtOnJ.jpg, https://ebca-prod-data-s3-public.s3.eu-west-1.amazonaws.com/motorvehicle/6782/images/1768224056_yoGgaH.jpg, https://ebca-prod-data-s3-public.s3.eu-west-1.amazonaws.com/motorvehicle/6782/images/1768224064_UQ6FD2.jpg, https://ebca-prod-data-s3-public.s3.eu-west-1.amazonaws.com/motorvehicle/6782/images/1768224082_NQEF41.jpg, https://ebca-prod-data-s3-public.s3.eu-west-1.amazonaws.com/motorvehicle/6782/images/1768224087_lKMtD2.jpg, https://ebca-prod-data-s3-public.s3.eu-west-1.amazonaws.com/motorvehicle/6782/images/1768224101_RHF34V.jpg","https://ebca-prod-data-s3-public.s3.eu-west-1.amazonaws.com/motorvehicle/6782/images/1768224101_RHF34V.jpg, https://ebca-prod-data-s3-public.s3.eu-west-1.amazonaws.com/motorvehicle/6782/images/1768223914_VuefFY.jpg, https://ebca-prod-data-s3-public.s3.eu-west-1.amazonaws.com/motorvehicle/6782/images/1768223919_Cu9A8v.jpg",Bonnet Scratched Over 25mm Thru Paint,"{'information': {'Keys': '2', 'Service history': 'yes', 'Service documents': 'Service Book', 'Number of stamps': '7', 'Last service date': '30/06/2025', 'Last service miles': '81,219', 'MOT Due': '15/06/2026', 'Former Keepers': '1', 'Body Style': 'Hatchback', 'Hubs': 'Alloy', 'BHP': '111', 'Gross Weight': '1380', 'Euro Status': '6', 'Euro': '6', 'CO2': '114', 'MPG Combined': '56.5', 'MPG Urban': '44.1', 'MPG Extra Urban': '65.7'}}",BLACK,2,"£5,050.00","£3,600.00","£4,325.00",,"{'Interior & Tyres': {}, 'Interior': {'Carpet condition': 'Average', 'Seat condition': 'Average', 'Upholstery condition': 'Average', 'Odour': 'No'}, 'Tyres': {'Tyre NSF': 'SUNNY\t5.0mm', 'Tyre OSF': 'SUNNY\t5.0mm', 'Tyre NSR': 'GRENLANDER\t5.0mm', 'Tyre OSR': 'BUDGET\t5.0mm', 'Spare Tyre': '\t'}}",4,5,,15/06/2026,,7,"81,219","Tyre NSF: SUNNY	5.0mm, Tyre OSF: SUNNY	5.0mm, Tyre NSR: GRENLANDER	5.0mm, Tyre OSR: BUDGET	5.0mm, Spare Tyre: 	"
ebca,24,East Anglian Motor Auctions,Volvo,YX68HVL,Volvo,XC40,D3 R DESIGN,149,Estate,Diesel,MANUAL,ECA,21/1/2026,11am,30/10/2018,2018,94437,Warranted,Here, ,yes,Margin,,1,2.0,,https://www.ebca.co.uk/motorvehicleinspectionreport/standard/1190.pdf,"https://ebca-prod-data-s3-public.s3.eu-west-1.amazonaws.com/motorvehicle/1190/images/1749026259_joDAl9.jpg, https://ebca-prod-data-s3-public.s3.eu-west-1.amazonaws.com/motorvehicle/1190/images/1749026265_UCZdkn.jpg, https://ebca-prod-data-s3-public.s3.eu-west-1.amazonaws.com/motorvehicle/1190/images/1749026273_NMsnWl.jpg, https://ebca-prod-data-s3-public.s3.eu-west-1.amazonaws.com/motorvehicle/1190/images/1749026293_NklB5K.jpg, https://ebca-prod-data-s3-public.s3.eu-west-1.amazonaws.com/motorvehicle/1190/images/1749026334_yQbuIX.jpg, https://ebca-prod-data-s3-public.s3.eu-west-1.amazonaws.com/motorvehicle/1190/images/1749026279_YHQgNf.jpg, https://ebca-prod-data-s3-public.s3.eu-west-1.amazonaws.com/motorvehicle/1190/images/1749026288_xF6TJe.jpg, https://ebca-prod-data-s3-public.s3.eu-west-1.amazonaws.com/motorvehicle/1190/images/1749026302_bT76Td.jpg, https://ebca-prod-data-s3-public.s3.eu-west-1.amazonaws.com/motorvehicle/1190/images/1749026365_2JUeaT.jpg, https://ebca-prod-data-s3-public.s3.eu-west-1.amazonaws.com/motorvehicle/1190/images/1749026372_FzqMXZ.jpg, https://ebca-prod-data-s3-public.s3.eu-west-1.amazonaws.com/motorvehicle/1190/images/1753462942_iYyb5N.jpg","https://ebca-prod-data-s3-public.s3.eu-west-1.amazonaws.com/motorvehicle/1190/images/1753462942_iYyb5N.jpg, https://ebca-prod-data-s3-public.s3.eu-west-1.amazonaws.com/motorvehicle/1190/images/1749026259_joDAl9.jpg, https://ebca-prod-data-s3-public.s3.eu-west-1.amazonaws.com/motorvehicle/1190/images/1749026265_UCZdkn.jpg",Carpets Front Torn Over 10mm,"{'information': {'Keys': '2', 'Service history': 'yes', 'Service documents': 'Service Book', 'Number of stamps': '2', 'Last service date': '17/02/2023', 'Last service miles': '67,335', 'MOT Due': 'Expired', 'Former Keepers': '1', 'Body Style': 'Estate', 'Hubs': 'Alloy', 'BHP': '148', 'Gross Weight': '2120', 'Euro Status': '6', 'Euro': '6', 'CO2': '127', 'MPG Combined': '47.9', 'MPG Urban': '51.4', 'MPG Extra Urban': '64.2'}}",BLUE,2,"£10,750.00","£8,450.00","£9,625.00",,"{'Interior & Tyres': {}, 'Interior': {'Carpet condition': 'Poor', 'Seat condition': 'Average', 'Upholstery condition': 'Average', 'Odour': 'No'}, 'Tyres': {'Tyre NSF': 'TOYO\t4.0mm', 'Tyre OSF': 'TOYO\t4.0mm', 'Tyre NSR': 'BUDGET\t5.0mm', 'Tyre OSR': 'BUDGET\t5.0mm', 'Spare Tyre': '\t'}}",3,5,, ,,2,"67,335","Tyre NSF: TOYO	4.0mm, Tyre OSF: TOYO	4.0mm, Tyre NSR: BUDGET	5.0mm, Tyre OSR: BUDGET	5.0mm, Spare Tyre: 	"
