Title,Auction Name,Sheet id,Auction House,Make,Model,Variant,Lot,Reg,Start Time,Start Date,D.O.R,Fuel Type,Former Keepers,Transmission,Colour,MOT Expiry Date,Keys,VAT Status,V5,CAP Clean,CAP Average,CAP Below,CC,Mileage,Mileage Warranted,MOT Due,Body Type,Additional information,General Condition,Tyres Condition,Inspection Report,Images,Damaged_images,Damage_details
Toyota,ebca,24,ProTruck,Toyota,Rav 4,2.0 D-4D XT4 5dr,316,AO04KJX,15:00,-,27/03/2004,Diesel,1,MANUAL,RED,28/03/2026,3,Margin,Here,£0.00,£0.00,£0.00,0.2,,Warranted,28/03/2026,Estate,"{'information': {'Keys': '3', 'Service history': 'yes', 'Service documents': 'Service Book', 'Number of stamps': '16', 'Last service date': '22/03/2023', 'Last service miles': '85,547', 'MOT Due': '28/03/2026', 'Former Keepers': '1', 'Body Style': 'Estate', 'Hubs': 'Alloy', 'BHP': '114', 'Gross Weight': '1930', 'Euro Status': '3', 'Euro': '3', 'CO2': '190', 'MPG Combined': '39.8', 'MPG Urban': '31.7', 'MPG Extra Urban': '46.3'}}","{
    ""Interior"": {
        ""Registration"": ""AO04KJX"",
        ""Registered"": ""27/03/2004"",
        ""Miles"": ""93,497 Miles"",
        ""Miles Warranted"": ""Warranted"",
        ""Former Keepers"": ""1"",
        ""Fuel"": ""Diesel"",
        ""Transmission"": ""MANUAL"",
        ""Colour"": ""RED"",
        ""VAT"": ""Margin"",
        ""MOT"": ""28/03/2026"",
        ""V5"": ""Here"",
        ""Keys"": ""3"",
        ""CC"": ""1995"",
        ""Service history"": ""Yes"",
        ""Service documents"": ""Service Book"",
        ""Number of stamps"": ""16"",
        ""Last service date"": ""22/03/2023"",
        ""Last service miles"": ""85,547"",
        ""Vendor"": ""St Leonards Motor Group"",
        ""CAP Clean"": ""\u00a30.00"",
        ""CAP Average"": ""\u00a30.00"",
        ""CAP Below"": ""\u00a30.00""
    }
}",,https://www.protruckauctions.co.uk/motorvehicleinspectionreport/standard/6735.pdf,,,
Ford,ebca,24,ProTruck,Ford,Focus,1.6 TDCi 115 Zetec S 5dr,317,AU64WOR,15:00,-,30/09/2014,Diesel,2,MANUAL,BLUE,11/10/2026,2,Margin,Here,"£1,925.00","£1,500.00","£1,050.00",0.2,,Warranted,11/10/2026,Hatchback,"{'information': {'Keys': '2', 'Service history': 'yes', 'Service documents': 'Service Book', 'Number of stamps': '5', 'Last service date': '05/02/2025', 'MOT Due': '11/10/2026', 'Former Keepers': '2', 'Body Style': 'Hatchback', 'Hubs': 'Alloy', 'BHP': '113', 'Gross Weight': '1900', 'Euro Status': '5', 'Euro': '5', 'CO2': '109', 'MPG Combined': '67.3', 'MPG Urban': '55.4', 'MPG Extra Urban': '76.4'}}","{
    ""Interior"": {
        ""Registration"": ""AU64WOR"",
        ""Registered"": ""30/09/2014"",
        ""Miles"": ""116,953 Miles"",
        ""Miles Warranted"": ""Warranted"",
        ""Former Keepers"": ""2"",
        ""Fuel"": ""Diesel"",
        ""Transmission"": ""MANUAL"",
        ""Colour"": ""BLUE"",
        ""VAT"": ""Margin"",
        ""MOT"": ""11/10/2026"",
        ""V5"": ""Here"",
        ""Keys"": ""2"",
        ""CC"": ""1560"",
        ""Service history"": ""Yes"",
        ""Service documents"": ""Service Book"",
        ""Number of stamps"": ""5"",
        ""Last service date"": ""05/02/2025"",
        ""Vendor"": ""St Leonards Motor Group"",
        ""CAP Clean"": ""\u00a31,925.00"",
        ""CAP Average"": ""\u00a31,500.00"",
        ""CAP Below"": ""\u00a31,050.00""
    }
}",,https://www.protruckauctions.co.uk/motorvehicleinspectionreport/standard/6737.pdf,,,
Mazda,ebca,24,ProTruck,Mazda,MX-5,2.0i [Option Pack] 2dr,290,BF07CJZ,15:00,-,01/03/2007,Petrol,3,MANUAL,GREY,21/08/2026,2,Margin,Here,"£1,625.00","£1,225.00",£825.00,0.2,,Warranted,21/08/2026,Convertible,"{'information': {'Keys': '2', 'Service history': 'yes', 'Service documents': 'Printout', 'Number of stamps': '5', 'Last service date': '23/08/2017', 'MOT Due': '21/08/2026', 'Former Keepers': '3', 'Body Style': 'Convertible', 'Hubs': 'Alloy', 'BHP': '160', 'Gross Weight': '1355', 'Euro Status': '4', 'Euro': '4', 'CO2': '183', 'MPG Combined': '36.7', 'MPG Urban': '26.7', 'MPG Extra Urban': '47.1'}}","{
    ""Interior"": {
        ""Registration"": ""BF07CJZ"",
        ""Registered"": ""01/03/2007"",
        ""Miles"": ""54,028 Miles"",
        ""Miles Warranted"": ""Warranted"",
        ""Former Keepers"": ""3"",
        ""Fuel"": ""Petrol"",
        ""Transmission"": ""MANUAL"",
        ""Colour"": ""GREY"",
        ""VAT"": ""Margin"",
        ""MOT"": ""21/08/2026"",
        ""V5"": ""Here"",
        ""Keys"": ""2"",
        ""CC"": ""1999"",
        ""Service history"": ""Yes"",
        ""Service documents"": ""Printout"",
        ""Number of stamps"": ""5"",
        ""Last service date"": ""23/08/2017"",
        ""Vendor"": ""Yeomans Group"",
        ""CAP Clean"": ""\u00a31,625.00"",
        ""CAP Average"": ""\u00a31,225.00"",
        ""CAP Below"": ""\u00a3825.00""
    }
}",,https://www.protruckauctions.co.uk/motorvehicleinspectionreport/standard/6539.pdf,,,
Peugeot,ebca,24,ProTruck,Peugeot,2008,1.2 VTi Allure 5dr,263,BG15MLN,15:00,-,29/04/2015,Petrol,3,MANUAL,RED,26/02/2026,2,Margin,Here,"£1,675.00","£1,275.00",£900.00,0.1,,Warranted,26/02/2026,Hatchback,"{'information': {'Keys': '2', 'Service history': 'yes', 'Service documents': 'Service Book', 'Number of stamps': '10', 'Last service date': '20/02/2025', 'Last service miles': '75,592', 'MOT Due': '26/02/2026', 'Former Keepers': '3', 'Body Style': 'Hatchback', 'Hubs': 'Alloy', 'BHP': '82', 'Gross Weight': '1582', 'Euro Status': '5', 'Euro': '5', 'CO2': '114', 'MPG Combined': '57.7', 'MPG Urban': '47.1', 'MPG Extra Urban': '65.7'}}","{
    ""Interior"": {
        ""Registration"": ""BG15MLN"",
        ""Registered"": ""29/04/2015"",
        ""Miles"": ""84,345 Miles"",
        ""Miles Warranted"": ""Warranted"",
        ""Former Keepers"": ""3"",
        ""Fuel"": ""Petrol"",
        ""Transmission"": ""MANUAL"",
        ""Colour"": ""RED"",
        ""VAT"": ""Margin"",
        ""MOT"": ""26/02/2026"",
        ""V5"": ""Here"",
        ""Keys"": ""2"",
        ""CC"": ""1200"",
        ""Service history"": ""Yes"",
        ""Service documents"": ""Service Book"",
        ""Number of stamps"": ""10"",
        ""Last service date"": ""20/02/2025"",
        ""Last service miles"": ""75,592"",
        ""Vendor"": ""St Leonards Motor Group"",
        ""CAP Clean"": ""\u00a31,675.00"",
        ""CAP Average"": ""\u00a31,275.00"",
        ""CAP Below"": ""\u00a3900.00""
    }
}",,https://www.protruckauctions.co.uk/motorvehicleinspectionreport/standard/6701.pdf,,,
Ford,ebca,24,ProTruck,Ford,Mondeo,1.5 EcoBoost 165 Zetec Edition 5dr,395,BG19KFD,15:00,-,08/03/2019,Petrol,1,MANUAL,BLACK,31/01/2026,2,Margin,Here,"£3,100.00","£2,600.00","£2,125.00",0.1,,Warranted,31/01/2026,Hatchback,"{'information': {'Keys': '2', 'Service history': 'yes', 'Service documents': 'Service Book', 'Number of stamps': '6', 'Last service date': '03/12/2024', 'Last service miles': '125,862', 'MOT Due': '31/01/2026', 'Former Keepers': '1', 'Body Style': 'Hatchback', 'Hubs': 'Alloy', 'BHP': '162', 'Euro Status': '6', 'Euro': '6', 'CO2': '150', 'MPG Combined': '36.7', 'MPG Urban': '34', 'MPG Extra Urban': '50.4'}}","{
    ""Interior"": {
        ""Registration"": ""BG19KFD"",
        ""Registered"": ""08/03/2019"",
        ""Miles"": ""143,694 Miles"",
        ""Miles Warranted"": ""Warranted"",
        ""Former Keepers"": ""1"",
        ""Fuel"": ""Petrol"",
        ""Transmission"": ""MANUAL"",
        ""Colour"": ""BLACK"",
        ""VAT"": ""Margin"",
        ""MOT"": ""31/01/2026"",
        ""V5"": ""Here"",
        ""Keys"": ""2"",
        ""CC"": ""1498"",
        ""Service history"": ""Yes"",
        ""Service documents"": ""Service Book"",
        ""Number of stamps"": ""6"",
        ""Last service date"": ""03/12/2024"",
        ""Last service miles"": ""125,862"",
        ""Vendor"": ""Caffyns Group"",
        ""CAP Clean"": ""\u00a33,100.00"",
        ""CAP Average"": ""\u00a32,600.00"",
        ""CAP Below"": ""\u00a32,125.00""
    }
}",,https://www.protruckauctions.co.uk/motorvehicleinspectionreport/standard/6261.pdf,,,
Volkswagen,ebca,24,ProTruck,Volkswagen,Polo,1.4 Match Edition 5dr,334,BG63VRY,15:00,-,16/11/2013,Petrol,2,MANUAL,BROWN, ,1,Margin,Here,"£3,800.00","£3,275.00","£2,750.00",0.1,,Warranted, ,Hatchback,"{'information': {'Keys': '1', 'Service history': 'yes', 'Service documents': 'Printout', 'Number of stamps': '3', 'Last service date': '07/12/2023', 'Last service miles': '55,357', 'MOT Due': 'Expired', 'Former Keepers': '2', 'Body Style': 'Hatchback', 'Hubs': 'Alloy', 'BHP': '83', 'Gross Weight': '1550', 'Euro Status': '5', 'Euro': '5', 'CO2': '139', 'MPG Combined': '47.9', 'MPG Urban': '35.3', 'MPG Extra Urban': '60.1'}}","{
    ""Interior"": {
        ""Registration"": ""BG63VRY"",
        ""Registered"": ""16/11/2013"",
        ""Miles"": ""70,429 Miles"",
        ""Miles Warranted"": ""Warranted"",
        ""Former Keepers"": ""2"",
        ""Fuel"": ""Petrol"",
        ""Transmission"": ""MANUAL"",
        ""Colour"": ""BROWN"",
        ""VAT"": ""Margin"",
        ""MOT"": ""Expired"",
        ""V5"": ""Here"",
        ""Keys"": ""1"",
        ""CC"": ""1390"",
        ""Service history"": ""Yes"",
        ""Service documents"": ""Printout"",
        ""Number of stamps"": ""3"",
        ""Last service date"": ""07/12/2023"",
        ""Last service miles"": ""55,357"",
        ""Vendor"": ""Caffyns Group"",
        ""CAP Clean"": ""\u00a33,800.00"",
        ""CAP Average"": ""\u00a33,275.00"",
        ""CAP Below"": ""\u00a32,750.00""
    }
}",,https://www.protruckauctions.co.uk/motorvehicleinspectionreport/standard/6883.pdf,,,
Renault,ebca,24,ProTruck,Renault,Scenic,1.5 dCi Dynamique TomTom Energy 5dr [Start Stop],258,BJ62ZFB,15:00,-,10/01/2013,Diesel,1,MANUAL,SILVER,10/01/2027,2,Margin,Here,"£1,500.00","£1,100.00",£700.00,0.1,,Warranted,10/01/2027,MPV,"{'information': {'Keys': '2', 'Service history': 'yes', 'Service documents': 'Service Book', 'Number of stamps': '8', 'Last service date': '20/03/2025', 'Last service miles': '58,673', 'MOT Due': '10/01/2027', 'Former Keepers': '1', 'Body Style': 'MPV', 'Hubs': 'Alloy', 'BHP': '110', 'Gross Weight': '1967', 'Euro Status': '5', 'Euro': '5', 'CO2': '105', 'MPG Combined': '68.9', 'MPG Urban': '62.8', 'MPG Extra Urban': '72.4'}}","{
    ""Interior"": {
        ""Registration"": ""BJ62ZFB"",
        ""Registered"": ""10/01/2013"",
        ""Miles"": ""61,281 Miles"",
        ""Miles Warranted"": ""Warranted"",
        ""Former Keepers"": ""1"",
        ""Fuel"": ""Diesel"",
        ""Transmission"": ""MANUAL"",
        ""Colour"": ""SILVER"",
        ""VAT"": ""Margin"",
        ""MOT"": ""10/01/2027"",
        ""V5"": ""Here"",
        ""Keys"": ""2"",
        ""CC"": ""1461"",
        ""Service history"": ""Yes"",
        ""Service documents"": ""Service Book"",
        ""Number of stamps"": ""8"",
        ""Last service date"": ""20/03/2025"",
        ""Last service miles"": ""58,673"",
        ""Vendor"": ""St Leonards Motor Group"",
        ""CAP Clean"": ""\u00a31,500.00"",
        ""CAP Average"": ""\u00a31,100.00"",
        ""CAP Below"": ""\u00a3700.00""
    }
}",,https://www.protruckauctions.co.uk/motorvehicleinspectionreport/standard/6800.pdf,,,
Nissan,ebca,24,ProTruck,Nissan,Juke,1.6 Tekna 5dr,280,BJ63WKV,15:00,-,31/10/2013,Petrol,1,MANUAL,WHITE,11/12/2026,2,Margin,Here,"£1,600.00","£1,200.00",£825.00,0.2,,Warranted,11/12/2026,Hatchback,"{'information': {'Keys': '2', 'Service history': 'yes', 'Service documents': 'Service Book', 'Number of stamps': '11', 'Last service date': '29/11/2024', 'Last service miles': '104,529', 'MOT Due': '11/12/2026', 'Former Keepers': '1', 'Body Style': 'Hatchback', 'Hubs': 'Alloy', 'BHP': '117', 'Gross Weight': '1645', 'Euro Status': '5', 'Euro': '5', 'CO2': '139', 'MPG Combined': '47.1', 'MPG Urban': '36.7', 'MPG Extra Urban': '55.4'}}","{
    ""Interior"": {
        ""Registration"": ""BJ63WKV"",
        ""Registered"": ""31/10/2013"",
        ""Miles"": ""117,114 Miles"",
        ""Miles Warranted"": ""Warranted"",
        ""Former Keepers"": ""1"",
        ""Fuel"": ""Petrol"",
        ""Transmission"": ""MANUAL"",
        ""Colour"": ""WHITE"",
        ""VAT"": ""Margin"",
        ""MOT"": ""11/12/2026"",
        ""V5"": ""Here"",
        ""Keys"": ""2"",
        ""CC"": ""1598"",
        ""Service history"": ""Yes"",
        ""Service documents"": ""Service Book"",
        ""Number of stamps"": ""11"",
        ""Last service date"": ""29/11/2024"",
        ""Last service miles"": ""104,529"",
        ""Vendor"": ""St Leonards Motor Group"",
        ""CAP Clean"": ""\u00a31,600.00"",
        ""CAP Average"": ""\u00a31,200.00"",
        ""CAP Below"": ""\u00a3825.00""
    }
}",,https://www.protruckauctions.co.uk/motorvehicleinspectionreport/standard/6727.pdf,,,
Fiat,ebca,24,ProTruck,Fiat,500,1.2 Colour Therapy 3dr,265,BL64CGV,15:00,-,19/12/2014,Petrol,2,MANUAL,BEIGE,06/10/2026,2,Margin,Here,"£2,350.00","£1,900.00","£1,450.00",0.1,,Warranted,06/10/2026,Hatchback,"{'information': {'Keys': '2', 'Service history': 'yes', 'Service documents': 'Service Book', 'Number of stamps': '8', 'Last service date': '29/09/2025', 'Last service miles': '43,073', 'MOT Due': '06/10/2026', 'Former Keepers': '2', 'Body Style': 'Hatchback', 'Hubs': 'Steel', 'BHP': '69', 'Gross Weight': '1350', 'Euro Status': '6', 'Euro': '6', 'CO2': '113', 'MPG Combined': '58.9', 'MPG Urban': '49.6', 'MPG Extra Urban': '65.7'}}","{
    ""Interior"": {
        ""Registration"": ""BL64CGV"",
        ""Registered"": ""19/12/2014"",
        ""Miles"": ""43,961 Miles"",
        ""Miles Warranted"": ""Warranted"",
        ""Former Keepers"": ""2"",
        ""Fuel"": ""Petrol"",
        ""Transmission"": ""MANUAL"",
        ""Colour"": ""BEIGE"",
        ""VAT"": ""Margin"",
        ""MOT"": ""06/10/2026"",
        ""V5"": ""Here"",
        ""Keys"": ""2"",
        ""CC"": ""1242"",
        ""Service history"": ""Yes"",
        ""Service documents"": ""Service Book"",
        ""Number of stamps"": ""8"",
        ""Last service date"": ""29/09/2025"",
        ""Last service miles"": ""43,073"",
        ""Vendor"": ""Caffyns Group"",
        ""CAP Clean"": ""\u00a32,350.00"",
        ""CAP Average"": ""\u00a31,900.00"",
        ""CAP Below"": ""\u00a31,450.00""
    }
}",,https://www.protruckauctions.co.uk/motorvehicleinspectionreport/standard/6792.pdf,,,
Ford,ebca,24,ProTruck,Ford,S-Max,1.6 TDCi Zetec 5dr [Start Stop],400,BN64EBM,15:00,-,30/09/2014,Diesel,2,MANUAL,BLUE,24/11/2026,2,Margin,Here,"£1,625.00","£1,250.00",£850.00,0.2,,Warranted,24/11/2026,MPV,"{'information': {'Keys': '2', 'Service history': 'yes', 'Service documents': 'Service Book', 'Number of stamps': '2', 'Last service date': '21/11/2025', 'Last service miles': '119,123', 'MOT Due': '24/11/2026', 'Former Keepers': '2', 'Body Style': 'MPV', 'Hubs': 'Alloy', 'BHP': '115', 'Gross Weight': '2505', 'Euro Status': '5', 'Euro': '5', 'CO2': '139', 'MPG Combined': '54.3', 'MPG Urban': '47.9', 'MPG Extra Urban': '57.7'}}","{
    ""Interior"": {
        ""Registration"": ""BN64EBM"",
        ""Registered"": ""30/09/2014"",
        ""Miles"": ""120,472 Miles"",
        ""Miles Warranted"": ""Warranted"",
        ""Former Keepers"": ""2"",
        ""Fuel"": ""Diesel"",
        ""Transmission"": ""MANUAL"",
        ""Colour"": ""BLUE"",
        ""VAT"": ""Margin"",
        ""MOT"": ""24/11/2026"",
        ""V5"": ""Here"",
        ""Keys"": ""2"",
        ""CC"": ""1560"",
        ""Service history"": ""Yes"",
        ""Service documents"": ""Service Book"",
        ""Number of stamps"": ""2"",
        ""Last service date"": ""21/11/2025"",
        ""Last service miles"": ""119,123"",
        ""Vendor"": ""Birchwood Group"",
        ""CAP Clean"": ""\u00a31,625.00"",
        ""CAP Average"": ""\u00a31,250.00"",
        ""CAP Below"": ""\u00a3850.00""
    }
}",,https://www.protruckauctions.co.uk/motorvehicleinspectionreport/standard/6589.pdf,,,
Ford,ebca,24,ProTruck,Ford,Transit,2.0 TDCi 130ps H3 Van,318,CP67NKG,15:00,-,13/02/2018,Diesel,1,MANUAL,WHITE,27/05/2026,,Margin,Here,"£4,425.00","£3,750.00","£2,850.00",0.2,,Warranted,27/05/2026,Panel Van,"{'information': {'Service history': 'yes', 'Service documents': 'Printout', 'Number of stamps': '1', 'Last service date': '18/05/2022', 'Last service miles': '57,777', 'MOT Due': '27/05/2026', 'Former Keepers': '1', 'Body Style': 'Panel Van', 'Hubs': 'Steel', 'BHP': '129', 'Gross Weight': '3500', 'Euro Status': '6', 'Euro': '6', 'CO2': '202', 'MPG Combined': '38.2', 'MPG Urban': '32.8', 'MPG Extra Urban': '42.8'}}","{
    ""Interior"": {
        ""Registration"": ""CP67NKG"",
        ""Registered"": ""13/02/2018"",
        ""Miles"": ""130,403 Miles"",
        ""Miles Warranted"": ""Warranted"",
        ""Former Keepers"": ""1"",
        ""Fuel"": ""Diesel"",
        ""Transmission"": ""MANUAL"",
        ""Colour"": ""WHITE"",
        ""VAT"": ""Margin"",
        ""MOT"": ""27/05/2026"",
        ""V5"": ""Here"",
        ""Keys"": """",
        ""CC"": ""1995"",
        ""Service history"": ""Yes"",
        ""Service documents"": ""Printout"",
        ""Number of stamps"": ""1"",
        ""Last service date"": ""18/05/2022"",
        ""Last service miles"": ""57,777"",
        ""Vendor"": ""Birchwood Group"",
        ""CAP Clean"": ""\u00a34,425.00"",
        ""CAP Average"": ""\u00a33,750.00"",
        ""CAP Below"": ""\u00a32,850.00""
    }
}",,https://www.protruckauctions.co.uk/motorvehicleinspectionreport/standard/6766.pdf,,,
Audi,ebca,24,ProTruck,Audi,A3,2.0 TDI 170 Quattro Black Edition 5dr [Start Stop],337,DE61UWL,15:00,-,08/12/2011,Diesel,3,MANUAL,BLACK,08/10/2026,1,Margin,Here,"£2,375.00","£1,925.00","£1,475.00",0.2,,Warranted,08/10/2026,Hatchback,"{'information': {'Keys': '1', 'Service history': 'yes', 'Service documents': 'Service Book', 'Number of stamps': '7', 'Last service date': '01/10/2019', 'Last service miles': '92,965', 'MOT Due': '08/10/2026', 'Former Keepers': '3', 'Body Style': 'Hatchback', 'Hubs': 'Alloy', 'BHP': '168', 'Gross Weight': '2025', 'Euro Status': '5', 'Euro': '5', 'CO2': '135', 'MPG Combined': '54.3', 'MPG Urban': '46.3', 'MPG Extra Urban': '61.4'}}","{
    ""Interior"": {
        ""Registration"": ""DE61UWL"",
        ""Registered"": ""08/12/2011"",
        ""Miles"": ""127,120 Miles"",
        ""Miles Warranted"": ""Warranted"",
        ""Former Keepers"": ""3"",
        ""Fuel"": ""Diesel"",
        ""Transmission"": ""MANUAL"",
        ""Colour"": ""BLACK"",
        ""VAT"": ""Margin"",
        ""MOT"": ""08/10/2026"",
        ""V5"": ""Here"",
        ""Keys"": ""1"",
        ""CC"": ""1968"",
        ""Service history"": ""Yes"",
        ""Service documents"": ""Service Book"",
        ""Number of stamps"": ""7"",
        ""Last service date"": ""01/10/2019"",
        ""Last service miles"": ""92,965"",
        ""Vendor"": ""Caffyns Group"",
        ""CAP Clean"": ""\u00a32,375.00"",
        ""CAP Average"": ""\u00a31,925.00"",
        ""CAP Below"": ""\u00a31,475.00""
    }
}",,https://www.protruckauctions.co.uk/motorvehicleinspectionreport/standard/6886.pdf,,,
Toyota,ebca,24,ProTruck,Toyota,Auris,1.6 VVTi T3 5dr MM,296,DG09OFY,15:00,-,29/03/2009,Petrol,7,SEMI AUTO,SILVER,07/01/2027,1,Margin,Here,"£1,325.00",£910.00,£525.00,0.2,,Warranted,07/01/2027,Hatchback,"{'information': {'Keys': '1', 'Service history': 'yes', 'Service documents': 'Printout', 'Number of stamps': '2', 'Last service date': '15/06/2011', 'Last service miles': '4,688', 'MOT Due': '07/01/2027', 'Former Keepers': '7', 'Body Style': 'Hatchback', 'Hubs': 'Alloy', 'BHP': '122', 'Gross Weight': '1750', 'Euro Status': '4', 'Euro': '4', 'CO2': '161', 'MPG Combined': '40.9', 'MPG Urban': '33.2', 'MPG Extra Urban': '47.9'}}","{
    ""Interior"": {
        ""Registration"": ""DG09OFY"",
        ""Registered"": ""29/03/2009"",
        ""Miles"": ""129,936 Miles"",
        ""Miles Warranted"": ""Warranted"",
        ""Former Keepers"": ""7"",
        ""Fuel"": ""Petrol"",
        ""Transmission"": ""SEMI AUTO"",
        ""Colour"": ""SILVER"",
        ""VAT"": ""Margin"",
        ""MOT"": ""07/01/2027"",
        ""V5"": ""Here"",
        ""Keys"": ""1"",
        ""CC"": ""1598"",
        ""Service history"": ""Yes"",
        ""Service documents"": ""Printout"",
        ""Number of stamps"": ""2"",
        ""Last service date"": ""15/06/2011"",
        ""Last service miles"": ""4,688"",
        ""Vendor"": ""St Leonards Motor Group"",
        ""CAP Clean"": ""\u00a31,325.00"",
        ""CAP Average"": ""\u00a3910.00"",
        ""CAP Below"": ""\u00a3525.00""
    }
}",,https://www.protruckauctions.co.uk/motorvehicleinspectionreport/standard/6770.pdf,,,
Vauxhall,ebca,24,ProTruck,Vauxhall,Corsa,1.2i 16V [85] SXi 3dr [AC],313,DS60WEC,15:00,-,27/01/2011,Petrol,3,MANUAL,SILVER,05/06/2026,2,Margin,Here,£390.00,£150.00,£150.00,0.1,,Warranted,05/06/2026,Hatchback,"{'information': {'Keys': '2', 'Service history': 'none', 'MOT Due': '05/06/2026', 'Former Keepers': '3', 'Body Style': 'Hatchback', 'Hubs': 'Alloy', 'BHP': '83', 'Gross Weight': '1575', 'Euro Status': '5', 'Euro': '5', 'CO2': '124', 'MPG Combined': '53.3', 'MPG Urban': '40.9', 'MPG Extra Urban': '64.2'}}","{
    ""Interior"": {
        ""Registration"": ""DS60WEC"",
        ""Registered"": ""27/01/2011"",
        ""Miles"": ""97,973 Miles"",
        ""Miles Warranted"": ""Warranted"",
        ""Former Keepers"": ""3"",
        ""Fuel"": ""Petrol"",
        ""Transmission"": ""MANUAL"",
        ""Colour"": ""SILVER"",
        ""VAT"": ""Margin"",
        ""MOT"": ""05/06/2026"",
        ""V5"": ""Here"",
        ""Keys"": ""2"",
        ""CC"": ""1229"",
        ""Service history"": ""None"",
        ""Vendor"": ""Yeomans Group"",
        ""CAP Clean"": ""\u00a3390.00"",
        ""CAP Average"": ""\u00a3150.00"",
        ""CAP Below"": ""\u00a3150.00""
    }
}",,https://www.protruckauctions.co.uk/motorvehicleinspectionreport/standard/6544.pdf,,,
Fiat,ebca,24,ProTruck,Fiat,Punto,1.2 Easy 5dr [Start Stop],253,DU63XYN,15:00,-,01/09/2013,Petrol,3,MANUAL,BLACK,22/08/2026,1,Margin,TBC,£940.00,£540.00,£225.00,0.1,,Warranted,22/08/2026,Hatchback,"{'information': {'Keys': '1', 'Service history': 'yes', 'Service documents': 'Service Book', 'Number of stamps': '5', 'Last service date': '04/12/2023', 'Last service miles': '65,625', 'MOT Due': '22/08/2026', 'Former Keepers': '3', 'Body Style': 'Hatchback', 'Hubs': 'Alloy', 'BHP': '69', 'Gross Weight': '1590', 'Euro Status': '5', 'Euro': '5', 'CO2': '123', 'MPG Combined': '54.3', 'MPG Urban': '42.2', 'MPG Extra Urban': '64.2'}}","{
    ""Interior"": {
        ""Registration"": ""DU63XYN"",
        ""Registered"": ""01/09/2013"",
        ""Miles"": ""86,748 Miles"",
        ""Miles Warranted"": ""Warranted"",
        ""Former Keepers"": ""3"",
        ""Fuel"": ""Petrol"",
        ""Transmission"": ""MANUAL"",
        ""Colour"": ""BLACK"",
        ""VAT"": ""Margin"",
        ""MOT"": ""22/08/2026"",
        ""V5"": ""TBC"",
        ""Keys"": ""1"",
        ""CC"": ""1242"",
        ""Service history"": ""Yes"",
        ""Service documents"": ""Service Book"",
        ""Number of stamps"": ""5"",
        ""Last service date"": ""04/12/2023"",
        ""Last service miles"": ""65,625"",
        ""Vendor"": ""SMC Motor Group"",
        ""CAP Clean"": ""\u00a3940.00"",
        ""CAP Average"": ""\u00a3540.00"",
        ""CAP Below"": ""\u00a3225.00""
    }
}",,https://www.protruckauctions.co.uk/motorvehicleinspectionreport/standard/6555.pdf,,,
Vauxhall,ebca,24,ProTruck,Vauxhall,Corsa,1.2i 16V Club 3dr [AC],251,DV58KXJ,15:00,-,27/11/2008,Petrol,3,MANUAL,SILVER,20/02/2026,1,Margin,Here,£310.00,£150.00,£150.00,0.1,,Warranted,20/02/2026,Hatchback,"{'information': {'Keys': '1', 'Service history': 'yes', 'Service documents': 'Service Book', 'Number of stamps': '5', 'Last service date': '24/12/2024', 'Last service miles': '75,875', 'MOT Due': '20/02/2026', 'Former Keepers': '3', 'Body Style': 'Hatchback', 'Hubs': 'Steel', 'BHP': '80', 'Gross Weight': '1575', 'Euro Status': '4', 'Euro': '4', 'CO2': '139', 'MPG Combined': '48.7', 'MPG Urban': '36.7', 'MPG Extra Urban': '60.1'}}","{
    ""Interior"": {
        ""Registration"": ""DV58KXJ"",
        ""Registered"": ""27/11/2008"",
        ""Miles"": ""92,495 Miles"",
        ""Miles Warranted"": ""Warranted"",
        ""Former Keepers"": ""3"",
        ""Fuel"": ""Petrol"",
        ""Transmission"": ""MANUAL"",
        ""Colour"": ""SILVER"",
        ""VAT"": ""Margin"",
        ""MOT"": ""20/02/2026"",
        ""V5"": ""Here"",
        ""Keys"": ""1"",
        ""CC"": ""1229"",
        ""Service history"": ""Yes"",
        ""Service documents"": ""Service Book"",
        ""Number of stamps"": ""5"",
        ""Last service date"": ""24/12/2024"",
        ""Last service miles"": ""75,875"",
        ""Vendor"": ""Caffyns Group"",
        ""CAP Clean"": ""\u00a3310.00"",
        ""CAP Average"": ""\u00a3150.00"",
        ""CAP Below"": ""\u00a3150.00""
    }
}",,https://www.protruckauctions.co.uk/motorvehicleinspectionreport/standard/6856.pdf,,,
Fiat,ebca,24,ProTruck,Fiat,500x,1.4 Multiair Cross 5dr,309,EF15JVH,15:00,-,30/06/2015,Petrol,2,MANUAL,WHITE,17/10/2026,1,Margin,Buyer To Apply,"£2,200.00","£1,750.00","£1,300.00",0.1,,Warranted,17/10/2026,Hatchback,"{'information': {'Keys': '1', 'Service history': 'yes', 'Service documents': 'Service Book', 'Number of stamps': '2', 'Last service date': '29/01/2020', 'Last service miles': '40,692', 'MOT Due': '17/10/2026', 'Former Keepers': '2', 'Body Style': 'Hatchback', 'Hubs': 'Alloy', 'BHP': '140', 'Euro Status': '6', 'Euro': '6', 'CO2': '139', 'MPG Combined': '47.1', 'MPG Urban': '36.2', 'MPG Extra Urban': '56.5'}}","{
    ""Interior"": {
        ""Registration"": ""EF15JVH"",
        ""Registered"": ""30/06/2015"",
        ""Miles"": ""121,810 Miles"",
        ""Miles Warranted"": ""Warranted"",
        ""Former Keepers"": ""2"",
        ""Fuel"": ""Petrol"",
        ""Transmission"": ""MANUAL"",
        ""Colour"": ""WHITE"",
        ""VAT"": ""Margin"",
        ""MOT"": ""17/10/2026"",
        ""V5"": ""Buyer To Apply"",
        ""Keys"": ""1"",
        ""CC"": ""1368"",
        ""Service history"": ""Yes"",
        ""Service documents"": ""Service Book"",
        ""Number of stamps"": ""2"",
        ""Last service date"": ""29/01/2020"",
        ""Last service miles"": ""40,692"",
        ""Vendor"": ""Caffyns Group"",
        ""CAP Clean"": ""\u00a32,200.00"",
        ""CAP Average"": ""\u00a31,750.00"",
        ""CAP Below"": ""\u00a31,300.00""
    }
}",,https://www.protruckauctions.co.uk/motorvehicleinspectionreport/standard/6751.pdf,,,
Renault,ebca,24,ProTruck,Renault,Clio,1.2 16V Dynamique TomTom 5dr,406,EJ12OTC,15:00,-,28/05/2012,Petrol,3,MANUAL,SILVER,28/01/2026,1,Margin,Buyer To Apply,£670.00,£290.00,£150.00,0.1,,Warranted,28/01/2026,Hatchback,"{'information': {'Keys': '1', 'Service history': 'yes', 'Service documents': 'Service Book', 'Number of stamps': '6', 'Last service date': '06/04/2024', 'Last service miles': '83,826', 'MOT Due': '28/01/2026', 'Former Keepers': '3', 'Body Style': 'Hatchback', 'Hubs': 'Alloy', 'BHP': '75', 'Gross Weight': '1580', 'Euro Status': '5', 'Euro': '5', 'CO2': '135', 'MPG Combined': '48.7', 'MPG Urban': '37.2', 'MPG Extra Urban': '57.7'}}","{
    ""Interior"": {
        ""Registration"": ""EJ12OTC"",
        ""Registered"": ""28/05/2012"",
        ""Miles"": ""88,893 Miles"",
        ""Miles Warranted"": ""Warranted"",
        ""Former Keepers"": ""3"",
        ""Fuel"": ""Petrol"",
        ""Transmission"": ""MANUAL"",
        ""Colour"": ""SILVER"",
        ""VAT"": ""Margin"",
        ""MOT"": ""28/01/2026"",
        ""V5"": ""Buyer To Apply"",
        ""Keys"": ""1"",
        ""CC"": ""1149"",
        ""Service history"": ""Yes"",
        ""Service documents"": ""Service Book"",
        ""Number of stamps"": ""6"",
        ""Last service date"": ""06/04/2024"",
        ""Last service miles"": ""83,826"",
        ""Vendor"": ""Birchwood Group"",
        ""CAP Clean"": ""\u00a3670.00"",
        ""CAP Average"": ""\u00a3290.00"",
        ""CAP Below"": ""\u00a3150.00""
    }
}",,https://www.protruckauctions.co.uk/motorvehicleinspectionreport/standard/6797.pdf,,,
Ford,ebca,24,ProTruck,Ford,Focus,1.6 125 Zetec 5dr,405,EK12HZJ,15:00,-,04/04/2012,Petrol,3,MANUAL,SILVER,04/04/2026,1,Margin,Here,"£1,025.00",£610.00,£225.00,0.2,,Warranted,04/04/2026,Hatchback,"{'information': {'Keys': '1', 'Service history': 'yes', 'Service documents': 'Service Book', 'Number of stamps': '9', 'Last service date': '20/01/2022', 'Last service miles': '130,353', 'MOT Due': '04/04/2026', 'Former Keepers': '3', 'Body Style': 'Hatchback', 'Hubs': 'Alloy', 'BHP': '123', 'Gross Weight': '1825', 'Euro Status': '5', 'Euro': '5', 'CO2': '136', 'MPG Combined': '47.9', 'MPG Urban': '35.3', 'MPG Extra Urban': '60.1'}}","{
    ""Interior"": {
        ""Registration"": ""EK12HZJ"",
        ""Registered"": ""04/04/2012"",
        ""Miles"": ""143,512 Miles"",
        ""Miles Warranted"": ""Warranted"",
        ""Former Keepers"": ""3"",
        ""Fuel"": ""Petrol"",
        ""Transmission"": ""MANUAL"",
        ""Colour"": ""SILVER"",
        ""VAT"": ""Margin"",
        ""MOT"": ""04/04/2026"",
        ""V5"": ""Here"",
        ""Keys"": ""1"",
        ""CC"": ""1596"",
        ""Service history"": ""Yes"",
        ""Service documents"": ""Service Book"",
        ""Number of stamps"": ""9"",
        ""Last service date"": ""20/01/2022"",
        ""Last service miles"": ""130,353"",
        ""Vendor"": ""Birchwood Group"",
        ""CAP Clean"": ""\u00a31,025.00"",
        ""CAP Average"": ""\u00a3610.00"",
        ""CAP Below"": ""\u00a3225.00""
    }
}",,https://www.protruckauctions.co.uk/motorvehicleinspectionreport/standard/6333.pdf,,,
DACIA,ebca,24,ProTruck,DACIA,SANDERO STEPWAY,1.5 dCi Laureate 5dr,262,EK15OEY,15:00,-,31/03/2015,Diesel,2,MANUAL,WHITE,23/11/2026,1,Margin,TBC,"£1,325.00",£930.00,£525.00,0.1,,Warranted,23/11/2026,Hatchback,"{'information': {'Keys': '1', 'Service history': 'yes', 'Service documents': 'Service Book', 'Number of stamps': '2', 'Last service date': '24/11/2022', 'Last service miles': '87,605', 'MOT Due': '23/11/2026', 'Former Keepers': '2', 'Body Style': 'Hatchback', 'Hubs': 'Steel', 'BHP': '90', 'Gross Weight': '1600', 'Euro Status': '5', 'Euro': '5', 'CO2': '105', 'MPG Combined': '70.6', 'MPG Urban': '61.4', 'MPG Extra Urban': '76.4'}}","{
    ""Interior"": {
        ""Registration"": ""EK15OEY"",
        ""Registered"": ""31/03/2015"",
        ""Miles"": ""132,702 Miles"",
        ""Miles Warranted"": ""Warranted"",
        ""Former Keepers"": ""2"",
        ""Fuel"": ""Diesel"",
        ""Transmission"": ""MANUAL"",
        ""Colour"": ""WHITE"",
        ""VAT"": ""Margin"",
        ""MOT"": ""23/11/2026"",
        ""V5"": ""TBC"",
        ""Keys"": ""1"",
        ""CC"": ""1461"",
        ""Service history"": ""Yes"",
        ""Service documents"": ""Service Book"",
        ""Number of stamps"": ""2"",
        ""Last service date"": ""24/11/2022"",
        ""Last service miles"": ""87,605"",
        ""Vendor"": ""St Leonards Motor Group"",
        ""CAP Clean"": ""\u00a31,325.00"",
        ""CAP Average"": ""\u00a3930.00"",
        ""CAP Below"": ""\u00a3525.00""
    }
}",,https://www.protruckauctions.co.uk/motorvehicleinspectionreport/standard/6833.pdf,,,
Hyundai,ebca,24,ProTruck,Hyundai,I30,1.4 Active 5dr,361,EN12CXJ,15:00,-,01/07/2012,Petrol,2,MANUAL,BLACK,31/08/2026,2,Margin,Here,"£1,650.00","£1,250.00",£850.00,0.1,,Warranted,31/08/2026,Hatchback,"{'information': {'Keys': '2', 'Service history': 'yes', 'Service documents': 'Electronic / Online', 'Number of stamps': '1', 'Last service date': '28/08/2024', 'Last service miles': '114,000', 'MOT Due': '31/08/2026', 'Former Keepers': '2', 'Body Style': 'Hatchback', 'Hubs': 'Alloy', 'BHP': '98', 'Gross Weight': '1820', 'Euro Status': '5', 'Euro': '5', 'CO2': '139', 'MPG Combined': '47.1', 'MPG Urban': '35.8', 'MPG Extra Urban': '57.7'}}","{
    ""Interior"": {
        ""Registration"": ""EN12CXJ"",
        ""Registered"": ""01/07/2012"",
        ""Miles"": ""121,619 Miles"",
        ""Miles Warranted"": ""Warranted"",
        ""Former Keepers"": ""2"",
        ""Fuel"": ""Petrol"",
        ""Transmission"": ""MANUAL"",
        ""Colour"": ""BLACK"",
        ""VAT"": ""Margin"",
        ""MOT"": ""31/08/2026"",
        ""V5"": ""Here"",
        ""Keys"": ""2"",
        ""CC"": ""1396"",
        ""Service history"": ""Yes"",
        ""Service documents"": ""Electronic / Online"",
        ""Number of stamps"": ""1"",
        ""Last service date"": ""28/08/2024"",
        ""Last service miles"": ""114,000"",
        ""Vendor"": ""Birchwood Group"",
        ""CAP Clean"": ""\u00a31,650.00"",
        ""CAP Average"": ""\u00a31,250.00"",
        ""CAP Below"": ""\u00a3850.00""
    }
}",,https://www.protruckauctions.co.uk/motorvehicleinspectionreport/standard/5893.pdf,,,
Ford,ebca,24,ProTruck,Ford,Grand C-Max,2.0 TDCi Titanium 5dr,289,EO11FRL,15:00,-,03/03/2011,Diesel,2,MANUAL,BLACK,05/09/2026,2,Margin,Here,"£1,475.00","£1,075.00",£675.00,0.2,,Warranted,05/09/2026,MPV,"{'information': {'Keys': '2', 'Service history': 'yes', 'Service documents': 'Service Book', 'Number of stamps': '8', 'Last service date': '06/09/2023', 'Last service miles': '74,730', 'MOT Due': '05/09/2026', 'Former Keepers': '2', 'Body Style': 'MPV', 'Hubs': 'Alloy', 'BHP': '138', 'Gross Weight': '2300', 'Euro Status': '5', 'Euro': '5', 'CO2': '139', 'MPG Combined': '53.3', 'MPG Urban': '42.8', 'MPG Extra Urban': '62.8'}}","{
    ""Interior"": {
        ""Registration"": ""EO11FRL"",
        ""Registered"": ""03/03/2011"",
        ""Miles"": ""96,341 Miles"",
        ""Miles Warranted"": ""Warranted"",
        ""Former Keepers"": ""2"",
        ""Fuel"": ""Diesel"",
        ""Transmission"": ""MANUAL"",
        ""Colour"": ""BLACK"",
        ""VAT"": ""Margin"",
        ""MOT"": ""05/09/2026"",
        ""V5"": ""Here"",
        ""Keys"": ""2"",
        ""CC"": ""1997"",
        ""Service history"": ""Yes"",
        ""Service documents"": ""Service Book"",
        ""Number of stamps"": ""8"",
        ""Last service date"": ""06/09/2023"",
        ""Last service miles"": ""74,730"",
        ""Vendor"": ""St Leonards Motor Group"",
        ""CAP Clean"": ""\u00a31,475.00"",
        ""CAP Average"": ""\u00a31,075.00"",
        ""CAP Below"": ""\u00a3675.00""
    }
}",,https://www.protruckauctions.co.uk/motorvehicleinspectionreport/standard/6775.pdf,,,
Volkswagen,ebca,24,ProTruck,Volkswagen,Beetle,1.4 Luna 3dr,305,EO11OHB,15:00,-,08/03/2011,Petrol,2,MANUAL,BLACK,19/03/2026,1,Margin,Here,£450.00,£160.00,£150.00,0.1,,Warranted,19/03/2026,Hatchback,"{'information': {'Keys': '1', 'Service history': 'none', 'MOT Due': '19/03/2026', 'Former Keepers': '2', 'Body Style': 'Hatchback', 'Hubs': 'Alloy', 'BHP': '75', 'Gross Weight': '1650', 'CO2': '169', 'MPG Combined': '39.8', 'MPG Urban': '30.1', 'MPG Extra Urban': '48.7'}}","{
    ""Interior"": {
        ""Registration"": ""EO11OHB"",
        ""Registered"": ""08/03/2011"",
        ""Miles"": ""174,079 Miles"",
        ""Miles Warranted"": ""Warranted"",
        ""Former Keepers"": ""2"",
        ""Fuel"": ""Petrol"",
        ""Transmission"": ""MANUAL"",
        ""Colour"": ""BLACK"",
        ""VAT"": ""Margin"",
        ""MOT"": ""19/03/2026"",
        ""V5"": ""Here"",
        ""Keys"": ""1"",
        ""CC"": ""1390"",
        ""Service history"": ""None"",
        ""Vendor"": ""Stratton Part Exchange"",
        ""CAP Clean"": ""\u00a3450.00"",
        ""CAP Average"": ""\u00a3160.00"",
        ""CAP Below"": ""\u00a3150.00""
    }
}",,https://www.protruckauctions.co.uk/motorvehicleinspectionreport/standard/5540.pdf,,,
Peugeot,ebca,24,ProTruck,Peugeot,2008,1.2 PureTech Active 5dr,261,ET17CGG,15:00,-,29/07/2017,Petrol,2,MANUAL,WHITE,31/05/2026,2,Margin,Here,"£2,300.00","£1,875.00","£1,425.00",0.1,,Warranted,31/05/2026,Hatchback,"{'information': {'Keys': '2', 'Service history': 'yes', 'Service documents': 'Service Book', 'Number of stamps': '5', 'Last service date': '07/05/2025', 'Last service miles': '79,655', 'MOT Due': '31/05/2026', 'Former Keepers': '2', 'Body Style': 'Hatchback', 'Hubs': 'Alloy', 'BHP': '82', 'Gross Weight': '1590', 'Euro Status': '6', 'Euro': '6', 'CO2': '114', 'MPG Combined': '57.7', 'MPG Urban': '47.1', 'MPG Extra Urban': '65.7'}}","{
    ""Interior"": {
        ""Registration"": ""ET17CGG"",
        ""Registered"": ""29/07/2017"",
        ""Miles"": ""85,886 Miles"",
        ""Miles Warranted"": ""Warranted"",
        ""Former Keepers"": ""2"",
        ""Fuel"": ""Petrol"",
        ""Transmission"": ""MANUAL"",
        ""Colour"": ""WHITE"",
        ""VAT"": ""Margin"",
        ""MOT"": ""31/05/2026"",
        ""V5"": ""Here"",
        ""Keys"": ""2"",
        ""CC"": ""1200"",
        ""Service history"": ""Yes"",
        ""Service documents"": ""Service Book"",
        ""Number of stamps"": ""5"",
        ""Last service date"": ""07/05/2025"",
        ""Last service miles"": ""79,655"",
        ""Vendor"": ""Yeomans Group"",
        ""CAP Clean"": ""\u00a32,300.00"",
        ""CAP Average"": ""\u00a31,875.00"",
        ""CAP Below"": ""\u00a31,425.00""
    }
}",,https://www.protruckauctions.co.uk/motorvehicleinspectionreport/standard/6795.pdf,,,
Toyota,ebca,24,ProTruck,Toyota,Previa,VVTI GS 8 STR,402,FA02VNM,15:00,-,12/07/2002,Petrol,1,AUTOMATIC,SILVER,31/07/2026,2,Margin,Here,£0.00,£0.00,£0.00,0.2,,Warranted,31/07/2026,MPV,"{'information': {'Keys': '2', 'Service history': 'yes', 'Service documents': 'Service Book', 'Number of stamps': '23', 'Last service date': '16/07/2025', 'Last service miles': '105,718', 'MOT Due': '31/07/2026', 'Former Keepers': '1', 'Body Style': 'MPV', 'Hubs': 'Steel', 'BHP': '154', 'Gross Weight': '2400', 'CO2': '259', 'MPG Combined': '26.9', 'MPG Urban': '20', 'MPG Extra Urban': '33.2'}}","{
    ""Interior"": {
        ""Registration"": ""FA02VNM"",
        ""Registered"": ""12/07/2002"",
        ""Miles"": ""106,632 Miles"",
        ""Miles Warranted"": ""Warranted"",
        ""Former Keepers"": ""1"",
        ""Fuel"": ""Petrol"",
        ""Transmission"": ""AUTOMATIC"",
        ""Colour"": ""SILVER"",
        ""VAT"": ""Margin"",
        ""MOT"": ""31/07/2026"",
        ""V5"": ""Here"",
        ""Keys"": ""2"",
        ""CC"": ""2362"",
        ""Service history"": ""Yes"",
        ""Service documents"": ""Service Book"",
        ""Number of stamps"": ""23"",
        ""Last service date"": ""16/07/2025"",
        ""Last service miles"": ""105,718"",
        ""Vendor"": ""Caffyns Group"",
        ""CAP Clean"": ""\u00a30.00"",
        ""CAP Average"": ""\u00a30.00"",
        ""CAP Below"": ""\u00a30.00""
    }
}",,https://www.protruckauctions.co.uk/motorvehicleinspectionreport/standard/5710.pdf,,,
Mini,ebca,24,ProTruck,Mini,Hatchback,1.6 One 3dr,312,FE05WCV,15:00,-,01/03/2005,Petrol,4,MANUAL,BLUE,29/03/2026,2,Margin,Here,"£1,000.00",£750.00,£550.00,0.2,,Warranted,29/03/2026,Hatchback,"{'information': {'Keys': '2', 'MOT Due': '29/03/2026', 'Former Keepers': '4', 'Body Style': 'Hatchback', 'Hubs': 'Alloy', 'BHP': '89', 'Gross Weight': '1495', 'Euro Status': '4', 'Euro': '4', 'CO2': '164', 'MPG Combined': '41.5', 'MPG Urban': '29.4', 'MPG Extra Urban': '54.3'}}","{
    ""Interior"": {
        ""Registration"": ""FE05WCV"",
        ""Registered"": ""01/03/2005"",
        ""Miles"": ""83,595 Miles"",
        ""Miles Warranted"": ""Warranted"",
        ""Former Keepers"": ""4"",
        ""Fuel"": ""Petrol"",
        ""Transmission"": ""MANUAL"",
        ""Colour"": ""BLUE"",
        ""VAT"": ""Margin"",
        ""MOT"": ""29/03/2026"",
        ""V5"": ""Here"",
        ""Keys"": ""2"",
        ""CC"": ""1598"",
        ""Vendor"": ""EMC Group"",
        ""CAP Clean"": ""\u00a31,000.00"",
        ""CAP Average"": ""\u00a3750.00"",
        ""CAP Below"": ""\u00a3550.00""
    }
}",,https://www.protruckauctions.co.uk/motorvehicleinspectionreport/standard/6238.pdf,,,
Toyota,ebca,24,ProTruck,Toyota,Avensis,1.8 V-matic TR Nav 5dr CVT Auto,314,FH11AKG,15:00,-,04/07/2011,Petrol,2,CVT,GREY,22/07/2026,,Margin,Here,"£2,375.00","£1,925.00","£1,475.00",0.2,,Warranted,22/07/2026,Estate,"{'information': {'Service history': 'yes', 'Number of stamps': '6', 'Last service date': '01/07/2017', 'Last service miles': '48,253', 'MOT Due': '22/07/2026', 'Former Keepers': '2', 'Body Style': 'Estate', 'Hubs': 'Alloy', 'BHP': '145', 'Gross Weight': '2020', 'Euro Status': '5', 'Euro': '5', 'CO2': '158', 'MPG Combined': '41.5', 'MPG Urban': '32.5', 'MPG Extra Urban': '49.6'}}","{
    ""Interior"": {
        ""Registration"": ""FH11AKG"",
        ""Registered"": ""04/07/2011"",
        ""Miles"": ""123,217 Miles"",
        ""Miles Warranted"": ""Warranted"",
        ""Former Keepers"": ""2"",
        ""Fuel"": ""Petrol"",
        ""Transmission"": ""CVT"",
        ""Colour"": ""GREY"",
        ""VAT"": ""Margin"",
        ""MOT"": ""22/07/2026"",
        ""V5"": ""Here"",
        ""Keys"": """",
        ""CC"": ""1798"",
        ""Service history"": ""Yes"",
        ""Number of stamps"": ""6"",
        ""Last service date"": ""01/07/2017"",
        ""Last service miles"": ""48,253"",
        ""Vendor"": ""Caffyns Group"",
        ""CAP Clean"": ""\u00a32,375.00"",
        ""CAP Average"": ""\u00a31,925.00"",
        ""CAP Below"": ""\u00a31,475.00""
    }
}",,https://www.protruckauctions.co.uk/motorvehicleinspectionreport/standard/6608.pdf,,,
Toyota,ebca,24,ProTruck,Toyota,Yaris,VVTI T SPORT,295,FN02XNZ,15:00,-,01/03/2002,Petrol,9,MANUAL,BLUE,20/12/2026,1,Margin,Here,£0.00,£0.00,£0.00,0.1,,Warranted,20/12/2026,Hatchback,"{'information': {'Keys': '1', 'Service history': 'none', 'MOT Due': '20/12/2026', 'Former Keepers': '9', 'Body Style': 'Hatchback', 'Hubs': 'Alloy', 'BHP': '105', 'Gross Weight': '1645', 'CO2': '167', 'MPG Combined': '40.4', 'MPG Urban': '31.7', 'MPG Extra Urban': '48.7'}}","{
    ""Interior"": {
        ""Registration"": ""FN02XNZ"",
        ""Registered"": ""01/03/2002"",
        ""Miles"": ""143,496 Miles"",
        ""Miles Warranted"": ""Warranted"",
        ""Former Keepers"": ""9"",
        ""Fuel"": ""Petrol"",
        ""Transmission"": ""MANUAL"",
        ""Colour"": ""BLUE"",
        ""VAT"": ""Margin"",
        ""MOT"": ""20/12/2026"",
        ""V5"": ""Here"",
        ""Keys"": ""1"",
        ""CC"": ""1299"",
        ""Service history"": ""None"",
        ""Vendor"": ""Caffyns Group"",
        ""CAP Clean"": ""\u00a30.00"",
        ""CAP Average"": ""\u00a30.00"",
        ""CAP Below"": ""\u00a30.00""
    }
}",,https://www.protruckauctions.co.uk/motorvehicleinspectionreport/standard/6769.pdf,,,
Volkswagen,ebca,24,ProTruck,Volkswagen,Passat,2.0 TDI Bluemotion Tech SE 5dr,302,FT12TZS,15:00,-,28/05/2012,Diesel,6,MANUAL,SILVER,21/09/2026,1,Margin,Here,"£2,150.00","£1,750.00","£1,325.00",0.2,,Warranted,21/09/2026,Estate,"{'information': {'Keys': '1', 'Service history': 'yes', 'Service documents': 'Service Book', 'Number of stamps': '11', 'Last service date': '11/01/2024', 'Last service miles': '111,832', 'MOT Due': '21/09/2026', 'Former Keepers': '6', 'Body Style': 'Estate', 'Hubs': 'Alloy', 'BHP': '138', 'Gross Weight': '2180', 'Euro Status': '5', 'Euro': '5', 'CO2': '120', 'MPG Combined': '61.4', 'MPG Urban': '50.4', 'MPG Extra Urban': '70.6'}}","{
    ""Interior"": {
        ""Registration"": ""FT12TZS"",
        ""Registered"": ""28/05/2012"",
        ""Miles"": ""129,783 Miles"",
        ""Miles Warranted"": ""Warranted"",
        ""Former Keepers"": ""6"",
        ""Fuel"": ""Diesel"",
        ""Transmission"": ""MANUAL"",
        ""Colour"": ""SILVER"",
        ""VAT"": ""Margin"",
        ""MOT"": ""21/09/2026"",
        ""V5"": ""Here"",
        ""Keys"": ""1"",
        ""CC"": ""1968"",
        ""Service history"": ""Yes"",
        ""Service documents"": ""Service Book"",
        ""Number of stamps"": ""11"",
        ""Last service date"": ""11/01/2024"",
        ""Last service miles"": ""111,832"",
        ""Vendor"": ""Yeomans Group"",
        ""CAP Clean"": ""\u00a32,150.00"",
        ""CAP Average"": ""\u00a31,750.00"",
        ""CAP Below"": ""\u00a31,325.00""
    }
}",,https://www.protruckauctions.co.uk/motorvehicleinspectionreport/standard/6545.pdf,,,
Volkswagen,ebca,24,ProTruck,Volkswagen,Golf,2.0 Sportline TDI DPF 5dr DSG,378,FV08EVJ,15:00,-,29/04/2008,Diesel,2,SEMI AUTO,GREY,20/02/2026,2,Margin,Here,£820.00,£420.00,£150.00,0.2,,Warranted,20/02/2026,Estate,"{'information': {'Keys': '2', 'Service history': 'yes', 'Service documents': 'Service Book', 'Number of stamps': '10', 'Last service date': '19/02/2021', 'Last service miles': '117,338', 'MOT Due': '20/02/2026', 'Former Keepers': '2', 'Body Style': 'Estate', 'Hubs': 'Alloy', 'BHP': '140', 'Gross Weight': '2040', 'Euro Status': '4', 'Euro': '4', 'CO2': '159', 'MPG Combined': '46.3', 'MPG Urban': '35.3', 'MPG Extra Urban': '56.5'}}","{
    ""Interior"": {
        ""Registration"": ""FV08EVJ"",
        ""Registered"": ""29/04/2008"",
        ""Miles"": ""168,360 Miles"",
        ""Miles Warranted"": ""Warranted"",
        ""Former Keepers"": ""2"",
        ""Fuel"": ""Diesel"",
        ""Transmission"": ""SEMI AUTO"",
        ""Colour"": ""GREY"",
        ""VAT"": ""Margin"",
        ""MOT"": ""20/02/2026"",
        ""V5"": ""Here"",
        ""Keys"": ""2"",
        ""CC"": ""1968"",
        ""Service history"": ""Yes"",
        ""Service documents"": ""Service Book"",
        ""Number of stamps"": ""10"",
        ""Last service date"": ""19/02/2021"",
        ""Last service miles"": ""117,338"",
        ""Vendor"": ""Caffyns Group"",
        ""CAP Clean"": ""\u00a3820.00"",
        ""CAP Average"": ""\u00a3420.00"",
        ""CAP Below"": ""\u00a3150.00""
    }
}",,https://www.protruckauctions.co.uk/motorvehicleinspectionreport/standard/6635.pdf,,,
Mini,ebca,24,ProTruck,Mini,Hatchback,1.5 Cooper 3dr,277,FV14OOY,15:00,-,18/06/2014,Petrol,1,MANUAL,RED,09/08/2026,2,Margin,Here,"£3,000.00","£2,550.00","£2,150.00",0.1,,Warranted,09/08/2026,Hatchback,"{'information': {'Keys': '2', 'Service history': 'yes', 'Service documents': 'Printout', 'Number of stamps': '3', 'Last service date': '08/04/2022', 'Last service miles': '66,464', 'MOT Due': '09/08/2026', 'Former Keepers': '1', 'Body Style': 'Hatchback', 'Hubs': 'Alloy', 'BHP': '134', 'Gross Weight': '1565', 'Euro Status': '6', 'Euro': '6', 'CO2': '105', 'MPG Combined': '62.8', 'MPG Urban': '49.6', 'MPG Extra Urban': '74.3'}}","{
    ""Interior"": {
        ""Registration"": ""FV14OOY"",
        ""Registered"": ""18/06/2014"",
        ""Miles"": ""109,408 Miles"",
        ""Miles Warranted"": ""Warranted"",
        ""Former Keepers"": ""1"",
        ""Fuel"": ""Petrol"",
        ""Transmission"": ""MANUAL"",
        ""Colour"": ""RED"",
        ""VAT"": ""Margin"",
        ""MOT"": ""09/08/2026"",
        ""V5"": ""Here"",
        ""Keys"": ""2"",
        ""CC"": ""1499"",
        ""Service history"": ""Yes"",
        ""Service documents"": ""Printout"",
        ""Number of stamps"": ""3"",
        ""Last service date"": ""08/04/2022"",
        ""Last service miles"": ""66,464"",
        ""Vendor"": ""EMC Group"",
        ""CAP Clean"": ""\u00a33,000.00"",
        ""CAP Average"": ""\u00a32,550.00"",
        ""CAP Below"": ""\u00a32,150.00""
    }
}",,https://www.protruckauctions.co.uk/motorvehicleinspectionreport/standard/6237.pdf,,,
Suzuki,ebca,24,ProTruck,Suzuki,Swift,1.0 Boosterjet SZ-T 5dr,364,GD17JYG,15:00,-,31/05/2017,Petrol,2,MANUAL,BLUE,25/10/2026,2,Margin,Here,"£3,075.00","£2,575.00","£2,050.00",0.1,,Warranted,25/10/2026,Hatchback,"{'information': {'Keys': '2', 'Service history': 'yes', 'Service documents': 'Service Book', 'Number of stamps': '10', 'Last service date': '14/10/2025', 'Last service miles': '127,800', 'MOT Due': '25/10/2026', 'Former Keepers': '2', 'Body Style': 'Hatchback', 'Hubs': 'Alloy', 'BHP': '111', 'Gross Weight': '1380', 'Euro Status': '6', 'Euro': '6', 'CO2': '104', 'MPG Combined': '61.4', 'MPG Urban': '49.6', 'MPG Extra Urban': '70.6'}}","{
    ""Interior"": {
        ""Registration"": ""GD17JYG"",
        ""Registered"": ""31/05/2017"",
        ""Miles"": ""130,308 Miles"",
        ""Miles Warranted"": ""Warranted"",
        ""Former Keepers"": ""2"",
        ""Fuel"": ""Petrol"",
        ""Transmission"": ""MANUAL"",
        ""Colour"": ""BLUE"",
        ""VAT"": ""Margin"",
        ""MOT"": ""25/10/2026"",
        ""V5"": ""Here"",
        ""Keys"": ""2"",
        ""CC"": ""998"",
        ""Service history"": ""Yes"",
        ""Service documents"": ""Service Book"",
        ""Number of stamps"": ""10"",
        ""Last service date"": ""14/10/2025"",
        ""Last service miles"": ""127,800"",
        ""Vendor"": ""EMC Group"",
        ""CAP Clean"": ""\u00a33,075.00"",
        ""CAP Average"": ""\u00a32,575.00"",
        ""CAP Below"": ""\u00a32,050.00""
    }
}",,https://www.protruckauctions.co.uk/motorvehicleinspectionreport/standard/6375.pdf,,,
Mazda,ebca,24,ProTruck,Mazda,CX-5,2.2d Sport Nav 5dr,272,GD66EPN,15:00,-,24/02/2017,Diesel,,MANUAL,BLACK,25/02/2026,2,Margin,Here,"£3,025.00","£2,525.00","£2,000.00",0.2,,Warranted,25/02/2026,Estate,"{'information': {'Keys': '2', 'Service history': 'yes', 'Service documents': 'Printout', 'Number of stamps': '5', 'Last service date': '05/01/2024', 'Last service miles': '73,972', 'MOT Due': '25/02/2026', 'Body Style': 'Estate', 'Hubs': 'Alloy', 'BHP': '148', 'Gross Weight': '2035', 'Euro Status': '6', 'Euro': '6', 'CO2': '119', 'MPG Combined': '61.4', 'MPG Urban': '52.3', 'MPG Extra Urban': '68.9'}}","{
    ""Interior"": {
        ""Registration"": ""GD66EPN"",
        ""Registered"": ""24/02/2017"",
        ""Miles"": ""88,004 Miles"",
        ""Miles Warranted"": ""Warranted"",
        ""Fuel"": ""Diesel"",
        ""Transmission"": ""MANUAL"",
        ""Colour"": ""BLACK"",
        ""VAT"": ""Margin"",
        ""MOT"": ""25/02/2026"",
        ""V5"": ""Here"",
        ""Keys"": ""2"",
        ""CC"": ""2191"",
        ""Service history"": ""Yes"",
        ""Service documents"": ""Printout"",
        ""Number of stamps"": ""5"",
        ""Last service date"": ""05/01/2024"",
        ""Last service miles"": ""73,972"",
        ""Vendor"": ""Caffyns Group"",
        ""CAP Clean"": ""\u00a33,025.00"",
        ""CAP Average"": ""\u00a32,525.00"",
        ""CAP Below"": ""\u00a32,000.00""
    }
}",,https://www.protruckauctions.co.uk/motorvehicledamageimage?key=StorageS3::privileged/motorvehicle/6471/1766401503_y3hLal.pdf,,,
Skoda,ebca,24,ProTruck,Skoda,Fabia,1.2 TSI 90 SE 5dr,369,GF15LUO,15:00,-,31/03/2015,Petrol,2,MANUAL,SILVER,01/04/2026,2,Margin,Here,"£2,675.00","£2,225.00","£1,775.00",0.1,,Warranted,01/04/2026,Estate,"{'information': {'Keys': '2', 'Service history': 'yes', 'Service documents': 'Printout', 'Number of stamps': '2', 'Last service date': '02/04/2024', 'Last service miles': '117,812', 'MOT Due': '01/04/2026', 'Former Keepers': '2', 'Body Style': 'Estate', 'Hubs': 'Alloy', 'BHP': '89', 'Gross Weight': '1588', 'Euro Status': '6', 'Euro': '6', 'CO2': '107', 'MPG Combined': '60.1', 'MPG Urban': '47.1', 'MPG Extra Urban': '70.6'}}","{
    ""Interior"": {
        ""Registration"": ""GF15LUO"",
        ""Registered"": ""31/03/2015"",
        ""Miles"": ""123,287 Miles"",
        ""Miles Warranted"": ""Warranted"",
        ""Former Keepers"": ""2"",
        ""Fuel"": ""Petrol"",
        ""Transmission"": ""MANUAL"",
        ""Colour"": ""SILVER"",
        ""VAT"": ""Margin"",
        ""MOT"": ""01/04/2026"",
        ""V5"": ""Here"",
        ""Keys"": ""2"",
        ""CC"": ""1197"",
        ""Service history"": ""Yes"",
        ""Service documents"": ""Printout"",
        ""Number of stamps"": ""2"",
        ""Last service date"": ""02/04/2024"",
        ""Last service miles"": ""117,812"",
        ""Vendor"": ""Bartletts Seat"",
        ""CAP Clean"": ""\u00a32,675.00"",
        ""CAP Average"": ""\u00a32,225.00"",
        ""CAP Below"": ""\u00a31,775.00""
    }
}",,https://www.protruckauctions.co.uk/motorvehicleinspectionreport/standard/6311.pdf,,,
Kia,ebca,24,ProTruck,Kia,Venga,1.6 CRDi ISG 3 5dr,294,GF16DVJ,15:00,-,23/03/2016,Diesel,2,MANUAL,SILVER,08/07/2026,2,Margin,Here,"£2,900.00","£2,450.00","£2,000.00",0.2,,Warranted,08/07/2026,Hatchback,"{'information': {'Keys': '2', 'Service history': 'yes', 'Service documents': 'Service Book', 'Number of stamps': '10', 'Last service date': '24/11/2025', 'Last service miles': '52,683', 'MOT Due': '08/07/2026', 'Former Keepers': '2', 'Body Style': 'Hatchback', 'Hubs': 'Alloy', 'BHP': '114', 'Gross Weight': '1810', 'Euro Status': '6', 'Euro': '6', 'CO2': '115', 'MPG Combined': '64.2', 'MPG Urban': '55.4', 'MPG Extra Urban': '70.6'}}","{
    ""Interior"": {
        ""Registration"": ""GF16DVJ"",
        ""Registered"": ""23/03/2016"",
        ""Miles"": ""52,702 Miles"",
        ""Miles Warranted"": ""Warranted"",
        ""Former Keepers"": ""2"",
        ""Fuel"": ""Diesel"",
        ""Transmission"": ""MANUAL"",
        ""Colour"": ""SILVER"",
        ""VAT"": ""Margin"",
        ""MOT"": ""08/07/2026"",
        ""V5"": ""Here"",
        ""Keys"": ""2"",
        ""CC"": ""1582"",
        ""Service history"": ""Yes"",
        ""Service documents"": ""Service Book"",
        ""Number of stamps"": ""10"",
        ""Last service date"": ""24/11/2025"",
        ""Last service miles"": ""52,683"",
        ""Vendor"": ""Birchwood Group"",
        ""CAP Clean"": ""\u00a32,900.00"",
        ""CAP Average"": ""\u00a32,450.00"",
        ""CAP Below"": ""\u00a32,000.00""
    }
}",,https://www.protruckauctions.co.uk/motorvehicledamageimage?key=StorageS3::privileged/motorvehicle/6469/1766408762_GR1pQV.pdf,,,
Skoda,ebca,24,ProTruck,Skoda,Roomster,1.2 TSI 105 SE 5dr DSG,420,GF63HFW,15:00,-,25/11/2013,Petrol,1,SEMI AUTO,SILVER,03/03/2026,2,Margin,Here,"£3,400.00","£2,875.00","£2,375.00",0.1,,Warranted,03/03/2026,MPV,"{'information': {'Keys': '2', 'Service history': 'yes', 'Service documents': 'Service Book', 'Number of stamps': '11', 'Last service date': '13/02/2025', 'Last service miles': '48,185', 'MOT Due': '03/03/2026', 'Former Keepers': '1', 'Body Style': 'MPV', 'Hubs': 'Alloy', 'BHP': '105', 'Gross Weight': '1726', 'Euro Status': '5', 'Euro': '5', 'CO2': '134', 'MPG Combined': '49.6', 'MPG Urban': '39.2', 'MPG Extra Urban': '58.9'}}","{
    ""Interior"": {
        ""Registration"": ""GF63HFW"",
        ""Registered"": ""25/11/2013"",
        ""Miles"": ""51,576 Miles"",
        ""Miles Warranted"": ""Warranted"",
        ""Former Keepers"": ""1"",
        ""Fuel"": ""Petrol"",
        ""Transmission"": ""SEMI AUTO"",
        ""Colour"": ""SILVER"",
        ""VAT"": ""Margin"",
        ""MOT"": ""03/03/2026"",
        ""V5"": ""Here"",
        ""Keys"": ""2"",
        ""CC"": ""1197"",
        ""Service history"": ""Yes"",
        ""Service documents"": ""Service Book"",
        ""Number of stamps"": ""11"",
        ""Last service date"": ""13/02/2025"",
        ""Last service miles"": ""48,185"",
        ""Vendor"": ""Caffyns Group"",
        ""CAP Clean"": ""\u00a33,400.00"",
        ""CAP Average"": ""\u00a32,875.00"",
        ""CAP Below"": ""\u00a32,375.00""
    }
}",,https://www.protruckauctions.co.uk/motorvehicleinspectionreport/standard/6803.pdf,,,
Renault,ebca,24,ProTruck,Renault,Clio,1.2 16V Dynamique Nav 5dr,264,GJ66YTG,15:00,-,30/09/2016,Petrol,3,MANUAL,RED,07/01/2027,2,Margin,Here,"£2,300.00","£1,875.00","£1,475.00",0.1,,Warranted,07/01/2027,Hatchback,"{'information': {'Keys': '2', 'Service history': 'yes', 'Service documents': 'Service Book', 'Number of stamps': '3', 'Last service date': '31/10/2019', 'Last service miles': '14,671', 'MOT Due': '07/01/2027', 'Former Keepers': '3', 'Body Style': 'Hatchback', 'Hubs': 'Alloy', 'BHP': '72', 'Gross Weight': '1566', 'Euro Status': '6', 'Euro': '6', 'CO2': '127', 'MPG Combined': '51.4', 'MPG Urban': '40.4', 'MPG Extra Urban': '60.1'}}","{
    ""Interior"": {
        ""Registration"": ""GJ66YTG"",
        ""Registered"": ""30/09/2016"",
        ""Miles"": ""99,839 Miles"",
        ""Miles Warranted"": ""Warranted"",
        ""Former Keepers"": ""3"",
        ""Fuel"": ""Petrol"",
        ""Transmission"": ""MANUAL"",
        ""Colour"": ""RED"",
        ""VAT"": ""Margin"",
        ""MOT"": ""07/01/2027"",
        ""V5"": ""Here"",
        ""Keys"": ""2"",
        ""CC"": ""1149"",
        ""Service history"": ""Yes"",
        ""Service documents"": ""Service Book"",
        ""Number of stamps"": ""3"",
        ""Last service date"": ""31/10/2019"",
        ""Last service miles"": ""14,671"",
        ""Vendor"": ""Caffyns Group"",
        ""CAP Clean"": ""\u00a32,300.00"",
        ""CAP Average"": ""\u00a31,875.00"",
        ""CAP Below"": ""\u00a31,475.00""
    }
}",,https://www.protruckauctions.co.uk/motorvehicleinspectionreport/standard/6860.pdf,,,
Fiat,ebca,24,ProTruck,Fiat,500,0.9 TwinAir Lounge 3dr,319,GK63XCS,15:00,-,30/09/2013,Petrol,2,MANUAL,RED,17/02/2026,2,Margin,Here,"£1,525.00","£1,125.00",£725.00,0.1,,Warranted,17/02/2026,Hatchback,"{'information': {'Keys': '2', 'Service history': 'yes', 'Service documents': 'Service Book', 'Number of stamps': '6', 'Last service date': '19/02/2019', 'Last service miles': '30,906', 'MOT Due': '17/02/2026', 'Former Keepers': '2', 'Body Style': 'Hatchback', 'Hubs': 'Alloy', 'BHP': '85', 'Gross Weight': '1370', 'Euro Status': '5', 'Euro': '5', 'CO2': '95', 'MPG Combined': '70.6', 'MPG Urban': '60.1', 'MPG Extra Urban': '78.5'}}","{
    ""Interior"": {
        ""Registration"": ""GK63XCS"",
        ""Registered"": ""30/09/2013"",
        ""Miles"": ""70,021 Miles"",
        ""Miles Warranted"": ""Warranted"",
        ""Former Keepers"": ""2"",
        ""Fuel"": ""Petrol"",
        ""Transmission"": ""MANUAL"",
        ""Colour"": ""RED"",
        ""VAT"": ""Margin"",
        ""MOT"": ""17/02/2026"",
        ""V5"": ""Here"",
        ""Keys"": ""2"",
        ""CC"": ""875"",
        ""Service history"": ""Yes"",
        ""Service documents"": ""Service Book"",
        ""Number of stamps"": ""6"",
        ""Last service date"": ""19/02/2019"",
        ""Last service miles"": ""30,906"",
        ""Vendor"": ""Yeomans Group"",
        ""CAP Clean"": ""\u00a31,525.00"",
        ""CAP Average"": ""\u00a31,125.00"",
        ""CAP Below"": ""\u00a3725.00""
    }
}",,https://www.protruckauctions.co.uk/motorvehicleinspectionreport/standard/6280.pdf,,,
Honda,ebca,24,ProTruck,Honda,Jazz,1.4 i-VTEC EX 5dr,287,GL60YMC,15:00,-,31/10/2010,Petrol,,MANUAL,SILVER,31/10/2026,1,Margin,Here,"£1,400.00",£990.00,£600.00,0.1,,Warranted,31/10/2026,Hatchback,"{'information': {'Keys': '1', 'Service history': 'yes', 'Service documents': 'Service Book', 'Number of stamps': '15', 'Last service date': '17/10/2025', 'Last service miles': '15', 'MOT Due': '31/10/2026', 'Body Style': 'Hatchback', 'Hubs': 'Alloy', 'BHP': '98', 'Gross Weight': '1610', 'Euro Status': '5', 'Euro': '5', 'CO2': '108', 'MPG Combined': '50.4', 'MPG Urban': '41.5', 'MPG Extra Urban': '56.5'}}","{
    ""Interior"": {
        ""Registration"": ""GL60YMC"",
        ""Registered"": ""31/10/2010"",
        ""Miles"": ""122,077 Miles"",
        ""Miles Warranted"": ""Warranted"",
        ""Fuel"": ""Petrol"",
        ""Transmission"": ""MANUAL"",
        ""Colour"": ""SILVER"",
        ""VAT"": ""Margin"",
        ""MOT"": ""31/10/2026"",
        ""V5"": ""Here"",
        ""Keys"": ""1"",
        ""CC"": ""1339"",
        ""Service history"": ""Yes"",
        ""Service documents"": ""Service Book"",
        ""Number of stamps"": ""15"",
        ""Last service date"": ""17/10/2025"",
        ""Last service miles"": ""15"",
        ""Vendor"": ""Yeomans Group"",
        ""CAP Clean"": ""\u00a31,400.00"",
        ""CAP Average"": ""\u00a3990.00"",
        ""CAP Below"": ""\u00a3600.00""
    }
}",,https://www.protruckauctions.co.uk/motorvehicleinspectionreport/standard/6703.pdf,,,
Citroen,ebca,24,ProTruck,Citroen,DS3,1.6 VTi 16V DStyle Plus 3dr,320,GL62CAV,15:00,-,06/01/2013,Petrol,2,MANUAL,WHITE,20/09/2026,2,Margin,Here,"£1,025.00",£620.00,£275.00,0.2,,Warranted,20/09/2026,Hatchback,"{'information': {'Keys': '2', 'Service history': 'yes', 'Service documents': 'Printout', 'Number of stamps': '5', 'Last service date': '12/09/2024', 'Last service miles': '71,047', 'MOT Due': '20/09/2026', 'Former Keepers': '2', 'Body Style': 'Hatchback', 'Hubs': 'Alloy', 'BHP': '120', 'Gross Weight': '1554', 'Euro Status': '5', 'Euro': '5', 'CO2': '136', 'MPG Combined': '40.4', 'MPG Urban': '29.1', 'MPG Extra Urban': '52.3'}}","{
    ""Interior"": {
        ""Registration"": ""GL62CAV"",
        ""Registered"": ""06/01/2013"",
        ""Miles"": ""81,077 Miles"",
        ""Miles Warranted"": ""Warranted"",
        ""Former Keepers"": ""2"",
        ""Fuel"": ""Petrol"",
        ""Transmission"": ""MANUAL"",
        ""Colour"": ""WHITE"",
        ""VAT"": ""Margin"",
        ""MOT"": ""20/09/2026"",
        ""V5"": ""Here"",
        ""Keys"": ""2"",
        ""CC"": ""1598"",
        ""Service history"": ""Yes"",
        ""Service documents"": ""Printout"",
        ""Number of stamps"": ""5"",
        ""Last service date"": ""12/09/2024"",
        ""Last service miles"": ""71,047"",
        ""Vendor"": ""DSM Ltd"",
        ""CAP Clean"": ""\u00a31,025.00"",
        ""CAP Average"": ""\u00a3620.00"",
        ""CAP Below"": ""\u00a3275.00""
    }
}",,https://www.protruckauctions.co.uk/motorvehicleinspectionreport/standard/6872.pdf,,,
Skoda,ebca,24,ProTruck,Skoda,Octavia,1.6 TDI CR SE 5dr,418,GL63SZV,15:00,-,17/02/2014,Diesel,,MANUAL,BLUE,17/02/2026,2,Margin,Here,"£3,100.00","£2,575.00","£2,075.00",0.2,,Warranted,17/02/2026,Hatchback,"{'information': {'Keys': '2', 'Service history': 'yes', 'Service documents': 'Printout', 'Number of stamps': '10', 'Last service date': '10/02/2025', 'Last service miles': '73,599', 'MOT Due': '17/02/2026', 'Body Style': 'Hatchback', 'Hubs': 'Alloy', 'BHP': '103', 'Gross Weight': '1855', 'Euro Status': '5', 'Euro': '5', 'CO2': '99', 'MPG Combined': '74.3', 'MPG Urban': '61.4', 'MPG Extra Urban': '85.6'}}","{
    ""Interior"": {
        ""Registration"": ""GL63SZV"",
        ""Registered"": ""17/02/2014"",
        ""Miles"": ""78,005 Miles"",
        ""Miles Warranted"": ""Warranted"",
        ""Fuel"": ""Diesel"",
        ""Transmission"": ""MANUAL"",
        ""Colour"": ""BLUE"",
        ""VAT"": ""Margin"",
        ""MOT"": ""17/02/2026"",
        ""V5"": ""Here"",
        ""Keys"": ""2"",
        ""CC"": ""1598"",
        ""Service history"": ""Yes"",
        ""Service documents"": ""Printout"",
        ""Number of stamps"": ""10"",
        ""Last service date"": ""10/02/2025"",
        ""Last service miles"": ""73,599"",
        ""Vendor"": ""Caffyns Group"",
        ""CAP Clean"": ""\u00a33,100.00"",
        ""CAP Average"": ""\u00a32,575.00"",
        ""CAP Below"": ""\u00a32,075.00""
    }
}",,https://www.protruckauctions.co.uk/motorvehicleinspectionreport/standard/6834.pdf,,,
Hyundai,ebca,24,ProTruck,Hyundai,I20,1.2 Active 5dr,374,GL64OSB,15:00,-,30/11/2014,Petrol,2,MANUAL,SILVER,29/11/2026,2,Margin,Here,"£1,725.00","£1,300.00",£875.00,0.1,,Warranted,29/11/2026,Hatchback,"{'information': {'Keys': '2', 'Service history': 'yes', 'Service documents': 'Service Book', 'Number of stamps': '3', 'Last service date': '18/07/2023', 'Last service miles': '74,595', 'MOT Due': '29/11/2026', 'Former Keepers': '2', 'Body Style': 'Hatchback', 'Hubs': 'Alloy', 'BHP': '84', 'Gross Weight': '1515', 'Euro Status': '5', 'Euro': '5', 'CO2': '114', 'MPG Combined': '57.7', 'MPG Urban': '46.3', 'MPG Extra Urban': '67.3'}}","{
    ""Interior"": {
        ""Registration"": ""GL64OSB"",
        ""Registered"": ""30/11/2014"",
        ""Miles"": ""97,187 Miles"",
        ""Miles Warranted"": ""Warranted"",
        ""Former Keepers"": ""2"",
        ""Fuel"": ""Petrol"",
        ""Transmission"": ""MANUAL"",
        ""Colour"": ""SILVER"",
        ""VAT"": ""Margin"",
        ""MOT"": ""29/11/2026"",
        ""V5"": ""Here"",
        ""Keys"": ""2"",
        ""CC"": ""1248"",
        ""Service history"": ""Yes"",
        ""Service documents"": ""Service Book"",
        ""Number of stamps"": ""3"",
        ""Last service date"": ""18/07/2023"",
        ""Last service miles"": ""74,595"",
        ""Vendor"": ""Bartletts Seat"",
        ""CAP Clean"": ""\u00a31,725.00"",
        ""CAP Average"": ""\u00a31,300.00"",
        ""CAP Below"": ""\u00a3875.00""
    }
}",,https://www.protruckauctions.co.uk/motorvehicleinspectionreport/standard/6559.pdf,,,
Dacia,ebca,24,ProTruck,Dacia,Sandero Stepway,0.9 TCe Laureate 5dr,391,GN17TXU,15:00,-,16/03/2017,Petrol,,MANUAL,BLACK,15/03/2026,2,Margin,Here,"£2,250.00","£1,825.00","£1,425.00",0.1,,Warranted,15/03/2026,Hatchback,"{'information': {'Keys': '2', 'Service history': 'yes', 'Service documents': 'Printout', 'Number of stamps': '7', 'Last service date': '25/02/2025', 'Last service miles': '96,530', 'MOT Due': '15/03/2026', 'Body Style': 'Hatchback', 'Hubs': 'Steel', 'BHP': '90', 'Gross Weight': '1550', 'Euro Status': '6', 'Euro': '6', 'CO2': '115', 'MPG Combined': '55.4', 'MPG Urban': '48.7', 'MPG Extra Urban': '60.1'}}","{
    ""Interior"": {
        ""Registration"": ""GN17TXU"",
        ""Registered"": ""16/03/2017"",
        ""Miles"": ""105,272 Miles"",
        ""Miles Warranted"": ""Warranted"",
        ""Fuel"": ""Petrol"",
        ""Transmission"": ""MANUAL"",
        ""Colour"": ""BLACK"",
        ""VAT"": ""Margin"",
        ""MOT"": ""15/03/2026"",
        ""V5"": ""Here"",
        ""Keys"": ""2"",
        ""CC"": ""898"",
        ""Service history"": ""Yes"",
        ""Service documents"": ""Printout"",
        ""Number of stamps"": ""7"",
        ""Last service date"": ""25/02/2025"",
        ""Last service miles"": ""96,530"",
        ""Vendor"": ""Caffyns Group"",
        ""CAP Clean"": ""\u00a32,250.00"",
        ""CAP Average"": ""\u00a31,825.00"",
        ""CAP Below"": ""\u00a31,425.00""
    }
}",,https://www.protruckauctions.co.uk/motorvehicleinspectionreport/standard/6185.pdf,,,
Volkswagen,ebca,24,ProTruck,Volkswagen,Golf Plus,1.9 SE TDI PD 5dr,255,GR55MYC,15:00,-,20/12/2005,Diesel,1,MANUAL,BLUE,30/01/2026,2,Margin,Here,£0.00,£0.00,£0.00,0.2,,Warranted,30/01/2026,Hatchback,"{'information': {'Keys': '2', 'Service history': 'yes', 'Service documents': 'Service Book', 'Number of stamps': '16', 'Last service date': '03/11/2025', 'Last service miles': '167,318', 'MOT Due': '30/01/2026', 'Former Keepers': '1', 'Body Style': 'Hatchback', 'Hubs': 'Alloy', 'BHP': '105', 'Gross Weight': '2000', 'Euro Status': '4', 'Euro': '4', 'CO2': '149', 'MPG Combined': '50.4', 'MPG Urban': '39.8', 'MPG Extra Urban': '58.9'}}","{
    ""Interior"": {
        ""Registration"": ""GR55MYC"",
        ""Registered"": ""20/12/2005"",
        ""Miles"": ""168,127 Miles"",
        ""Miles Warranted"": ""Warranted"",
        ""Former Keepers"": ""1"",
        ""Fuel"": ""Diesel"",
        ""Transmission"": ""MANUAL"",
        ""Colour"": ""BLUE"",
        ""VAT"": ""Margin"",
        ""MOT"": ""30/01/2026"",
        ""V5"": ""Here"",
        ""Keys"": ""2"",
        ""CC"": ""1900"",
        ""Service history"": ""Yes"",
        ""Service documents"": ""Service Book"",
        ""Number of stamps"": ""16"",
        ""Last service date"": ""03/11/2025"",
        ""Last service miles"": ""167,318"",
        ""Vendor"": ""Birchwood Group"",
        ""CAP Clean"": ""\u00a30.00"",
        ""CAP Average"": ""\u00a30.00"",
        ""CAP Below"": ""\u00a30.00""
    }
}",,https://www.protruckauctions.co.uk/motorvehicleinspectionreport/standard/6423.pdf,,,
Nissan,ebca,24,ProTruck,Nissan,Qashqai+2,1.6 [117] 360 5dr,338,GU13AHA,15:00,-,01/03/2013,Petrol,1,MANUAL,BLACK,02/04/2026,2,Margin,Here,£0.00,£0.00,£0.00,0.2,,Warranted,02/04/2026,Hatchback,"{'information': {'Keys': '2', 'Service history': 'none', 'MOT Due': '02/04/2026', 'Former Keepers': '1', 'Body Style': 'Hatchback', 'Hubs': 'Alloy', 'BHP': '117', 'Gross Weight': '2108', 'Euro Status': '5', 'Euro': '5', 'CO2': '154', 'MPG Combined': '42.8', 'MPG Urban': '34', 'MPG Extra Urban': '50.4'}}","{
    ""Interior"": {
        ""Registration"": ""GU13AHA"",
        ""Registered"": ""01/03/2013"",
        ""Miles"": ""224,777 Miles"",
        ""Miles Warranted"": ""Warranted"",
        ""Former Keepers"": ""1"",
        ""Fuel"": ""Petrol"",
        ""Transmission"": ""MANUAL"",
        ""Colour"": ""BLACK"",
        ""VAT"": ""Margin"",
        ""MOT"": ""02/04/2026"",
        ""V5"": ""Here"",
        ""Keys"": ""2"",
        ""CC"": ""1598"",
        ""Service history"": ""None"",
        ""Vendor"": ""GMW"",
        ""CAP Clean"": ""\u00a30.00"",
        ""CAP Average"": ""\u00a30.00"",
        ""CAP Below"": ""\u00a30.00""
    }
}",,https://www.protruckauctions.co.uk/motorvehicleinspectionreport/standard/6908.pdf,,,
Toyota,ebca,24,ProTruck,Toyota,Aygo,1.0 VVT-i Ice 5dr,300,GU13HWR,15:00,-,26/06/2013,Petrol,1,MANUAL,WHITE,09/12/2026,2,Margin,Here,"£2,375.00","£1,925.00","£1,475.00",0.1,,Warranted,09/12/2026,Hatchback,"{'information': {'Keys': '2', 'Service history': 'yes', 'Service documents': 'Service Book', 'Number of stamps': '7', 'Last service date': '09/05/2025', 'Last service miles': '29,993', 'MOT Due': '09/12/2026', 'Former Keepers': '1', 'Body Style': 'Hatchback', 'Hubs': 'Alloy', 'BHP': '68', 'Gross Weight': '1190', 'Euro Status': '5', 'Euro': '5', 'CO2': '99', 'MPG Combined': '65.7', 'MPG Urban': '55.4', 'MPG Extra Urban': '74.3'}}","{
    ""Interior"": {
        ""Registration"": ""GU13HWR"",
        ""Registered"": ""26/06/2013"",
        ""Miles"": ""30,427 Miles"",
        ""Miles Warranted"": ""Warranted"",
        ""Former Keepers"": ""1"",
        ""Fuel"": ""Petrol"",
        ""Transmission"": ""MANUAL"",
        ""Colour"": ""WHITE"",
        ""VAT"": ""Margin"",
        ""MOT"": ""09/12/2026"",
        ""V5"": ""Here"",
        ""Keys"": ""2"",
        ""CC"": ""998"",
        ""Service history"": ""Yes"",
        ""Service documents"": ""Service Book"",
        ""Number of stamps"": ""7"",
        ""Last service date"": ""09/05/2025"",
        ""Last service miles"": ""29,993"",
        ""Vendor"": ""Yeomans Group"",
        ""CAP Clean"": ""\u00a32,375.00"",
        ""CAP Average"": ""\u00a31,925.00"",
        ""CAP Below"": ""\u00a31,475.00""
    }
}",,https://www.protruckauctions.co.uk/motorvehicleinspectionreport/standard/6549.pdf,,,
Peugeot,ebca,24,ProTruck,Peugeot,208,1.2 VTi Style 3dr,259,GU15VOJ,15:00,-,14/05/2015,Petrol,2,MANUAL,BLACK,28/01/2026,2,Margin,Here,"£1,625.00","£1,225.00",£825.00,0.1,,Warranted,28/01/2026,Hatchback,"{'information': {'Keys': '2', 'Service history': 'yes', 'Service documents': 'Printout', 'Number of stamps': '8', 'Last service date': '31/05/2025', 'Last service miles': '63,375', 'MOT Due': '28/01/2026', 'Former Keepers': '2', 'Body Style': 'Hatchback', 'Hubs': 'Alloy', 'BHP': '82', 'Gross Weight': '1546', 'Euro Status': '6', 'Euro': '6', 'CO2': '104', 'MPG Combined': '62.8', 'MPG Urban': '51.4', 'MPG Extra Urban': '72.4'}}","{
    ""Interior"": {
        ""Registration"": ""GU15VOJ"",
        ""Registered"": ""14/05/2015"",
        ""Miles"": ""71,525 Miles"",
        ""Miles Warranted"": ""Warranted"",
        ""Former Keepers"": ""2"",
        ""Fuel"": ""Petrol"",
        ""Transmission"": ""MANUAL"",
        ""Colour"": ""BLACK"",
        ""VAT"": ""Margin"",
        ""MOT"": ""28/01/2026"",
        ""V5"": ""Here"",
        ""Keys"": ""2"",
        ""CC"": ""1200"",
        ""Service history"": ""Yes"",
        ""Service documents"": ""Printout"",
        ""Number of stamps"": ""8"",
        ""Last service date"": ""31/05/2025"",
        ""Last service miles"": ""63,375"",
        ""Vendor"": ""Caffyns Group"",
        ""CAP Clean"": ""\u00a31,625.00"",
        ""CAP Average"": ""\u00a31,225.00"",
        ""CAP Below"": ""\u00a3825.00""
    }
}",,https://www.protruckauctions.co.uk/motorvehicleinspectionreport/standard/6755.pdf,,,
Citroen,ebca,24,ProTruck,Citroen,C4 Picasso,1.6 HDi Platinum 5dr,254,GU62HSV,15:00,-,16/10/2012,Diesel,1,MANUAL,SILVER,21/09/2026,1,Margin,Here,"£1,025.00",£620.00,£225.00,0.2,,Warranted,21/09/2026,MPV,"{'information': {'Keys': '1', 'Service history': 'yes', 'Service documents': 'Printout', 'Number of stamps': '1', 'Last service date': '16/09/2022', 'Last service miles': '88,883', 'MOT Due': '21/09/2026', 'Former Keepers': '1', 'Body Style': 'MPV', 'Hubs': 'Alloy', 'BHP': '110', 'Euro Status': '5', 'Euro': '5', 'CO2': '135', 'MPG Combined': '54.3', 'MPG Urban': '45.6', 'MPG Extra Urban': '61.4'}}","{
    ""Interior"": {
        ""Registration"": ""GU62HSV"",
        ""Registered"": ""16/10/2012"",
        ""Miles"": ""109,822 Miles"",
        ""Miles Warranted"": ""Warranted"",
        ""Former Keepers"": ""1"",
        ""Fuel"": ""Diesel"",
        ""Transmission"": ""MANUAL"",
        ""Colour"": ""SILVER"",
        ""VAT"": ""Margin"",
        ""MOT"": ""21/09/2026"",
        ""V5"": ""Here"",
        ""Keys"": ""1"",
        ""CC"": ""1560"",
        ""Service history"": ""Yes"",
        ""Service documents"": ""Printout"",
        ""Number of stamps"": ""1"",
        ""Last service date"": ""16/09/2022"",
        ""Last service miles"": ""88,883"",
        ""Vendor"": ""Quest Motor Group"",
        ""CAP Clean"": ""\u00a31,025.00"",
        ""CAP Average"": ""\u00a3620.00"",
        ""CAP Below"": ""\u00a3225.00""
    }
}",,https://www.protruckauctions.co.uk/motorvehicleinspectionreport/standard/6691.pdf,,,
Renault,ebca,24,ProTruck,Renault,Clio,1.2 TCE Dynamique TomTom 5dr,404,GU62JNL,15:00,-,03/09/2012,Petrol,2,MANUAL,WHITE,20/03/2026,2,Margin,Here,£690.00,£310.00,£150.00,0.1,,Warranted,20/03/2026,Hatchback,"{'information': {'Keys': '2', 'Service history': 'yes', 'Service documents': 'Service Book', 'Number of stamps': '3', 'Last service date': '11/03/2025', 'Last service miles': '77,998', 'MOT Due': '20/03/2026', 'Former Keepers': '2', 'Body Style': 'Hatchback', 'Hubs': 'Alloy', 'BHP': '100', 'Gross Weight': '1588', 'Euro Status': '5', 'Euro': '5', 'CO2': '125', 'MPG Combined': '52.3', 'MPG Urban': '40.4', 'MPG Extra Urban': '62.8'}}","{
    ""Interior"": {
        ""Registration"": ""GU62JNL"",
        ""Registered"": ""03/09/2012"",
        ""Miles"": ""80,913 Miles"",
        ""Miles Warranted"": ""Warranted"",
        ""Former Keepers"": ""2"",
        ""Fuel"": ""Petrol"",
        ""Transmission"": ""MANUAL"",
        ""Colour"": ""WHITE"",
        ""VAT"": ""Margin"",
        ""MOT"": ""20/03/2026"",
        ""V5"": ""Here"",
        ""Keys"": ""2"",
        ""CC"": ""1149"",
        ""Service history"": ""Yes"",
        ""Service documents"": ""Service Book"",
        ""Number of stamps"": ""3"",
        ""Last service date"": ""11/03/2025"",
        ""Last service miles"": ""77,998"",
        ""Vendor"": ""Trade"",
        ""CAP Clean"": ""\u00a3690.00"",
        ""CAP Average"": ""\u00a3310.00"",
        ""CAP Below"": ""\u00a3150.00""
    }
}",,https://www.protruckauctions.co.uk/motorvehicleinspectionreport/standard/6618.pdf,,,
BMW,ebca,24,ProTruck,BMW,1 Series,116d Sport 5dr,413,GV10HCA,15:00,-,11/06/2010,Diesel,2,MANUAL,SILVER,15/06/2026,2,Margin,Here,"£1,000.00",£600.00,£250.00,0.2,,Warranted,15/06/2026,Hatchback,"{'information': {'Keys': '2', 'Service history': 'yes', 'Service documents': 'Service Book', 'Number of stamps': '10', 'Last service date': '20/05/2025', 'Last service miles': '124,250', 'MOT Due': '15/06/2026', 'Former Keepers': '2', 'Body Style': 'Hatchback', 'Hubs': 'Alloy', 'BHP': '114', 'Gross Weight': '1830', 'Euro Status': '4', 'Euro': '4', 'CO2': '118', 'MPG Combined': '64.2', 'MPG Urban': '53.3', 'MPG Extra Urban': '72.4'}}","{
    ""Interior"": {
        ""Registration"": ""GV10HCA"",
        ""Registered"": ""11/06/2010"",
        ""Miles"": ""129,795 Miles"",
        ""Miles Warranted"": ""Warranted"",
        ""Former Keepers"": ""2"",
        ""Fuel"": ""Diesel"",
        ""Transmission"": ""MANUAL"",
        ""Colour"": ""SILVER"",
        ""VAT"": ""Margin"",
        ""MOT"": ""15/06/2026"",
        ""V5"": ""Here"",
        ""Keys"": ""2"",
        ""CC"": ""1995"",
        ""Service history"": ""Yes"",
        ""Service documents"": ""Service Book"",
        ""Number of stamps"": ""10"",
        ""Last service date"": ""20/05/2025"",
        ""Last service miles"": ""124,250"",
        ""Vendor"": ""Birchwood Group"",
        ""CAP Clean"": ""\u00a31,000.00"",
        ""CAP Average"": ""\u00a3600.00"",
        ""CAP Below"": ""\u00a3250.00""
    }
}",,https://www.protruckauctions.co.uk/motorvehicleinspectionreport/standard/6799.pdf,,,
Nissan,ebca,24,ProTruck,Nissan,Qashqai,1.5 dCi Tekna 5dr,336,GV14DMO,15:00,-,26/06/2014,Diesel,2,MANUAL,BLACK,18/06/2026,2,Margin,Here,"£2,975.00","£2,450.00","£1,950.00",0.1,,Warranted,18/06/2026,Hatchback,"{'information': {'Keys': '2', 'Service history': 'yes', 'Service documents': 'Service Book', 'Number of stamps': '11', 'Last service date': '29/05/2025', 'Last service miles': '105,586', 'MOT Due': '18/06/2026', 'Former Keepers': '2', 'Body Style': 'Hatchback', 'Hubs': 'Alloy', 'BHP': '108', 'Gross Weight': '1930', 'Euro Status': '5', 'Euro': '5', 'CO2': '99', 'MPG Combined': '74.3', 'MPG Urban': '57.7', 'MPG Extra Urban': '80.7'}}","{
    ""Interior"": {
        ""Registration"": ""GV14DMO"",
        ""Registered"": ""26/06/2014"",
        ""Miles"": ""111,535 Miles"",
        ""Miles Warranted"": ""Warranted"",
        ""Former Keepers"": ""2"",
        ""Fuel"": ""Diesel"",
        ""Transmission"": ""MANUAL"",
        ""Colour"": ""BLACK"",
        ""VAT"": ""Margin"",
        ""MOT"": ""18/06/2026"",
        ""V5"": ""Here"",
        ""Keys"": ""2"",
        ""CC"": ""1461"",
        ""Service history"": ""Yes"",
        ""Service documents"": ""Service Book"",
        ""Number of stamps"": ""11"",
        ""Last service date"": ""29/05/2025"",
        ""Last service miles"": ""105,586"",
        ""Vendor"": ""Yeomans Group"",
        ""CAP Clean"": ""\u00a32,975.00"",
        ""CAP Average"": ""\u00a32,450.00"",
        ""CAP Below"": ""\u00a31,950.00""
    }
}",,https://www.protruckauctions.co.uk/motorvehicleinspectionreport/standard/6513.pdf,,,
Ford,ebca,24,ProTruck,Ford,Ecosport,1.0 EcoBoost Titanium 5dr,411,GV15LTT,15:00,-,26/06/2015,Petrol,1,MANUAL,BLUE,24/07/2026,2,Margin,Here,"£1,850.00","£1,450.00","£1,050.00",0.1,,Warranted,24/07/2026,Hatchback,"{'information': {'Keys': '2', 'Service history': 'yes', 'Service documents': 'Service Book', 'Number of stamps': '6', 'Last service date': '22/07/2024', 'Last service miles': '74,974', 'MOT Due': '24/07/2026', 'Former Keepers': '1', 'Body Style': 'Hatchback', 'Hubs': 'Alloy', 'BHP': '123', 'Gross Weight': '1715', 'Euro Status': '5', 'Euro': '5', 'CO2': '125', 'MPG Combined': '53.3', 'MPG Urban': '42.8', 'MPG Extra Urban': '60.1'}}","{
    ""Interior"": {
        ""Registration"": ""GV15LTT"",
        ""Registered"": ""26/06/2015"",
        ""Miles"": ""86,353 Miles"",
        ""Miles Warranted"": ""Warranted"",
        ""Former Keepers"": ""1"",
        ""Fuel"": ""Petrol"",
        ""Transmission"": ""MANUAL"",
        ""Colour"": ""BLUE"",
        ""VAT"": ""Margin"",
        ""MOT"": ""24/07/2026"",
        ""V5"": ""Here"",
        ""Keys"": ""2"",
        ""CC"": ""998"",
        ""Service history"": ""Yes"",
        ""Service documents"": ""Service Book"",
        ""Number of stamps"": ""6"",
        ""Last service date"": ""22/07/2024"",
        ""Last service miles"": ""74,974"",
        ""Vendor"": ""Birchwood Group"",
        ""CAP Clean"": ""\u00a31,850.00"",
        ""CAP Average"": ""\u00a31,450.00"",
        ""CAP Below"": ""\u00a31,050.00""
    }
}",,https://www.protruckauctions.co.uk/motorvehicleinspectionreport/standard/6839.pdf,,,
Renault,ebca,24,ProTruck,Renault,Kadjar,1.5 dCi Dynamique S Nav 5dr,279,GV16GZM,15:00,-,20/06/2016,Diesel,,MANUAL,BLUE,29/06/2026,2,Margin,Here,"£3,575.00","£3,050.00","£2,525.00",0.1,,Warranted,29/06/2026,Hatchback,"{'information': {'Keys': '2', 'Service history': 'yes', 'Service documents': 'Service Book', 'Number of stamps': '4', 'Last service date': '17/10/2025', 'Last service miles': '85,533', 'MOT Due': '29/06/2026', 'Body Style': 'Hatchback', 'Hubs': 'Alloy', 'BHP': '109', 'Gross Weight': '1924', 'Euro Status': '6', 'Euro': '6', 'CO2': '103', 'MPG Combined': '72.4', 'MPG Urban': '67.3', 'MPG Extra Urban': '74.3'}}","{
    ""Interior"": {
        ""Registration"": ""GV16GZM"",
        ""Registered"": ""20/06/2016"",
        ""Miles"": ""86,593 Miles"",
        ""Miles Warranted"": ""Warranted"",
        ""Fuel"": ""Diesel"",
        ""Transmission"": ""MANUAL"",
        ""Colour"": ""BLUE"",
        ""VAT"": ""Margin"",
        ""MOT"": ""29/06/2026"",
        ""V5"": ""Here"",
        ""Keys"": ""2"",
        ""CC"": ""1461"",
        ""Service history"": ""Yes"",
        ""Service documents"": ""Service Book"",
        ""Number of stamps"": ""4"",
        ""Last service date"": ""17/10/2025"",
        ""Last service miles"": ""85,533"",
        ""Vendor"": ""Birchwood Group"",
        ""CAP Clean"": ""\u00a33,575.00"",
        ""CAP Average"": ""\u00a33,050.00"",
        ""CAP Below"": ""\u00a32,525.00""
    }
}",,https://www.protruckauctions.co.uk/motorvehicleinspectionreport/standard/6480.pdf,,,
Kia,ebca,24,ProTruck,Kia,Picanto,1.0 1 5dr,274,GV17HNP,15:00,-,03/08/2017,Petrol,1,MANUAL,BLUE,02/08/2026,2,Margin,Here,"£3,725.00","£3,200.00","£2,675.00",0.1,,Warranted,02/08/2026,Hatchback,"{'information': {'Keys': '2', 'Service history': 'yes', 'Service documents': 'Service Book', 'Number of stamps': '9', 'Last service date': '06/02/2025', 'Last service miles': '79,552', 'MOT Due': '02/08/2026', 'Former Keepers': '1', 'Body Style': 'Hatchback', 'Hubs': 'Steel', 'BHP': '66', 'Gross Weight': '1400', 'Euro Status': '6', 'Euro': '6', 'CO2': '101', 'MPG Combined': '64.2', 'MPG Urban': '50.4', 'MPG Extra Urban': '76.4'}}","{
    ""Interior"": {
        ""Registration"": ""GV17HNP"",
        ""Registered"": ""03/08/2017"",
        ""Miles"": ""81,747 Miles"",
        ""Miles Warranted"": ""Warranted"",
        ""Former Keepers"": ""1"",
        ""Fuel"": ""Petrol"",
        ""Transmission"": ""MANUAL"",
        ""Colour"": ""BLUE"",
        ""VAT"": ""Margin"",
        ""MOT"": ""02/08/2026"",
        ""V5"": ""Here"",
        ""Keys"": ""2"",
        ""CC"": ""998"",
        ""Service history"": ""Yes"",
        ""Service documents"": ""Service Book"",
        ""Number of stamps"": ""9"",
        ""Last service date"": ""06/02/2025"",
        ""Last service miles"": ""79,552"",
        ""Vendor"": ""Birchwood Group"",
        ""CAP Clean"": ""\u00a33,725.00"",
        ""CAP Average"": ""\u00a33,200.00"",
        ""CAP Below"": ""\u00a32,675.00""
    }
}",,https://www.protruckauctions.co.uk/motorvehicleinspectionreport/standard/6463.pdf,,,
Ford,ebca,24,ProTruck,Ford,C-Max,1.0 EcoBoost 125 Titanium 5dr,278,GV18TWK,15:00,-,30/06/2018,Petrol,1,MANUAL,BLACK,12/07/2026,2,Margin,Here,"£3,475.00","£2,900.00","£2,350.00",0.1,,Warranted,12/07/2026,MPV,"{'information': {'Keys': '2', 'Service history': 'yes', 'Service documents': 'Service Book', 'Number of stamps': '6', 'Last service date': '01/07/2025', 'Last service miles': '65,245', 'MOT Due': '12/07/2026', 'Former Keepers': '1', 'Body Style': 'MPV', 'Hubs': 'Alloy', 'BHP': '123', 'Gross Weight': '1900', 'Euro Status': '6', 'Euro': '6', 'CO2': '131', 'MPG Combined': '40.4', 'MPG Urban': '41.5', 'MPG Extra Urban': '54.3'}}","{
    ""Interior"": {
        ""Registration"": ""GV18TWK"",
        ""Registered"": ""30/06/2018"",
        ""Miles"": ""69,600 Miles"",
        ""Miles Warranted"": ""Warranted"",
        ""Former Keepers"": ""1"",
        ""Fuel"": ""Petrol"",
        ""Transmission"": ""MANUAL"",
        ""Colour"": ""BLACK"",
        ""VAT"": ""Margin"",
        ""MOT"": ""12/07/2026"",
        ""V5"": ""Here"",
        ""Keys"": ""2"",
        ""CC"": ""999"",
        ""Service history"": ""Yes"",
        ""Service documents"": ""Service Book"",
        ""Number of stamps"": ""6"",
        ""Last service date"": ""01/07/2025"",
        ""Last service miles"": ""65,245"",
        ""Vendor"": ""Caffyns Group"",
        ""CAP Clean"": ""\u00a33,475.00"",
        ""CAP Average"": ""\u00a32,900.00"",
        ""CAP Below"": ""\u00a32,350.00""
    }
}",,https://www.protruckauctions.co.uk/motorvehicleinspectionreport/standard/6481.pdf,,,
Toyota,ebca,24,ProTruck,Toyota,Auris,1.6 V-Matic Icon 5dr,388,GX63BOU,15:00,-,30/09/2013,Petrol,2,MANUAL,SILVER,09/02/2026,2,Margin,Here,"£2,800.00","£2,350.00","£1,900.00",0.2,,Warranted,09/02/2026,Hatchback,"{'information': {'Keys': '2', 'Service history': 'yes', 'Service documents': 'Service Book', 'Number of stamps': '10', 'Last service date': '30/11/2021', 'Last service miles': '69,195', 'MOT Due': '09/02/2026', 'Former Keepers': '2', 'Body Style': 'Hatchback', 'Hubs': 'Alloy', 'BHP': '130', 'Gross Weight': '1805', 'Euro Status': '5', 'Euro': '5', 'CO2': '138', 'MPG Combined': '47.9', 'MPG Urban': '35.8', 'MPG Extra Urban': '58.9'}}","{
    ""Interior"": {
        ""Registration"": ""GX63BOU"",
        ""Registered"": ""30/09/2013"",
        ""Miles"": ""114,098 Miles"",
        ""Miles Warranted"": ""Warranted"",
        ""Former Keepers"": ""2"",
        ""Fuel"": ""Petrol"",
        ""Transmission"": ""MANUAL"",
        ""Colour"": ""SILVER"",
        ""VAT"": ""Margin"",
        ""MOT"": ""09/02/2026"",
        ""V5"": ""Here"",
        ""Keys"": ""2"",
        ""CC"": ""1598"",
        ""Service history"": ""Yes"",
        ""Service documents"": ""Service Book"",
        ""Number of stamps"": ""10"",
        ""Last service date"": ""30/11/2021"",
        ""Last service miles"": ""69,195"",
        ""Vendor"": ""Yeomans Group"",
        ""CAP Clean"": ""\u00a32,800.00"",
        ""CAP Average"": ""\u00a32,350.00"",
        ""CAP Below"": ""\u00a31,900.00""
    }
}",,https://www.protruckauctions.co.uk/motorvehicleinspectionreport/standard/6548.pdf,,,
Ford,ebca,24,ProTruck,Ford,Fiesta,1.6 Zetec 5dr Powershift,269,GX63FMO,15:00,-,03/09/2013,Petrol,2,AUTOMATIC,SILVER,04/10/2026,2,Margin,Here,"£3,600.00","£3,025.00","£2,525.00",0.2,,Warranted,04/10/2026,Hatchback,"{'information': {'Keys': '2', 'Service history': 'yes', 'Service documents': 'Service Book', 'Number of stamps': '8', 'Last service date': '22/09/2025', 'Last service miles': '65,798', 'MOT Due': '04/10/2026', 'Former Keepers': '2', 'Body Style': 'Hatchback', 'Hubs': 'Alloy', 'BHP': '104', 'Gross Weight': '1565', 'Euro Status': '5', 'Euro': '5', 'CO2': '138', 'MPG Combined': '47.9', 'MPG Urban': '33.6', 'MPG Extra Urban': '62.8'}}","{
    ""Interior"": {
        ""Registration"": ""GX63FMO"",
        ""Registered"": ""03/09/2013"",
        ""Miles"": ""67,033 Miles"",
        ""Miles Warranted"": ""Warranted"",
        ""Former Keepers"": ""2"",
        ""Fuel"": ""Petrol"",
        ""Transmission"": ""AUTOMATIC"",
        ""Colour"": ""SILVER"",
        ""VAT"": ""Margin"",
        ""MOT"": ""04/10/2026"",
        ""V5"": ""Here"",
        ""Keys"": ""2"",
        ""CC"": ""1596"",
        ""Service history"": ""Yes"",
        ""Service documents"": ""Service Book"",
        ""Number of stamps"": ""8"",
        ""Last service date"": ""22/09/2025"",
        ""Last service miles"": ""65,798"",
        ""Vendor"": ""St Leonards Motor Group"",
        ""CAP Clean"": ""\u00a33,600.00"",
        ""CAP Average"": ""\u00a33,025.00"",
        ""CAP Below"": ""\u00a32,525.00""
    }
}",,https://www.protruckauctions.co.uk/motorvehicleinspectionreport/standard/6739.pdf,,,
Ford,ebca,24,ProTruck,Ford,Focus,1.0 125 EcoBoost Titanium 5dr,256,GX63FNG,15:00,-,12/09/2013,Petrol,1,MANUAL,SILVER,20/03/2026,2,Margin,Here,"£1,450.00","£1,050.00",£650.00,0.1,,Warranted,20/03/2026,Hatchback,"{'information': {'Keys': '2', 'Service history': 'yes', 'Service documents': 'Service Book', 'Number of stamps': '11', 'Last service date': '25/02/2025', 'Last service miles': '91,546', 'MOT Due': '20/03/2026', 'Former Keepers': '1', 'Body Style': 'Hatchback', 'Hubs': 'Alloy', 'BHP': '123', 'Gross Weight': '1900', 'Euro Status': '5', 'Euro': '5', 'CO2': '114', 'MPG Combined': '58.9', 'MPG Urban': '44.8', 'MPG Extra Urban': '67.3'}}","{
    ""Interior"": {
        ""Registration"": ""GX63FNG"",
        ""Registered"": ""12/09/2013"",
        ""Miles"": ""96,807 Miles"",
        ""Miles Warranted"": ""Warranted"",
        ""Former Keepers"": ""1"",
        ""Fuel"": ""Petrol"",
        ""Transmission"": ""MANUAL"",
        ""Colour"": ""SILVER"",
        ""VAT"": ""Margin"",
        ""MOT"": ""20/03/2026"",
        ""V5"": ""Here"",
        ""Keys"": ""2"",
        ""CC"": ""998"",
        ""Service history"": ""Yes"",
        ""Service documents"": ""Service Book"",
        ""Number of stamps"": ""11"",
        ""Last service date"": ""25/02/2025"",
        ""Last service miles"": ""91,546"",
        ""Vendor"": ""Yeomans Group"",
        ""CAP Clean"": ""\u00a31,450.00"",
        ""CAP Average"": ""\u00a31,050.00"",
        ""CAP Below"": ""\u00a3650.00""
    }
}",,https://www.protruckauctions.co.uk/motorvehicleinspectionreport/standard/6778.pdf,,,
Seat,ebca,24,ProTruck,Seat,Leon,1.4 TSI 125 SE 5dr [Technology Pack],367,GX64UEC,15:00,-,15/09/2014,Petrol,1,MANUAL,BLACK,05/08/2026,2,Margin,Here,"£2,700.00","£2,250.00","£1,750.00",0.1,,Warranted,05/08/2026,Hatchback,"{'information': {'Keys': '2', 'Service history': 'yes', 'Service documents': 'Service Book', 'Number of stamps': '5', 'Last service date': '07/01/2025', 'Last service miles': '119,027', 'MOT Due': '05/08/2026', 'Former Keepers': '1', 'Body Style': 'Hatchback', 'Hubs': 'Alloy', 'BHP': '123', 'Gross Weight': '1770', 'Euro Status': '6', 'Euro': '6', 'CO2': '120', 'MPG Combined': '54.3', 'MPG Urban': '43.5', 'MPG Extra Urban': '64.2'}}","{
    ""Interior"": {
        ""Registration"": ""GX64UEC"",
        ""Registered"": ""15/09/2014"",
        ""Miles"": ""131,067 Miles"",
        ""Miles Warranted"": ""Warranted"",
        ""Former Keepers"": ""1"",
        ""Fuel"": ""Petrol"",
        ""Transmission"": ""MANUAL"",
        ""Colour"": ""BLACK"",
        ""VAT"": ""Margin"",
        ""MOT"": ""05/08/2026"",
        ""V5"": ""Here"",
        ""Keys"": ""2"",
        ""CC"": ""1395"",
        ""Service history"": ""Yes"",
        ""Service documents"": ""Service Book"",
        ""Number of stamps"": ""5"",
        ""Last service date"": ""07/01/2025"",
        ""Last service miles"": ""119,027"",
        ""Vendor"": ""Caffyns Group"",
        ""CAP Clean"": ""\u00a32,700.00"",
        ""CAP Average"": ""\u00a32,250.00"",
        ""CAP Below"": ""\u00a31,750.00""
    }
}",,https://www.protruckauctions.co.uk/motorvehicleinspectionreport/standard/6656.pdf,,,
Audi,ebca,24,ProTruck,Audi,A3,1.4 TFSI Sport 5dr [Start Stop],368,GY10CGV,15:00,-,19/04/2010,Petrol,1,MANUAL,BLACK,12/02/2026,1,Margin,Here,"£2,250.00","£1,800.00","£1,375.00",0.1,,Warranted,12/02/2026,Hatchback,"{'information': {'Keys': '1', 'Service history': 'yes', 'Service documents': 'Service Book', 'Number of stamps': '10', 'Last service date': '10/02/2023', 'Last service miles': '73,594', 'MOT Due': '12/02/2026', 'Former Keepers': '1', 'Body Style': 'Hatchback', 'Hubs': 'Alloy', 'BHP': '123', 'Gross Weight': '1855', 'Euro Status': '5', 'Euro': '5', 'CO2': '134', 'MPG Combined': '48.7', 'MPG Urban': '38.7', 'MPG Extra Urban': '57.7'}}","{
    ""Interior"": {
        ""Registration"": ""GY10CGV"",
        ""Registered"": ""19/04/2010"",
        ""Miles"": ""81,793 Miles"",
        ""Miles Warranted"": ""Warranted"",
        ""Former Keepers"": ""1"",
        ""Fuel"": ""Petrol"",
        ""Transmission"": ""MANUAL"",
        ""Colour"": ""BLACK"",
        ""VAT"": ""Margin"",
        ""MOT"": ""12/02/2026"",
        ""V5"": ""Here"",
        ""Keys"": ""1"",
        ""CC"": ""1390"",
        ""Service history"": ""Yes"",
        ""Service documents"": ""Service Book"",
        ""Number of stamps"": ""10"",
        ""Last service date"": ""10/02/2023"",
        ""Last service miles"": ""73,594"",
        ""Vendor"": ""Birchwood Group"",
        ""CAP Clean"": ""\u00a32,250.00"",
        ""CAP Average"": ""\u00a31,800.00"",
        ""CAP Below"": ""\u00a31,375.00""
    }
}",,https://www.protruckauctions.co.uk/motorvehicleinspectionreport/standard/6796.pdf,,,
Mazda,ebca,24,ProTruck,Mazda,6,2.0 TS2 5dr,373,GY12DKD,15:00,-,31/03/2012,Petrol,1,MANUAL,GREY,25/04/2026,2,Margin,Here,£930.00,£530.00,£150.00,0.2,,Warranted,25/04/2026,Hatchback,"{'information': {'Keys': '2', 'Service history': 'yes', 'Service documents': 'Printout', 'Number of stamps': '8', 'Last service date': '07/06/2025', 'Last service miles': '132,680', 'MOT Due': '25/04/2026', 'Former Keepers': '1', 'Body Style': 'Hatchback', 'Hubs': 'Alloy', 'BHP': '155', 'Gross Weight': '1955', 'Euro Status': '5', 'Euro': '5', 'CO2': '159', 'MPG Combined': '40.9', 'MPG Urban': '29.4', 'MPG Extra Urban': '53.3'}}","{
    ""Interior"": {
        ""Registration"": ""GY12DKD"",
        ""Registered"": ""31/03/2012"",
        ""Miles"": ""140,751 Miles"",
        ""Miles Warranted"": ""Warranted"",
        ""Former Keepers"": ""1"",
        ""Fuel"": ""Petrol"",
        ""Transmission"": ""MANUAL"",
        ""Colour"": ""GREY"",
        ""VAT"": ""Margin"",
        ""MOT"": ""25/04/2026"",
        ""V5"": ""Here"",
        ""Keys"": ""2"",
        ""CC"": ""1999"",
        ""Service history"": ""Yes"",
        ""Service documents"": ""Printout"",
        ""Number of stamps"": ""8"",
        ""Last service date"": ""07/06/2025"",
        ""Last service miles"": ""132,680"",
        ""Vendor"": ""Yeomans Group"",
        ""CAP Clean"": ""\u00a3930.00"",
        ""CAP Average"": ""\u00a3530.00"",
        ""CAP Below"": ""\u00a3150.00""
    }
}",,https://www.protruckauctions.co.uk/motorvehicleinspectionreport/standard/5952.pdf,,,
Toyota,ebca,24,ProTruck,Toyota,Yaris,1.33 VVT-i TR 5dr Multidrive S,252,GY12FZA,15:00,-,28/03/2012,Petrol,,CVT,GREY,29/03/2026,2,Margin,Here,"£1,875.00","£1,450.00","£1,000.00",0.1,,Warranted,29/03/2026,Hatchback,"{'information': {'Keys': '2', 'Service history': 'yes', 'Service documents': 'Service Book', 'Number of stamps': '10', 'Last service date': '16/03/2023', 'Last service miles': '145,328', 'MOT Due': '29/03/2026', 'Body Style': 'Hatchback', 'Hubs': 'Alloy', 'BHP': '98', 'Gross Weight': '1480', 'Euro Status': '5', 'Euro': '5', 'CO2': '118', 'MPG Combined': '55.4', 'MPG Urban': '45.6', 'MPG Extra Urban': '62.8'}}","{
    ""Interior"": {
        ""Registration"": ""GY12FZA"",
        ""Registered"": ""28/03/2012"",
        ""Miles"": ""184,417 Miles"",
        ""Miles Warranted"": ""Warranted"",
        ""Fuel"": ""Petrol"",
        ""Transmission"": ""CVT"",
        ""Colour"": ""GREY"",
        ""VAT"": ""Margin"",
        ""MOT"": ""29/03/2026"",
        ""V5"": ""Here"",
        ""Keys"": ""2"",
        ""CC"": ""1329"",
        ""Service history"": ""Yes"",
        ""Service documents"": ""Service Book"",
        ""Number of stamps"": ""10"",
        ""Last service date"": ""16/03/2023"",
        ""Last service miles"": ""145,328"",
        ""Vendor"": ""Yeomans Group"",
        ""CAP Clean"": ""\u00a31,875.00"",
        ""CAP Average"": ""\u00a31,450.00"",
        ""CAP Below"": ""\u00a31,000.00""
    }
}",,https://www.protruckauctions.co.uk/motorvehicleinspectionreport/standard/6543.pdf,,,
Vauxhall,ebca,24,ProTruck,Vauxhall,Meriva,1.3 CDTi Tech Line 5dr,385,GY14CLZ,15:00,-,30/04/2014,Diesel,3,MANUAL,BROWN,15/11/2026,2,Margin,Here,"£1,050.00",£640.00,£275.00,0.1,,Warranted,15/11/2026,MPV,"{'information': {'Keys': '2', 'Service history': 'yes', 'Service documents': 'Service Book', 'Number of stamps': '7', 'Last service date': '13/06/2025', 'Last service miles': '116,428', 'MOT Due': '15/11/2026', 'Former Keepers': '3', 'Body Style': 'MPV', 'Hubs': 'Alloy', 'BHP': '74', 'Gross Weight': '1965', 'Euro Status': '5', 'Euro': '5', 'CO2': '124', 'MPG Combined': '60.1', 'MPG Urban': '50.4', 'MPG Extra Urban': '67.3'}}","{
    ""Interior"": {
        ""Registration"": ""GY14CLZ"",
        ""Registered"": ""30/04/2014"",
        ""Miles"": ""118,811 Miles"",
        ""Miles Warranted"": ""Warranted"",
        ""Former Keepers"": ""3"",
        ""Fuel"": ""Diesel"",
        ""Transmission"": ""MANUAL"",
        ""Colour"": ""BROWN"",
        ""VAT"": ""Margin"",
        ""MOT"": ""15/11/2026"",
        ""V5"": ""Here"",
        ""Keys"": ""2"",
        ""CC"": ""1248"",
        ""Service history"": ""Yes"",
        ""Service documents"": ""Service Book"",
        ""Number of stamps"": ""7"",
        ""Last service date"": ""13/06/2025"",
        ""Last service miles"": ""116,428"",
        ""Vendor"": ""Yeomans Group"",
        ""CAP Clean"": ""\u00a31,050.00"",
        ""CAP Average"": ""\u00a3640.00"",
        ""CAP Below"": ""\u00a3275.00""
    }
}",,https://www.protruckauctions.co.uk/motorvehicleinspectionreport/standard/6234.pdf,,,
Kia,ebca,24,ProTruck,Kia,Sportage,1.6 GDi ISG 2 5dr,362,GY64EFK,15:00,-,24/10/2014,Petrol,1,MANUAL,BLACK,24/07/2026,2,Margin,Here,"£2,175.00","£1,750.00","£1,300.00",0.2,,Warranted,24/07/2026,Estate,"{'information': {'Keys': '2', 'Service history': 'yes', 'Service documents': 'Service Book', 'Number of stamps': '9', 'Last service date': '18/10/2023', 'Last service miles': '95,720', 'MOT Due': '24/07/2026', 'Former Keepers': '1', 'Body Style': 'Estate', 'Hubs': 'Alloy', 'BHP': '133', 'Gross Weight': '1830', 'Euro Status': '5', 'Euro': '5', 'CO2': '149', 'MPG Combined': '44.1', 'MPG Urban': '37.7', 'MPG Extra Urban': '48.7'}}","{
    ""Interior"": {
        ""Registration"": ""GY64EFK"",
        ""Registered"": ""24/10/2014"",
        ""Miles"": ""119,633 Miles"",
        ""Miles Warranted"": ""Warranted"",
        ""Former Keepers"": ""1"",
        ""Fuel"": ""Petrol"",
        ""Transmission"": ""MANUAL"",
        ""Colour"": ""BLACK"",
        ""VAT"": ""Margin"",
        ""MOT"": ""24/07/2026"",
        ""V5"": ""Here"",
        ""Keys"": ""2"",
        ""CC"": ""1591"",
        ""Service history"": ""Yes"",
        ""Service documents"": ""Service Book"",
        ""Number of stamps"": ""9"",
        ""Last service date"": ""18/10/2023"",
        ""Last service miles"": ""95,720"",
        ""Vendor"": ""Birchwood Group"",
        ""CAP Clean"": ""\u00a32,175.00"",
        ""CAP Average"": ""\u00a31,750.00"",
        ""CAP Below"": ""\u00a31,300.00""
    }
}",,https://www.protruckauctions.co.uk/motorvehicleinspectionreport/standard/6419.pdf,,,
Toyota,ebca,24,ProTruck,Toyota,Yaris,1.33 VVT-i Icon 5dr,270,GY64WMU,15:00,-,23/12/2014,Petrol,1,MANUAL,RED,22/12/2026,1,Margin,Here,"£3,275.00","£2,800.00","£2,325.00",0.1,,Warranted,22/12/2026,Hatchback,"{'information': {'Keys': '1', 'Service history': 'yes', 'Service documents': 'Service Book', 'Number of stamps': '10', 'Last service date': '10/02/2025', 'Last service miles': '84,428', 'MOT Due': '22/12/2026', 'Former Keepers': '1', 'Body Style': 'Hatchback', 'Hubs': 'Alloy', 'BHP': '99', 'Euro Status': '5', 'Euro': '5', 'CO2': '114', 'MPG Combined': '57.7', 'MPG Urban': '44.1', 'MPG Extra Urban': '68.9'}}","{
    ""Interior"": {
        ""Registration"": ""GY64WMU"",
        ""Registered"": ""23/12/2014"",
        ""Miles"": ""94,859 Miles"",
        ""Miles Warranted"": ""Warranted"",
        ""Former Keepers"": ""1"",
        ""Fuel"": ""Petrol"",
        ""Transmission"": ""MANUAL"",
        ""Colour"": ""RED"",
        ""VAT"": ""Margin"",
        ""MOT"": ""22/12/2026"",
        ""V5"": ""Here"",
        ""Keys"": ""1"",
        ""CC"": ""1329"",
        ""Service history"": ""Yes"",
        ""Service documents"": ""Service Book"",
        ""Number of stamps"": ""10"",
        ""Last service date"": ""10/02/2025"",
        ""Last service miles"": ""84,428"",
        ""Vendor"": ""St Leonards Motor Group"",
        ""CAP Clean"": ""\u00a33,275.00"",
        ""CAP Average"": ""\u00a32,800.00"",
        ""CAP Below"": ""\u00a32,325.00""
    }
}",,https://www.protruckauctions.co.uk/motorvehicleinspectionreport/standard/6383.pdf,,,
Nissan,ebca,24,ProTruck,Nissan,Qashqai,1.5 dCi N-Tec+ 5dr,291,GY65XEP,15:00,-,30/11/2015,Diesel,1,MANUAL,SILVER,13/12/2026,2,Margin,Here,"£2,525.00","£2,100.00","£1,650.00",0.1,,Warranted,13/12/2026,Hatchback,"{'information': {'Keys': '2', 'Service history': 'yes', 'Service documents': 'Service Book', 'Number of stamps': '4', 'Last service date': '18/09/2020', 'Last service miles': '80,748', 'MOT Due': '13/12/2026', 'Former Keepers': '1', 'Body Style': 'Hatchback', 'Hubs': 'Alloy', 'BHP': '108', 'Gross Weight': '1910', 'Euro Status': '6', 'Euro': '6', 'CO2': '103', 'MPG Combined': '74.3', 'MPG Urban': '67.3', 'MPG Extra Urban': '78.5'}}","{
    ""Interior"": {
        ""Registration"": ""GY65XEP"",
        ""Registered"": ""30/11/2015"",
        ""Miles"": ""138,574 Miles"",
        ""Miles Warranted"": ""Warranted"",
        ""Former Keepers"": ""1"",
        ""Fuel"": ""Diesel"",
        ""Transmission"": ""MANUAL"",
        ""Colour"": ""SILVER"",
        ""VAT"": ""Margin"",
        ""MOT"": ""13/12/2026"",
        ""V5"": ""Here"",
        ""Keys"": ""2"",
        ""CC"": ""1461"",
        ""Service history"": ""Yes"",
        ""Service documents"": ""Service Book"",
        ""Number of stamps"": ""4"",
        ""Last service date"": ""18/09/2020"",
        ""Last service miles"": ""80,748"",
        ""Vendor"": ""St Leonards Motor Group"",
        ""CAP Clean"": ""\u00a32,525.00"",
        ""CAP Average"": ""\u00a32,100.00"",
        ""CAP Below"": ""\u00a31,650.00""
    }
}",,https://www.protruckauctions.co.uk/motorvehicleinspectionreport/standard/6790.pdf,,,
Mercedes-Benz,ebca,24,ProTruck,Mercedes-Benz,C Class,C320 CDI ELEGANCE,307,HD57MRX,15:00,-,24/09/2007,Diesel,1,AUTOMATIC,SILVER,23/02/2026,2,Margin,Here,"£1,150.00",£740.00,£350.00,0.3,,Warranted,23/02/2026,Saloon,"{'information': {'Keys': '2', 'Service history': 'yes', 'Service documents': 'Service Book', 'Number of stamps': '14', 'Last service date': '01/03/2023', 'Last service miles': '113,446', 'MOT Due': '23/02/2026', 'Former Keepers': '1', 'Body Style': 'Saloon', 'Hubs': 'Alloy', 'BHP': '221', 'Gross Weight': '2185', 'Euro Status': '4', 'Euro': '4', 'CO2': '193', 'MPG Combined': '37.7', 'MPG Urban': '27.4', 'MPG Extra Urban': '47.9'}}","{
    ""Interior"": {
        ""Registration"": ""HD57MRX"",
        ""Registered"": ""24/09/2007"",
        ""Miles"": ""132,790 Miles"",
        ""Miles Warranted"": ""Warranted"",
        ""Former Keepers"": ""1"",
        ""Fuel"": ""Diesel"",
        ""Transmission"": ""AUTOMATIC"",
        ""Colour"": ""SILVER"",
        ""VAT"": ""Margin"",
        ""MOT"": ""23/02/2026"",
        ""V5"": ""Here"",
        ""Keys"": ""2"",
        ""CC"": ""2987"",
        ""Service history"": ""Yes"",
        ""Service documents"": ""Service Book"",
        ""Number of stamps"": ""14"",
        ""Last service date"": ""01/03/2023"",
        ""Last service miles"": ""113,446"",
        ""Vendor"": ""Yeomans Group"",
        ""CAP Clean"": ""\u00a31,150.00"",
        ""CAP Average"": ""\u00a3740.00"",
        ""CAP Below"": ""\u00a3350.00""
    }
}",,https://www.protruckauctions.co.uk/motorvehicleinspectionreport/standard/6540.pdf,,,
Nissan,ebca,24,ProTruck,Nissan,Qashqai,1.2 DiG-T Acenta Premium 5dr,370,HG64HGD,15:00,-,31/12/2014,Petrol,1,MANUAL,BLUE,-,2,Margin,Here,"£2,675.00","£2,200.00","£1,725.00",0.1,,Warranted,,Hatchback,"{'information': {'Keys': '2', 'Service history': 'yes', 'Service documents': 'Printout', 'Number of stamps': '3', 'Last service date': '13/01/2023', 'Last service miles': '63,758', 'Former Keepers': '1', 'Body Style': 'Hatchback', 'Hubs': 'Alloy', 'BHP': '113', 'Gross Weight': '1830', 'Euro Status': '5', 'Euro': '5', 'CO2': '129', 'MPG Combined': '50.4', 'MPG Urban': '42.2', 'MPG Extra Urban': '55.4'}}","{
    ""Interior"": {
        ""Registration"": ""HG64HGD"",
        ""Registered"": ""31/12/2014"",
        ""Miles"": ""93,102 Miles"",
        ""Miles Warranted"": ""Warranted"",
        ""Former Keepers"": ""1"",
        ""Fuel"": ""Petrol"",
        ""Transmission"": ""MANUAL"",
        ""Colour"": ""BLUE"",
        ""VAT"": ""Margin"",
        ""MOT"": ""-"",
        ""V5"": ""Here"",
        ""Keys"": ""2"",
        ""CC"": ""1198"",
        ""Service history"": ""Yes"",
        ""Service documents"": ""Printout"",
        ""Number of stamps"": ""3"",
        ""Last service date"": ""13/01/2023"",
        ""Last service miles"": ""63,758"",
        ""Vendor"": ""Birchwood Group"",
        ""CAP Clean"": ""\u00a32,675.00"",
        ""CAP Average"": ""\u00a32,200.00"",
        ""CAP Below"": ""\u00a31,725.00""
    }
}",,https://www.protruckauctions.co.uk/motorvehicleinspectionreport/standard/6519.pdf,,,
Nissan,ebca,24,ProTruck,Nissan,Qashqai,1.5 dCi [110] Tekna 5dr,389,HK11KGG,15:00,-,29/07/2011,Diesel,3,MANUAL,BLACK,-,2,Margin,Here,£970.00,£570.00,£200.00,0.1,,Warranted,,Hatchback,"{'information': {'Keys': '2', 'Service history': 'yes', 'Service documents': 'Service Book', 'Number of stamps': '8', 'Last service date': '25/06/2025', 'Last service miles': '111,322', 'Former Keepers': '3', 'Body Style': 'Hatchback', 'Hubs': 'Alloy', 'BHP': '110', 'Gross Weight': '1930', 'Euro Status': '5', 'Euro': '5', 'CO2': '137', 'MPG Combined': '54.3', 'MPG Urban': '44.8', 'MPG Extra Urban': '61.4'}}","{
    ""Interior"": {
        ""Registration"": ""HK11KGG"",
        ""Registered"": ""29/07/2011"",
        ""Miles"": ""113,335 Miles"",
        ""Miles Warranted"": ""Warranted"",
        ""Former Keepers"": ""3"",
        ""Fuel"": ""Diesel"",
        ""Transmission"": ""MANUAL"",
        ""Colour"": ""BLACK"",
        ""VAT"": ""Margin"",
        ""MOT"": ""-"",
        ""V5"": ""Here"",
        ""Keys"": ""2"",
        ""CC"": ""1461"",
        ""Service history"": ""Yes"",
        ""Service documents"": ""Service Book"",
        ""Number of stamps"": ""8"",
        ""Last service date"": ""25/06/2025"",
        ""Last service miles"": ""111,322"",
        ""Vendor"": ""St Leonards Motor Group"",
        ""CAP Clean"": ""\u00a3970.00"",
        ""CAP Average"": ""\u00a3570.00"",
        ""CAP Below"": ""\u00a3200.00""
    }
}",,https://www.protruckauctions.co.uk/motorvehicleinspectionreport/standard/6707.pdf,,,
Nissan,ebca,24,ProTruck,Nissan,Leaf,80kW Acenta 24kWh 5dr Auto,267,HK15VPA,15:00,-,27/07/2015,Electric,1,AUTOMATIC,RED,18/06/2026,2,Margin,Here,"£2,125.00","£1,875.00","£1,600.00",,,Warranted,18/06/2026,Hatchback,"{'information': {'Keys': '2', 'Service history': 'yes', 'Service documents': 'Service Book', 'Number of stamps': '9', 'Last service date': '19/06/2025', 'Last service miles': '34,291', 'MOT Due': '18/06/2026', 'Former Keepers': '1', 'Body Style': 'Hatchback', 'Hubs': 'Alloy', 'BHP': '107', 'Gross Weight': '1945', 'Euro Status': '5', 'Euro': '5'}}","{
    ""Interior"": {
        ""Registration"": ""HK15VPA"",
        ""Registered"": ""27/07/2015"",
        ""Miles"": ""35,066 Miles"",
        ""Miles Warranted"": ""Warranted"",
        ""Former Keepers"": ""1"",
        ""Fuel"": ""Electric"",
        ""Transmission"": ""AUTOMATIC"",
        ""Colour"": ""RED"",
        ""VAT"": ""Margin"",
        ""MOT"": ""18/06/2026"",
        ""V5"": ""Here"",
        ""Keys"": ""2"",
        ""CC"": """",
        ""Service history"": ""Yes"",
        ""Service documents"": ""Service Book"",
        ""Number of stamps"": ""9"",
        ""Last service date"": ""19/06/2025"",
        ""Last service miles"": ""34,291"",
        ""Vendor"": ""Smile Cars Ltd"",
        ""CAP Clean"": ""\u00a32,125.00"",
        ""CAP Average"": ""\u00a31,875.00"",
        ""CAP Below"": ""\u00a31,600.00""
    }
}",,https://www.protruckauctions.co.uk/motorvehicleinspectionreport/standard/6252.pdf,,,
Ford,ebca,24,ProTruck,Ford,Focus,1.6 125 Zetec 5dr Powershift,304,HN62YDY,15:00,-,24/12/2012,Petrol,2,AUTOMATIC,SILVER,01/11/2026,2,Margin,Here,"£2,475.00","£2,025.00","£1,575.00",0.2,,Warranted,01/11/2026,Estate,"{'information': {'Keys': '2', 'Service history': 'yes', 'Service documents': 'Service Book', 'Number of stamps': '9', 'Last service date': '21/06/2024', 'Last service miles': '66,478', 'MOT Due': '01/11/2026', 'Former Keepers': '2', 'Body Style': 'Estate', 'Hubs': 'Alloy', 'BHP': '123', 'Gross Weight': '1825', 'Euro Status': '5', 'Euro': '5', 'CO2': '149', 'MPG Combined': '44.1', 'MPG Urban': '30.4', 'MPG Extra Urban': '58.9'}}","{
    ""Interior"": {
        ""Registration"": ""HN62YDY"",
        ""Registered"": ""24/12/2012"",
        ""Miles"": ""73,508 Miles"",
        ""Miles Warranted"": ""Warranted"",
        ""Former Keepers"": ""2"",
        ""Fuel"": ""Petrol"",
        ""Transmission"": ""AUTOMATIC"",
        ""Colour"": ""SILVER"",
        ""VAT"": ""Margin"",
        ""MOT"": ""01/11/2026"",
        ""V5"": ""Here"",
        ""Keys"": ""2"",
        ""CC"": ""1596"",
        ""Service history"": ""Yes"",
        ""Service documents"": ""Service Book"",
        ""Number of stamps"": ""9"",
        ""Last service date"": ""21/06/2024"",
        ""Last service miles"": ""66,478"",
        ""Vendor"": ""Yeomans Group"",
        ""CAP Clean"": ""\u00a32,475.00"",
        ""CAP Average"": ""\u00a32,025.00"",
        ""CAP Below"": ""\u00a31,575.00""
    }
}",,https://www.protruckauctions.co.uk/motorvehicleinspectionreport/standard/5944.pdf,,,
Fiat,ebca,24,ProTruck,Fiat,500x,1.6 E-torQ Lounge 5dr [Start Stop],381,HN66OJZ,15:00,-,26/11/2016,Petrol,1,MANUAL,GREY,21/10/2026,1,Margin,Here,"£3,075.00","£2,600.00","£2,125.00",0.2,,Warranted,21/10/2026,Hatchback,"{'information': {'Keys': '1', 'Service history': 'yes', 'Service documents': 'Service Book', 'Number of stamps': '8', 'Last service date': '18/11/2025', 'Last service miles': '103,754', 'MOT Due': '21/10/2026', 'Former Keepers': '1', 'Body Style': 'Hatchback', 'Hubs': 'Alloy', 'BHP': '108', 'Euro Status': '6', 'Euro': '6', 'CO2': '139', 'MPG Combined': '47.1', 'MPG Urban': '36.2', 'MPG Extra Urban': '56.5'}}","{
    ""Interior"": {
        ""Registration"": ""HN66OJZ"",
        ""Registered"": ""26/11/2016"",
        ""Miles"": ""106,212 Miles"",
        ""Miles Warranted"": ""Warranted"",
        ""Former Keepers"": ""1"",
        ""Fuel"": ""Petrol"",
        ""Transmission"": ""MANUAL"",
        ""Colour"": ""GREY"",
        ""VAT"": ""Margin"",
        ""MOT"": ""21/10/2026"",
        ""V5"": ""Here"",
        ""Keys"": ""1"",
        ""CC"": ""1598"",
        ""Service history"": ""Yes"",
        ""Service documents"": ""Service Book"",
        ""Number of stamps"": ""8"",
        ""Last service date"": ""18/11/2025"",
        ""Last service miles"": ""103,754"",
        ""Vendor"": ""Birchwood Group"",
        ""CAP Clean"": ""\u00a33,075.00"",
        ""CAP Average"": ""\u00a32,600.00"",
        ""CAP Below"": ""\u00a32,125.00""
    }
}",,https://www.protruckauctions.co.uk/motorvehicleinspectionreport/standard/6720.pdf,,,
Renault,ebca,24,ProTruck,Renault,Megane,2.0 VVT Privilege 2dr,392,HS04MWY,15:00,-,24/07/2004,Petrol,,MANUAL,GREY,24/07/2026,2,Margin,Here,£450.00,£150.00,£150.00,0.2,,Warranted,24/07/2026,Convertible,"{'information': {'Keys': '2', 'Service history': 'yes', 'Service documents': 'Service Book', 'Number of stamps': '16', 'Last service date': '10/07/2025', 'Last service miles': '38,509', 'MOT Due': '24/07/2026', 'Body Style': 'Convertible', 'Hubs': 'Alloy', 'BHP': '136', 'Gross Weight': '1845', 'CO2': '196', 'MPG Combined': '34.5', 'MPG Urban': '25.2', 'MPG Extra Urban': '43.5'}}","{
    ""Interior"": {
        ""Registration"": ""HS04MWY"",
        ""Registered"": ""24/07/2004"",
        ""Miles"": ""40,839 Miles"",
        ""Miles Warranted"": ""Warranted"",
        ""Fuel"": ""Petrol"",
        ""Transmission"": ""MANUAL"",
        ""Colour"": ""GREY"",
        ""VAT"": ""Margin"",
        ""MOT"": ""24/07/2026"",
        ""V5"": ""Here"",
        ""Keys"": ""2"",
        ""CC"": ""1998"",
        ""Service history"": ""Yes"",
        ""Service documents"": ""Service Book"",
        ""Number of stamps"": ""16"",
        ""Last service date"": ""10/07/2025"",
        ""Last service miles"": ""38,509"",
        ""Vendor"": ""Birchwood Group"",
        ""CAP Clean"": ""\u00a3450.00"",
        ""CAP Average"": ""\u00a3150.00"",
        ""CAP Below"": ""\u00a3150.00""
    }
}",,https://www.protruckauctions.co.uk/motorvehicleinspectionreport/standard/6801.pdf,,,
Renault,ebca,24,ProTruck,Renault,Megane,1.6 16V 110 Dynamique 5dr,398,HV10EPE,15:00,-,06/03/2010,Petrol,,MANUAL,BLUE,06/03/2026,2,Margin,Here,£940.00,£540.00,£175.00,0.2,,Warranted,06/03/2026,Hatchback,"{'information': {'Keys': '2', 'Service history': 'yes', 'Service documents': 'Printout', 'Number of stamps': '9', 'Last service date': '27/02/2025', 'Last service miles': '61,771', 'MOT Due': '06/03/2026', 'Body Style': 'Hatchback', 'Hubs': 'Alloy', 'BHP': '110', 'Gross Weight': '1734', 'Euro Status': '5', 'Euro': '5', 'CO2': '162', 'MPG Combined': '39.8', 'MPG Urban': '29.1', 'MPG Extra Urban': '50.4'}}","{
    ""Interior"": {
        ""Registration"": ""HV10EPE"",
        ""Registered"": ""06/03/2010"",
        ""Miles"": ""66,190 Miles"",
        ""Miles Warranted"": ""Warranted"",
        ""Fuel"": ""Petrol"",
        ""Transmission"": ""MANUAL"",
        ""Colour"": ""BLUE"",
        ""VAT"": ""Margin"",
        ""MOT"": ""06/03/2026"",
        ""V5"": ""Here"",
        ""Keys"": ""2"",
        ""CC"": ""1598"",
        ""Service history"": ""Yes"",
        ""Service documents"": ""Printout"",
        ""Number of stamps"": ""9"",
        ""Last service date"": ""27/02/2025"",
        ""Last service miles"": ""61,771"",
        ""Vendor"": ""Birchwood Group"",
        ""CAP Clean"": ""\u00a3940.00"",
        ""CAP Average"": ""\u00a3540.00"",
        ""CAP Below"": ""\u00a3175.00""
    }
}",,https://www.protruckauctions.co.uk/motorvehicleinspectionreport/standard/6718.pdf,,,
Hyundai,ebca,24,ProTruck,Hyundai,I10,1.2 Classic 5dr,321,HV59FXO,15:00,-,11/09/2009,Petrol,,MANUAL,BLACK,11/09/2026,2,Margin,Here,£620.00,£220.00,£150.00,0.1,,Warranted,11/09/2026,Hatchback,"{'information': {'Keys': '2', 'Service history': 'yes', 'Service documents': 'Service Book', 'Number of stamps': '4', 'Last service date': '12/09/2013', 'Last service miles': '38,128', 'MOT Due': '11/09/2026', 'Body Style': 'Hatchback', 'Hubs': 'Steel', 'BHP': '77', 'Gross Weight': '1415', 'Euro Status': '4', 'Euro': '4', 'CO2': '119', 'MPG Combined': '56.5', 'MPG Urban': '41.5', 'MPG Extra Urban': '65.7'}}","{
    ""Interior"": {
        ""Registration"": ""HV59FXO"",
        ""Registered"": ""11/09/2009"",
        ""Miles"": ""51,000 Miles"",
        ""Miles Warranted"": ""Warranted"",
        ""Fuel"": ""Petrol"",
        ""Transmission"": ""MANUAL"",
        ""Colour"": ""BLACK"",
        ""VAT"": ""Margin"",
        ""MOT"": ""11/09/2026"",
        ""V5"": ""Here"",
        ""Keys"": ""2"",
        ""CC"": ""1248"",
        ""Service history"": ""Yes"",
        ""Service documents"": ""Service Book"",
        ""Number of stamps"": ""4"",
        ""Last service date"": ""12/09/2013"",
        ""Last service miles"": ""38,128"",
        ""Vendor"": ""DSM Ltd"",
        ""CAP Clean"": ""\u00a3620.00"",
        ""CAP Average"": ""\u00a3220.00"",
        ""CAP Below"": ""\u00a3150.00""
    }
}",,https://www.protruckauctions.co.uk/motorvehicleinspectionreport/standard/6871.pdf,,,
Kia,ebca,24,ProTruck,Kia,Picanto,1.0 2 5dr,393,HV62PCU,15:00,-,21/09/2012,Petrol,2,MANUAL,RED,15/08/2026,2,Margin,Here,"£2,100.00","£1,675.00","£1,225.00",0.1,,Warranted,15/08/2026,Hatchback,"{'information': {'Keys': '2', 'Service history': 'yes', 'Service documents': 'Service Book', 'Number of stamps': '2', 'Last service date': '29/11/2017', 'Last service miles': '28,428', 'MOT Due': '15/08/2026', 'Former Keepers': '2', 'Body Style': 'Hatchback', 'Hubs': 'Alloy', 'BHP': '68', 'Gross Weight': '1340', 'Euro Status': '5', 'Euro': '5', 'CO2': '99', 'MPG Combined': '67.3', 'MPG Urban': '52.3', 'MPG Extra Urban': '78.5'}}","{
    ""Interior"": {
        ""Registration"": ""HV62PCU"",
        ""Registered"": ""21/09/2012"",
        ""Miles"": ""60,987 Miles"",
        ""Miles Warranted"": ""Warranted"",
        ""Former Keepers"": ""2"",
        ""Fuel"": ""Petrol"",
        ""Transmission"": ""MANUAL"",
        ""Colour"": ""RED"",
        ""VAT"": ""Margin"",
        ""MOT"": ""15/08/2026"",
        ""V5"": ""Here"",
        ""Keys"": ""2"",
        ""CC"": ""998"",
        ""Service history"": ""Yes"",
        ""Service documents"": ""Service Book"",
        ""Number of stamps"": ""2"",
        ""Last service date"": ""29/11/2017"",
        ""Last service miles"": ""28,428"",
        ""Vendor"": ""EMC Group"",
        ""CAP Clean"": ""\u00a32,100.00"",
        ""CAP Average"": ""\u00a31,675.00"",
        ""CAP Below"": ""\u00a31,225.00""
    }
}",,https://www.protruckauctions.co.uk/motorvehicleinspectionreport/standard/6308.pdf,,,
Nissan,ebca,24,ProTruck,Nissan,Juke,1.6 Tekna 5dr Xtronic,285,HV64YZR,15:00,-,17/11/2014,Petrol,2,CVT,GREY,18/02/2026,2,Margin,Here,"£4,500.00","£3,850.00","£3,200.00",0.2,,Warranted,18/02/2026,Hatchback,"{'information': {'Keys': '2', 'Service history': 'yes', 'Service documents': 'Service Book', 'Number of stamps': '9', 'Last service date': '06/02/2025', 'Last service miles': '60,565', 'MOT Due': '18/02/2026', 'Former Keepers': '2', 'Body Style': 'Hatchback', 'Hubs': 'Alloy', 'BHP': '117', 'Gross Weight': '1680', 'Euro Status': '5', 'Euro': '5', 'CO2': '145', 'MPG Combined': '44.8', 'MPG Urban': '34', 'MPG Extra Urban': '54.3'}}","{
    ""Interior"": {
        ""Registration"": ""HV64YZR"",
        ""Registered"": ""17/11/2014"",
        ""Miles"": ""63,743 Miles"",
        ""Miles Warranted"": ""Warranted"",
        ""Former Keepers"": ""2"",
        ""Fuel"": ""Petrol"",
        ""Transmission"": ""CVT"",
        ""Colour"": ""GREY"",
        ""VAT"": ""Margin"",
        ""MOT"": ""18/02/2026"",
        ""V5"": ""Here"",
        ""Keys"": ""2"",
        ""CC"": ""1598"",
        ""Service history"": ""Yes"",
        ""Service documents"": ""Service Book"",
        ""Number of stamps"": ""9"",
        ""Last service date"": ""06/02/2025"",
        ""Last service miles"": ""60,565"",
        ""Vendor"": ""Yeomans Group"",
        ""CAP Clean"": ""\u00a34,500.00"",
        ""CAP Average"": ""\u00a33,850.00"",
        ""CAP Below"": ""\u00a33,200.00""
    }
}",,https://www.protruckauctions.co.uk/motorvehicleinspectionreport/standard/6878.pdf,,,
Volkswagen,ebca,24,ProTruck,Volkswagen,Tiguan,2.0 TDi SE 5dr,366,HY08NWD,15:00,-,01/03/2008,Diesel,2,MANUAL,SILVER, ,1,Margin,Here,"£1,800.00","£1,375.00",£950.00,0.2,,Warranted, ,Estate,"{'information': {'Keys': '1', 'Service history': 'yes', 'Service documents': 'Service Book', 'Number of stamps': '12', 'Last service date': '28/11/2020', 'Last service miles': '66,435', 'MOT Due': 'Expired', 'Former Keepers': '2', 'Body Style': 'Estate', 'Hubs': 'Alloy', 'BHP': '140', 'Gross Weight': '2240', 'Euro Status': '4', 'Euro': '4', 'CO2': '189', 'MPG Combined': '39.2', 'MPG Urban': '30.1', 'MPG Extra Urban': '47.9'}}","{
    ""Interior"": {
        ""Registration"": ""HY08NWD"",
        ""Registered"": ""01/03/2008"",
        ""Miles"": ""85,621 Miles"",
        ""Miles Warranted"": ""Warranted"",
        ""Former Keepers"": ""2"",
        ""Fuel"": ""Diesel"",
        ""Transmission"": ""MANUAL"",
        ""Colour"": ""SILVER"",
        ""VAT"": ""Margin"",
        ""MOT"": ""Expired"",
        ""V5"": ""Here"",
        ""Keys"": ""1"",
        ""CC"": ""1968"",
        ""Service history"": ""Yes"",
        ""Service documents"": ""Service Book"",
        ""Number of stamps"": ""12"",
        ""Last service date"": ""28/11/2020"",
        ""Last service miles"": ""66,435"",
        ""Vendor"": ""EMC Group"",
        ""CAP Clean"": ""\u00a31,800.00"",
        ""CAP Average"": ""\u00a31,375.00"",
        ""CAP Below"": ""\u00a3950.00""
    }
}",,https://www.protruckauctions.co.uk/motorvehicleinspectionreport/standard/4458.pdf,,,
Renault,ebca,24,ProTruck,Renault,Trafic,SL27dCi 115 Business+ Van,407,KN16GKX,15:00,-,31/03/2016,Diesel,1,MANUAL,WHITE,28/05/2026,2,Margin,Here,"£2,500.00","£2,075.00","£1,475.00",0.2,,Warranted,28/05/2026,Panel Van,"{'information': {'Keys': '2', 'Service history': 'yes', 'Service documents': 'Printout', 'Number of stamps': '5', 'Last service date': '12/05/2023', 'Last service miles': '118,515', 'MOT Due': '28/05/2026', 'Former Keepers': '1', 'Body Style': 'Panel Van', 'Hubs': 'Steel', 'BHP': '115', 'Gross Weight': '2740', 'Euro Status': '5', 'Euro': '5', 'CO2': '170', 'MPG Combined': '43.5', 'MPG Urban': '36.2', 'MPG Extra Urban': '49.6'}}","{
    ""Interior"": {
        ""Registration"": ""KN16GKX"",
        ""Registered"": ""31/03/2016"",
        ""Miles"": ""157,429 Miles"",
        ""Miles Warranted"": ""Warranted"",
        ""Former Keepers"": ""1"",
        ""Fuel"": ""Diesel"",
        ""Transmission"": ""MANUAL"",
        ""Colour"": ""WHITE"",
        ""VAT"": ""Margin"",
        ""MOT"": ""28/05/2026"",
        ""V5"": ""Here"",
        ""Keys"": ""2"",
        ""CC"": ""1598"",
        ""Service history"": ""Yes"",
        ""Service documents"": ""Printout"",
        ""Number of stamps"": ""5"",
        ""Last service date"": ""12/05/2023"",
        ""Last service miles"": ""118,515"",
        ""CAP Clean"": ""\u00a32,500.00"",
        ""CAP Average"": ""\u00a32,075.00"",
        ""CAP Below"": ""\u00a31,475.00""
    }
}",,https://www.protruckauctions.co.uk/motorvehicleinspectionreport/standard/6418.pdf,,,
Ford,ebca,24,ProTruck,Ford,Focus,1.6 LX 5dr [115],415,KR55LZO,15:00,-,06/01/2006,Petrol,3,MANUAL,GREEN,14/01/2027,1,Margin,Here,£260.00,£150.00,£150.00,0.2,,Warranted,14/01/2027,Hatchback,"{'information': {'Keys': '1', 'Service history': 'yes', 'Service documents': 'Printout', 'Number of stamps': '1', 'Last service date': '19/06/2024', 'Last service miles': '152,228', 'MOT Due': '14/01/2027', 'Former Keepers': '3', 'Body Style': 'Hatchback', 'Hubs': 'Steel', 'BHP': '116', 'Gross Weight': '1740', 'Euro Status': '4', 'Euro': '4', 'CO2': '155', 'MPG Combined': '44.1', 'MPG Urban': '32.5', 'MPG Extra Urban': '55.4'}}","{
    ""Interior"": {
        ""Registration"": ""KR55LZO"",
        ""Registered"": ""06/01/2006"",
        ""Miles"": ""158,636 Miles"",
        ""Miles Warranted"": ""Warranted"",
        ""Former Keepers"": ""3"",
        ""Fuel"": ""Petrol"",
        ""Transmission"": ""MANUAL"",
        ""Colour"": ""GREEN"",
        ""VAT"": ""Margin"",
        ""MOT"": ""14/01/2027"",
        ""V5"": ""Here"",
        ""Keys"": ""1"",
        ""CC"": ""1596"",
        ""Service history"": ""Yes"",
        ""Service documents"": ""Printout"",
        ""Number of stamps"": ""1"",
        ""Last service date"": ""19/06/2024"",
        ""Last service miles"": ""152,228"",
        ""Vendor"": ""Trade"",
        ""CAP Clean"": ""\u00a3260.00"",
        ""CAP Average"": ""\u00a3150.00"",
        ""CAP Below"": ""\u00a3150.00""
    }
}",,https://www.protruckauctions.co.uk/motorvehicleinspectionreport/standard/6709.pdf,,,
Mercedes-Benz,ebca,24,ProTruck,Mercedes-Benz,C Class,C180K AVANTGARDE SE,397,KS07ZND,15:00,-,23/07/2007,Petrol,1,AUTOMATIC,SILVER, ,2,Margin,Here,"£1,325.00",£920.00,£525.00,0.2,,Warranted, ,Estate,"{'information': {'Keys': '2', 'Service history': 'none', 'MOT Due': 'Expired', 'Former Keepers': '1', 'Body Style': 'Estate', 'Hubs': 'Alloy', 'BHP': '141', 'Gross Weight': '2060', 'Euro Status': '4', 'Euro': '4', 'CO2': '206', 'MPG Combined': '32.5', 'MPG Urban': '23', 'MPG Extra Urban': '44.1'}}","{
    ""Interior"": {
        ""Registration"": ""KS07ZND"",
        ""Registered"": ""23/07/2007"",
        ""Miles"": ""109,033 Miles"",
        ""Miles Warranted"": ""Warranted"",
        ""Former Keepers"": ""1"",
        ""Fuel"": ""Petrol"",
        ""Transmission"": ""AUTOMATIC"",
        ""Colour"": ""SILVER"",
        ""VAT"": ""Margin"",
        ""MOT"": ""Expired"",
        ""V5"": ""Here"",
        ""Keys"": ""2"",
        ""CC"": ""1796"",
        ""Service history"": ""None"",
        ""Vendor"": ""Birchwood Group"",
        ""CAP Clean"": ""\u00a31,325.00"",
        ""CAP Average"": ""\u00a3920.00"",
        ""CAP Below"": ""\u00a3525.00""
    }
}",,https://www.protruckauctions.co.uk/motorvehicleinspectionreport/standard/6653.pdf,,,
Kia,ebca,24,ProTruck,Kia,Venga,1.4 EcoDynamics 2 5dr,372,KX14YLE,15:00,-,07/03/2014,Petrol,3,MANUAL,WHITE,03/11/2026,2,Margin,Here,"£1,700.00","£1,300.00",£875.00,0.1,,Warranted,03/11/2026,Hatchback,"{'information': {'Keys': '2', 'Service history': 'yes', 'Service documents': 'Service Book', 'Number of stamps': '7', 'Last service date': '26/02/2025', 'Last service miles': '95,612', 'MOT Due': '03/11/2026', 'Former Keepers': '3', 'Body Style': 'Hatchback', 'Hubs': 'Alloy', 'BHP': '89', 'Gross Weight': '1710', 'Euro Status': '5', 'Euro': '5', 'CO2': '130', 'MPG Combined': '50.4', 'MPG Urban': '42.8', 'MPG Extra Urban': '55.4'}}","{
    ""Interior"": {
        ""Registration"": ""KX14YLE"",
        ""Registered"": ""07/03/2014"",
        ""Miles"": ""105,969 Miles"",
        ""Miles Warranted"": ""Warranted"",
        ""Former Keepers"": ""3"",
        ""Fuel"": ""Petrol"",
        ""Transmission"": ""MANUAL"",
        ""Colour"": ""WHITE"",
        ""VAT"": ""Margin"",
        ""MOT"": ""03/11/2026"",
        ""V5"": ""Here"",
        ""Keys"": ""2"",
        ""CC"": ""1396"",
        ""Service history"": ""Yes"",
        ""Service documents"": ""Service Book"",
        ""Number of stamps"": ""7"",
        ""Last service date"": ""26/02/2025"",
        ""Last service miles"": ""95,612"",
        ""Vendor"": ""Caffyns Group"",
        ""CAP Clean"": ""\u00a31,700.00"",
        ""CAP Average"": ""\u00a31,300.00"",
        ""CAP Below"": ""\u00a3875.00""
    }
}",,https://www.protruckauctions.co.uk/motorvehicleinspectionreport/standard/6680.pdf,,,
Renault,ebca,24,ProTruck,Renault,Clio,1.2 16V Dynamique MediaNav 5dr,303,LA13JKO,15:00,-,28/06/2013,Petrol,2,MANUAL,WHITE,07/05/2026,2,Margin,Here,"£3,075.00","£2,575.00","£2,075.00",0.1,,Warranted,07/05/2026,Hatchback,"{'information': {'Keys': '2', 'Service history': 'yes', 'Service documents': 'Service Book', 'Number of stamps': '8', 'Last service date': '07/05/2023', 'Last service miles': '39,822', 'MOT Due': '07/05/2026', 'Former Keepers': '2', 'Body Style': 'Hatchback', 'Hubs': 'Alloy', 'BHP': '75', 'Gross Weight': '1570', 'Euro Status': '5', 'Euro': '5', 'CO2': '127', 'MPG Combined': '51.4', 'MPG Urban': '40.4', 'MPG Extra Urban': '60.1'}}","{
    ""Interior"": {
        ""Registration"": ""LA13JKO"",
        ""Registered"": ""28/06/2013"",
        ""Miles"": ""41,067 Miles"",
        ""Miles Warranted"": ""Warranted"",
        ""Former Keepers"": ""2"",
        ""Fuel"": ""Petrol"",
        ""Transmission"": ""MANUAL"",
        ""Colour"": ""WHITE"",
        ""VAT"": ""Margin"",
        ""MOT"": ""07/05/2026"",
        ""V5"": ""Here"",
        ""Keys"": ""2"",
        ""CC"": ""1149"",
        ""Service history"": ""Yes"",
        ""Service documents"": ""Service Book"",
        ""Number of stamps"": ""8"",
        ""Last service date"": ""07/05/2023"",
        ""Last service miles"": ""39,822"",
        ""Vendor"": ""Yeomans Group"",
        ""CAP Clean"": ""\u00a33,075.00"",
        ""CAP Average"": ""\u00a32,575.00"",
        ""CAP Below"": ""\u00a32,075.00""
    }
}",,https://www.protruckauctions.co.uk/motorvehicleinspectionreport/standard/6664.pdf,,,
Volkswagen,ebca,24,ProTruck,Volkswagen,Tiguan,2.0 TDi Sport 5dr Auto,410,LC09FVP,15:00,-,08/05/2009,Diesel,1,AUTOMATIC,GREY,07/04/2026,2,Margin,Here,"£2,525.00","£2,075.00","£1,625.00",0.2,,Warranted,07/04/2026,Estate,"{'information': {'Keys': '2', 'Service history': 'yes', 'Service documents': 'Service Book', 'Number of stamps': '10', 'Last service date': '04/04/2025', 'Last service miles': '62,412', 'MOT Due': '07/04/2026', 'Former Keepers': '1', 'Body Style': 'Estate', 'Hubs': 'Alloy', 'BHP': '140', 'Gross Weight': '2260', 'Euro Status': '4', 'Euro': '4', 'CO2': '199', 'MPG Combined': '37.7', 'MPG Urban': '29.1', 'MPG Extra Urban': '44.8'}}","{
    ""Interior"": {
        ""Registration"": ""LC09FVP"",
        ""Registered"": ""08/05/2009"",
        ""Miles"": ""70,698 Miles"",
        ""Miles Warranted"": ""Warranted"",
        ""Former Keepers"": ""1"",
        ""Fuel"": ""Diesel"",
        ""Transmission"": ""AUTOMATIC"",
        ""Colour"": ""GREY"",
        ""VAT"": ""Margin"",
        ""MOT"": ""07/04/2026"",
        ""V5"": ""Here"",
        ""Keys"": ""2"",
        ""CC"": ""1968"",
        ""Service history"": ""Yes"",
        ""Service documents"": ""Service Book"",
        ""Number of stamps"": ""10"",
        ""Last service date"": ""04/04/2025"",
        ""Last service miles"": ""62,412"",
        ""Vendor"": ""Birchwood Group"",
        ""CAP Clean"": ""\u00a32,525.00"",
        ""CAP Average"": ""\u00a32,075.00"",
        ""CAP Below"": ""\u00a31,625.00""
    }
}",,https://www.protruckauctions.co.uk/motorvehicleinspectionreport/standard/6719.pdf,,,
Mazda,ebca,24,ProTruck,Mazda,5,1.6d Sport 5dr,408,LD11WZX,15:00,-,31/05/2011,Diesel,4,MANUAL,GREY,20/01/2026,2,Margin,Here,"£1,325.00",£920.00,£525.00,0.2,,Warranted,20/01/2026,MPV,"{'information': {'Keys': '2', 'Service history': 'yes', 'Service documents': 'Electronic / Online', 'Number of stamps': '4', 'Last service date': '05/01/2024', 'Last service miles': '91,694', 'MOT Due': '20/01/2026', 'Former Keepers': '4', 'Body Style': 'MPV', 'Hubs': 'Alloy', 'BHP': '113', 'Gross Weight': '2125', 'Euro Status': '5', 'Euro': '5', 'CO2': '138', 'MPG Combined': '54.3', 'MPG Urban': '44.1', 'MPG Extra Urban': '61.4'}}","{
    ""Interior"": {
        ""Registration"": ""LD11WZX"",
        ""Registered"": ""31/05/2011"",
        ""Miles"": ""99,995 Miles"",
        ""Miles Warranted"": ""Warranted"",
        ""Former Keepers"": ""4"",
        ""Fuel"": ""Diesel"",
        ""Transmission"": ""MANUAL"",
        ""Colour"": ""GREY"",
        ""VAT"": ""Margin"",
        ""MOT"": ""20/01/2026"",
        ""V5"": ""Here"",
        ""Keys"": ""2"",
        ""CC"": ""1560"",
        ""Service history"": ""Yes"",
        ""Service documents"": ""Electronic / Online"",
        ""Number of stamps"": ""4"",
        ""Last service date"": ""05/01/2024"",
        ""Last service miles"": ""91,694"",
        ""Vendor"": ""Bartletts Seat"",
        ""CAP Clean"": ""\u00a31,325.00"",
        ""CAP Average"": ""\u00a3920.00"",
        ""CAP Below"": ""\u00a3525.00""
    }
}",,https://www.protruckauctions.co.uk/motorvehicleinspectionreport/standard/5126.pdf,,,
Chrysler,ebca,24,ProTruck,Chrysler,Ypsilon,1.2 S-Series 5dr,371,LG14KUB,15:00,-,28/03/2014,Petrol,1,MANUAL,WHITE/BLACK,06/07/2026,2,Margin,Here,£880.00,£480.00,£150.00,0.1,,Warranted,06/07/2026,Hatchback,"{'information': {'Keys': '2', 'Service history': 'yes', 'Service documents': 'Service Book', 'Number of stamps': '6', 'Last service date': '03/08/2023', 'Last service miles': '57,154', 'MOT Due': '06/07/2026', 'Former Keepers': '1', 'Body Style': 'Hatchback', 'Hubs': 'Alloy', 'BHP': '69', 'Gross Weight': '1445', 'Euro Status': '5', 'Euro': '5', 'CO2': '118', 'MPG Combined': '55.4', 'MPG Urban': '44.1', 'MPG Extra Urban': '65.7'}}","{
    ""Interior"": {
        ""Registration"": ""LG14KUB"",
        ""Registered"": ""28/03/2014"",
        ""Miles"": ""77,273 Miles"",
        ""Miles Warranted"": ""Warranted"",
        ""Former Keepers"": ""1"",
        ""Fuel"": ""Petrol"",
        ""Transmission"": ""MANUAL"",
        ""Colour"": ""WHITE/BLACK"",
        ""VAT"": ""Margin"",
        ""MOT"": ""06/07/2026"",
        ""V5"": ""Here"",
        ""Keys"": ""2"",
        ""CC"": ""1242"",
        ""Service history"": ""Yes"",
        ""Service documents"": ""Service Book"",
        ""Number of stamps"": ""6"",
        ""Last service date"": ""03/08/2023"",
        ""Last service miles"": ""57,154"",
        ""Vendor"": ""Shelly Motors"",
        ""CAP Clean"": ""\u00a3880.00"",
        ""CAP Average"": ""\u00a3480.00"",
        ""CAP Below"": ""\u00a3150.00""
    }
}",,https://www.protruckauctions.co.uk/motorvehicleinspectionreport/standard/5767.pdf,,,
Nissan,ebca,24,ProTruck,Nissan,Qashqai,1.6 Visia 5dr,293,LL10UEF,15:00,-,18/06/2010,Petrol,,MANUAL,GREY,26/06/2026,2,Margin,Here,£950.00,£550.00,£150.00,0.2,,Warranted,26/06/2026,Hatchback,"{'information': {'Keys': '2', 'Service history': 'yes', 'Service documents': 'Service Book', 'Number of stamps': '5', 'Last service date': '25/06/2024', 'Last service miles': '97,248', 'MOT Due': '26/06/2026', 'Body Style': 'Hatchback', 'Hubs': 'Alloy', 'BHP': '113', 'Gross Weight': '1830', 'Euro Status': '4', 'Euro': '4', 'CO2': '155', 'MPG Combined': '42.8', 'MPG Urban': '34', 'MPG Extra Urban': '50.4'}}","{
    ""Interior"": {
        ""Registration"": ""LL10UEF"",
        ""Registered"": ""18/06/2010"",
        ""Miles"": ""109,681 Miles"",
        ""Miles Warranted"": ""Warranted"",
        ""Fuel"": ""Petrol"",
        ""Transmission"": ""MANUAL"",
        ""Colour"": ""GREY"",
        ""VAT"": ""Margin"",
        ""MOT"": ""26/06/2026"",
        ""V5"": ""Here"",
        ""Keys"": ""2"",
        ""CC"": ""1598"",
        ""Service history"": ""Yes"",
        ""Service documents"": ""Service Book"",
        ""Number of stamps"": ""5"",
        ""Last service date"": ""25/06/2024"",
        ""Last service miles"": ""97,248"",
        ""Vendor"": ""Yeomans Group"",
        ""CAP Clean"": ""\u00a3950.00"",
        ""CAP Average"": ""\u00a3550.00"",
        ""CAP Below"": ""\u00a3150.00""
    }
}",,https://www.protruckauctions.co.uk/motorvehicleinspectionreport/standard/6620.pdf,,,
Hyundai,ebca,24,ProTruck,Hyundai,IX35,1.7 CRDi Premium 5dr 2WD,292,LL12HHY,15:00,-,21/08/2012,Diesel,3,MANUAL,WHITE,04/09/2026,2,Margin,Here,"£1,600.00","£1,200.00",£800.00,0.2,,Warranted,04/09/2026,Estate,"{'information': {'Keys': '2', 'Service history': 'yes', 'Service documents': 'Service Book', 'Number of stamps': '8', 'Last service date': '30/05/2024', 'Last service miles': '78,420', 'MOT Due': '04/09/2026', 'Former Keepers': '3', 'Body Style': 'Estate', 'Hubs': 'Alloy', 'BHP': '114', 'Gross Weight': '1940', 'Euro Status': '5', 'Euro': '5', 'CO2': '139', 'MPG Combined': '48.7', 'MPG Urban': '44.8', 'MPG Extra Urban': '58.9'}}","{
    ""Interior"": {
        ""Registration"": ""LL12HHY"",
        ""Registered"": ""21/08/2012"",
        ""Miles"": ""95,868 Miles"",
        ""Miles Warranted"": ""Warranted"",
        ""Former Keepers"": ""3"",
        ""Fuel"": ""Diesel"",
        ""Transmission"": ""MANUAL"",
        ""Colour"": ""WHITE"",
        ""VAT"": ""Margin"",
        ""MOT"": ""04/09/2026"",
        ""V5"": ""Here"",
        ""Keys"": ""2"",
        ""CC"": ""1685"",
        ""Service history"": ""Yes"",
        ""Service documents"": ""Service Book"",
        ""Number of stamps"": ""8"",
        ""Last service date"": ""30/05/2024"",
        ""Last service miles"": ""78,420"",
        ""Vendor"": ""Yeomans Group"",
        ""CAP Clean"": ""\u00a31,600.00"",
        ""CAP Average"": ""\u00a31,200.00"",
        ""CAP Below"": ""\u00a3800.00""
    }
}",,https://www.protruckauctions.co.uk/motorvehicleinspectionreport/standard/6667.pdf,,,
Mazda,ebca,24,ProTruck,Mazda,6,2.2d [175] Sport Nav 4dr Auto,306,LL64DMY,15:00,-,20/11/2014,Diesel,3,AUTOMATIC,SILVER,09/05/2026,2,Margin,Here,"£2,925.00","£2,450.00","£1,975.00",0.2,,Warranted,09/05/2026,Saloon,"{'information': {'Keys': '2', 'Service history': 'yes', 'Service documents': 'Printout', 'Number of stamps': '3', 'Last service date': '16/11/2017', 'Last service miles': '30,596', 'MOT Due': '09/05/2026', 'Former Keepers': '3', 'Body Style': 'Saloon', 'Hubs': 'Alloy', 'BHP': '173', 'Gross Weight': '2070', 'Euro Status': '6', 'Euro': '6', 'CO2': '127', 'MPG Combined': '58.9', 'MPG Urban': '47.9', 'MPG Extra Urban': '67.3'}}","{
    ""Interior"": {
        ""Registration"": ""LL64DMY"",
        ""Registered"": ""20/11/2014"",
        ""Miles"": ""94,031 Miles"",
        ""Miles Warranted"": ""Warranted"",
        ""Former Keepers"": ""3"",
        ""Fuel"": ""Diesel"",
        ""Transmission"": ""AUTOMATIC"",
        ""Colour"": ""SILVER"",
        ""VAT"": ""Margin"",
        ""MOT"": ""09/05/2026"",
        ""V5"": ""Here"",
        ""Keys"": ""2"",
        ""CC"": ""2184"",
        ""Service history"": ""Yes"",
        ""Service documents"": ""Printout"",
        ""Number of stamps"": ""3"",
        ""Last service date"": ""16/11/2017"",
        ""Last service miles"": ""30,596"",
        ""Vendor"": ""Yeomans Group"",
        ""CAP Clean"": ""\u00a32,925.00"",
        ""CAP Average"": ""\u00a32,450.00"",
        ""CAP Below"": ""\u00a31,975.00""
    }
}",,https://www.protruckauctions.co.uk/motorvehicleinspectionreport/standard/6248.pdf,,,
Audi,ebca,24,ProTruck,Audi,Q5,3.0 TDI Quattro S Line Special Ed 5dr S Tronic,315,LM11XTF,15:00,-,27/05/2011,Diesel,2,AUTOMATIC,GREY,28/08/2026,2,Margin,Here,"£3,550.00","£3,000.00","£2,425.00",0.3,,Warranted,28/08/2026,Estate,"{'information': {'Keys': '2', 'Service history': 'yes', 'Service documents': 'Service Book', 'Number of stamps': '10', 'Last service date': '24/09/2019', 'Last service miles': '94,386', 'MOT Due': '28/08/2026', 'Former Keepers': '2', 'Body Style': 'Estate', 'Hubs': 'Alloy', 'BHP': '240', 'Gross Weight': '2490', 'Euro Status': '4', 'Euro': '4', 'CO2': '199', 'MPG Combined': '37.7', 'MPG Urban': '30.7', 'MPG Extra Urban': '42.8'}}","{
    ""Interior"": {
        ""Registration"": ""LM11XTF"",
        ""Registered"": ""27/05/2011"",
        ""Miles"": ""127,748 Miles"",
        ""Miles Warranted"": ""Warranted"",
        ""Former Keepers"": ""2"",
        ""Fuel"": ""Diesel"",
        ""Transmission"": ""AUTOMATIC"",
        ""Colour"": ""GREY"",
        ""VAT"": ""Margin"",
        ""MOT"": ""28/08/2026"",
        ""V5"": ""Here"",
        ""Keys"": ""2"",
        ""CC"": ""2967"",
        ""Service history"": ""Yes"",
        ""Service documents"": ""Service Book"",
        ""Number of stamps"": ""10"",
        ""Last service date"": ""24/09/2019"",
        ""Last service miles"": ""94,386"",
        ""Vendor"": ""SMC Motor Group"",
        ""CAP Clean"": ""\u00a33,550.00"",
        ""CAP Average"": ""\u00a33,000.00"",
        ""CAP Below"": ""\u00a32,425.00""
    }
}",,https://www.protruckauctions.co.uk/motorvehicleinspectionreport/standard/6780.pdf,,,
Ford,ebca,24,ProTruck,Ford,S-Max,2.0 TDCi Zetec 5dr,409,LN59ZSD,15:00,-,14/11/2009,Diesel,1,MANUAL,SILVER,27/10/2026,2,Margin,Here,"£1,600.00","£1,225.00",£825.00,0.2,,Warranted,27/10/2026,MPV,"{'information': {'Keys': '2', 'Service history': 'yes', 'Service documents': 'Printout', 'Number of stamps': '3', 'Last service date': '25/09/2023', 'Last service miles': '58,230', 'MOT Due': '27/10/2026', 'Former Keepers': '1', 'Body Style': 'MPV', 'Hubs': 'Alloy', 'BHP': '143', 'Gross Weight': '2505', 'Euro Status': '4', 'Euro': '4', 'CO2': '159', 'MPG Combined': '45.6', 'MPG Urban': '35.8', 'MPG Extra Urban': '54.3'}}","{
    ""Interior"": {
        ""Registration"": ""LN59ZSD"",
        ""Registered"": ""14/11/2009"",
        ""Miles"": ""65,734 Miles"",
        ""Miles Warranted"": ""Warranted"",
        ""Former Keepers"": ""1"",
        ""Fuel"": ""Diesel"",
        ""Transmission"": ""MANUAL"",
        ""Colour"": ""SILVER"",
        ""VAT"": ""Margin"",
        ""MOT"": ""27/10/2026"",
        ""V5"": ""Here"",
        ""Keys"": ""2"",
        ""CC"": ""1997"",
        ""Service history"": ""Yes"",
        ""Service documents"": ""Printout"",
        ""Number of stamps"": ""3"",
        ""Last service date"": ""25/09/2023"",
        ""Last service miles"": ""58,230"",
        ""Vendor"": ""Birchwood Group"",
        ""CAP Clean"": ""\u00a31,600.00"",
        ""CAP Average"": ""\u00a31,225.00"",
        ""CAP Below"": ""\u00a3825.00""
    }
}",,https://www.protruckauctions.co.uk/motorvehicleinspectionreport/standard/6789.pdf,,,
Mini,ebca,24,ProTruck,Mini,Hatchback,1.5 Cooper 3dr,275,LN64EUJ,15:00,-,01/09/2014,Petrol,2,MANUAL,RED,31/08/2026,2,Margin,Here,"£3,425.00","£2,925.00","£2,400.00",0.1,,Warranted,31/08/2026,Hatchback,"{'information': {'Keys': '2', 'Service history': 'yes', 'Service documents': 'Printout', 'Number of stamps': '8', 'Last service date': '18/08/2025', 'Last service miles': '80,588', 'MOT Due': '31/08/2026', 'Former Keepers': '2', 'Body Style': 'Hatchback', 'Hubs': 'Alloy', 'BHP': '134', 'Gross Weight': '1565', 'Euro Status': '6', 'Euro': '6', 'CO2': '107', 'MPG Combined': '62.8', 'MPG Urban': '49.6', 'MPG Extra Urban': '74.3'}}","{
    ""Interior"": {
        ""Registration"": ""LN64EUJ"",
        ""Registered"": ""01/09/2014"",
        ""Miles"": ""81,551 Miles"",
        ""Miles Warranted"": ""Warranted"",
        ""Former Keepers"": ""2"",
        ""Fuel"": ""Petrol"",
        ""Transmission"": ""MANUAL"",
        ""Colour"": ""RED"",
        ""VAT"": ""Margin"",
        ""MOT"": ""31/08/2026"",
        ""V5"": ""Here"",
        ""Keys"": ""2"",
        ""CC"": ""1499"",
        ""Service history"": ""Yes"",
        ""Service documents"": ""Printout"",
        ""Number of stamps"": ""8"",
        ""Last service date"": ""18/08/2025"",
        ""Last service miles"": ""80,588"",
        ""Vendor"": ""Yeomans Group"",
        ""CAP Clean"": ""\u00a33,425.00"",
        ""CAP Average"": ""\u00a32,925.00"",
        ""CAP Below"": ""\u00a32,400.00""
    }
}",,https://www.protruckauctions.co.uk/motorvehicleinspectionreport/standard/6450.pdf,,,
Mini,ebca,24,ProTruck,Mini,Hatchback,1.6 One Graphite 3dr,412,LO10FVX,15:00,-,30/06/2010,Petrol,3,MANUAL,GREY,29/06/2026,2,Margin,Here,"£1,125.00",£720.00,£325.00,0.2,,Warranted,29/06/2026,Hatchback,"{'information': {'Keys': '2', 'Service history': 'yes', 'Service documents': 'Service Book', 'Number of stamps': '4', 'Last service date': '07/08/2020', 'Last service miles': '52,761', 'MOT Due': '29/06/2026', 'Former Keepers': '3', 'Body Style': 'Hatchback', 'Hubs': 'Alloy', 'BHP': '98', 'Gross Weight': '1510', 'Euro Status': '5', 'Euro': '5', 'CO2': '127', 'MPG Combined': '52.3', 'MPG Urban': '39.2', 'MPG Extra Urban': '64.2'}}","{
    ""Interior"": {
        ""Registration"": ""LO10FVX"",
        ""Registered"": ""30/06/2010"",
        ""Miles"": ""70,445 Miles"",
        ""Miles Warranted"": ""Warranted"",
        ""Former Keepers"": ""3"",
        ""Fuel"": ""Petrol"",
        ""Transmission"": ""MANUAL"",
        ""Colour"": ""GREY"",
        ""VAT"": ""Margin"",
        ""MOT"": ""29/06/2026"",
        ""V5"": ""Here"",
        ""Keys"": ""2"",
        ""CC"": ""1598"",
        ""Service history"": ""Yes"",
        ""Service documents"": ""Service Book"",
        ""Number of stamps"": ""4"",
        ""Last service date"": ""07/08/2020"",
        ""Last service miles"": ""52,761"",
        ""Vendor"": ""EMC Group"",
        ""CAP Clean"": ""\u00a31,125.00"",
        ""CAP Average"": ""\u00a3720.00"",
        ""CAP Below"": ""\u00a3325.00""
    }
}",,https://www.protruckauctions.co.uk/motorvehicleinspectionreport/standard/6683.pdf,,,
Vauxhall,ebca,24,ProTruck,Vauxhall,Corsa,1.4 SE 5dr Auto,323,LP65MDV,15:00,-,15/02/2016,Petrol,1,AUTOMATIC,BLUE,16/02/2026,2,Margin,Here,"£3,350.00","£2,850.00","£2,375.00",0.1,,Warranted,16/02/2026,Hatchback,"{'information': {'Keys': '2', 'Service history': 'yes', 'Service documents': 'Service Book', 'Number of stamps': '6', 'Last service date': '16/09/2022', 'Last service miles': '65,925', 'MOT Due': '16/02/2026', 'Former Keepers': '1', 'Body Style': 'Hatchback', 'Hubs': 'Alloy', 'BHP': '89', 'Gross Weight': '1659', 'Euro Status': '6', 'Euro': '6', 'CO2': '137', 'MPG Combined': '47.9', 'MPG Urban': '35.8', 'MPG Extra Urban': '58.9'}}","{
    ""Interior"": {
        ""Registration"": ""LP65MDV"",
        ""Registered"": ""15/02/2016"",
        ""Miles"": ""95,023 Miles"",
        ""Miles Warranted"": ""Warranted"",
        ""Former Keepers"": ""1"",
        ""Fuel"": ""Petrol"",
        ""Transmission"": ""AUTOMATIC"",
        ""Colour"": ""BLUE"",
        ""VAT"": ""Margin"",
        ""MOT"": ""16/02/2026"",
        ""V5"": ""Here"",
        ""Keys"": ""2"",
        ""CC"": ""1398"",
        ""Service history"": ""Yes"",
        ""Service documents"": ""Service Book"",
        ""Number of stamps"": ""6"",
        ""Last service date"": ""16/09/2022"",
        ""Last service miles"": ""65,925"",
        ""Vendor"": ""DSM Ltd"",
        ""CAP Clean"": ""\u00a33,350.00"",
        ""CAP Average"": ""\u00a32,850.00"",
        ""CAP Below"": ""\u00a32,375.00""
    }
}",,https://www.protruckauctions.co.uk/motorvehicleinspectionreport/standard/6870.pdf,,,
Volvo,ebca,24,ProTruck,Volvo,XC90,2.4 D5 Active 5dr,288,LR10VVL,15:00,-,31/03/2010,Diesel,,MANUAL,GREEN,05/02/2026,2,Margin,Here,"£1,225.00",£830.00,£425.00,0.2,,Warranted,05/02/2026,Estate,"{'information': {'Keys': '2', 'Service history': 'yes', 'Service documents': 'Printout', 'Number of stamps': '14', 'Last service date': '31/01/2025', 'Last service miles': '180,219', 'MOT Due': '05/02/2026', 'Body Style': 'Estate', 'Hubs': 'Alloy', 'BHP': '185', 'Gross Weight': '2740', 'Euro Status': '4', 'Euro': '4', 'CO2': '219', 'MPG Combined': '34', 'MPG Urban': '26.4', 'MPG Extra Urban': '40.9'}}","{
    ""Interior"": {
        ""Registration"": ""LR10VVL"",
        ""Registered"": ""31/03/2010"",
        ""Miles"": ""193,052 Miles"",
        ""Miles Warranted"": ""Warranted"",
        ""Fuel"": ""Diesel"",
        ""Transmission"": ""MANUAL"",
        ""Colour"": ""GREEN"",
        ""VAT"": ""Margin"",
        ""MOT"": ""05/02/2026"",
        ""V5"": ""Here"",
        ""Keys"": ""2"",
        ""CC"": ""2401"",
        ""Service history"": ""Yes"",
        ""Service documents"": ""Printout"",
        ""Number of stamps"": ""14"",
        ""Last service date"": ""31/01/2025"",
        ""Last service miles"": ""180,219"",
        ""Vendor"": ""Caffyns Group"",
        ""CAP Clean"": ""\u00a31,225.00"",
        ""CAP Average"": ""\u00a3830.00"",
        ""CAP Below"": ""\u00a3425.00""
    }
}",,https://www.protruckauctions.co.uk/motorvehicleinspectionreport/standard/6436.pdf,,,
Peugeot,ebca,24,ProTruck,Peugeot,2008,1.6 BlueHDi 100 Allure 5dr,276,LS66KWD,15:00,-,30/09/2016,Diesel,1,MANUAL,BLACK,29/09/2026,1,Margin,Here,"£3,400.00","£2,875.00","£2,350.00",0.2,,Warranted,29/09/2026,Hatchback,"{'information': {'Keys': '1', 'Service history': 'yes', 'Service documents': 'Printout', 'Number of stamps': '1', 'Last service date': '27/07/2023', 'Last service miles': '54,499', 'MOT Due': '29/09/2026', 'Former Keepers': '1', 'Body Style': 'Hatchback', 'Hubs': 'Alloy', 'BHP': '100', 'Gross Weight': '1705', 'Euro Status': '6', 'Euro': '6', 'CO2': '97', 'MPG Combined': '76.4', 'MPG Urban': '64.2', 'MPG Extra Urban': '85.6'}}","{
    ""Interior"": {
        ""Registration"": ""LS66KWD"",
        ""Registered"": ""30/09/2016"",
        ""Miles"": ""77,364 Miles"",
        ""Miles Warranted"": ""Warranted"",
        ""Former Keepers"": ""1"",
        ""Fuel"": ""Diesel"",
        ""Transmission"": ""MANUAL"",
        ""Colour"": ""BLACK"",
        ""VAT"": ""Margin"",
        ""MOT"": ""29/09/2026"",
        ""V5"": ""Here"",
        ""Keys"": ""1"",
        ""CC"": ""1560"",
        ""Service history"": ""Yes"",
        ""Service documents"": ""Printout"",
        ""Number of stamps"": ""1"",
        ""Last service date"": ""27/07/2023"",
        ""Last service miles"": ""54,499"",
        ""Vendor"": ""Birchwood Group"",
        ""CAP Clean"": ""\u00a33,400.00"",
        ""CAP Average"": ""\u00a32,875.00"",
        ""CAP Below"": ""\u00a32,350.00""
    }
}",,https://www.protruckauctions.co.uk/motorvehicleinspectionreport/standard/6458.pdf,,,
Nissan,ebca,24,ProTruck,Nissan,Qashqai,1.5 dCi [110] 360 5dr,271,LV13HJY,15:00,-,02/05/2013,Diesel,1,MANUAL,SILVER,23/07/2026,2,Margin,Here,"£1,525.00","£1,125.00",£725.00,0.1,,Warranted,23/07/2026,Hatchback,"{'information': {'Keys': '2', 'Service history': 'yes', 'Service documents': 'Printout', 'Number of stamps': '8', 'Last service date': '26/06/2021', 'Last service miles': '59,128', 'MOT Due': '23/07/2026', 'Former Keepers': '1', 'Body Style': 'Hatchback', 'Hubs': 'Alloy', 'BHP': '110', 'Gross Weight': '1930', 'Euro Status': '5', 'Euro': '5', 'CO2': '129', 'MPG Combined': '54.3', 'MPG Urban': '44.8', 'MPG Extra Urban': '61.4'}}","{
    ""Interior"": {
        ""Registration"": ""LV13HJY"",
        ""Registered"": ""02/05/2013"",
        ""Miles"": ""92,339 Miles"",
        ""Miles Warranted"": ""Warranted"",
        ""Former Keepers"": ""1"",
        ""Fuel"": ""Diesel"",
        ""Transmission"": ""MANUAL"",
        ""Colour"": ""SILVER"",
        ""VAT"": ""Margin"",
        ""MOT"": ""23/07/2026"",
        ""V5"": ""Here"",
        ""Keys"": ""2"",
        ""CC"": ""1461"",
        ""Service history"": ""Yes"",
        ""Service documents"": ""Printout"",
        ""Number of stamps"": ""8"",
        ""Last service date"": ""26/06/2021"",
        ""Last service miles"": ""59,128"",
        ""Vendor"": ""St Leonards Motor Group"",
        ""CAP Clean"": ""\u00a31,525.00"",
        ""CAP Average"": ""\u00a31,125.00"",
        ""CAP Below"": ""\u00a3725.00""
    }
}",,https://www.protruckauctions.co.uk/motorvehicleinspectionreport/standard/6802.pdf,,,
RENAULT,ebca,24,ProTruck,RENAULT,TRAFIC,SL27dCi 115 [Sat Nav] Van Euro 5,419,MJ62KWA,15:00,-,14/11/2012,Diesel,2,MANUAL,WHITE,10/09/2026,,Margin,Here,£980.00,£750.00,£500.00,0.2,,Warranted,10/09/2026,Panel Van,"{'information': {'Service history': 'yes', 'Service documents': 'Printout', 'Number of stamps': '5', 'Last service date': '11/09/2024', 'Last service miles': '176,797', 'MOT Due': '10/09/2026', 'Former Keepers': '2', 'Body Style': 'Panel Van', 'BHP': '115', 'Gross Weight': '2790', 'Euro Status': '5', 'Euro': '5', 'CO2': '180', 'MPG Combined': '40.9', 'MPG Urban': '32.8', 'MPG Extra Urban': '47.9'}}","{
    ""Interior"": {
        ""Registration"": ""MJ62KWA"",
        ""Registered"": ""14/11/2012"",
        ""Miles"": ""180,177 Miles"",
        ""Miles Warranted"": ""Warranted"",
        ""Former Keepers"": ""2"",
        ""Fuel"": ""Diesel"",
        ""Transmission"": ""MANUAL"",
        ""Colour"": ""WHITE"",
        ""VAT"": ""Margin"",
        ""MOT"": ""10/09/2026"",
        ""V5"": ""Here"",
        ""Keys"": """",
        ""CC"": ""1995"",
        ""Service history"": ""Yes"",
        ""Service documents"": ""Printout"",
        ""Number of stamps"": ""5"",
        ""Last service date"": ""11/09/2024"",
        ""Last service miles"": ""176,797"",
        ""Vendor"": ""Bartletts Seat"",
        ""CAP Clean"": ""\u00a3980.00"",
        ""CAP Average"": ""\u00a3750.00"",
        ""CAP Below"": ""\u00a3500.00""
    }
}",,https://www.protruckauctions.co.uk/motorvehicleinspectionreport/standard/5881.pdf,,,
Ford,ebca,24,ProTruck,Ford,C-Max,1.6 TDCi Titanium 5dr,311,MK11PGO,15:00,-,11/03/2011,Diesel,3,MANUAL,BLUE, ,2,Margin,Here,"£1,400.00","£1,000.00",£600.00,0.2,,Warranted, ,Hatchback,"{'information': {'Keys': '2', 'Service history': 'yes', 'Service documents': 'Printout', 'Number of stamps': '4', 'Last service date': '27/11/2023', 'Last service miles': '83,243', 'MOT Due': 'Expired', 'Former Keepers': '3', 'Body Style': 'Hatchback', 'Hubs': 'Alloy', 'BHP': '113', 'Gross Weight': '1915', 'Euro Status': '5', 'Euro': '5', 'CO2': '119', 'MPG Combined': '61.4', 'MPG Urban': '52.3', 'MPG Extra Urban': '68.9'}}","{
    ""Interior"": {
        ""Registration"": ""MK11PGO"",
        ""Registered"": ""11/03/2011"",
        ""Miles"": ""94,742 Miles"",
        ""Miles Warranted"": ""Warranted"",
        ""Former Keepers"": ""3"",
        ""Fuel"": ""Diesel"",
        ""Transmission"": ""MANUAL"",
        ""Colour"": ""BLUE"",
        ""VAT"": ""Margin"",
        ""MOT"": ""Expired"",
        ""V5"": ""Here"",
        ""Keys"": ""2"",
        ""CC"": ""1560"",
        ""Service history"": ""Yes"",
        ""Service documents"": ""Printout"",
        ""Number of stamps"": ""4"",
        ""Last service date"": ""27/11/2023"",
        ""Last service miles"": ""83,243"",
        ""Vendor"": ""Yeomans Group"",
        ""CAP Clean"": ""\u00a31,400.00"",
        ""CAP Average"": ""\u00a31,000.00"",
        ""CAP Below"": ""\u00a3600.00""
    }
}",,https://www.protruckauctions.co.uk/motorvehicleinspectionreport/standard/6490.pdf,,,
Peugeot,ebca,24,ProTruck,Peugeot,208,1.2 VTi Access+ 5dr,380,NA62ZRK,15:00,-,30/11/2012,Petrol,3,MANUAL,WHITE,08/03/2026,2,Margin,Here,£720.00,£320.00,£150.00,0.1,,Warranted,08/03/2026,Hatchback,"{'information': {'Keys': '2', 'Service history': 'yes', 'Service documents': 'Printout', 'Number of stamps': '6', 'Last service date': '27/06/2019', 'Last service miles': '90,350', 'MOT Due': '08/03/2026', 'Former Keepers': '3', 'Body Style': 'Hatchback', 'Hubs': 'Alloy', 'BHP': '82', 'Gross Weight': '1530', 'Euro Status': '5', 'Euro': '5', 'CO2': '104', 'MPG Combined': '62.8', 'MPG Urban': '51.4', 'MPG Extra Urban': '72.4'}}","{
    ""Interior"": {
        ""Registration"": ""NA62ZRK"",
        ""Registered"": ""30/11/2012"",
        ""Miles"": ""133,173 Miles"",
        ""Miles Warranted"": ""Warranted"",
        ""Former Keepers"": ""3"",
        ""Fuel"": ""Petrol"",
        ""Transmission"": ""MANUAL"",
        ""Colour"": ""WHITE"",
        ""VAT"": ""Margin"",
        ""MOT"": ""08/03/2026"",
        ""V5"": ""Here"",
        ""Keys"": ""2"",
        ""CC"": ""1199"",
        ""Service history"": ""Yes"",
        ""Service documents"": ""Printout"",
        ""Number of stamps"": ""6"",
        ""Last service date"": ""27/06/2019"",
        ""Last service miles"": ""90,350"",
        ""Vendor"": ""Caffyns Group"",
        ""CAP Clean"": ""\u00a3720.00"",
        ""CAP Average"": ""\u00a3320.00"",
        ""CAP Below"": ""\u00a3150.00""
    }
}",,https://www.protruckauctions.co.uk/motorvehicleinspectionreport/standard/6631.pdf,,,
NISSAN,ebca,24,ProTruck,NISSAN,X-TRAIL,2.0 dCi Aventura Explorer 5dr Auto,363,NC58ZYG,15:00,-,11/02/2009,Diesel,2,AUTOMATIC,GREY,24/04/2026,,Margin,Here,"£1,325.00",£920.00,£525.00,0.2,,Warranted,24/04/2026,Estate,"{'information': {'Service history': 'yes', 'Service documents': 'Service Book', 'Number of stamps': '15', 'Last service date': '06/05/2025', 'Last service miles': '120,350', 'MOT Due': '24/04/2026', 'Former Keepers': '2', 'Body Style': 'Estate', 'BHP': '148', 'Gross Weight': '2170', 'Euro Status': '4', 'Euro': '4', 'CO2': '216', 'MPG Combined': '34.9', 'MPG Urban': '26.9', 'MPG Extra Urban': '42.2'}}","{
    ""Interior"": {
        ""Registration"": ""NC58ZYG"",
        ""Registered"": ""11/02/2009"",
        ""Miles"": ""125,821 Miles"",
        ""Miles Warranted"": ""Warranted"",
        ""Former Keepers"": ""2"",
        ""Fuel"": ""Diesel"",
        ""Transmission"": ""AUTOMATIC"",
        ""Colour"": ""GREY"",
        ""VAT"": ""Margin"",
        ""MOT"": ""24/04/2026"",
        ""V5"": ""Here"",
        ""Keys"": """",
        ""CC"": ""1995"",
        ""Service history"": ""Yes"",
        ""Service documents"": ""Service Book"",
        ""Number of stamps"": ""15"",
        ""Last service date"": ""06/05/2025"",
        ""Last service miles"": ""120,350"",
        ""Vendor"": ""Bartletts Seat"",
        ""CAP Clean"": ""\u00a31,325.00"",
        ""CAP Average"": ""\u00a3920.00"",
        ""CAP Below"": ""\u00a3525.00""
    }
}",,https://www.protruckauctions.co.uk/motorvehicleinspectionreport/standard/5889.pdf,,,
Ford,ebca,24,ProTruck,Ford,B-Max,1.0 EcoBoost 120 Titanium 5dr,394,ND13ETK,15:00,-,10/07/2013,Petrol,1,MANUAL,RED,27/06/2026,2,Margin,Here,"£2,675.00","£2,225.00","£1,775.00",0.1,,Warranted,27/06/2026,MPV,"{'information': {'Keys': '2', 'Service history': 'yes', 'Service documents': 'Service Book', 'Number of stamps': '9', 'Last service date': '27/06/2024', 'Last service miles': '33,182', 'MOT Due': '27/06/2026', 'Former Keepers': '1', 'Body Style': 'MPV', 'Hubs': 'Alloy', 'BHP': '118', 'Gross Weight': '1760', 'Euro Status': '5', 'Euro': '5', 'CO2': '114', 'MPG Combined': '57.7', 'MPG Urban': '47.1', 'MPG Extra Urban': '67.3'}}","{
    ""Interior"": {
        ""Registration"": ""ND13ETK"",
        ""Registered"": ""10/07/2013"",
        ""Miles"": ""36,155 Miles"",
        ""Miles Warranted"": ""Warranted"",
        ""Former Keepers"": ""1"",
        ""Fuel"": ""Petrol"",
        ""Transmission"": ""MANUAL"",
        ""Colour"": ""RED"",
        ""VAT"": ""Margin"",
        ""MOT"": ""27/06/2026"",
        ""V5"": ""Here"",
        ""Keys"": ""2"",
        ""CC"": ""998"",
        ""Service history"": ""Yes"",
        ""Service documents"": ""Service Book"",
        ""Number of stamps"": ""9"",
        ""Last service date"": ""27/06/2024"",
        ""Last service miles"": ""33,182"",
        ""Vendor"": ""Birchwood Group"",
        ""CAP Clean"": ""\u00a32,675.00"",
        ""CAP Average"": ""\u00a32,225.00"",
        ""CAP Below"": ""\u00a31,775.00""
    }
}",,https://www.protruckauctions.co.uk/motorvehicleinspectionreport/standard/6582.pdf,,,
Volkswagen,ebca,24,ProTruck,Volkswagen,Polo,1.2 60 Match 3dr,273,ND61FZA,15:00,-,30/11/2011,Petrol,3,MANUAL,WHITE,05/10/2026,2,Margin,Here,"£1,800.00","£1,425.00","£1,025.00",0.1,,Warranted,05/10/2026,Hatchback,"{'information': {'Keys': '2', 'Service history': 'yes', 'Service documents': 'Service Book', 'Number of stamps': '11', 'Last service date': '10/09/2025', 'Last service miles': '104,343', 'MOT Due': '05/10/2026', 'Former Keepers': '3', 'Body Style': 'Hatchback', 'Hubs': 'Alloy', 'BHP': '59', 'Gross Weight': '1570', 'Euro Status': '5', 'Euro': '5', 'CO2': '128', 'MPG Combined': '51.4', 'MPG Urban': '38.7', 'MPG Extra Urban': '62.8'}}","{
    ""Interior"": {
        ""Registration"": ""ND61FZA"",
        ""Registered"": ""30/11/2011"",
        ""Miles"": ""106,588 Miles"",
        ""Miles Warranted"": ""Warranted"",
        ""Former Keepers"": ""3"",
        ""Fuel"": ""Petrol"",
        ""Transmission"": ""MANUAL"",
        ""Colour"": ""WHITE"",
        ""VAT"": ""Margin"",
        ""MOT"": ""05/10/2026"",
        ""V5"": ""Here"",
        ""Keys"": ""2"",
        ""CC"": ""1198"",
        ""Service history"": ""Yes"",
        ""Service documents"": ""Service Book"",
        ""Number of stamps"": ""11"",
        ""Last service date"": ""10/09/2025"",
        ""Last service miles"": ""104,343"",
        ""Vendor"": ""Caffyns Group"",
        ""CAP Clean"": ""\u00a31,800.00"",
        ""CAP Average"": ""\u00a31,425.00"",
        ""CAP Below"": ""\u00a31,025.00""
    }
}",,https://www.protruckauctions.co.uk/motorvehicleinspectionreport/standard/6632.pdf,,,
Nissan,ebca,24,ProTruck,Nissan,Juke,1.2 DiG-T Tekna 5dr,310,ND65YJE,15:00,-,27/01/2016,Petrol,1,MANUAL,BLUE,11/02/2026,2,Margin,Here,"£2,375.00","£1,950.00","£1,525.00",0.1,,Warranted,11/02/2026,Hatchback,"{'information': {'Keys': '2', 'Service history': 'yes', 'Service documents': 'Service Book', 'Number of stamps': '8', 'Last service date': '11/07/2025', 'Last service miles': '87,783', 'MOT Due': '11/02/2026', 'Former Keepers': '1', 'Body Style': 'Hatchback', 'Hubs': 'Alloy', 'BHP': '115', 'Gross Weight': '1710', 'Euro Status': '6', 'Euro': '6', 'CO2': '128', 'MPG Combined': '49.6', 'MPG Urban': '39.8', 'MPG Extra Urban': '57.7'}}","{
    ""Interior"": {
        ""Registration"": ""ND65YJE"",
        ""Registered"": ""27/01/2016"",
        ""Miles"": ""94,569 Miles"",
        ""Miles Warranted"": ""Warranted"",
        ""Former Keepers"": ""1"",
        ""Fuel"": ""Petrol"",
        ""Transmission"": ""MANUAL"",
        ""Colour"": ""BLUE"",
        ""VAT"": ""Margin"",
        ""MOT"": ""11/02/2026"",
        ""V5"": ""Here"",
        ""Keys"": ""2"",
        ""CC"": ""1197"",
        ""Service history"": ""Yes"",
        ""Service documents"": ""Service Book"",
        ""Number of stamps"": ""8"",
        ""Last service date"": ""11/07/2025"",
        ""Last service miles"": ""87,783"",
        ""Vendor"": ""Yeomans Group"",
        ""CAP Clean"": ""\u00a32,375.00"",
        ""CAP Average"": ""\u00a31,950.00"",
        ""CAP Below"": ""\u00a31,525.00""
    }
}",,https://www.protruckauctions.co.uk/motorvehicleinspectionreport/standard/6434.pdf,,,
Nissan,ebca,24,ProTruck,Nissan,Primastar,2.0 dCi E Van 115ps,325,NL13VCU,15:00,-,25/04/2013,Diesel,3,MANUAL,WHITE,04/08/2026,1,Margin,Here,"£2,575.00","£2,025.00","£1,325.00",0.2,,Warranted,04/08/2026,Panel Van,"{'information': {'Keys': '1', 'Service history': 'none', 'MOT Due': '04/08/2026', 'Former Keepers': '3', 'Body Style': 'Panel Van', 'Hubs': 'Steel', 'BHP': '115', 'Gross Weight': '3030', 'Euro Status': '5', 'Euro': '5', 'CO2': '198', 'MPG Combined': '37.7', 'MPG Urban': '31', 'MPG Extra Urban': '29.7'}}","{
    ""Interior"": {
        ""Registration"": ""NL13VCU"",
        ""Registered"": ""25/04/2013"",
        ""Miles"": ""95,979 Miles"",
        ""Miles Warranted"": ""Warranted"",
        ""Former Keepers"": ""3"",
        ""Fuel"": ""Diesel"",
        ""Transmission"": ""MANUAL"",
        ""Colour"": ""WHITE"",
        ""VAT"": ""Margin"",
        ""MOT"": ""04/08/2026"",
        ""V5"": ""Here"",
        ""Keys"": ""1"",
        ""CC"": ""1995"",
        ""Service history"": ""None"",
        ""Vendor"": ""Caffyns Group"",
        ""CAP Clean"": ""\u00a32,575.00"",
        ""CAP Average"": ""\u00a32,025.00"",
        ""CAP Below"": ""\u00a31,325.00""
    }
}",,https://www.protruckauctions.co.uk/motorvehicleinspectionreport/standard/6754.pdf,,,
Fiat,ebca,24,ProTruck,Fiat,500,1.2 Sport 3dr,416,NU09KCV,15:00,-,03/04/2009,Petrol,6,MANUAL,RED,05/01/2027,2,Margin,Here,"£1,350.00",£930.00,£525.00,0.1,,Warranted,05/01/2027,Hatchback,"{'information': {'Keys': '2', 'Service history': 'none', 'MOT Due': '05/01/2027', 'Former Keepers': '6', 'Body Style': 'Hatchback', 'Hubs': 'Alloy', 'BHP': '69', 'Gross Weight': '1305', 'Euro Status': '5', 'Euro': '5', 'CO2': '119', 'MPG Combined': '55.4', 'MPG Urban': '44.1', 'MPG Extra Urban': '65.7'}}","{
    ""Interior"": {
        ""Registration"": ""NU09KCV"",
        ""Registered"": ""03/04/2009"",
        ""Miles"": ""60,510 Miles"",
        ""Miles Warranted"": ""Warranted"",
        ""Former Keepers"": ""6"",
        ""Fuel"": ""Petrol"",
        ""Transmission"": ""MANUAL"",
        ""Colour"": ""RED"",
        ""VAT"": ""Margin"",
        ""MOT"": ""05/01/2027"",
        ""V5"": ""Here"",
        ""Keys"": ""2"",
        ""CC"": ""1242"",
        ""Service history"": ""None"",
        ""Vendor"": ""Bartletts Seat"",
        ""CAP Clean"": ""\u00a31,350.00"",
        ""CAP Average"": ""\u00a3930.00"",
        ""CAP Below"": ""\u00a3525.00""
    }
}",,https://www.protruckauctions.co.uk/motorvehicleinspectionreport/standard/6836.pdf,,,
Honda,ebca,24,ProTruck,Honda,FR-V,1.8 i-VTEC EX 5dr,326,OV58GXW,15:00,-,23/10/2008,Petrol,2,MANUAL,BLUE,02/02/2026,2,Margin,Here,"£1,275.00",£900.00,£500.00,0.2,,Warranted,02/02/2026,MPV,"{'information': {'Keys': '2', 'Service history': 'yes', 'Service documents': 'Service Book', 'Number of stamps': '8', 'Last service date': '06/10/2016', 'Last service miles': '66,403', 'MOT Due': '02/02/2026', 'Former Keepers': '2', 'Body Style': 'MPV', 'Hubs': 'Alloy', 'BHP': '138', 'Gross Weight': '1975', 'Euro Status': '4', 'Euro': '4', 'CO2': '177', 'MPG Combined': '37.7', 'MPG Urban': '30.1', 'MPG Extra Urban': '44.8'}}","{
    ""Interior"": {
        ""Registration"": ""OV58GXW"",
        ""Registered"": ""23/10/2008"",
        ""Miles"": ""136,543 Miles"",
        ""Miles Warranted"": ""Warranted"",
        ""Former Keepers"": ""2"",
        ""Fuel"": ""Petrol"",
        ""Transmission"": ""MANUAL"",
        ""Colour"": ""BLUE"",
        ""VAT"": ""Margin"",
        ""MOT"": ""02/02/2026"",
        ""V5"": ""Here"",
        ""Keys"": ""2"",
        ""CC"": ""1799"",
        ""Service history"": ""Yes"",
        ""Service documents"": ""Service Book"",
        ""Number of stamps"": ""8"",
        ""Last service date"": ""06/10/2016"",
        ""Last service miles"": ""66,403"",
        ""Vendor"": ""Birchwood Group"",
        ""CAP Clean"": ""\u00a31,275.00"",
        ""CAP Average"": ""\u00a3900.00"",
        ""CAP Below"": ""\u00a3500.00""
    }
}",,https://www.protruckauctions.co.uk/motorvehicleinspectionreport/standard/6798.pdf,,,
Nissan,ebca,24,ProTruck,Nissan,Qashqai,1.6 Acenta 5dr,403,OW08GVG,15:00,-,01/08/2008,Petrol,4,MANUAL,ORANGE,06/04/2026,1,Margin,Here,£440.00,£150.00,£150.00,0.2,,Warranted,06/04/2026,Hatchback,"{'information': {'Keys': '1', 'Service history': 'yes', 'Service documents': 'Service Book', 'Number of stamps': '9', 'Last service date': '05/08/2020', 'Last service miles': '112,436', 'MOT Due': '06/04/2026', 'Former Keepers': '4', 'Body Style': 'Hatchback', 'Hubs': 'Alloy', 'BHP': '113', 'Gross Weight': '1830', 'Euro Status': '4', 'Euro': '4', 'CO2': '159', 'MPG Combined': '42.2', 'MPG Urban': '33.6', 'MPG Extra Urban': '49.6'}}","{
    ""Interior"": {
        ""Registration"": ""OW08GVG"",
        ""Registered"": ""01/08/2008"",
        ""Miles"": ""132,703 Miles"",
        ""Miles Warranted"": ""Warranted"",
        ""Former Keepers"": ""4"",
        ""Fuel"": ""Petrol"",
        ""Transmission"": ""MANUAL"",
        ""Colour"": ""ORANGE"",
        ""VAT"": ""Margin"",
        ""MOT"": ""06/04/2026"",
        ""V5"": ""Here"",
        ""Keys"": ""1"",
        ""CC"": ""1598"",
        ""Service history"": ""Yes"",
        ""Service documents"": ""Service Book"",
        ""Number of stamps"": ""9"",
        ""Last service date"": ""05/08/2020"",
        ""Last service miles"": ""112,436"",
        ""Vendor"": ""Caffyns Group"",
        ""CAP Clean"": ""\u00a3440.00"",
        ""CAP Average"": ""\u00a3150.00"",
        ""CAP Below"": ""\u00a3150.00""
    }
}",,https://www.protruckauctions.co.uk/motorvehicleinspectionreport/standard/6804.pdf,,,
Ford,ebca,24,ProTruck,Ford,Fiesta,1.25 Zetec 5dr [Climate],379,PG05CXW,15:00,-,28/07/2005,Petrol,6,MANUAL,SILVER,28/05/2026,1,Margin,Here,£320.00,£150.00,£150.00,0.1,,Warranted,28/05/2026,Hatchback,"{'information': {'Keys': '1', 'Service history': 'none', 'MOT Due': '28/05/2026', 'Former Keepers': '6', 'Body Style': 'Hatchback', 'Hubs': 'Alloy', 'BHP': '74', 'Gross Weight': '1530', 'Euro Status': '4', 'Euro': '4', 'CO2': '147', 'MPG Combined': '45.6', 'MPG Urban': '32.8', 'MPG Extra Urban': '57.7'}}","{
    ""Interior"": {
        ""Registration"": ""PG05CXW"",
        ""Registered"": ""28/07/2005"",
        ""Miles"": ""94,786 Miles"",
        ""Miles Warranted"": ""Warranted"",
        ""Former Keepers"": ""6"",
        ""Fuel"": ""Petrol"",
        ""Transmission"": ""MANUAL"",
        ""Colour"": ""SILVER"",
        ""VAT"": ""Margin"",
        ""MOT"": ""28/05/2026"",
        ""V5"": ""Here"",
        ""Keys"": ""1"",
        ""CC"": ""1242"",
        ""Service history"": ""None"",
        ""Vendor"": ""Caffyns Group"",
        ""CAP Clean"": ""\u00a3320.00"",
        ""CAP Average"": ""\u00a3150.00"",
        ""CAP Below"": ""\u00a3150.00""
    }
}",,https://www.protruckauctions.co.uk/motorvehicleinspectionreport/standard/6397.pdf,,,
Ford,ebca,24,ProTruck,Ford,Mondeo,2.0 TDCi 140 Zetec Business Edition 5dr,286,PK12HWE,15:00,-,29/06/2012,Diesel,1,MANUAL,BROWN,19/07/2026,,Margin,Here,"£2,000.00","£1,600.00","£1,175.00",0.2,,Warranted,19/07/2026,Hatchback,"{'information': {'Service history': 'yes', 'Service documents': 'Service Book', 'Number of stamps': '14', 'Last service date': '07/07/2025', 'Last service miles': '63,889', 'MOT Due': '19/07/2026', 'Former Keepers': '1', 'Body Style': 'Hatchback', 'Hubs': 'Alloy', 'BHP': '138', 'Gross Weight': '2180', 'Euro Status': '5', 'Euro': '5', 'CO2': '139', 'MPG Combined': '53.3', 'MPG Urban': '44.1', 'MPG Extra Urban': '61.4'}}","{
    ""Interior"": {
        ""Registration"": ""PK12HWE"",
        ""Registered"": ""29/06/2012"",
        ""Miles"": ""64,860 Miles"",
        ""Miles Warranted"": ""Warranted"",
        ""Former Keepers"": ""1"",
        ""Fuel"": ""Diesel"",
        ""Transmission"": ""MANUAL"",
        ""Colour"": ""BROWN"",
        ""VAT"": ""Margin"",
        ""MOT"": ""19/07/2026"",
        ""V5"": ""Here"",
        ""Keys"": """",
        ""CC"": ""1997"",
        ""Service history"": ""Yes"",
        ""Service documents"": ""Service Book"",
        ""Number of stamps"": ""14"",
        ""Last service date"": ""07/07/2025"",
        ""Last service miles"": ""63,889"",
        ""Vendor"": ""Caffyns Group"",
        ""CAP Clean"": ""\u00a32,000.00"",
        ""CAP Average"": ""\u00a31,600.00"",
        ""CAP Below"": ""\u00a31,175.00""
    }
}",,https://www.protruckauctions.co.uk/motorvehicleinspectionreport/standard/6398.pdf,,,
Ford,ebca,24,ProTruck,Ford,C-Max,1.6 Zetec 5dr,375,PX63FHB,15:00,-,30/09/2013,Petrol,1,MANUAL,BROWN, ,2,Margin,Here,"£1,150.00",£750.00,£350.00,0.2,,Warranted, ,MPV,"{'information': {'Keys': '2', 'Service history': 'yes', 'Service documents': 'Service Book', 'Number of stamps': '11', 'Last service date': '13/07/2023', 'Last service miles': '99,207', 'MOT Due': 'Expired', 'Former Keepers': '1', 'Body Style': 'MPV', 'Hubs': 'Alloy', 'BHP': '103', 'Gross Weight': '1860', 'Euro Status': '5', 'Euro': '5', 'CO2': '149', 'MPG Combined': '42.8', 'MPG Urban': '32.5', 'MPG Extra Urban': '53.3'}}","{
    ""Interior"": {
        ""Registration"": ""PX63FHB"",
        ""Registered"": ""30/09/2013"",
        ""Miles"": ""119,139 Miles"",
        ""Miles Warranted"": ""Warranted"",
        ""Former Keepers"": ""1"",
        ""Fuel"": ""Petrol"",
        ""Transmission"": ""MANUAL"",
        ""Colour"": ""BROWN"",
        ""VAT"": ""Margin"",
        ""MOT"": ""Expired"",
        ""V5"": ""Here"",
        ""Keys"": ""2"",
        ""CC"": ""1596"",
        ""Service history"": ""Yes"",
        ""Service documents"": ""Service Book"",
        ""Number of stamps"": ""11"",
        ""Last service date"": ""13/07/2023"",
        ""Last service miles"": ""99,207"",
        ""Vendor"": ""Bartletts Seat"",
        ""CAP Clean"": ""\u00a31,150.00"",
        ""CAP Average"": ""\u00a3750.00"",
        ""CAP Below"": ""\u00a3350.00""
    }
}",,https://www.protruckauctions.co.uk/motorvehicleinspectionreport/standard/5882.pdf,,,
Hyundai,ebca,24,ProTruck,Hyundai,Coupe,2.0 SIII 3dr,299,RA56FWC,15:00,-,02/02/2007,Petrol,2,MANUAL,SILVER,09/02/2026,2,Margin,Here,£710.00,£310.00,£150.00,0.2,,Warranted,09/02/2026,Coupe,"{'information': {'Keys': '2', 'Service history': 'yes', 'Service documents': 'Printout', 'Number of stamps': '9', 'Last service date': '07/09/2022', 'Last service miles': '81,993', 'MOT Due': '09/02/2026', 'Former Keepers': '2', 'Body Style': 'Coupe', 'Hubs': 'Alloy', 'BHP': '141', 'Gross Weight': '1740', 'Euro Status': '4', 'Euro': '4', 'CO2': '193', 'MPG Combined': '35.3', 'MPG Urban': '25.9', 'MPG Extra Urban': '44.1'}}","{
    ""Interior"": {
        ""Registration"": ""RA56FWC"",
        ""Registered"": ""02/02/2007"",
        ""Miles"": ""101,284 Miles"",
        ""Miles Warranted"": ""Warranted"",
        ""Former Keepers"": ""2"",
        ""Fuel"": ""Petrol"",
        ""Transmission"": ""MANUAL"",
        ""Colour"": ""SILVER"",
        ""VAT"": ""Margin"",
        ""MOT"": ""09/02/2026"",
        ""V5"": ""Here"",
        ""Keys"": ""2"",
        ""CC"": ""1975"",
        ""Service history"": ""Yes"",
        ""Service documents"": ""Printout"",
        ""Number of stamps"": ""9"",
        ""Last service date"": ""07/09/2022"",
        ""Last service miles"": ""81,993"",
        ""Vendor"": ""Bartletts Seat"",
        ""CAP Clean"": ""\u00a3710.00"",
        ""CAP Average"": ""\u00a3310.00"",
        ""CAP Below"": ""\u00a3150.00""
    }
}",,https://www.protruckauctions.co.uk/motorvehicleinspectionreport/standard/3908.pdf,,,
Volvo,ebca,24,ProTruck,Volvo,C30,1.6D DRIVe S 3dr,327,RE59XHJ,15:00,-,04/12/2009,Diesel,3,MANUAL,BLUE,15/02/2026,1,Margin,Here,£680.00,£280.00,£150.00,0.2,,Warranted,15/02/2026,Hatchback,"{'information': {'Keys': '1', 'Service history': 'yes', 'Service documents': 'Service Book', 'Number of stamps': '11', 'Last service date': '29/04/2025', 'Last service miles': '127,293', 'MOT Due': '15/02/2026', 'Former Keepers': '3', 'Body Style': 'Hatchback', 'Hubs': 'Alloy', 'BHP': '109', 'Gross Weight': '1780', 'Euro Status': '4', 'Euro': '4', 'CO2': '119', 'MPG Combined': '64.2', 'MPG Urban': '50.4', 'MPG Extra Urban': '78.5'}}","{
    ""Interior"": {
        ""Registration"": ""RE59XHJ"",
        ""Registered"": ""04/12/2009"",
        ""Miles"": ""134,013 Miles"",
        ""Miles Warranted"": ""Warranted"",
        ""Former Keepers"": ""3"",
        ""Fuel"": ""Diesel"",
        ""Transmission"": ""MANUAL"",
        ""Colour"": ""BLUE"",
        ""VAT"": ""Margin"",
        ""MOT"": ""15/02/2026"",
        ""V5"": ""Here"",
        ""Keys"": ""1"",
        ""CC"": ""1560"",
        ""Service history"": ""Yes"",
        ""Service documents"": ""Service Book"",
        ""Number of stamps"": ""11"",
        ""Last service date"": ""29/04/2025"",
        ""Last service miles"": ""127,293"",
        ""Vendor"": ""St Leonards Motor Group"",
        ""CAP Clean"": ""\u00a3680.00"",
        ""CAP Average"": ""\u00a3280.00"",
        ""CAP Below"": ""\u00a3150.00""
    }
}",,https://www.protruckauctions.co.uk/motorvehicleinspectionreport/standard/6863.pdf,,,
Fiat,ebca,24,ProTruck,Fiat,Punto,1.2 Pop 3dr [Start Stop],365,RE63VUM,15:00,-,02/01/2014,Petrol,1,MANUAL,BLACK,09/01/2027,1,Margin,Here,£730.00,£330.00,£150.00,0.1,,Warranted,09/01/2027,Hatchback,"{'information': {'Keys': '1', 'Service history': 'yes', 'Number of stamps': '2', 'Last service date': '03/01/2023', 'Last service miles': '86,035', 'MOT Due': '09/01/2027', 'Former Keepers': '1', 'Body Style': 'Hatchback', 'Hubs': 'Steel', 'BHP': '69', 'Gross Weight': '1575', 'Euro Status': '5', 'Euro': '5', 'CO2': '126', 'MPG Combined': '52.3', 'MPG Urban': '39.2', 'MPG Extra Urban': '64.2'}}","{
    ""Interior"": {
        ""Registration"": ""RE63VUM"",
        ""Registered"": ""02/01/2014"",
        ""Miles"": ""98,807 Miles"",
        ""Miles Warranted"": ""Warranted"",
        ""Former Keepers"": ""1"",
        ""Fuel"": ""Petrol"",
        ""Transmission"": ""MANUAL"",
        ""Colour"": ""BLACK"",
        ""VAT"": ""Margin"",
        ""MOT"": ""09/01/2027"",
        ""V5"": ""Here"",
        ""Keys"": ""1"",
        ""CC"": ""1242"",
        ""Service history"": ""Yes"",
        ""Number of stamps"": ""2"",
        ""Last service date"": ""03/01/2023"",
        ""Last service miles"": ""86,035"",
        ""Vendor"": ""St Leonards Motor Group"",
        ""CAP Clean"": ""\u00a3730.00"",
        ""CAP Average"": ""\u00a3330.00"",
        ""CAP Below"": ""\u00a3150.00""
    }
}",,https://www.protruckauctions.co.uk/motorvehicleinspectionreport/standard/6791.pdf,,,
Volvo,ebca,24,ProTruck,Volvo,V70,D5 SE Lux 5dr Geartronic,387,RF08LFU,15:00,-,03/06/2008,Diesel,1,AUTOMATIC,RED,04/12/2026,2,Margin,Here,"£2,225.00","£1,775.00","£1,350.00",0.2,,Warranted,04/12/2026,Estate,"{'information': {'Keys': '2', 'Service history': 'yes', 'Service documents': 'Service Book', 'Number of stamps': '17', 'Last service date': '28/11/2025', 'Last service miles': '103,640', 'MOT Due': '04/12/2026', 'Former Keepers': '1', 'Body Style': 'Estate', 'Hubs': 'Alloy', 'BHP': '182', 'Gross Weight': '2310', 'Euro Status': '4', 'Euro': '4', 'CO2': '195', 'MPG Combined': '38.2', 'MPG Urban': '28.8', 'MPG Extra Urban': '47.1'}}","{
    ""Interior"": {
        ""Registration"": ""RF08LFU"",
        ""Registered"": ""03/06/2008"",
        ""Miles"": ""105,414 Miles"",
        ""Miles Warranted"": ""Warranted"",
        ""Former Keepers"": ""1"",
        ""Fuel"": ""Diesel"",
        ""Transmission"": ""AUTOMATIC"",
        ""Colour"": ""RED"",
        ""VAT"": ""Margin"",
        ""MOT"": ""04/12/2026"",
        ""V5"": ""Here"",
        ""Keys"": ""2"",
        ""CC"": ""2400"",
        ""Service history"": ""Yes"",
        ""Service documents"": ""Service Book"",
        ""Number of stamps"": ""17"",
        ""Last service date"": ""28/11/2025"",
        ""Last service miles"": ""103,640"",
        ""Vendor"": ""Caffyns Group"",
        ""CAP Clean"": ""\u00a32,225.00"",
        ""CAP Average"": ""\u00a31,775.00"",
        ""CAP Below"": ""\u00a31,350.00""
    }
}",,https://www.protruckauctions.co.uk/motorvehicleinspectionreport/standard/6757.pdf,,,
Audi,ebca,24,ProTruck,Audi,A3,1.6 5dr,396,RF58EPA,15:00,-,06/01/2009,Petrol,3,MANUAL,BLACK,27/11/2026,2,Margin,Here,£770.00,£370.00,£150.00,0.2,,Warranted,27/11/2026,Hatchback,"{'information': {'Keys': '2', 'Service history': 'yes', 'Service documents': 'Service Book', 'Number of stamps': '18', 'Last service date': '09/12/2025', 'Last service miles': '150,156', 'MOT Due': '27/11/2026', 'Former Keepers': '3', 'Body Style': 'Hatchback', 'Hubs': 'Alloy', 'BHP': '101', 'Gross Weight': '1785', 'Euro Status': '4', 'Euro': '4', 'CO2': '164', 'MPG Combined': '40.9', 'MPG Urban': '29.7', 'MPG Extra Urban': '52.3'}}","{
    ""Interior"": {
        ""Registration"": ""RF58EPA"",
        ""Registered"": ""06/01/2009"",
        ""Miles"": ""151,469 Miles"",
        ""Miles Warranted"": ""Warranted"",
        ""Former Keepers"": ""3"",
        ""Fuel"": ""Petrol"",
        ""Transmission"": ""MANUAL"",
        ""Colour"": ""BLACK"",
        ""VAT"": ""Margin"",
        ""MOT"": ""27/11/2026"",
        ""V5"": ""Here"",
        ""Keys"": ""2"",
        ""CC"": ""1595"",
        ""Service history"": ""Yes"",
        ""Service documents"": ""Service Book"",
        ""Number of stamps"": ""18"",
        ""Last service date"": ""09/12/2025"",
        ""Last service miles"": ""150,156"",
        ""Vendor"": ""Caffyns Group"",
        ""CAP Clean"": ""\u00a3770.00"",
        ""CAP Average"": ""\u00a3370.00"",
        ""CAP Below"": ""\u00a3150.00""
    }
}",,https://www.protruckauctions.co.uk/motorvehicleinspectionreport/standard/6835.pdf,,,
Audi,ebca,24,ProTruck,Audi,A3,2.0 TFSI SE 5dr,414,RV09AAJ,15:00,-,20/03/2009,Petrol,4,MANUAL,BLACK,22/10/2026,2,Margin,Here,"£1,400.00",£990.00,£600.00,0.2,,Warranted,22/10/2026,Hatchback,"{'information': {'Keys': '2', 'Service history': 'yes', 'Number of stamps': '3', 'Last service date': '25/09/2025', 'Last service miles': '118,648', 'MOT Due': '22/10/2026', 'Former Keepers': '4', 'Body Style': 'Hatchback', 'Hubs': 'Alloy', 'BHP': '197', 'Gross Weight': '1895', 'Euro Status': '4', 'Euro': '4', 'CO2': '167', 'MPG Combined': '39.2', 'MPG Urban': '28.5', 'MPG Extra Urban': '50.4'}}","{
    ""Interior"": {
        ""Registration"": ""RV09AAJ"",
        ""Registered"": ""20/03/2009"",
        ""Miles"": ""119,542 Miles"",
        ""Miles Warranted"": ""Warranted"",
        ""Former Keepers"": ""4"",
        ""Fuel"": ""Petrol"",
        ""Transmission"": ""MANUAL"",
        ""Colour"": ""BLACK"",
        ""VAT"": ""Margin"",
        ""MOT"": ""22/10/2026"",
        ""V5"": ""Here"",
        ""Keys"": ""2"",
        ""CC"": ""1984"",
        ""Service history"": ""Yes"",
        ""Number of stamps"": ""3"",
        ""Last service date"": ""25/09/2025"",
        ""Last service miles"": ""118,648"",
        ""Vendor"": ""Birchwood Group"",
        ""CAP Clean"": ""\u00a31,400.00"",
        ""CAP Average"": ""\u00a3990.00"",
        ""CAP Below"": ""\u00a3600.00""
    }
}",,https://www.protruckauctions.co.uk/motorvehicleinspectionreport/standard/6743.pdf,,,
Nissan,ebca,24,ProTruck,Nissan,Qashqai,1.5 dCi Acenta 5dr,383,SA60XPY,15:00,-,27/09/2010,Diesel,2,MANUAL,SILVER,22/10/2026,2,Margin,Here,£400.00,£150.00,£150.00,0.1,,Warranted,22/10/2026,Hatchback,"{'information': {'Keys': '2', 'Service history': 'yes', 'Service documents': 'Service Book', 'Number of stamps': '10', 'Last service date': '06/11/2020', 'Last service miles': '156,232', 'MOT Due': '22/10/2026', 'Former Keepers': '2', 'Body Style': 'Hatchback', 'Hubs': 'Alloy', 'BHP': '106', 'Gross Weight': '1930', 'Euro Status': '4', 'Euro': '4', 'CO2': '135', 'MPG Combined': '55.4', 'MPG Urban': '47.9', 'MPG Extra Urban': '60.1'}}","{
    ""Interior"": {
        ""Registration"": ""SA60XPY"",
        ""Registered"": ""27/09/2010"",
        ""Miles"": ""172,607 Miles"",
        ""Miles Warranted"": ""Warranted"",
        ""Former Keepers"": ""2"",
        ""Fuel"": ""Diesel"",
        ""Transmission"": ""MANUAL"",
        ""Colour"": ""SILVER"",
        ""VAT"": ""Margin"",
        ""MOT"": ""22/10/2026"",
        ""V5"": ""Here"",
        ""Keys"": ""2"",
        ""CC"": ""1461"",
        ""Service history"": ""Yes"",
        ""Service documents"": ""Service Book"",
        ""Number of stamps"": ""10"",
        ""Last service date"": ""06/11/2020"",
        ""Last service miles"": ""156,232"",
        ""Vendor"": ""Bartletts Seat"",
        ""CAP Clean"": ""\u00a3400.00"",
        ""CAP Average"": ""\u00a3150.00"",
        ""CAP Below"": ""\u00a3150.00""
    }
}",,https://www.protruckauctions.co.uk/motorvehicleinspectionreport/standard/6562.pdf,,,
Nissan,ebca,24,ProTruck,Nissan,Qashqai,1.2 DiG-T N-Tec+ 5dr,399,SE64LXJ,15:00,-,27/01/2015,Petrol,4,MANUAL,RED,28/05/2026,1,Margin,Here,"£3,050.00","£2,575.00","£2,100.00",0.1,,Warranted,28/05/2026,Hatchback,"{'information': {'Keys': '1', 'Service history': 'yes', 'Service documents': 'Printout', 'Number of stamps': '2', 'Last service date': '27/02/2025', 'Last service miles': '88,071', 'MOT Due': '28/05/2026', 'Former Keepers': '4', 'Body Style': 'Hatchback', 'Hubs': 'Alloy', 'BHP': '113', 'Gross Weight': '1860', 'Euro Status': '5', 'Euro': '5', 'CO2': '129', 'MPG Combined': '50.4', 'MPG Urban': '40.9', 'MPG Extra Urban': '57.7'}}","{
    ""Interior"": {
        ""Registration"": ""SE64LXJ"",
        ""Registered"": ""27/01/2015"",
        ""Miles"": ""94,513 Miles"",
        ""Miles Warranted"": ""Warranted"",
        ""Former Keepers"": ""4"",
        ""Fuel"": ""Petrol"",
        ""Transmission"": ""MANUAL"",
        ""Colour"": ""RED"",
        ""VAT"": ""Margin"",
        ""MOT"": ""28/05/2026"",
        ""V5"": ""Here"",
        ""Keys"": ""1"",
        ""CC"": ""1198"",
        ""Service history"": ""Yes"",
        ""Service documents"": ""Printout"",
        ""Number of stamps"": ""2"",
        ""Last service date"": ""27/02/2025"",
        ""Last service miles"": ""88,071"",
        ""Vendor"": ""Caffyns Group"",
        ""CAP Clean"": ""\u00a33,050.00"",
        ""CAP Average"": ""\u00a32,575.00"",
        ""CAP Below"": ""\u00a32,100.00""
    }
}",,https://www.protruckauctions.co.uk/motorvehicleinspectionreport/standard/6617.pdf,,,
Toyota,ebca,24,ProTruck,Toyota,Auris,1.4 VVTi T2 5dr,328,SJ07OYS,15:00,-,23/03/2007,Petrol,4,MANUAL,SILVER,19/10/2026,1,Margin,Here,£740.00,£330.00,£175.00,0.1,,Warranted,19/10/2026,Hatchback,"{'information': {'Keys': '1', 'Service history': 'yes', 'Service documents': 'Service Book', 'Number of stamps': '18', 'Last service date': '11/10/2025', 'Last service miles': '110,679', 'MOT Due': '19/10/2026', 'Former Keepers': '4', 'Body Style': 'Hatchback', 'Hubs': 'Steel', 'BHP': '95', 'Gross Weight': '1720', 'Euro Status': '4', 'Euro': '4', 'CO2': '163', 'MPG Combined': '40.9', 'MPG Urban': '32.5', 'MPG Extra Urban': '47.9'}}","{
    ""Interior"": {
        ""Registration"": ""SJ07OYS"",
        ""Registered"": ""23/03/2007"",
        ""Miles"": ""111,799 Miles"",
        ""Miles Warranted"": ""Warranted"",
        ""Former Keepers"": ""4"",
        ""Fuel"": ""Petrol"",
        ""Transmission"": ""MANUAL"",
        ""Colour"": ""SILVER"",
        ""VAT"": ""Margin"",
        ""MOT"": ""19/10/2026"",
        ""V5"": ""Here"",
        ""Keys"": ""1"",
        ""CC"": ""1398"",
        ""Service history"": ""Yes"",
        ""Service documents"": ""Service Book"",
        ""Number of stamps"": ""18"",
        ""Last service date"": ""11/10/2025"",
        ""Last service miles"": ""110,679"",
        ""Vendor"": ""St Leonards Motor Group"",
        ""CAP Clean"": ""\u00a3740.00"",
        ""CAP Average"": ""\u00a3330.00"",
        ""CAP Below"": ""\u00a3175.00""
    }
}",,https://www.protruckauctions.co.uk/motorvehicleinspectionreport/standard/6736.pdf,,,
Volkswagen,ebca,24,ProTruck,Volkswagen,Golf,1.4 TSI SE 2dr DSG Convertible,376,VE62KHO,15:00,-,06/12/2012,Petrol,1,SEMI AUTO,RED,07/05/2026,1,Margin,Here,"£2,875.00","£2,425.00","£1,975.00",0.1,,Warranted,07/05/2026,Convertible,"{'information': {'Keys': '1', 'Service history': 'yes', 'Service documents': 'Service Book', 'Number of stamps': '7', 'Last service date': '07/08/2020', 'Last service miles': '45,812', 'MOT Due': '07/05/2026', 'Former Keepers': '1', 'Body Style': 'Convertible', 'Hubs': 'Alloy', 'BHP': '121', 'Gross Weight': '1920', 'Euro Status': '5', 'Euro': '5', 'CO2': '147', 'MPG Combined': '44.8', 'MPG Urban': '35.3', 'MPG Extra Urban': '52.3'}}","{
    ""Interior"": {
        ""Registration"": ""VE62KHO"",
        ""Registered"": ""06/12/2012"",
        ""Miles"": ""111,195 Miles"",
        ""Miles Warranted"": ""Warranted"",
        ""Former Keepers"": ""1"",
        ""Fuel"": ""Petrol"",
        ""Transmission"": ""SEMI AUTO"",
        ""Colour"": ""RED"",
        ""VAT"": ""Margin"",
        ""MOT"": ""07/05/2026"",
        ""V5"": ""Here"",
        ""Keys"": ""1"",
        ""CC"": ""1390"",
        ""Service history"": ""Yes"",
        ""Service documents"": ""Service Book"",
        ""Number of stamps"": ""7"",
        ""Last service date"": ""07/08/2020"",
        ""Last service miles"": ""45,812"",
        ""Vendor"": ""Caffyns Group"",
        ""CAP Clean"": ""\u00a32,875.00"",
        ""CAP Average"": ""\u00a32,425.00"",
        ""CAP Below"": ""\u00a31,975.00""
    }
}",,https://www.protruckauctions.co.uk/motorvehicleinspectionreport/standard/6455.pdf,,,
Volvo,ebca,24,ProTruck,Volvo,V70,D5 [215] SE 5dr Geartronic [Lthr],377,VF61BBE,15:00,-,14/11/2011,Diesel,2,AUTOMATIC,GREY,24/01/2026,1,Margin,Here,"£1,225.00",£830.00,£425.00,0.2,,Warranted,24/01/2026,Estate,"{'information': {'Keys': '1', 'Service history': 'yes', 'Service documents': 'Service Book', 'Number of stamps': '12', 'Last service date': '09/06/2022', 'Last service miles': '129,421', 'MOT Due': '24/01/2026', 'Former Keepers': '2', 'Body Style': 'Estate', 'Hubs': 'Alloy', 'BHP': '212', 'Gross Weight': '2310', 'Euro Status': '5', 'Euro': '5', 'CO2': '164', 'MPG Combined': '45.6', 'MPG Urban': '33.2', 'MPG Extra Urban': '57.7'}}","{
    ""Interior"": {
        ""Registration"": ""VF61BBE"",
        ""Registered"": ""14/11/2011"",
        ""Miles"": ""216,774 Miles"",
        ""Miles Warranted"": ""Warranted"",
        ""Former Keepers"": ""2"",
        ""Fuel"": ""Diesel"",
        ""Transmission"": ""AUTOMATIC"",
        ""Colour"": ""GREY"",
        ""VAT"": ""Margin"",
        ""MOT"": ""24/01/2026"",
        ""V5"": ""Here"",
        ""Keys"": ""1"",
        ""CC"": ""2400"",
        ""Service history"": ""Yes"",
        ""Service documents"": ""Service Book"",
        ""Number of stamps"": ""12"",
        ""Last service date"": ""09/06/2022"",
        ""Last service miles"": ""129,421"",
        ""Vendor"": ""Caffyns Group"",
        ""CAP Clean"": ""\u00a31,225.00"",
        ""CAP Average"": ""\u00a3830.00"",
        ""CAP Below"": ""\u00a3425.00""
    }
}",,https://www.protruckauctions.co.uk/motorvehicleinspectionreport/standard/6756.pdf,,,
NISSAN,ebca,24,ProTruck,NISSAN,MICRA,1.2 DiG-S Tekna 5dr,329,VN64XJF,15:00,-,16/01/2015,Petrol,3,MANUAL,BLUE,15/12/2026,,Margin,Here,"£2,200.00","£1,750.00","£1,300.00",0.1,,Warranted,15/12/2026,Hatchback,"{'information': {'Service history': 'yes', 'Service documents': 'Printout', 'Number of stamps': '3', 'Last service date': '27/11/2024', 'Last service miles': '89,845', 'MOT Due': '15/12/2026', 'Former Keepers': '3', 'Body Style': 'Hatchback', 'BHP': '97', 'Gross Weight': '1505', 'Euro Status': '5', 'Euro': '5', 'CO2': '99', 'MPG Combined': '65.7', 'MPG Urban': '54.3', 'MPG Extra Urban': '76.4'}}","{
    ""Interior"": {
        ""Registration"": ""VN64XJF"",
        ""Registered"": ""16/01/2015"",
        ""Miles"": ""102,508 Miles"",
        ""Miles Warranted"": ""Warranted"",
        ""Former Keepers"": ""3"",
        ""Fuel"": ""Petrol"",
        ""Transmission"": ""MANUAL"",
        ""Colour"": ""BLUE"",
        ""VAT"": ""Margin"",
        ""MOT"": ""15/12/2026"",
        ""V5"": ""Here"",
        ""Keys"": """",
        ""CC"": ""1198"",
        ""Service history"": ""Yes"",
        ""Service documents"": ""Printout"",
        ""Number of stamps"": ""3"",
        ""Last service date"": ""27/11/2024"",
        ""Last service miles"": ""89,845"",
        ""Vendor"": ""St Leonards Motor Group"",
        ""CAP Clean"": ""\u00a32,200.00"",
        ""CAP Average"": ""\u00a31,750.00"",
        ""CAP Below"": ""\u00a31,300.00""
    }
}",,https://www.protruckauctions.co.uk/motorvehicleinspectionreport/standard/6865.pdf,,,
BMW,ebca,24,ProTruck,BMW,X5,3.0d Sport 5dr Auto,401,VO06XMF,15:00,-,17/03/2006,Diesel,6,AUTOMATIC,SILVER,02/10/2026,2,Margin,Here,"£1,575.00","£1,175.00",£800.00,0.3,,Warranted,02/10/2026,Estate,"{'information': {'Keys': '2', 'Service history': 'yes', 'Service documents': 'Printout', 'Number of stamps': '3', 'Last service date': '26/06/2016', 'Last service miles': '90,660', 'MOT Due': '02/10/2026', 'Former Keepers': '6', 'Body Style': 'Estate', 'Hubs': 'Alloy', 'BHP': '215', 'Gross Weight': '2695', 'Euro Status': '3', 'Euro': '3', 'CO2': '250', 'MPG Combined': '30.1', 'MPG Urban': '23.5', 'MPG Extra Urban': '35.3'}}","{
    ""Interior"": {
        ""Registration"": ""VO06XMF"",
        ""Registered"": ""17/03/2006"",
        ""Miles"": ""125,759 Miles"",
        ""Miles Warranted"": ""Warranted"",
        ""Former Keepers"": ""6"",
        ""Fuel"": ""Diesel"",
        ""Transmission"": ""AUTOMATIC"",
        ""Colour"": ""SILVER"",
        ""VAT"": ""Margin"",
        ""MOT"": ""02/10/2026"",
        ""V5"": ""Here"",
        ""Keys"": ""2"",
        ""CC"": ""2993"",
        ""Service history"": ""Yes"",
        ""Service documents"": ""Printout"",
        ""Number of stamps"": ""3"",
        ""Last service date"": ""26/06/2016"",
        ""Last service miles"": ""90,660"",
        ""CAP Clean"": ""\u00a31,575.00"",
        ""CAP Average"": ""\u00a31,175.00"",
        ""CAP Below"": ""\u00a3800.00""
    }
}",,https://www.protruckauctions.co.uk/motorvehicleinspectionreport/standard/6765.pdf,,,
Ford,ebca,24,ProTruck,Ford,Focus,GHIA,250,W534XJN,15:00,-,23/05/2000,Petrol,1,,RED,13/08/2026,2,Margin,Here,£0.00,£0.00,£0.00,0.2,,Warranted,13/08/2026,Hatchback,"{'information': {'Keys': '2', 'Service history': 'yes', 'Service documents': 'Service Book', 'Number of stamps': '23', 'Last service date': '06/08/2024', 'Last service miles': '116,653', 'MOT Due': '13/08/2026', 'Former Keepers': '1', 'Body Style': 'Hatchback', 'Hubs': 'Steel'}}","{
    ""Interior"": {
        ""Registration"": ""W534XJN"",
        ""Registered"": ""23/05/2000"",
        ""Miles"": ""118,773 Miles"",
        ""Miles Warranted"": ""Warranted"",
        ""Former Keepers"": ""1"",
        ""Fuel"": ""Petrol"",
        ""Transmission"": """",
        ""Colour"": ""RED"",
        ""VAT"": ""Margin"",
        ""MOT"": ""13/08/2026"",
        ""V5"": ""Here"",
        ""Keys"": ""2"",
        ""CC"": ""1596"",
        ""Service history"": ""Yes"",
        ""Service documents"": ""Service Book"",
        ""Number of stamps"": ""23"",
        ""Last service date"": ""06/08/2024"",
        ""Last service miles"": ""116,653"",
        ""Vendor"": ""Caffyns Group"",
        ""CAP Clean"": ""\u00a30.00"",
        ""CAP Average"": ""\u00a30.00"",
        ""CAP Below"": ""\u00a30.00""
    }
}",,https://www.protruckauctions.co.uk/motorvehicleinspectionreport/standard/6699.pdf,,,
BMW,ebca,24,ProTruck,BMW,1 Series,116d Sport 5dr,298,WD15VWV,15:00,-,07/07/2015,Diesel,3,MANUAL,WHITE,15/06/2026,2,Margin,Here,"£3,325.00","£2,800.00","£2,275.00",0.1,,Warranted,15/06/2026,Hatchback,"{'information': {'Keys': '2', 'Service history': 'yes', 'Service documents': 'Electronic / Online', 'Number of stamps': '4', 'Last service date': '07/11/2018', 'Last service miles': '51,469', 'MOT Due': '15/06/2026', 'Former Keepers': '3', 'Body Style': 'Hatchback', 'Hubs': 'Alloy', 'BHP': '114', 'Gross Weight': '1885', 'Euro Status': '6', 'Euro': '6', 'CO2': '103', 'MPG Combined': '72.4', 'MPG Urban': '62.8', 'MPG Extra Urban': '80.7'}}","{
    ""Interior"": {
        ""Registration"": ""WD15VWV"",
        ""Registered"": ""07/07/2015"",
        ""Miles"": ""104,416 Miles"",
        ""Miles Warranted"": ""Warranted"",
        ""Former Keepers"": ""3"",
        ""Fuel"": ""Diesel"",
        ""Transmission"": ""MANUAL"",
        ""Colour"": ""WHITE"",
        ""VAT"": ""Margin"",
        ""MOT"": ""15/06/2026"",
        ""V5"": ""Here"",
        ""Keys"": ""2"",
        ""CC"": ""1496"",
        ""Service history"": ""Yes"",
        ""Service documents"": ""Electronic / Online"",
        ""Number of stamps"": ""4"",
        ""Last service date"": ""07/11/2018"",
        ""Last service miles"": ""51,469"",
        ""Vendor"": ""Yeomans Group"",
        ""CAP Clean"": ""\u00a33,325.00"",
        ""CAP Average"": ""\u00a32,800.00"",
        ""CAP Below"": ""\u00a32,275.00""
    }
}",,https://www.protruckauctions.co.uk/motorvehicleinspectionreport/standard/6779.pdf,,,
Toyota,ebca,24,ProTruck,Toyota,Rav 4,2.0 VVT-i XT3 5dr Auto,390,WM06RHA,15:00,-,31/07/2006,Petrol,2,AUTOMATIC,BLACK,29/12/2026,1,Margin,Here,"£2,650.00","£2,200.00","£1,750.00",0.2,,Warranted,29/12/2026,Estate,"{'information': {'Keys': '1', 'Service history': 'yes', 'Service documents': 'Service Book', 'Number of stamps': '5', 'Last service date': '14/02/2012', 'Last service miles': '48,284', 'MOT Due': '29/12/2026', 'Former Keepers': '2', 'Body Style': 'Estate', 'Hubs': 'Alloy', 'BHP': '150', 'Gross Weight': '2110', 'Euro Status': '4', 'Euro': '4', 'CO2': '212', 'MPG Combined': '31.4', 'MPG Urban': '24.4', 'MPG Extra Urban': '38.2'}}","{
    ""Interior"": {
        ""Registration"": ""WM06RHA"",
        ""Registered"": ""31/07/2006"",
        ""Miles"": ""74,114 Miles"",
        ""Miles Warranted"": ""Warranted"",
        ""Former Keepers"": ""2"",
        ""Fuel"": ""Petrol"",
        ""Transmission"": ""AUTOMATIC"",
        ""Colour"": ""BLACK"",
        ""VAT"": ""Margin"",
        ""MOT"": ""29/12/2026"",
        ""V5"": ""Here"",
        ""Keys"": ""1"",
        ""CC"": ""1998"",
        ""Service history"": ""Yes"",
        ""Service documents"": ""Service Book"",
        ""Number of stamps"": ""5"",
        ""Last service date"": ""14/02/2012"",
        ""Last service miles"": ""48,284"",
        ""Vendor"": ""Yeomans Group"",
        ""CAP Clean"": ""\u00a32,650.00"",
        ""CAP Average"": ""\u00a32,200.00"",
        ""CAP Below"": ""\u00a31,750.00""
    }
}",,https://www.protruckauctions.co.uk/motorvehicleinspectionreport/standard/6668.pdf,,,
Ford,ebca,24,ProTruck,Ford,Focus,1.0 EcoBoost 125 Zetec Edition 5dr Auto,301,WP17XFT,15:00,-,31/05/2017,Petrol,2,AUTOMATIC,BLUE,20/12/2026,2,Margin,Here,"£3,400.00","£2,850.00","£2,325.00",0.1,,Warranted,20/12/2026,Hatchback,"{'information': {'Keys': '2', 'Service history': 'yes', 'Service documents': 'Printout', 'Number of stamps': '3', 'Last service date': '28/11/2024', 'Last service miles': '64,463', 'MOT Due': '20/12/2026', 'Former Keepers': '2', 'Body Style': 'Hatchback', 'Hubs': 'Alloy', 'BHP': '123', 'Gross Weight': '1900', 'Euro Status': '6', 'Euro': '6', 'CO2': '125', 'MPG Combined': '51.4', 'MPG Urban': '38.2', 'MPG Extra Urban': '64.2'}}","{
    ""Interior"": {
        ""Registration"": ""WP17XFT"",
        ""Registered"": ""31/05/2017"",
        ""Miles"": ""77,727 Miles"",
        ""Miles Warranted"": ""Warranted"",
        ""Former Keepers"": ""2"",
        ""Fuel"": ""Petrol"",
        ""Transmission"": ""AUTOMATIC"",
        ""Colour"": ""BLUE"",
        ""VAT"": ""Margin"",
        ""MOT"": ""20/12/2026"",
        ""V5"": ""Here"",
        ""Keys"": ""2"",
        ""CC"": ""999"",
        ""Service history"": ""Yes"",
        ""Service documents"": ""Printout"",
        ""Number of stamps"": ""3"",
        ""Last service date"": ""28/11/2024"",
        ""Last service miles"": ""64,463"",
        ""Vendor"": ""Yeomans Group"",
        ""CAP Clean"": ""\u00a33,400.00"",
        ""CAP Average"": ""\u00a32,850.00"",
        ""CAP Below"": ""\u00a32,325.00""
    }
}",,https://www.protruckauctions.co.uk/motorvehicleinspectionreport/standard/6547.pdf,,,
Fiat,ebca,24,ProTruck,Fiat,500x,1.6 Multijet Cross 5dr,330,WP65BWO,15:00,-,31/10/2015,Diesel,4,MANUAL,GREY,31/10/2026,2,Margin,Here,"£2,375.00","£1,925.00","£1,475.00",0.2,,Warranted,31/10/2026,Hatchback,"{'information': {'Keys': '2', 'Service history': 'yes', 'Service documents': 'Service Book', 'Number of stamps': '10', 'Last service date': '16/10/2025', 'Last service miles': '82,741', 'MOT Due': '31/10/2026', 'Former Keepers': '4', 'Body Style': 'Hatchback', 'Hubs': 'Alloy', 'BHP': '118', 'Euro Status': '6', 'Euro': '6', 'CO2': '109', 'MPG Combined': '68.9', 'MPG Urban': '60.1', 'MPG Extra Urban': '74.3'}}","{
    ""Interior"": {
        ""Registration"": ""WP65BWO"",
        ""Registered"": ""31/10/2015"",
        ""Miles"": ""84,537 Miles"",
        ""Miles Warranted"": ""Warranted"",
        ""Former Keepers"": ""4"",
        ""Fuel"": ""Diesel"",
        ""Transmission"": ""MANUAL"",
        ""Colour"": ""GREY"",
        ""VAT"": ""Margin"",
        ""MOT"": ""31/10/2026"",
        ""V5"": ""Here"",
        ""Keys"": ""2"",
        ""CC"": ""1598"",
        ""Service history"": ""Yes"",
        ""Service documents"": ""Service Book"",
        ""Number of stamps"": ""10"",
        ""Last service date"": ""16/10/2025"",
        ""Last service miles"": ""82,741"",
        ""Vendor"": ""EMC Group"",
        ""CAP Clean"": ""\u00a32,375.00"",
        ""CAP Average"": ""\u00a31,925.00"",
        ""CAP Below"": ""\u00a31,475.00""
    }
}",,https://www.protruckauctions.co.uk/motorvehicleinspectionreport/standard/6454.pdf,,,
Audi,ebca,24,ProTruck,Audi,TT,2.0 TDI Quattro 2dr,260,WR09VSE,15:00,-,28/05/2009,Diesel,3,MANUAL,WHITE,16/02/2026,2,Margin,Here,£0.00,£0.00,£0.00,0.2,,Warranted,16/02/2026,Coupe,"{'information': {'Keys': '2', 'Service history': 'yes', 'Service documents': 'Service Book', 'Number of stamps': '17', 'Last service date': '12/02/2025', 'Last service miles': '178,467', 'MOT Due': '16/02/2026', 'Former Keepers': '3', 'Body Style': 'Coupe', 'Hubs': 'Alloy', 'BHP': '170', 'Gross Weight': '1770', 'Euro Status': '4', 'Euro': '4', 'CO2': '139', 'MPG Combined': '53.3', 'MPG Urban': '40.4', 'MPG Extra Urban': '65.7'}}","{
    ""Interior"": {
        ""Registration"": ""WR09VSE"",
        ""Registered"": ""28/05/2009"",
        ""Miles"": ""183,097 Miles"",
        ""Miles Warranted"": ""Warranted"",
        ""Former Keepers"": ""3"",
        ""Fuel"": ""Diesel"",
        ""Transmission"": ""MANUAL"",
        ""Colour"": ""WHITE"",
        ""VAT"": ""Margin"",
        ""MOT"": ""16/02/2026"",
        ""V5"": ""Here"",
        ""Keys"": ""2"",
        ""CC"": ""1968"",
        ""Service history"": ""Yes"",
        ""Service documents"": ""Service Book"",
        ""Number of stamps"": ""17"",
        ""Last service date"": ""12/02/2025"",
        ""Last service miles"": ""178,467"",
        ""Vendor"": ""Caffyns Group"",
        ""CAP Clean"": ""\u00a30.00"",
        ""CAP Average"": ""\u00a30.00"",
        ""CAP Below"": ""\u00a30.00""
    }
}",,https://www.protruckauctions.co.uk/motorvehicleinspectionreport/standard/6821.pdf,,,
Mini,ebca,24,ProTruck,Mini,Countryman,2.0 Cooper S D 5dr Auto,268,WR63GZF,15:00,-,22/11/2013,Diesel,3,AUTOMATIC,SILVER,11/07/2026,2,Margin,Here,"£3,125.00","£2,650.00","£2,175.00",0.2,,Warranted,11/07/2026,Hatchback,"{'information': {'Keys': '2', 'Service history': 'none', 'MOT Due': '11/07/2026', 'Former Keepers': '3', 'Body Style': 'Hatchback', 'Hubs': 'Alloy', 'BHP': '141', 'Gross Weight': '1815', 'Euro Status': '5', 'Euro': '5', 'CO2': '150', 'MPG Combined': '49.6', 'MPG Urban': '38.7', 'MPG Extra Urban': '58.9'}}","{
    ""Interior"": {
        ""Registration"": ""WR63GZF"",
        ""Registered"": ""22/11/2013"",
        ""Miles"": ""90,672 Miles"",
        ""Miles Warranted"": ""Warranted"",
        ""Former Keepers"": ""3"",
        ""Fuel"": ""Diesel"",
        ""Transmission"": ""AUTOMATIC"",
        ""Colour"": ""SILVER"",
        ""VAT"": ""Margin"",
        ""MOT"": ""11/07/2026"",
        ""V5"": ""Here"",
        ""Keys"": ""2"",
        ""CC"": ""1995"",
        ""Service history"": ""None"",
        ""Vendor"": ""St Leonards Motor Group"",
        ""CAP Clean"": ""\u00a33,125.00"",
        ""CAP Average"": ""\u00a32,650.00"",
        ""CAP Below"": ""\u00a32,175.00""
    }
}",,https://www.protruckauctions.co.uk/motorvehicleinspectionreport/standard/6700.pdf,,,
Toyota,ebca,24,ProTruck,Toyota,Rav 4,2.0 XT3 3dr,384,WU04XDY,15:00,-,23/03/2004,Petrol,5,MANUAL,RED,05/11/2026,2,Margin,Here,"£1,625.00","£1,225.00",£820.00,0.2,,Warranted,05/11/2026,Estate,"{'information': {'Keys': '2', 'Service history': 'yes', 'Service documents': 'Service Book', 'Number of stamps': '13', 'Last service date': '26/03/2017', 'Last service miles': '45,392', 'MOT Due': '05/11/2026', 'Former Keepers': '5', 'Body Style': 'Estate', 'Hubs': 'Alloy', 'BHP': '147', 'Gross Weight': '1685', 'Euro Status': '4', 'Euro': '4', 'CO2': '207', 'MPG Combined': '32.1', 'MPG Urban': '24.8', 'MPG Extra Urban': '38.7'}}","{
    ""Interior"": {
        ""Registration"": ""WU04XDY"",
        ""Registered"": ""23/03/2004"",
        ""Miles"": ""70,816 Miles"",
        ""Miles Warranted"": ""Warranted"",
        ""Former Keepers"": ""5"",
        ""Fuel"": ""Petrol"",
        ""Transmission"": ""MANUAL"",
        ""Colour"": ""RED"",
        ""VAT"": ""Margin"",
        ""MOT"": ""05/11/2026"",
        ""V5"": ""Here"",
        ""Keys"": ""2"",
        ""CC"": ""1998"",
        ""Service history"": ""Yes"",
        ""Service documents"": ""Service Book"",
        ""Number of stamps"": ""13"",
        ""Last service date"": ""26/03/2017"",
        ""Last service miles"": ""45,392"",
        ""Vendor"": ""Yeomans Group"",
        ""CAP Clean"": ""\u00a31,625.00"",
        ""CAP Average"": ""\u00a31,225.00"",
        ""CAP Below"": ""\u00a3820.00""
    }
}",,https://www.protruckauctions.co.uk/motorvehicleinspectionreport/standard/6619.pdf,,,
Audi,ebca,24,ProTruck,Audi,A4,TDI SE 130 BHP,382,Y138MWL,15:00,-,12/04/2001,Diesel,3,MANUAL,RED,21/09/2026,2,Margin,Here,£0.00,£0.00,£0.00,0.2,,Warranted,21/09/2026,Saloon,"{'information': {'Keys': '2', 'Service history': 'yes', 'Service documents': 'Printout', 'Number of stamps': '6', 'Last service date': '20/09/2024', 'Last service miles': '151,311', 'MOT Due': '21/09/2026', 'Former Keepers': '3', 'Body Style': 'Saloon', 'Hubs': 'Alloy', 'BHP': '129', 'Gross Weight': '1945', 'CO2': '151', 'MPG Combined': '51.4', 'MPG Urban': '38.2', 'MPG Extra Urban': '64.2'}}","{
    ""Interior"": {
        ""Registration"": ""Y138MWL"",
        ""Registered"": ""12/04/2001"",
        ""Miles"": ""153,090 Miles"",
        ""Miles Warranted"": ""Warranted"",
        ""Former Keepers"": ""3"",
        ""Fuel"": ""Diesel"",
        ""Transmission"": ""MANUAL"",
        ""Colour"": ""RED"",
        ""VAT"": ""Margin"",
        ""MOT"": ""21/09/2026"",
        ""V5"": ""Here"",
        ""Keys"": ""2"",
        ""CC"": ""1896"",
        ""Service history"": ""Yes"",
        ""Service documents"": ""Printout"",
        ""Number of stamps"": ""6"",
        ""Last service date"": ""20/09/2024"",
        ""Last service miles"": ""151,311"",
        ""Vendor"": ""Caffyns Group"",
        ""CAP Clean"": ""\u00a30.00"",
        ""CAP Average"": ""\u00a30.00"",
        ""CAP Below"": ""\u00a30.00""
    }
}",,https://www.protruckauctions.co.uk/motorvehicleinspectionreport/standard/6702.pdf,,,
Volvo,ebca,24,ProTruck,Volvo,V70,D3 [163] SE 5dr Geartronic [Lthr],257,YB10GWJ,15:00,-,22/07/2010,Diesel,1,AUTOMATIC,GREY,22/07/2026,2,Margin,Here,"£1,600.00","£1,200.00",£800.00,0.2,,Warranted,22/07/2026,Estate,"{'information': {'Keys': '2', 'Service history': 'yes', 'Service documents': 'Printout', 'Number of stamps': '15', 'Last service date': '15/07/2025', 'Last service miles': '158,212', 'MOT Due': '22/07/2026', 'Former Keepers': '1', 'Body Style': 'Estate', 'Hubs': 'Alloy', 'BHP': '161', 'Gross Weight': '2310', 'Euro Status': '5', 'Euro': '5', 'CO2': '159', 'MPG Combined': '46.3', 'MPG Urban': '34.5', 'MPG Extra Urban': '58.9'}}","{
    ""Interior"": {
        ""Registration"": ""YB10GWJ"",
        ""Registered"": ""22/07/2010"",
        ""Miles"": ""162,963 Miles"",
        ""Miles Warranted"": ""Warranted"",
        ""Former Keepers"": ""1"",
        ""Fuel"": ""Diesel"",
        ""Transmission"": ""AUTOMATIC"",
        ""Colour"": ""GREY"",
        ""VAT"": ""Margin"",
        ""MOT"": ""22/07/2026"",
        ""V5"": ""Here"",
        ""Keys"": ""2"",
        ""CC"": ""1984"",
        ""Service history"": ""Yes"",
        ""Service documents"": ""Printout"",
        ""Number of stamps"": ""15"",
        ""Last service date"": ""15/07/2025"",
        ""Last service miles"": ""158,212"",
        ""Vendor"": ""Caffyns Group"",
        ""CAP Clean"": ""\u00a31,600.00"",
        ""CAP Average"": ""\u00a31,200.00"",
        ""CAP Below"": ""\u00a3800.00""
    }
}",,https://www.protruckauctions.co.uk/motorvehicleinspectionreport/standard/6698.pdf,,,
BMW,ebca,24,ProTruck,BMW,3 Series,320i M Sport Highline 2dr,266,YB59UEJ,15:00,-,26/02/2010,Petrol,6,MANUAL,BLACK,29/04/2026,1,Margin,Here,"£2,100.00","£1,675.00","£1,225.00",0.2,,Warranted,29/04/2026,Coupe,"{'information': {'Keys': '1', 'Service history': 'yes', 'Service documents': 'Service Book', 'Number of stamps': '6', 'Last service date': '16/07/2020', 'Last service miles': '60,123', 'MOT Due': '29/04/2026', 'Former Keepers': '6', 'Body Style': 'Coupe', 'Hubs': 'Alloy', 'BHP': '168', 'Gross Weight': '1810', 'Euro Status': '5', 'Euro': '5', 'CO2': '154', 'MPG Combined': '42.8', 'MPG Urban': '32.8', 'MPG Extra Urban': '52.3'}}","{
    ""Interior"": {
        ""Registration"": ""YB59UEJ"",
        ""Registered"": ""26/02/2010"",
        ""Miles"": ""83,401 Miles"",
        ""Miles Warranted"": ""Warranted"",
        ""Former Keepers"": ""6"",
        ""Fuel"": ""Petrol"",
        ""Transmission"": ""MANUAL"",
        ""Colour"": ""BLACK"",
        ""VAT"": ""Margin"",
        ""MOT"": ""29/04/2026"",
        ""V5"": ""Here"",
        ""Keys"": ""1"",
        ""CC"": ""1995"",
        ""Service history"": ""Yes"",
        ""Service documents"": ""Service Book"",
        ""Number of stamps"": ""6"",
        ""Last service date"": ""16/07/2020"",
        ""Last service miles"": ""60,123"",
        ""Vendor"": ""St Leonards Motor Group"",
        ""CAP Clean"": ""\u00a32,100.00"",
        ""CAP Average"": ""\u00a31,675.00"",
        ""CAP Below"": ""\u00a31,225.00""
    }
}",,https://www.protruckauctions.co.uk/motorvehicleinspectionreport/standard/5935.pdf,,,
Skoda,ebca,24,ProTruck,Skoda,Octavia,1.6 TDI CR SE 5dr,308,YE61KPF,15:00,-,04/01/2012,Diesel,1,MANUAL,GREY,19/10/2026,2,Margin,Here,"£1,000.00",£600.00,£250.00,0.2,,Warranted,19/10/2026,Estate,"{'information': {'Keys': '2', 'Service history': 'yes', 'Service documents': 'Service Book', 'Number of stamps': '7', 'Last service date': '17/09/2021', 'Last service miles': '114,466', 'MOT Due': '19/10/2026', 'Former Keepers': '1', 'Body Style': 'Estate', 'Hubs': 'Alloy', 'BHP': '103', 'Gross Weight': '1965', 'Euro Status': '5', 'Euro': '5', 'CO2': '119', 'MPG Combined': '4.5', 'MPG Urban': '49.6', 'MPG Extra Urban': '72.4'}}","{
    ""Interior"": {
        ""Registration"": ""YE61KPF"",
        ""Registered"": ""04/01/2012"",
        ""Miles"": ""146,039 Miles"",
        ""Miles Warranted"": ""Warranted"",
        ""Former Keepers"": ""1"",
        ""Fuel"": ""Diesel"",
        ""Transmission"": ""MANUAL"",
        ""Colour"": ""GREY"",
        ""VAT"": ""Margin"",
        ""MOT"": ""19/10/2026"",
        ""V5"": ""Here"",
        ""Keys"": ""2"",
        ""CC"": ""1598"",
        ""Service history"": ""Yes"",
        ""Service documents"": ""Service Book"",
        ""Number of stamps"": ""7"",
        ""Last service date"": ""17/09/2021"",
        ""Last service miles"": ""114,466"",
        ""Vendor"": ""Caffyns Group"",
        ""CAP Clean"": ""\u00a31,000.00"",
        ""CAP Average"": ""\u00a3600.00"",
        ""CAP Below"": ""\u00a3250.00""
    }
}",,https://www.protruckauctions.co.uk/motorvehicleinspectionreport/standard/6192.pdf,,,
Mini,ebca,24,ProTruck,Mini,Countryman,2.0 Cooper S D ALL4 Park Lane 5dr,284,YN65YHK,15:00,-,30/12/2015,Diesel,1,MANUAL,GREY, ,,Margin,Here,"£3,150.00","£2,675.00","£2,200.00",0.2,,Warranted, ,Hatchback,"{'information': {'Service history': 'yes', 'Service documents': 'Service Book', 'Number of stamps': '8', 'Last service date': '10/12/2024', 'Last service miles': '95,837', 'MOT Due': 'Expired', 'Former Keepers': '1', 'Body Style': 'Hatchback', 'Hubs': 'Alloy', 'BHP': '143', 'Gross Weight': '1915', 'Euro Status': '6', 'Euro': '6', 'CO2': '131', 'MPG Combined': '56.5', 'MPG Urban': '50.4', 'MPG Extra Urban': '60.1'}}","{
    ""Interior"": {
        ""Registration"": ""YN65YHK"",
        ""Registered"": ""30/12/2015"",
        ""Miles"": ""105,085 Miles"",
        ""Miles Warranted"": ""Warranted"",
        ""Former Keepers"": ""1"",
        ""Fuel"": ""Diesel"",
        ""Transmission"": ""MANUAL"",
        ""Colour"": ""GREY"",
        ""VAT"": ""Margin"",
        ""MOT"": ""Expired"",
        ""V5"": ""Here"",
        ""Keys"": """",
        ""CC"": ""1995"",
        ""Service history"": ""Yes"",
        ""Service documents"": ""Service Book"",
        ""Number of stamps"": ""8"",
        ""Last service date"": ""10/12/2024"",
        ""Last service miles"": ""95,837"",
        ""Vendor"": ""EMC Group"",
        ""CAP Clean"": ""\u00a33,150.00"",
        ""CAP Average"": ""\u00a32,675.00"",
        ""CAP Below"": ""\u00a32,200.00""
    }
}",,https://www.protruckauctions.co.uk/motorvehicleinspectionreport/standard/6877.pdf,,,
Ford,ebca,24,ProTruck,Ford,B-Max,1.4 Zetec 5dr,333,YT14CUY,15:00,-,29/04/2014,Petrol,1,MANUAL,GOLD,11/07/2026,2,Margin,Here,"£2,175.00","£1,725.00","£1,275.00",0.1,,Warranted,11/07/2026,MPV,"{'information': {'Keys': '2', 'Service history': 'yes', 'Service documents': 'Service Book', 'Number of stamps': '10', 'Last service date': '01/07/2025', 'Last service miles': '60,951', 'MOT Due': '11/07/2026', 'Former Keepers': '1', 'Body Style': 'MPV', 'Hubs': 'Alloy', 'BHP': '89', 'Gross Weight': '1745', 'Euro Status': '5', 'Euro': '5', 'CO2': '139', 'MPG Combined': '47.1', 'MPG Urban': '35.8', 'MPG Extra Urban': '57.7'}}","{
    ""Interior"": {
        ""Registration"": ""YT14CUY"",
        ""Registered"": ""29/04/2014"",
        ""Miles"": ""62,514 Miles"",
        ""Miles Warranted"": ""Warranted"",
        ""Former Keepers"": ""1"",
        ""Fuel"": ""Petrol"",
        ""Transmission"": ""MANUAL"",
        ""Colour"": ""GOLD"",
        ""VAT"": ""Margin"",
        ""MOT"": ""11/07/2026"",
        ""V5"": ""Here"",
        ""Keys"": ""2"",
        ""CC"": ""1388"",
        ""Service history"": ""Yes"",
        ""Service documents"": ""Service Book"",
        ""Number of stamps"": ""10"",
        ""Last service date"": ""01/07/2025"",
        ""Last service miles"": ""60,951"",
        ""Vendor"": ""DSM Ltd"",
        ""CAP Clean"": ""\u00a32,175.00"",
        ""CAP Average"": ""\u00a31,725.00"",
        ""CAP Below"": ""\u00a31,275.00""
    }
}",,https://www.protruckauctions.co.uk/motorvehicleinspectionreport/standard/6869.pdf,,,
Honda,ebca,24,ProTruck,Honda,Jazz,1.2 i-VTEC SE 5dr,386,YX59UKG,15:00,-,11/09/2009,Petrol,3,MANUAL,SILVER,25/01/2026,2,Margin,Here,"£1,475.00","£1,075.00",£675.00,0.1,,Warranted,25/01/2026,Hatchback,"{'information': {'Keys': '2', 'Service history': 'yes', 'Service documents': 'Service Book', 'Number of stamps': '10', 'Last service date': '14/01/2021', 'Last service miles': '62,247', 'MOT Due': '25/01/2026', 'Former Keepers': '3', 'Body Style': 'Hatchback', 'Hubs': 'Alloy', 'BHP': '89', 'Gross Weight': '1520', 'Euro Status': '4', 'Euro': '4', 'CO2': '125', 'MPG Combined': '53.3', 'MPG Urban': '43.5', 'MPG Extra Urban': '62.8'}}","{
    ""Interior"": {
        ""Registration"": ""YX59UKG"",
        ""Registered"": ""11/09/2009"",
        ""Miles"": ""82,714 Miles"",
        ""Miles Warranted"": ""Warranted"",
        ""Former Keepers"": ""3"",
        ""Fuel"": ""Petrol"",
        ""Transmission"": ""MANUAL"",
        ""Colour"": ""SILVER"",
        ""VAT"": ""Margin"",
        ""MOT"": ""25/01/2026"",
        ""V5"": ""Here"",
        ""Keys"": ""2"",
        ""CC"": ""1198"",
        ""Service history"": ""Yes"",
        ""Service documents"": ""Service Book"",
        ""Number of stamps"": ""10"",
        ""Last service date"": ""14/01/2021"",
        ""Last service miles"": ""62,247"",
        ""Vendor"": ""St Leonards Motor Group"",
        ""CAP Clean"": ""\u00a31,475.00"",
        ""CAP Average"": ""\u00a31,075.00"",
        ""CAP Below"": ""\u00a3675.00""
    }
}",,https://www.protruckauctions.co.uk/motorvehicleinspectionreport/standard/6706.pdf,,,
