Title,Auction Name,Lot,Auction type,Center,Make,Model,Variant,Reg,Start Time,Start Date,D.O.R,Fuel Type,Body Type,Transmission,Colour,Year,Keys,VAT Status,V5,CAP Clean,CAP Average,CAP Below,CC,Mileage,Inspection Report,Images
2012 HONDA JAZZ,Default,"
                            101",Online Auction,Swansea Motor Auctions,HONDA,JAZZ,1.4 i-VTEC ES 5dr CVT,CE12ODW,18:00,10/12/2025,01/03/2012,Petrol,Hatchback,CVT,GREY,2012,2,Margin,Here,Login to see this,Login to see this,Login to see this,1.3,62018,https://www.smva.co.uk/motorvehicleinspectionreport/standard/1956.pdf,"https://swansea-buckets-s3-public.s3.eu-west-1.amazonaws.com/motorvehicle/1956/images/1764762289_JyTk7F.jpg,https://swansea-buckets-s3-public.s3.eu-west-1.amazonaws.com/motorvehicle/1956/images/1764762297_530YGI.jpg,https://swansea-buckets-s3-public.s3.eu-west-1.amazonaws.com/motorvehicle/1956/images/1764762312_zFTy50.jpg,https://swansea-buckets-s3-public.s3.eu-west-1.amazonaws.com/motorvehicle/1956/images/1764762370_3YREKt.jpg,https://swansea-buckets-s3-public.s3.eu-west-1.amazonaws.com/motorvehicle/1956/images/1764762519_zkNsNR.jpg,https://swansea-buckets-s3-public.s3.eu-west-1.amazonaws.com/motorvehicle/1956/images/1764762529_lWUApE.jpg"
2012 TOYOTA YARIS,Default,"
                            103",Online Auction,Swansea Motor Auctions,TOYOTA,YARIS,1.33 VVT-i SR 5dr,CV12DZZ,18:00,10/12/2025,02/03/2012,Petrol,Hatchback,MANUAL,GREY,2012,2,Margin,Here,Login to see this,Login to see this,Login to see this,1.3,104641,https://www.smva.co.uk/motorvehicleinspectionreport/standard/1988.pdf,"https://swansea-buckets-s3-public.s3.eu-west-1.amazonaws.com/motorvehicle/1988/images/1764779624_D7ORfz.jpg,https://swansea-buckets-s3-public.s3.eu-west-1.amazonaws.com/motorvehicle/1988/images/1764779630_8X1Aof.jpg,https://swansea-buckets-s3-public.s3.eu-west-1.amazonaws.com/motorvehicle/1988/images/1764779644_Iv2ay1.jpg,https://swansea-buckets-s3-public.s3.eu-west-1.amazonaws.com/motorvehicle/1988/images/1764779665_Bdf0gD.jpg,https://swansea-buckets-s3-public.s3.eu-west-1.amazonaws.com/motorvehicle/1988/images/1764779696_bTFUkV.jpg,https://swansea-buckets-s3-public.s3.eu-west-1.amazonaws.com/motorvehicle/1988/images/1764779708_ITjNWU.jpg"
2018 DACIA DUSTER,Default,"
                            190",Online Auction,Swansea Motor Auctions,DACIA,DUSTER,1.6 SCe 115 Air 5dr,CK18FNZ,18:00,10/12/2025,24/05/2018,Petrol,Hatchback,MANUAL,WHITE,2018,2,Margin,Here,Login to see this,Login to see this,Login to see this,1.6,101698,https://www.smva.co.uk/motorvehicleinspectionreport/standard/1901.pdf,"https://swansea-buckets-s3-public.s3.eu-west-1.amazonaws.com/motorvehicle/1901/images/1764580580_Eafu64.jpg,https://swansea-buckets-s3-public.s3.eu-west-1.amazonaws.com/motorvehicle/1901/images/1764580588_hSvxb2.jpg,https://swansea-buckets-s3-public.s3.eu-west-1.amazonaws.com/motorvehicle/1901/images/1764580598_UKdchp.jpg,https://swansea-buckets-s3-public.s3.eu-west-1.amazonaws.com/motorvehicle/1901/images/1764580615_lEXnOI.jpg,https://swansea-buckets-s3-public.s3.eu-west-1.amazonaws.com/motorvehicle/1901/images/1764580648_Y0bQMZ.jpg,https://swansea-buckets-s3-public.s3.eu-west-1.amazonaws.com/motorvehicle/1901/images/1764580658_evxch6.jpg"
2013 KIA SPORTAGE,Default,"
                            191",Online Auction,Swansea Motor Auctions,KIA,SPORTAGE,1.7 CRDi ISG 3 5dr [Sat Nav],SP63MYL,18:00,10/12/2025,09/09/2013,Diesel,Estate,MANUAL,SILVER,2013,,Margin,Here,Login to see this,Login to see this,Login to see this,1.7,112588,https://www.smva.co.uk/motorvehicleinspectionreport/standard/1992.pdf,"https://swansea-buckets-s3-public.s3.eu-west-1.amazonaws.com/motorvehicle/1992/images/1764841171_r5kQBa.jpg,https://swansea-buckets-s3-public.s3.eu-west-1.amazonaws.com/motorvehicle/1992/images/1764841177_3JVbwW.jpg,https://swansea-buckets-s3-public.s3.eu-west-1.amazonaws.com/motorvehicle/1992/images/1764841190_YWSede.jpg,https://swansea-buckets-s3-public.s3.eu-west-1.amazonaws.com/motorvehicle/1992/images/1764841211_GTq2WW.jpg,https://swansea-buckets-s3-public.s3.eu-west-1.amazonaws.com/motorvehicle/1992/images/1764842365_GmvGkz.jpg,https://swansea-buckets-s3-public.s3.eu-west-1.amazonaws.com/motorvehicle/1992/images/1764842372_4kJP4i.jpg"
2016 KIA SPORTAGE,Default,"
                            192",Online Auction,Swansea Motor Auctions,KIA,SPORTAGE,2.0 CRDi KX-4 5dr,CV66RNJ,18:00,10/12/2025,30/09/2016,Diesel,Estate,MANUAL,SILVER,2016,,Margin,Here,Login to see this,Login to see this,Login to see this,2.0,37011,https://www.smva.co.uk/motorvehicleinspectionreport/standard/1824.pdf,"https://swansea-buckets-s3-public.s3.eu-west-1.amazonaws.com/motorvehicle/1824/images/1764156420_MZo4lc.jpg,https://swansea-buckets-s3-public.s3.eu-west-1.amazonaws.com/motorvehicle/1824/images/1764156426_WlY80N.jpg,https://swansea-buckets-s3-public.s3.eu-west-1.amazonaws.com/motorvehicle/1824/images/1764156442_d3FJs7.jpg,https://swansea-buckets-s3-public.s3.eu-west-1.amazonaws.com/motorvehicle/1824/images/1764156460_biIopI.jpg,https://swansea-buckets-s3-public.s3.eu-west-1.amazonaws.com/motorvehicle/1824/images/1764156517_Wfbd7o.jpg,https://swansea-buckets-s3-public.s3.eu-west-1.amazonaws.com/motorvehicle/1824/images/1764156525_mO5i9a.jpg"
2018 VAUXHALL MOKKA X,Default,"
                            193",Online Auction,Swansea Motor Auctions,VAUXHALL,MOKKA X,1.4T Active 5dr Auto,WU18OBO,18:00,10/12/2025,07/03/2018,Petrol,Hatchback,AUTOMATIC,BLUE,2018,,Margin,Here,Login to see this,Login to see this,Login to see this,1.4,49902,https://www.smva.co.uk/motorvehicleinspectionreport/standard/1856.pdf,"https://swansea-buckets-s3-public.s3.eu-west-1.amazonaws.com/motorvehicle/1856/images/1764599743_MeCW6R.jpg,https://swansea-buckets-s3-public.s3.eu-west-1.amazonaws.com/motorvehicle/1856/images/1764599786_y29AZc.jpg,https://swansea-buckets-s3-public.s3.eu-west-1.amazonaws.com/motorvehicle/1856/images/1764599799_edoNgD.jpg,https://swansea-buckets-s3-public.s3.eu-west-1.amazonaws.com/motorvehicle/1856/images/1764599859_pPGuAd.jpg,https://swansea-buckets-s3-public.s3.eu-west-1.amazonaws.com/motorvehicle/1856/images/1764599867_mOK5gB.jpg,https://swansea-buckets-s3-public.s3.eu-west-1.amazonaws.com/motorvehicle/1856/images/1764599882_sVLuoJ.jpg"
2014 SUZUKI ALTO,Default,"
                            194",Online Auction,Swansea Motor Auctions,SUZUKI,ALTO,1.0 SZ 5dr,DY14ZPM,18:00,10/12/2025,30/05/2014,Petrol,Hatchback,MANUAL,WHITE,2014,1,Margin,Here,Login to see this,Login to see this,Login to see this,1.0,103770,https://www.smva.co.uk/motorvehicleinspectionreport/standard/2065.pdf,"https://swansea-buckets-s3-public.s3.eu-west-1.amazonaws.com/motorvehicle/2065/images/1765280873_OeevZD.jpg,https://swansea-buckets-s3-public.s3.eu-west-1.amazonaws.com/motorvehicle/2065/images/1765280885_SBkIoS.jpg,https://swansea-buckets-s3-public.s3.eu-west-1.amazonaws.com/motorvehicle/2065/images/1765280915_rhH3Cy.jpg,https://swansea-buckets-s3-public.s3.eu-west-1.amazonaws.com/motorvehicle/2065/images/1765280962_qqjWHI.jpg,https://swansea-buckets-s3-public.s3.eu-west-1.amazonaws.com/motorvehicle/2065/images/1765281035_7kc6ty.jpg,https://swansea-buckets-s3-public.s3.eu-west-1.amazonaws.com/motorvehicle/2065/images/1765281048_qikRPb.jpg"
2021 BMW 3 SERIES,Default,"
                            195",Online Auction,Swansea Motor Auctions,BMW,3 SERIES,318i Sport 4dr Step Auto,RV21XLF,18:00,10/12/2025,30/03/2021,Petrol,Saloon,AUTOMATIC,GREY,2021,,Margin,Here,Login to see this,Login to see this,Login to see this,2.0,131594,https://www.smva.co.uk/motorvehicleinspectionreport/standard/1893.pdf,"https://swansea-buckets-s3-public.s3.eu-west-1.amazonaws.com/motorvehicle/1893/images/1764254447_nIuZzl.jpg,https://swansea-buckets-s3-public.s3.eu-west-1.amazonaws.com/motorvehicle/1893/images/1764254454_t0RQju.jpg,https://swansea-buckets-s3-public.s3.eu-west-1.amazonaws.com/motorvehicle/1893/images/1764254466_FLFBiH.jpg,https://swansea-buckets-s3-public.s3.eu-west-1.amazonaws.com/motorvehicle/1893/images/1764254500_LWG4Et.jpg,https://swansea-buckets-s3-public.s3.eu-west-1.amazonaws.com/motorvehicle/1893/images/1764254571_FKkeXh.jpg,https://swansea-buckets-s3-public.s3.eu-west-1.amazonaws.com/motorvehicle/1893/images/1764254580_dRCPn5.jpg"
2014 AUDI Q5,Default,"
                            196",Online Auction,Swansea Motor Auctions,AUDI,Q5,2.0 TDI Quattro S Line Plus 5dr S Tronic,KS14JTO,18:00,10/12/2025,10/06/2014,Diesel,Estate,AUTOMATIC,GREY,2014,,Margin,Here,Login to see this,Login to see this,Login to see this,2.0,122747,https://www.smva.co.uk/motorvehicleinspectionreport/standard/1991.pdf,"https://swansea-buckets-s3-public.s3.eu-west-1.amazonaws.com/motorvehicle/1991/images/1764842382_wn1wpa.jpg,https://swansea-buckets-s3-public.s3.eu-west-1.amazonaws.com/motorvehicle/1991/images/1764842388_Es0L9B.jpg,https://swansea-buckets-s3-public.s3.eu-west-1.amazonaws.com/motorvehicle/1991/images/1764842395_BHboIK.jpg,https://swansea-buckets-s3-public.s3.eu-west-1.amazonaws.com/motorvehicle/1991/images/1764842399_tJfNnA.jpg,https://swansea-buckets-s3-public.s3.eu-west-1.amazonaws.com/motorvehicle/1991/images/1764842411_XXwG2E.jpg,https://swansea-buckets-s3-public.s3.eu-west-1.amazonaws.com/motorvehicle/1991/images/1764842420_YY37aq.jpg"
2014 AUDI Q3,Default,"
                            197",Online Auction,Swansea Motor Auctions,AUDI,Q3,1.4T FSI SE 5dr,WR64OYN,18:00,10/12/2025,17/11/2014,Petrol,Estate,MANUAL,BLACK,2014,2,Margin,Here,Login to see this,Login to see this,Login to see this,1.4,90763,https://www.smva.co.uk/motorvehicleinspectionreport/standard/2027.pdf,
2015 SKODA FABIA,Default,"
                            198",Online Auction,Swansea Motor Auctions,SKODA,FABIA,1.2 TSI 90 SE 5dr,GD15TLZ,18:00,10/12/2025,01/06/2015,Petrol,Estate,MANUAL,BLUE,2015,2,Margin,Here,Login to see this,Login to see this,Login to see this,1.2,86878,https://www.smva.co.uk/motorvehicleinspectionreport/standard/2053.pdf,"https://swansea-buckets-s3-public.s3.eu-west-1.amazonaws.com/motorvehicle/2053/images/1765202056_1940dq.jpg,https://swansea-buckets-s3-public.s3.eu-west-1.amazonaws.com/motorvehicle/2053/images/1765202064_s049oC.jpg,https://swansea-buckets-s3-public.s3.eu-west-1.amazonaws.com/motorvehicle/2053/images/1765202075_lhrsFn.jpg,https://swansea-buckets-s3-public.s3.eu-west-1.amazonaws.com/motorvehicle/2053/images/1765202098_ImWvE6.jpg,https://swansea-buckets-s3-public.s3.eu-west-1.amazonaws.com/motorvehicle/2053/images/1765202151_Ye7b7y.jpg,https://swansea-buckets-s3-public.s3.eu-west-1.amazonaws.com/motorvehicle/2053/images/1765202160_IwKM4J.jpg"
2011 FORD MONDEO,Default,"
                            199",Online Auction,Swansea Motor Auctions,FORD,MONDEO,2.0 TDCi 140 Zetec 5dr,CP11ONV,18:00,10/12/2025,07/07/2011,Diesel,Hatchback,MANUAL,BROWN,2011,,Margin,Here,Login to see this,Login to see this,Login to see this,2.0,79982,https://www.smva.co.uk/motorvehicleinspectionreport/standard/2068.pdf,"https://swansea-buckets-s3-public.s3.eu-west-1.amazonaws.com/motorvehicle/2068/images/1765281720_V1wvBA.jpg,https://swansea-buckets-s3-public.s3.eu-west-1.amazonaws.com/motorvehicle/2068/images/1765281728_7PTs08.jpg,https://swansea-buckets-s3-public.s3.eu-west-1.amazonaws.com/motorvehicle/2068/images/1765281738_nqS8qN.jpg,https://swansea-buckets-s3-public.s3.eu-west-1.amazonaws.com/motorvehicle/2068/images/1765281767_JBGDGl.jpg,https://swansea-buckets-s3-public.s3.eu-west-1.amazonaws.com/motorvehicle/2068/images/1765281853_F0GZ6a.jpg,https://swansea-buckets-s3-public.s3.eu-west-1.amazonaws.com/motorvehicle/2068/images/1765281863_jEINxl.jpg"
2016 VOLKSWAGEN AMAROK,Default,"
                            1",Online Auction,Swansea Motor Auctions,VOLKSWAGEN,AMAROK,DC HIGHLINE 4MOTION,CP65OHJ,18:00,10/12/2025,14/01/2016,Diesel,Pick-up,AUTOMATIC,GREEN,2016,2,Margin,Here,Login to see this,Login to see this,Login to see this,2.0,192167,https://www.smva.co.uk/motorvehicleinspectionreport/standard/1993.pdf,"https://swansea-buckets-s3-public.s3.eu-west-1.amazonaws.com/motorvehicle/1993/images/1764925328_W5uY1v.jpg,https://swansea-buckets-s3-public.s3.eu-west-1.amazonaws.com/motorvehicle/1993/images/1764925335_CH9zVx.jpg,https://swansea-buckets-s3-public.s3.eu-west-1.amazonaws.com/motorvehicle/1993/images/1764925341_GNJOXw.jpg,https://swansea-buckets-s3-public.s3.eu-west-1.amazonaws.com/motorvehicle/1993/images/1764925351_ckiJs7.jpg,https://swansea-buckets-s3-public.s3.eu-west-1.amazonaws.com/motorvehicle/1993/images/1764925357_EKmKur.jpg,https://swansea-buckets-s3-public.s3.eu-west-1.amazonaws.com/motorvehicle/1993/images/1764925362_cfRJ5T.jpg,https://swansea-buckets-s3-public.s3.eu-west-1.amazonaws.com/motorvehicle/1993/images/1764925368_bDFE8F.jpg,https://swansea-buckets-s3-public.s3.eu-west-1.amazonaws.com/motorvehicle/1993/images/1764925346_D8Vt6i.jpg"
2017 MERCEDES-BENZ A CLASS,Default,"
                            200",Online Auction,Swansea Motor Auctions,MERCEDES-BENZ,A CLASS,A180 AMG Line Premium 5dr,CA66LNJ,18:00,10/12/2025,31/01/2017,Petrol,Hatchback,MANUAL,BLACK,2017,2,Margin,Here,Login to see this,Login to see this,Login to see this,1.6,93399,https://www.smva.co.uk/motorvehicleinspectionreport/standard/1902.pdf,"https://swansea-buckets-s3-public.s3.eu-west-1.amazonaws.com/motorvehicle/1902/images/1764581348_Gisl1l.jpg,https://swansea-buckets-s3-public.s3.eu-west-1.amazonaws.com/motorvehicle/1902/images/1764581357_hgkx8K.jpg,https://swansea-buckets-s3-public.s3.eu-west-1.amazonaws.com/motorvehicle/1902/images/1764581367_hVY9L6.jpg,https://swansea-buckets-s3-public.s3.eu-west-1.amazonaws.com/motorvehicle/1902/images/1764581381_Z9F54m.jpg,https://swansea-buckets-s3-public.s3.eu-west-1.amazonaws.com/motorvehicle/1902/images/1764581407_XOOa3S.jpg,https://swansea-buckets-s3-public.s3.eu-west-1.amazonaws.com/motorvehicle/1902/images/1764581417_uBFPpQ.jpg"
2012 TOYOTA AURIS,Default,"
                            201",Online Auction,Swansea Motor Auctions,TOYOTA,AURIS,1.6 V-Matic SR 5dr,FD62DZL,18:00,10/12/2025,04/12/2012,Petrol,Hatchback,MANUAL,WHITE,2012,2,Margin,Here,Login to see this,Login to see this,Login to see this,1.6,75232,https://www.smva.co.uk/motorvehicleinspectionreport/standard/1897.pdf,"https://swansea-buckets-s3-public.s3.eu-west-1.amazonaws.com/motorvehicle/1897/images/1764581554_2pKar1.jpg,https://swansea-buckets-s3-public.s3.eu-west-1.amazonaws.com/motorvehicle/1897/images/1764581564_h9j1sh.jpg,https://swansea-buckets-s3-public.s3.eu-west-1.amazonaws.com/motorvehicle/1897/images/1764581587_iUkewZ.jpg,https://swansea-buckets-s3-public.s3.eu-west-1.amazonaws.com/motorvehicle/1897/images/1764581592_4yBGYO.jpg,https://swansea-buckets-s3-public.s3.eu-west-1.amazonaws.com/motorvehicle/1897/images/1764581619_cbuGTM.jpg,https://swansea-buckets-s3-public.s3.eu-west-1.amazonaws.com/motorvehicle/1897/images/1764581627_WlDpnM.jpg"
2016 LAND ROVER RANGE ROVER EVOQUE,Default,"
                            202",Online Auction,Swansea Motor Auctions,LAND ROVER,RANGE ROVER EVOQUE,2.0 TD4 HSE Dynamic 5dr Auto,CN16SUU,18:00,10/12/2025,01/03/2016,Diesel,Estate,AUTOMATIC,BLACK,2016,,Margin,Here,Login to see this,Login to see this,Login to see this,2.0,93898,https://www.smva.co.uk/motorvehicleinspectionreport/standard/1852.pdf,"https://swansea-buckets-s3-public.s3.eu-west-1.amazonaws.com/motorvehicle/1852/images/1764174011_jNU138.jpg,https://swansea-buckets-s3-public.s3.eu-west-1.amazonaws.com/motorvehicle/1852/images/1764174018_FNkwbI.jpg,https://swansea-buckets-s3-public.s3.eu-west-1.amazonaws.com/motorvehicle/1852/images/1764174028_0NnMAT.jpg,https://swansea-buckets-s3-public.s3.eu-west-1.amazonaws.com/motorvehicle/1852/images/1764174051_kKto5Y.jpg,https://swansea-buckets-s3-public.s3.eu-west-1.amazonaws.com/motorvehicle/1852/images/1764174091_8jI1hX.jpg,https://swansea-buckets-s3-public.s3.eu-west-1.amazonaws.com/motorvehicle/1852/images/1764174100_QC7rkv.jpg"
2017 LAND ROVER DISCOVERY SPORT,Default,"
                            204",Online Auction,Swansea Motor Auctions,LAND ROVER,DISCOVERY SPORT,2.0 TD4 180 HSE 5dr Auto,HJ67LGZ,18:00,10/12/2025,25/09/2017,Diesel,Estate,AUTOMATIC,GOLD,2017,1,Margin,Here,Login to see this,Login to see this,Login to see this,2.0,111619,https://www.smva.co.uk/motorvehicleinspectionreport/standard/2057.pdf,"https://swansea-buckets-s3-public.s3.eu-west-1.amazonaws.com/motorvehicle/2057/images/1765282720_Xl1eSC.jpg,https://swansea-buckets-s3-public.s3.eu-west-1.amazonaws.com/motorvehicle/2057/images/1765282729_YFh8tL.jpg,https://swansea-buckets-s3-public.s3.eu-west-1.amazonaws.com/motorvehicle/2057/images/1765282740_bPzyFS.jpg,https://swansea-buckets-s3-public.s3.eu-west-1.amazonaws.com/motorvehicle/2057/images/1765282760_BPntyc.jpg,https://swansea-buckets-s3-public.s3.eu-west-1.amazonaws.com/motorvehicle/2057/images/1765282820_G9tzPe.jpg,https://swansea-buckets-s3-public.s3.eu-west-1.amazonaws.com/motorvehicle/2057/images/1765282828_q5nUYU.jpg"
2014 AUDI Q5,Default,"
                            205",Online Auction,Swansea Motor Auctions,AUDI,Q5,2.0 TDI Quattro S Line 5dr,CN14PXO,18:00,10/12/2025,01/03/2014,Diesel,Estate,MANUAL,BLACK,2014,,Margin,Here,Login to see this,Login to see this,Login to see this,2.0,89731,https://www.smva.co.uk/motorvehicleinspectionreport/standard/1919.pdf,"https://swansea-buckets-s3-public.s3.eu-west-1.amazonaws.com/motorvehicle/1919/images/1764666871_Zex4jc.jpg,https://swansea-buckets-s3-public.s3.eu-west-1.amazonaws.com/motorvehicle/1919/images/1764666883_SKWqJx.jpg,https://swansea-buckets-s3-public.s3.eu-west-1.amazonaws.com/motorvehicle/1919/images/1764666895_SJc9ye.jpg,https://swansea-buckets-s3-public.s3.eu-west-1.amazonaws.com/motorvehicle/1919/images/1764666913_8zOW5j.jpg,https://swansea-buckets-s3-public.s3.eu-west-1.amazonaws.com/motorvehicle/1919/images/1764666936_dUO5Hh.jpg,https://swansea-buckets-s3-public.s3.eu-west-1.amazonaws.com/motorvehicle/1919/images/1764666951_E3gjgL.jpg"
2013 AUDI A1,Default,"
                            206",Online Auction,Swansea Motor Auctions,AUDI,A1,1.6 TDI S Line 5dr,FV13SVK,18:00,10/12/2025,01/05/2013,Diesel,Hatchback,MANUAL,BLUE,2013,,Margin,Here,Login to see this,Login to see this,Login to see this,1.6,81404,https://www.smva.co.uk/motorvehicleinspectionreport/standard/2006.pdf,"https://swansea-buckets-s3-public.s3.eu-west-1.amazonaws.com/motorvehicle/2006/images/1764925584_dTc9A4.jpg,https://swansea-buckets-s3-public.s3.eu-west-1.amazonaws.com/motorvehicle/2006/images/1764925588_OIwYbS.jpg,https://swansea-buckets-s3-public.s3.eu-west-1.amazonaws.com/motorvehicle/2006/images/1764925592_7VCN25.jpg,https://swansea-buckets-s3-public.s3.eu-west-1.amazonaws.com/motorvehicle/2006/images/1764925599_anLlKt.jpg,https://swansea-buckets-s3-public.s3.eu-west-1.amazonaws.com/motorvehicle/2006/images/1764925602_6WT6EC.jpg,https://swansea-buckets-s3-public.s3.eu-west-1.amazonaws.com/motorvehicle/2006/images/1764925595_9Le3NO.jpg"
2013 PEUGEOT 208,Default,"
                            207",Online Auction,Swansea Motor Auctions,PEUGEOT,208,1.2 VTi Access+ 5dr,VA62UAM,18:00,10/12/2025,18/02/2013,Petrol,Hatchback,MANUAL,RED,2013,1,Margin,Here,Login to see this,Login to see this,Login to see this,1.2,69532,https://www.smva.co.uk/motorvehicleinspectionreport/standard/2020.pdf,
2018 FORD FIESTA,Default,"
                            208",Online Auction,Swansea Motor Auctions,FORD,FIESTA,1.5 TDCi 120 Titanium 5dr,GF68YFO,18:00,10/12/2025,27/11/2018,Diesel,Hatchback,MANUAL,BLUE,2018,2,Margin,Here,Login to see this,Login to see this,Login to see this,1.5,89242,https://www.smva.co.uk/motorvehicleinspectionreport/standard/2058.pdf,"https://swansea-buckets-s3-public.s3.eu-west-1.amazonaws.com/motorvehicle/2058/images/1765269455_DegLSJ.jpg,https://swansea-buckets-s3-public.s3.eu-west-1.amazonaws.com/motorvehicle/2058/images/1765269471_7UrL2d.jpg,https://swansea-buckets-s3-public.s3.eu-west-1.amazonaws.com/motorvehicle/2058/images/1765269483_GeBqxS.jpg,https://swansea-buckets-s3-public.s3.eu-west-1.amazonaws.com/motorvehicle/2058/images/1765269510_XBjSYj.jpg,https://swansea-buckets-s3-public.s3.eu-west-1.amazonaws.com/motorvehicle/2058/images/1765269576_F6Auef.jpg,https://swansea-buckets-s3-public.s3.eu-west-1.amazonaws.com/motorvehicle/2058/images/1765269586_IhEHnY.jpg"
2022 SUZUKI S-CROSS,Default,"
                            209",Online Auction,Swansea Motor Auctions,SUZUKI,S-CROSS,1.4 Boosterjet 48V Hybrid Ultra ALLGRIP 5dr,KN72PVD,18:00,10/12/2025,31/10/2022,Hybrid Electric,Hatchback,MANUAL,WHITE,2022,,VAT Qualifying,Here,Login to see this,Login to see this,Login to see this,1.4,133538,https://www.smva.co.uk/motorvehicleinspectionreport/standard/2077.pdf,"https://swansea-buckets-s3-public.s3.eu-west-1.amazonaws.com/motorvehicle/2077/images/1765287273_8iGzYg.jpg,https://swansea-buckets-s3-public.s3.eu-west-1.amazonaws.com/motorvehicle/2077/images/1765287281_y4WJvz.jpg,https://swansea-buckets-s3-public.s3.eu-west-1.amazonaws.com/motorvehicle/2077/images/1765287292_iFR8J9.jpg,https://swansea-buckets-s3-public.s3.eu-west-1.amazonaws.com/motorvehicle/2077/images/1765287324_76sR1d.jpg,https://swansea-buckets-s3-public.s3.eu-west-1.amazonaws.com/motorvehicle/2077/images/1765287393_RoDrvb.jpg,https://swansea-buckets-s3-public.s3.eu-west-1.amazonaws.com/motorvehicle/2077/images/1765287402_PIaJeB.jpg"
2016 AUDI A3,Default,"
                            210",Online Auction,Swansea Motor Auctions,AUDI,A3,2.0 TDI S Line 2dr,CU66YLH,18:00,10/12/2025,01/09/2016,Diesel,Convertible,MANUAL,GREY,2016,,Margin,Here,Login to see this,Login to see this,Login to see this,2.0,81073,https://www.smva.co.uk/motorvehicleinspectionreport/standard/1823.pdf,"https://swansea-buckets-s3-public.s3.eu-west-1.amazonaws.com/motorvehicle/1823/images/1764171114_Ukc7nY.jpg,https://swansea-buckets-s3-public.s3.eu-west-1.amazonaws.com/motorvehicle/1823/images/1764171124_SxS04n.jpg,https://swansea-buckets-s3-public.s3.eu-west-1.amazonaws.com/motorvehicle/1823/images/1764171134_BtYxZ0.jpg,https://swansea-buckets-s3-public.s3.eu-west-1.amazonaws.com/motorvehicle/1823/images/1764171152_Wz2bR3.jpg,https://swansea-buckets-s3-public.s3.eu-west-1.amazonaws.com/motorvehicle/1823/images/1764171192_jH72ZG.jpg,https://swansea-buckets-s3-public.s3.eu-west-1.amazonaws.com/motorvehicle/1823/images/1764171201_E3oRlr.jpg"
2010 HONDA CR-V,Default,"
                            211",Online Auction,Swansea Motor Auctions,HONDA,CR-V,2.2 i-DTEC ES 5dr,YP60UKZ,18:00,10/12/2025,21/12/2010,Diesel,Estate,MANUAL,GREY,2010,,Margin,Here,Login to see this,Login to see this,Login to see this,2.2,116201,https://www.smva.co.uk/motorvehicleinspectionreport/standard/2018.pdf,
2019 JAGUAR E-PACE,Default,"
                            212",Online Auction,Swansea Motor Auctions,JAGUAR,E-PACE,2.0d R-Dynamic S 5dr Auto,CA19DZJ,18:00,10/12/2025,15/04/2019,Diesel,Estate,AUTOMATIC,BLACK,2019,2,Margin,Here,Login to see this,Login to see this,Login to see this,2.0,79924,https://www.smva.co.uk/motorvehicleinspectionreport/standard/1971.pdf,"https://swansea-buckets-s3-public.s3.eu-west-1.amazonaws.com/motorvehicle/1971/images/1764772533_uni4Dj.jpg,https://swansea-buckets-s3-public.s3.eu-west-1.amazonaws.com/motorvehicle/1971/images/1764772540_dpBd7v.jpg,https://swansea-buckets-s3-public.s3.eu-west-1.amazonaws.com/motorvehicle/1971/images/1764772550_cEpEuW.jpg,https://swansea-buckets-s3-public.s3.eu-west-1.amazonaws.com/motorvehicle/1971/images/1764772580_3WHvrh.jpg,https://swansea-buckets-s3-public.s3.eu-west-1.amazonaws.com/motorvehicle/1971/images/1764772590_6i6bHa.jpg"
2013 SKODA RAPID,Default,"
                            213",Online Auction,Swansea Motor Auctions,SKODA,RAPID,1.6 TDI CR GreenTech Elegance 5dr,AF13FOD,18:00,10/12/2025,26/03/2013,Diesel,Hatchback,MANUAL,GREY,2013,2,Margin,Here,Login to see this,Login to see this,Login to see this,1.6,168816,https://www.smva.co.uk/motorvehicleinspectionreport/standard/2049.pdf,"https://swansea-buckets-s3-public.s3.eu-west-1.amazonaws.com/motorvehicle/2049/images/1765209491_YcP4yy.jpg,https://swansea-buckets-s3-public.s3.eu-west-1.amazonaws.com/motorvehicle/2049/images/1765209498_CSh6G9.jpg,https://swansea-buckets-s3-public.s3.eu-west-1.amazonaws.com/motorvehicle/2049/images/1765209509_faHur7.jpg,https://swansea-buckets-s3-public.s3.eu-west-1.amazonaws.com/motorvehicle/2049/images/1765209524_t9FDl6.jpg,https://swansea-buckets-s3-public.s3.eu-west-1.amazonaws.com/motorvehicle/2049/images/1765209590_AJS8lg.jpg,https://swansea-buckets-s3-public.s3.eu-west-1.amazonaws.com/motorvehicle/2049/images/1765209598_XdY6bp.jpg"
2014 MERCEDES-BENZ E CLASS,Default,"
                            215",Online Auction,Swansea Motor Auctions,MERCEDES-BENZ,E CLASS,E220 CDI AMG Sport 4dr 7G-Tronic,CF14FAO,18:00,10/12/2025,25/03/2014,Diesel,Saloon,AUTOMATIC,BLUE,2014,,Margin,Here,Login to see this,Login to see this,Login to see this,2.1,97204,https://www.smva.co.uk/motorvehicleinspectionreport/standard/1933.pdf,"https://swansea-buckets-s3-public.s3.eu-west-1.amazonaws.com/motorvehicle/1933/images/1764669468_nOiU1E.jpg,https://swansea-buckets-s3-public.s3.eu-west-1.amazonaws.com/motorvehicle/1933/images/1764669480_cEQeP2.jpg,https://swansea-buckets-s3-public.s3.eu-west-1.amazonaws.com/motorvehicle/1933/images/1764669494_FlipaB.jpg,https://swansea-buckets-s3-public.s3.eu-west-1.amazonaws.com/motorvehicle/1933/images/1764669520_Lt9o65.jpg,https://swansea-buckets-s3-public.s3.eu-west-1.amazonaws.com/motorvehicle/1933/images/1764669544_FHuS5T.jpg,https://swansea-buckets-s3-public.s3.eu-west-1.amazonaws.com/motorvehicle/1933/images/1764669555_v2qpG7.jpg"
2017 RENAULT MEGANE,Default,"
                            216",Online Auction,Swansea Motor Auctions,RENAULT,MEGANE,1.5 dCi Dynamique Nav 5dr,MJ17TSU,18:00,10/12/2025,19/05/2017,Diesel,Hatchback,MANUAL,GREY,2017,2,Margin,Here,Login to see this,Login to see this,Login to see this,1.5,62510,https://www.smva.co.uk/motorvehicleinspectionreport/standard/2022.pdf,"https://swansea-buckets-s3-public.s3.eu-west-1.amazonaws.com/motorvehicle/2022/images/1765184361_nZ3Drq.jpg,https://swansea-buckets-s3-public.s3.eu-west-1.amazonaws.com/motorvehicle/2022/images/1765184370_6NBXn1.jpg,https://swansea-buckets-s3-public.s3.eu-west-1.amazonaws.com/motorvehicle/2022/images/1765184382_iRdBNL.jpg,https://swansea-buckets-s3-public.s3.eu-west-1.amazonaws.com/motorvehicle/2022/images/1765184404_4FR6oD.jpg,https://swansea-buckets-s3-public.s3.eu-west-1.amazonaws.com/motorvehicle/2022/images/1765184478_85Pdyu.jpg,https://swansea-buckets-s3-public.s3.eu-west-1.amazonaws.com/motorvehicle/2022/images/1765184490_fCi7T5.jpg"
2020 MG MG ZS,Default,"
                            217",Online Auction,Swansea Motor Auctions,MG,MG ZS,EXCLUSIVE VTI-TECH,CU70OPV,18:00,10/12/2025,02/09/2020,Petrol,Hatchback,MANUAL,BLACK,2020,2,Margin,Here,Login to see this,Login to see this,Login to see this,1.5,62929,https://www.smva.co.uk/motorvehicleinspectionreport/standard/2037.pdf,"https://swansea-buckets-s3-public.s3.eu-west-1.amazonaws.com/motorvehicle/2037/images/1765189745_6H997o.jpg,https://swansea-buckets-s3-public.s3.eu-west-1.amazonaws.com/motorvehicle/2037/images/1765189751_pHdWA1.jpg,https://swansea-buckets-s3-public.s3.eu-west-1.amazonaws.com/motorvehicle/2037/images/1765189763_El1idv.jpg,https://swansea-buckets-s3-public.s3.eu-west-1.amazonaws.com/motorvehicle/2037/images/1765189790_UqpSEb.jpg,https://swansea-buckets-s3-public.s3.eu-west-1.amazonaws.com/motorvehicle/2037/images/1765189835_xVSN3Q.jpg,https://swansea-buckets-s3-public.s3.eu-west-1.amazonaws.com/motorvehicle/2037/images/1765189845_sfW92x.jpg"
2017 FORD ECOSPORT,Default,"
                            218",Online Auction,Swansea Motor Auctions,FORD,ECOSPORT,ST-LINE,CF67AVC,18:00,10/12/2025,06/10/2017,Petrol,Hatchback,MANUAL,WHITE,2017,,Margin,Here,Login to see this,Login to see this,Login to see this,1.0,69099,https://www.smva.co.uk/motorvehicleinspectionreport/standard/2046.pdf,"https://swansea-buckets-s3-public.s3.eu-west-1.amazonaws.com/motorvehicle/2046/images/1765273284_BbpXk2.jpg,https://swansea-buckets-s3-public.s3.eu-west-1.amazonaws.com/motorvehicle/2046/images/1765273292_Rspw2k.jpg,https://swansea-buckets-s3-public.s3.eu-west-1.amazonaws.com/motorvehicle/2046/images/1765273302_UNwosu.jpg,https://swansea-buckets-s3-public.s3.eu-west-1.amazonaws.com/motorvehicle/2046/images/1765273573_02lRnh.jpg,https://swansea-buckets-s3-public.s3.eu-west-1.amazonaws.com/motorvehicle/2046/images/1765273640_RZGBqs.jpg,https://swansea-buckets-s3-public.s3.eu-west-1.amazonaws.com/motorvehicle/2046/images/1765273650_o1HRO8.jpg"
2016 FORD S-MAX,Default,"
                            220",Online Auction,Swansea Motor Auctions,FORD,S-MAX,2.0 TDCi 150 Titanium 5dr Powershift,FH16ZPE,18:00,10/12/2025,31/05/2016,Diesel,MPV,AUTOMATIC,BLACK,2016,,Margin,Here,Login to see this,Login to see this,Login to see this,2.0,111373,https://www.smva.co.uk/motorvehicleinspectionreport/standard/1942.pdf,"https://swansea-buckets-s3-public.s3.eu-west-1.amazonaws.com/motorvehicle/1942/images/1764683195_8WJ7Zr.jpg,https://swansea-buckets-s3-public.s3.eu-west-1.amazonaws.com/motorvehicle/1942/images/1764683207_cd1SVb.jpg,https://swansea-buckets-s3-public.s3.eu-west-1.amazonaws.com/motorvehicle/1942/images/1764683219_OqbeQS.jpg,https://swansea-buckets-s3-public.s3.eu-west-1.amazonaws.com/motorvehicle/1942/images/1764683241_ZfolRF.jpg,https://swansea-buckets-s3-public.s3.eu-west-1.amazonaws.com/motorvehicle/1942/images/1764683258_Nx0Kil.jpg,https://swansea-buckets-s3-public.s3.eu-west-1.amazonaws.com/motorvehicle/1942/images/1764683272_1OdEiX.jpg"
2016 VOLKSWAGEN GOLF,Default,"
                            221",Online Auction,Swansea Motor Auctions,VOLKSWAGEN,GOLF,2.0 TDI GT Edition 5dr,CP66GYA,18:00,10/12/2025,14/12/2016,Diesel,Hatchback,MANUAL,WHITE,2016,2,Margin,Here,Login to see this,Login to see this,Login to see this,2.0,128316,https://www.smva.co.uk/motorvehicleinspectionreport/standard/2024.pdf,"https://swansea-buckets-s3-public.s3.eu-west-1.amazonaws.com/motorvehicle/2024/images/1765187000_zn8EQl.jpg,https://swansea-buckets-s3-public.s3.eu-west-1.amazonaws.com/motorvehicle/2024/images/1765187006_Brp9iN.jpg,https://swansea-buckets-s3-public.s3.eu-west-1.amazonaws.com/motorvehicle/2024/images/1765187015_7JvOmw.jpg,https://swansea-buckets-s3-public.s3.eu-west-1.amazonaws.com/motorvehicle/2024/images/1765187030_0672r9.jpg,https://swansea-buckets-s3-public.s3.eu-west-1.amazonaws.com/motorvehicle/2024/images/1765187093_SQfoIJ.jpg,https://swansea-buckets-s3-public.s3.eu-west-1.amazonaws.com/motorvehicle/2024/images/1765187105_WbmDUi.jpg"
2017 MAZDA 6,Default,"
                            222",Online Auction,Swansea Motor Auctions,MAZDA,6,2.2d SE-L Nav 5dr,OY17MFK,18:00,10/12/2025,28/03/2017,Diesel,Estate,MANUAL,WHITE,2017,2,Margin,Here,Login to see this,Login to see this,Login to see this,2.2,106269,https://www.smva.co.uk/motorvehicleinspectionreport/standard/2045.pdf,"https://swansea-buckets-s3-public.s3.eu-west-1.amazonaws.com/motorvehicle/2045/images/1765190457_cE9Of4.jpg,https://swansea-buckets-s3-public.s3.eu-west-1.amazonaws.com/motorvehicle/2045/images/1765190475_NPo5UV.jpg,https://swansea-buckets-s3-public.s3.eu-west-1.amazonaws.com/motorvehicle/2045/images/1765190502_ZHvlVc.jpg,https://swansea-buckets-s3-public.s3.eu-west-1.amazonaws.com/motorvehicle/2045/images/1765190550_JCbuh0.jpg,https://swansea-buckets-s3-public.s3.eu-west-1.amazonaws.com/motorvehicle/2045/images/1765190613_kQdFQV.jpg,https://swansea-buckets-s3-public.s3.eu-west-1.amazonaws.com/motorvehicle/2045/images/1765190621_nsxRel.jpg"
2019 TOYOTA YARIS,Default,"
                            223",Online Auction,Swansea Motor Auctions,TOYOTA,YARIS,1.5 Hybrid Icon Tech 5dr CVT,CA19EAK,18:00,10/12/2025,31/03/2019,Hybrid Electric,Hatchback,CVT,WHITE,2019,2,Margin,Here,Login to see this,Login to see this,Login to see this,1.5,51763,https://www.smva.co.uk/motorvehicleinspectionreport/standard/2042.pdf,"https://swansea-buckets-s3-public.s3.eu-west-1.amazonaws.com/motorvehicle/2042/images/1765277192_bNvpye.jpg,https://swansea-buckets-s3-public.s3.eu-west-1.amazonaws.com/motorvehicle/2042/images/1765277200_FUbW73.jpg,https://swansea-buckets-s3-public.s3.eu-west-1.amazonaws.com/motorvehicle/2042/images/1765277209_9Uzjrg.jpg,https://swansea-buckets-s3-public.s3.eu-west-1.amazonaws.com/motorvehicle/2042/images/1765277228_9NJO8b.jpg,https://swansea-buckets-s3-public.s3.eu-west-1.amazonaws.com/motorvehicle/2042/images/1765277314_fmAOlH.jpg,https://swansea-buckets-s3-public.s3.eu-west-1.amazonaws.com/motorvehicle/2042/images/1765277323_euQy2A.jpg"
2017 MERCEDES-BENZ C CLASS,Default,"
                            225",Online Auction,Swansea Motor Auctions,MERCEDES-BENZ,C CLASS,C200 SE 4dr,KN17MYX,18:00,10/12/2025,27/03/2017,Petrol,Saloon,MANUAL,BLUE,2017,,Margin,Here,Login to see this,Login to see this,Login to see this,2.0,115558,https://www.smva.co.uk/motorvehicleinspectionreport/standard/1921.pdf,"https://swansea-buckets-s3-public.s3.eu-west-1.amazonaws.com/motorvehicle/1921/images/1764670322_GYL2Aj.jpg,https://swansea-buckets-s3-public.s3.eu-west-1.amazonaws.com/motorvehicle/1921/images/1764670331_2JObCK.jpg,https://swansea-buckets-s3-public.s3.eu-west-1.amazonaws.com/motorvehicle/1921/images/1764670345_52PXGH.jpg,https://swansea-buckets-s3-public.s3.eu-west-1.amazonaws.com/motorvehicle/1921/images/1764670380_tOnueG.jpg,https://swansea-buckets-s3-public.s3.eu-west-1.amazonaws.com/motorvehicle/1921/images/1764670402_aYkkHo.jpg,https://swansea-buckets-s3-public.s3.eu-west-1.amazonaws.com/motorvehicle/1921/images/1764670412_HooXJr.jpg"
2013 FORD FOCUS,Default,"
                            226",Online Auction,Swansea Motor Auctions,FORD,FOCUS,1.6 TDCi 115 Zetec 5dr,CU13XCO,18:00,10/12/2025,13/03/2013,Diesel,Hatchback,MANUAL,SILVER,2013,2,Margin,Here,Login to see this,Login to see this,Login to see this,1.6,92129,https://www.smva.co.uk/motorvehicleinspectionreport/standard/2009.pdf,"https://swansea-buckets-s3-public.s3.eu-west-1.amazonaws.com/motorvehicle/2009/images/1764925693_yPcylu.jpg,https://swansea-buckets-s3-public.s3.eu-west-1.amazonaws.com/motorvehicle/2009/images/1764925699_ZdC6VR.jpg,https://swansea-buckets-s3-public.s3.eu-west-1.amazonaws.com/motorvehicle/2009/images/1764925704_Dd7SeP.jpg,https://swansea-buckets-s3-public.s3.eu-west-1.amazonaws.com/motorvehicle/2009/images/1764925717_Rq0O38.jpg,https://swansea-buckets-s3-public.s3.eu-west-1.amazonaws.com/motorvehicle/2009/images/1764925721_a5oaft.jpg,https://swansea-buckets-s3-public.s3.eu-west-1.amazonaws.com/motorvehicle/2009/images/1764925710_XqaM32.jpg"
2015 AUDI A3,Default,"
                            227",Online Auction,Swansea Motor Auctions,AUDI,A3,1.6 TDI 110 S Line 3dr,BB65BEX,18:00,10/12/2025,22/10/2015,Diesel,Hatchback,MANUAL,WHITE,2015,2,Margin,Here,Login to see this,Login to see this,Login to see this,1.6,136333,https://www.smva.co.uk/motorvehicleinspectionreport/standard/2051.pdf,"https://swansea-buckets-s3-public.s3.eu-west-1.amazonaws.com/motorvehicle/2051/images/1765268262_E3AswG.jpg,https://swansea-buckets-s3-public.s3.eu-west-1.amazonaws.com/motorvehicle/2051/images/1765268272_JFZuOH.jpg,https://swansea-buckets-s3-public.s3.eu-west-1.amazonaws.com/motorvehicle/2051/images/1765268282_WpAZIR.jpg,https://swansea-buckets-s3-public.s3.eu-west-1.amazonaws.com/motorvehicle/2051/images/1765268306_i1MB6J.jpg,https://swansea-buckets-s3-public.s3.eu-west-1.amazonaws.com/motorvehicle/2051/images/1765268369_asBIwo.jpg,https://swansea-buckets-s3-public.s3.eu-west-1.amazonaws.com/motorvehicle/2051/images/1765268386_1kjFkU.jpg"
2022 SUZUKI S-CROSS,Default,"
                            228",Online Auction,Swansea Motor Auctions,SUZUKI,S-CROSS,1.4 Boosterjet 48V Hybrid Ultra ALLGRIP 5dr,KN72OHO,18:00,10/12/2025,27/10/2022,Hybrid Electric,Hatchback,MANUAL,WHITE,2022,,VAT Qualifying,Here,Login to see this,Login to see this,Login to see this,1.4,124176,https://www.smva.co.uk/motorvehicleinspectionreport/standard/2076.pdf,"https://swansea-buckets-s3-public.s3.eu-west-1.amazonaws.com/motorvehicle/2076/images/1765277737_soNJHG.jpg,https://swansea-buckets-s3-public.s3.eu-west-1.amazonaws.com/motorvehicle/2076/images/1765277748_1ii7CO.jpg,https://swansea-buckets-s3-public.s3.eu-west-1.amazonaws.com/motorvehicle/2076/images/1765277766_SJhHbY.jpg,https://swansea-buckets-s3-public.s3.eu-west-1.amazonaws.com/motorvehicle/2076/images/1765277796_FM3yMR.jpg,https://swansea-buckets-s3-public.s3.eu-west-1.amazonaws.com/motorvehicle/2076/images/1765277866_p5O9y4.jpg,https://swansea-buckets-s3-public.s3.eu-west-1.amazonaws.com/motorvehicle/2076/images/1765277874_vbiy8n.jpg"
2018 KIA SPORTAGE,Default,"
                            268",Online Auction,Swansea Motor Auctions,KIA,SPORTAGE,1.6T GDi GT-Line 5dr,CA18VDJ,18:00,10/12/2025,28/06/2018,Petrol,Estate,MANUAL,RED,2018,1,Margin,Here,Login to see this,Login to see this,Login to see this,1.6,53763,https://www.smva.co.uk/motorvehicleinspectionreport/standard/2030.pdf,"https://swansea-buckets-s3-public.s3.eu-west-1.amazonaws.com/motorvehicle/2030/images/1765185634_O9NOPg.jpg,https://swansea-buckets-s3-public.s3.eu-west-1.amazonaws.com/motorvehicle/2030/images/1765185662_PnOSbD.jpg,https://swansea-buckets-s3-public.s3.eu-west-1.amazonaws.com/motorvehicle/2030/images/1765185670_1VmOaY.jpg,https://swansea-buckets-s3-public.s3.eu-west-1.amazonaws.com/motorvehicle/2030/images/1765185691_rNWmAI.jpg,https://swansea-buckets-s3-public.s3.eu-west-1.amazonaws.com/motorvehicle/2030/images/1765185770_QzOQoR.jpg,https://swansea-buckets-s3-public.s3.eu-west-1.amazonaws.com/motorvehicle/2030/images/1765185786_Ln90yf.jpg"
2014 VAUXHALL CORSA,Default,"
                            270",Online Auction,Swansea Motor Auctions,VAUXHALL,CORSA,1.4 SXi 5dr [AC],BP14EEV,18:00,10/12/2025,30/06/2014,Petrol,Hatchback,MANUAL,SILVER,2014,2,Margin,Here,Login to see this,Login to see this,Login to see this,1.4,55182,https://www.smva.co.uk/motorvehicleinspectionreport/standard/2029.pdf,"https://swansea-buckets-s3-public.s3.eu-west-1.amazonaws.com/motorvehicle/2029/images/1765187751_es6GzV.jpg,https://swansea-buckets-s3-public.s3.eu-west-1.amazonaws.com/motorvehicle/2029/images/1765187759_Uy8lLD.jpg,https://swansea-buckets-s3-public.s3.eu-west-1.amazonaws.com/motorvehicle/2029/images/1765187770_Zkp34f.jpg,https://swansea-buckets-s3-public.s3.eu-west-1.amazonaws.com/motorvehicle/2029/images/1765187806_CRBbny.jpg,https://swansea-buckets-s3-public.s3.eu-west-1.amazonaws.com/motorvehicle/2029/images/1765187954_SGiQZB.jpg,https://swansea-buckets-s3-public.s3.eu-west-1.amazonaws.com/motorvehicle/2029/images/1765187962_eKpxDo.jpg"
2015 VAUXHALL MOKKA,Default,"
                            272",Online Auction,Swansea Motor Auctions,VAUXHALL,MOKKA,1.6 CDTi ecoFLEX Exclusiv 5dr,EJ65MVG,18:00,10/12/2025,25/11/2015,Diesel,Hatchback,MANUAL,BLACK,2015,,Margin,Here,Login to see this,Login to see this,Login to see this,1.6,111098,https://www.smva.co.uk/motorvehicleinspectionreport/standard/1858.pdf,"https://swansea-buckets-s3-public.s3.eu-west-1.amazonaws.com/motorvehicle/1858/images/1764258515_hlfbUx.jpg,https://swansea-buckets-s3-public.s3.eu-west-1.amazonaws.com/motorvehicle/1858/images/1764258530_dyZLdr.jpg,https://swansea-buckets-s3-public.s3.eu-west-1.amazonaws.com/motorvehicle/1858/images/1764258551_OD2MsA.jpg,https://swansea-buckets-s3-public.s3.eu-west-1.amazonaws.com/motorvehicle/1858/images/1764258655_5Zn5UM.jpg,https://swansea-buckets-s3-public.s3.eu-west-1.amazonaws.com/motorvehicle/1858/images/1764258663_ygI4EA.jpg,https://swansea-buckets-s3-public.s3.eu-west-1.amazonaws.com/motorvehicle/1858/images/1764258674_JlKUxF.jpg"
2017 MERCEDES-BENZ CLA,Default,"
                            287",Online Auction,Swansea Motor Auctions,MERCEDES-BENZ,CLA,CLA 180 Sport 5dr Tip Auto,LO67HMU,18:00,10/12/2025,18/12/2017,Petrol,Estate,AUTOMATIC,WHITE,2017,,Margin,Buyer To Apply,Login to see this,Login to see this,Login to see this,1.6,122766,https://www.smva.co.uk/motorvehicleinspectionreport/standard/1960.pdf,"https://swansea-buckets-s3-public.s3.eu-west-1.amazonaws.com/motorvehicle/1960/images/1764685707_dGTdZX.jpg,https://swansea-buckets-s3-public.s3.eu-west-1.amazonaws.com/motorvehicle/1960/images/1764685716_dFWEA6.jpg,https://swansea-buckets-s3-public.s3.eu-west-1.amazonaws.com/motorvehicle/1960/images/1764685729_WsOIQS.jpg,https://swansea-buckets-s3-public.s3.eu-west-1.amazonaws.com/motorvehicle/1960/images/1764685769_U8hwh3.jpg,https://swansea-buckets-s3-public.s3.eu-west-1.amazonaws.com/motorvehicle/1960/images/1764685804_IPr1FE.jpg,https://swansea-buckets-s3-public.s3.eu-west-1.amazonaws.com/motorvehicle/1960/images/1764685812_BHu3Tv.jpg"
2015 BMW 1 SERIES,Default,"
                            288",Online Auction,Swansea Motor Auctions,BMW,1 SERIES,116d Sport 5dr,YH15VKG,18:00,10/12/2025,29/04/2015,Diesel,Hatchback,MANUAL,WHITE,2015,,Margin,Here,Login to see this,Login to see this,Login to see this,1.5,62474,https://www.smva.co.uk/motorvehicleinspectionreport/standard/1950.pdf,"https://swansea-buckets-s3-public.s3.eu-west-1.amazonaws.com/motorvehicle/1950/images/1764686216_Xk0hb7.jpg,https://swansea-buckets-s3-public.s3.eu-west-1.amazonaws.com/motorvehicle/1950/images/1764686223_LErwpT.jpg,https://swansea-buckets-s3-public.s3.eu-west-1.amazonaws.com/motorvehicle/1950/images/1764686234_agzaGP.jpg,https://swansea-buckets-s3-public.s3.eu-west-1.amazonaws.com/motorvehicle/1950/images/1764686259_r3pUz5.jpg,https://swansea-buckets-s3-public.s3.eu-west-1.amazonaws.com/motorvehicle/1950/images/1764686280_4yWByF.jpg,https://swansea-buckets-s3-public.s3.eu-west-1.amazonaws.com/motorvehicle/1950/images/1764686297_wFI3Tx.jpg"
2016 HYUNDAI TUCSON PREM B-DRIVE 2WD C 114BHP - 1685cc,Default,"
                            289",Online Auction,Swansea Motor Auctions,HYUNDAI,TUCSON PREM B-DRIVE 2WD C 114BHP - 1685cc,,YX16VUV,18:00,10/12/2025,24/03/2016,Diesel,Estate,MANUAL,Grey,2016,2,Margin,Here,Login to see this,Login to see this,Login to see this,,108509,https://www.smva.co.uk/motorvehicleinspectionreport/standard/76.pdf,"https://swansea-buckets-s3-public.s3.eu-west-1.amazonaws.com/motorvehicle/76/1764767371_JwdnT2.jpg,https://swansea-buckets-s3-public.s3.eu-west-1.amazonaws.com/motorvehicle/76/1764767371_zTR8dR.jpg,https://swansea-buckets-s3-public.s3.eu-west-1.amazonaws.com/motorvehicle/76/1764767371_fQB7yq.jpg,https://swansea-buckets-s3-public.s3.eu-west-1.amazonaws.com/motorvehicle/76/1764767371_p9aOzs.jpg,https://swansea-buckets-s3-public.s3.eu-west-1.amazonaws.com/motorvehicle/76/1764767371_9tVwUz.jpg,https://swansea-buckets-s3-public.s3.eu-west-1.amazonaws.com/motorvehicle/76/1764767371_tltBp6.jpg"
2012 FORD KA,Default,"
                            291",Online Auction,Swansea Motor Auctions,FORD,KA,1.2 Edge 3dr [Start Stop],HV62TXS,18:00,10/12/2025,28/09/2012,Petrol,Hatchback,MANUAL,RED,2012,,Margin,Here,Login to see this,Login to see this,Login to see this,1.2,65373,https://www.smva.co.uk/motorvehicleinspectionreport/standard/1512.pdf,"https://swansea-buckets-s3-public.s3.eu-west-1.amazonaws.com/motorvehicle/1512/1762947119_2ZaPRs.jpg,https://swansea-buckets-s3-public.s3.eu-west-1.amazonaws.com/motorvehicle/1512/images/1762354755_qonqc2.jpg,https://swansea-buckets-s3-public.s3.eu-west-1.amazonaws.com/motorvehicle/1512/images/1762354763_Osfn9N.jpg,https://swansea-buckets-s3-public.s3.eu-west-1.amazonaws.com/motorvehicle/1512/images/1762354835_Eklmnr.jpg,https://swansea-buckets-s3-public.s3.eu-west-1.amazonaws.com/motorvehicle/1512/images/1762354778_4k9vtO.jpg,https://swansea-buckets-s3-public.s3.eu-west-1.amazonaws.com/motorvehicle/1512/images/1762354844_GzEYPp.jpg"
2014 BMW 1 SERIES,Default,"
                            292",Online Auction,Swansea Motor Auctions,BMW,1 SERIES,116d M Sport 5dr,YJ14ZTD,18:00,10/12/2025,01/03/2014,Diesel,Hatchback,MANUAL,WHITE,2014,2,Margin,Here,Login to see this,Login to see this,Login to see this,2.0,81958,https://www.smva.co.uk/motorvehicleinspectionreport/standard/1980.pdf,"https://swansea-buckets-s3-public.s3.eu-west-1.amazonaws.com/motorvehicle/1980/1764767512_thy3oC.jpg,https://swansea-buckets-s3-public.s3.eu-west-1.amazonaws.com/motorvehicle/1980/1764767512_E2a2o8.jpg,https://swansea-buckets-s3-public.s3.eu-west-1.amazonaws.com/motorvehicle/1980/1764767512_2jofri.jpg,https://swansea-buckets-s3-public.s3.eu-west-1.amazonaws.com/motorvehicle/1980/1764767512_ahEr9i.jpg,https://swansea-buckets-s3-public.s3.eu-west-1.amazonaws.com/motorvehicle/1980/1764767512_h2A9GQ.jpg,https://swansea-buckets-s3-public.s3.eu-west-1.amazonaws.com/motorvehicle/1980/1764767512_bQ16Cx.jpg"
2018 PEUGEOT 208,Default,"
                            294",Online Auction,Swansea Motor Auctions,PEUGEOT,208,1.2 PureTech 110 GT Line 5dr [6 Speed],CE68TSU,18:00,10/12/2025,30/09/2018,Petrol,Hatchback,MANUAL,RED,2018,2,Margin,Here,Login to see this,Login to see this,Login to see this,1.2,52185,https://www.smva.co.uk/motorvehicleinspectionreport/standard/1981.pdf,"https://swansea-buckets-s3-public.s3.eu-west-1.amazonaws.com/motorvehicle/1981/1764767568_Ews3fv.jpg,https://swansea-buckets-s3-public.s3.eu-west-1.amazonaws.com/motorvehicle/1981/1764767568_7VMc09.jpg,https://swansea-buckets-s3-public.s3.eu-west-1.amazonaws.com/motorvehicle/1981/1764767568_GxNLuU.jpg,https://swansea-buckets-s3-public.s3.eu-west-1.amazonaws.com/motorvehicle/1981/1764767568_6xCL2P.jpg,https://swansea-buckets-s3-public.s3.eu-west-1.amazonaws.com/motorvehicle/1981/1764767568_ALLTkN.jpg,https://swansea-buckets-s3-public.s3.eu-west-1.amazonaws.com/motorvehicle/1981/1764767568_BqJwKu.jpg"
2019 MERCEDES-BENZ CLA,Default,"
                            297",Online Auction,Swansea Motor Auctions,MERCEDES-BENZ,CLA,CLA 220 AMG Line Night Edition 4Matic 5dr Tip Auto,WD68TBY,18:00,10/12/2025,31/01/2019,Petrol,Estate,AUTOMATIC,BLACK,2019,2,Margin,Here,Login to see this,Login to see this,Login to see this,2.0,30750,https://www.smva.co.uk/motorvehicleinspectionreport/standard/1996.pdf,"https://swansea-buckets-s3-public.s3.eu-west-1.amazonaws.com/motorvehicle/1996/images/1764778728_f1GRLX.jpg,https://swansea-buckets-s3-public.s3.eu-west-1.amazonaws.com/motorvehicle/1996/images/1764778735_WUdC1p.jpg,https://swansea-buckets-s3-public.s3.eu-west-1.amazonaws.com/motorvehicle/1996/images/1764778746_LtRNjs.jpg,https://swansea-buckets-s3-public.s3.eu-west-1.amazonaws.com/motorvehicle/1996/images/1764778767_wDSD8O.jpg,https://swansea-buckets-s3-public.s3.eu-west-1.amazonaws.com/motorvehicle/1996/images/1764778790_QUze8I.jpg,https://swansea-buckets-s3-public.s3.eu-west-1.amazonaws.com/motorvehicle/1996/images/1764778799_Hb423J.jpg"
2019 MG MG ZS,Default,"
                            298",Online Auction,Swansea Motor Auctions,MG,MG ZS,LIMITED EDITION,CE69UCY,18:00,10/12/2025,20/09/2019,Petrol,Hatchback,MANUAL,WHITE,2019,2,Margin,Here,Login to see this,Login to see this,Login to see this,1.5,111035,https://www.smva.co.uk/motorvehicleinspectionreport/standard/1511.pdf,"https://swansea-buckets-s3-public.s3.eu-west-1.amazonaws.com/motorvehicle/1511/1762947365_98g4Vv.jpg,https://swansea-buckets-s3-public.s3.eu-west-1.amazonaws.com/motorvehicle/1511/images/1762356160_gPqCe1.jpg,https://swansea-buckets-s3-public.s3.eu-west-1.amazonaws.com/motorvehicle/1511/images/1762356168_NDrHdI.jpg,https://swansea-buckets-s3-public.s3.eu-west-1.amazonaws.com/motorvehicle/1511/images/1762356252_GPUghb.jpg,https://swansea-buckets-s3-public.s3.eu-west-1.amazonaws.com/motorvehicle/1511/images/1762356238_66rG0Y.jpg,https://swansea-buckets-s3-public.s3.eu-west-1.amazonaws.com/motorvehicle/1511/images/1762356261_ZHH9Dd.jpg"
2019 MERCEDES-BENZ C CLASS,Default,"
                            299",Online Auction,Swansea Motor Auctions,MERCEDES-BENZ,C CLASS,C220d Sport Premium Plus 4dr 9G-Tronic,KV19JUZ,18:00,10/12/2025,11/07/2019,Diesel,Saloon,AUTOMATIC,BLACK,2019,,Margin,Here,Login to see this,Login to see this,Login to see this,1.9,84595,https://www.smva.co.uk/motorvehicleinspectionreport/standard/1997.pdf,"https://swansea-buckets-s3-public.s3.eu-west-1.amazonaws.com/motorvehicle/1997/images/1764778967_9hAZkL.jpg,https://swansea-buckets-s3-public.s3.eu-west-1.amazonaws.com/motorvehicle/1997/images/1764778984_GQaqSu.jpg,https://swansea-buckets-s3-public.s3.eu-west-1.amazonaws.com/motorvehicle/1997/images/1764778998_LeQOD2.jpg,https://swansea-buckets-s3-public.s3.eu-west-1.amazonaws.com/motorvehicle/1997/images/1764779024_DO3GUk.jpg,https://swansea-buckets-s3-public.s3.eu-west-1.amazonaws.com/motorvehicle/1997/images/1764779047_oLRinz.jpg,https://swansea-buckets-s3-public.s3.eu-west-1.amazonaws.com/motorvehicle/1997/images/1764779060_rqLiyg.jpg"
2012 VOLKSWAGEN TRANSPORTER,Default,"
                            2",Online Auction,Swansea Motor Auctions,VOLKSWAGEN,TRANSPORTER,T28 TDI P/V,DG62CFY,18:00,10/12/2025,01/10/2012,Diesel,Panel Van,MANUAL,WHITE,2012,1,Margin,Here,Login to see this,Login to see this,Login to see this,2.0,174792,https://www.smva.co.uk/motorvehicleinspectionreport/standard/2016.pdf,"https://swansea-buckets-s3-public.s3.eu-west-1.amazonaws.com/motorvehicle/2016/images/1764925607_e8lqJt.jpg,https://swansea-buckets-s3-public.s3.eu-west-1.amazonaws.com/motorvehicle/2016/images/1764925610_k5WyHT.jpg,https://swansea-buckets-s3-public.s3.eu-west-1.amazonaws.com/motorvehicle/2016/images/1764925614_9XRgMe.jpg,https://swansea-buckets-s3-public.s3.eu-west-1.amazonaws.com/motorvehicle/2016/images/1764925616_JoNarc.jpg,https://swansea-buckets-s3-public.s3.eu-west-1.amazonaws.com/motorvehicle/2016/images/1764925628_0m1qMN.jpg,https://swansea-buckets-s3-public.s3.eu-west-1.amazonaws.com/motorvehicle/2016/images/1764925631_H572Qp.jpg,https://swansea-buckets-s3-public.s3.eu-west-1.amazonaws.com/motorvehicle/2016/images/1764925625_QtqOzK.jpg,https://swansea-buckets-s3-public.s3.eu-west-1.amazonaws.com/motorvehicle/2016/images/1764925620_Ldu18L.jpg"
2015 SUZUKI VITARA,Default,"
                            301",Online Auction,Swansea Motor Auctions,SUZUKI,VITARA,1.6 DDiS SZ5 ALLGRIP [Urban Pack] 5dr,CU65TNE,18:00,10/12/2025,01/09/2015,Diesel,Hatchback,MANUAL,TURQUOISE/BLACK,2015,,Margin,Here,Login to see this,Login to see this,Login to see this,1.6,92363,https://www.smva.co.uk/motorvehicleinspectionreport/standard/1866.pdf,"https://swansea-buckets-s3-public.s3.eu-west-1.amazonaws.com/motorvehicle/1866/images/1764582603_FCgybj.jpg,https://swansea-buckets-s3-public.s3.eu-west-1.amazonaws.com/motorvehicle/1866/images/1764582610_ImVHC3.jpg,https://swansea-buckets-s3-public.s3.eu-west-1.amazonaws.com/motorvehicle/1866/images/1764582639_9dHdqf.jpg,https://swansea-buckets-s3-public.s3.eu-west-1.amazonaws.com/motorvehicle/1866/images/1764582655_AEHQ3t.jpg,https://swansea-buckets-s3-public.s3.eu-west-1.amazonaws.com/motorvehicle/1866/images/1764582665_ltcoE1.jpg,https://swansea-buckets-s3-public.s3.eu-west-1.amazonaws.com/motorvehicle/1866/images/1764582675_FJR7kt.jpg"
2015 VAUXHALL CORSA,Default,"
                            302",Online Auction,Swansea Motor Auctions,VAUXHALL,CORSA,1.4 ecoFLEX SRi 3dr,FG15JUU,18:00,10/12/2025,11/05/2015,Petrol,Hatchback,MANUAL,WHITE,2015,,Margin,Here,Login to see this,Login to see this,Login to see this,1.4,59326,https://www.smva.co.uk/motorvehicleinspectionreport/standard/2041.pdf,"https://swansea-buckets-s3-public.s3.eu-west-1.amazonaws.com/motorvehicle/2041/images/1765194125_0CC6l0.jpg,https://swansea-buckets-s3-public.s3.eu-west-1.amazonaws.com/motorvehicle/2041/images/1765194131_CfK0Ck.jpg,https://swansea-buckets-s3-public.s3.eu-west-1.amazonaws.com/motorvehicle/2041/images/1765194140_wbC2Ua.jpg,https://swansea-buckets-s3-public.s3.eu-west-1.amazonaws.com/motorvehicle/2041/images/1765194201_vFg86X.jpg,https://swansea-buckets-s3-public.s3.eu-west-1.amazonaws.com/motorvehicle/2041/images/1765194255_unNLES.jpg,https://swansea-buckets-s3-public.s3.eu-west-1.amazonaws.com/motorvehicle/2041/images/1765194265_Q7ZH4w.jpg"
2017 FORD FIESTA,Default,"
                            303",Online Auction,Swansea Motor Auctions,FORD,FIESTA,1.0 EcoBoost Zetec 5dr,CP66MWO,18:00,10/12/2025,28/01/2017,Petrol,Hatchback,MANUAL,GREY,2017,2,Margin,Buyer To Apply,Login to see this,Login to see this,Login to see this,1.0,50666,https://www.smva.co.uk/motorvehicleinspectionreport/standard/1890.pdf,"https://swansea-buckets-s3-public.s3.eu-west-1.amazonaws.com/motorvehicle/1890/images/1764587803_2CfOfm.jpg,https://swansea-buckets-s3-public.s3.eu-west-1.amazonaws.com/motorvehicle/1890/images/1764587821_EKImSp.jpg,https://swansea-buckets-s3-public.s3.eu-west-1.amazonaws.com/motorvehicle/1890/images/1764587835_mECyuV.jpg,https://swansea-buckets-s3-public.s3.eu-west-1.amazonaws.com/motorvehicle/1890/images/1764587853_xynUiY.jpg,https://swansea-buckets-s3-public.s3.eu-west-1.amazonaws.com/motorvehicle/1890/images/1764587867_trtHAp.jpg,https://swansea-buckets-s3-public.s3.eu-west-1.amazonaws.com/motorvehicle/1890/images/1764587877_sRo8vo.jpg"
2021 CITROEN C4,Default,"
                            304",Online Auction,Swansea Motor Auctions,CITROEN,C4,1.2 PureTech [130] Sense Plus 5dr,CK71ORJ,18:00,10/12/2025,27/09/2021,Petrol,Hatchback,MANUAL,GREY,2021,,Margin,Here,Login to see this,Login to see this,Login to see this,1.2,48422,https://www.smva.co.uk/motorvehicleinspectionreport/standard/1923.pdf,"https://swansea-buckets-s3-public.s3.eu-west-1.amazonaws.com/motorvehicle/1923/images/1764588029_hj0NZR.jpg,https://swansea-buckets-s3-public.s3.eu-west-1.amazonaws.com/motorvehicle/1923/images/1764588062_92814V.jpg,https://swansea-buckets-s3-public.s3.eu-west-1.amazonaws.com/motorvehicle/1923/images/1764588077_S493rA.jpg,https://swansea-buckets-s3-public.s3.eu-west-1.amazonaws.com/motorvehicle/1923/images/1764588094_b5Z4hn.jpg,https://swansea-buckets-s3-public.s3.eu-west-1.amazonaws.com/motorvehicle/1923/images/1764588152_QMnc8d.jpg,https://swansea-buckets-s3-public.s3.eu-west-1.amazonaws.com/motorvehicle/1923/images/1764588161_i6jB8M.jpg"
2015 FIAT 500L,Default,"
                            305",Online Auction,Swansea Motor Auctions,FIAT,500L,1.6 Multijet Beats Edition 5dr,CP65BFL,18:00,10/12/2025,16/11/2015,Diesel,MPV,MANUAL,BLACK/GREY,2015,2,Margin,Buyer To Apply,Login to see this,Login to see this,Login to see this,1.6,149169,https://www.smva.co.uk/motorvehicleinspectionreport/standard/2062.pdf,"https://swansea-buckets-s3-public.s3.eu-west-1.amazonaws.com/motorvehicle/2062/images/1765208195_d0w60h.jpg,https://swansea-buckets-s3-public.s3.eu-west-1.amazonaws.com/motorvehicle/2062/images/1765208203_ooZwcr.jpg,https://swansea-buckets-s3-public.s3.eu-west-1.amazonaws.com/motorvehicle/2062/images/1765208214_G9YQAt.jpg,https://swansea-buckets-s3-public.s3.eu-west-1.amazonaws.com/motorvehicle/2062/images/1765208232_TpMdz3.jpg,https://swansea-buckets-s3-public.s3.eu-west-1.amazonaws.com/motorvehicle/2062/images/1765208306_0SFBa0.jpg,https://swansea-buckets-s3-public.s3.eu-west-1.amazonaws.com/motorvehicle/2062/images/1765208318_ENNreB.jpg"
2021 NISSAN QASHQAI,Default,"
                            306",Online Auction,Swansea Motor Auctions,NISSAN,QASHQAI,1.3 DiG-T N-Connecta 5dr [Glass Roof Pack],CA70VJV,18:00,10/12/2025,27/01/2021,Petrol,Hatchback,MANUAL,BLUE,2021,2,Margin,Here,Login to see this,Login to see this,Login to see this,1.3,23222,https://www.smva.co.uk/motorvehicleinspectionreport/standard/1218.pdf,"https://swansea-buckets-s3-public.s3.eu-west-1.amazonaws.com/motorvehicle/1218/images/1761144802_LRzUcQ.jpg,https://swansea-buckets-s3-public.s3.eu-west-1.amazonaws.com/motorvehicle/1218/images/1761144810_eOoBww.jpg,https://swansea-buckets-s3-public.s3.eu-west-1.amazonaws.com/motorvehicle/1218/images/1761144819_z2ao8u.jpg,https://swansea-buckets-s3-public.s3.eu-west-1.amazonaws.com/motorvehicle/1218/images/1761144842_pngx1J.jpg,https://swansea-buckets-s3-public.s3.eu-west-1.amazonaws.com/motorvehicle/1218/images/1761144892_UjfdGx.jpg,https://swansea-buckets-s3-public.s3.eu-west-1.amazonaws.com/motorvehicle/1218/images/1761144901_dJ6YqW.jpg"
2017 MITSUBISHI ASX,Default,"
                            307",Online Auction,Swansea Motor Auctions,MITSUBISHI,ASX,1.6 3 5dr,CE67YKN,18:00,10/12/2025,09/10/2017,Diesel,Hatchback,MANUAL,BLACK,2017,,Margin,Here,Login to see this,Login to see this,Login to see this,1.6,90520,https://www.smva.co.uk/motorvehicleinspectionreport/standard/1982.pdf,"https://swansea-buckets-s3-public.s3.eu-west-1.amazonaws.com/motorvehicle/1982/images/1764839781_ZLfthE.jpg,https://swansea-buckets-s3-public.s3.eu-west-1.amazonaws.com/motorvehicle/1982/images/1764839788_yAaY3M.jpg,https://swansea-buckets-s3-public.s3.eu-west-1.amazonaws.com/motorvehicle/1982/images/1764839802_moWVzi.jpg,https://swansea-buckets-s3-public.s3.eu-west-1.amazonaws.com/motorvehicle/1982/images/1764839822_cf0Wff.jpg,https://swansea-buckets-s3-public.s3.eu-west-1.amazonaws.com/motorvehicle/1982/images/1764839837_ifEZhH.jpg,https://swansea-buckets-s3-public.s3.eu-west-1.amazonaws.com/motorvehicle/1982/images/1764839847_kOSBh3.jpg"
2017 PEUGEOT 3008,Default,"
                            309",Online Auction,Swansea Motor Auctions,PEUGEOT,3008,1.2 PureTech GT Line 5dr,GY17RNU,18:00,10/12/2025,11/05/2017,Petrol,Hatchback,MANUAL,WHITE,2017,2,Margin,Here,Login to see this,Login to see this,Login to see this,1.2,81814,https://www.smva.co.uk/motorvehicleinspectionreport/standard/1964.pdf,"https://swansea-buckets-s3-public.s3.eu-west-1.amazonaws.com/motorvehicle/1964/images/1764768719_vqmqYd.jpg,https://swansea-buckets-s3-public.s3.eu-west-1.amazonaws.com/motorvehicle/1964/images/1764768730_8dzHtc.jpg,https://swansea-buckets-s3-public.s3.eu-west-1.amazonaws.com/motorvehicle/1964/images/1764768741_ydS3bE.jpg,https://swansea-buckets-s3-public.s3.eu-west-1.amazonaws.com/motorvehicle/1964/images/1764768763_wionZY.jpg,https://swansea-buckets-s3-public.s3.eu-west-1.amazonaws.com/motorvehicle/1964/images/1764768867_SR3zWL.jpg,https://swansea-buckets-s3-public.s3.eu-west-1.amazonaws.com/motorvehicle/1964/images/1764768871_WOJW5r.jpg"
2017 KIA VENGA,Default,"
                            310",Online Auction,Swansea Motor Auctions,KIA,VENGA,1.4 ISG 2 5dr,CV67XVX,18:00,10/12/2025,01/12/2017,Petrol,Hatchback,MANUAL,SILVER,2017,2,Margin,Here,Login to see this,Login to see this,Login to see this,1.4,123794,https://www.smva.co.uk/motorvehicleinspectionreport/standard/2043.pdf,"https://swansea-buckets-s3-public.s3.eu-west-1.amazonaws.com/motorvehicle/2043/images/1765201060_PTbHud.jpg,https://swansea-buckets-s3-public.s3.eu-west-1.amazonaws.com/motorvehicle/2043/images/1765201074_iuAq99.jpg,https://swansea-buckets-s3-public.s3.eu-west-1.amazonaws.com/motorvehicle/2043/images/1765201084_7JOOtm.jpg,https://swansea-buckets-s3-public.s3.eu-west-1.amazonaws.com/motorvehicle/2043/images/1765201098_WZPWba.jpg,https://swansea-buckets-s3-public.s3.eu-west-1.amazonaws.com/motorvehicle/2043/images/1765201167_dikvPF.jpg,https://swansea-buckets-s3-public.s3.eu-west-1.amazonaws.com/motorvehicle/2043/images/1765201176_cz56JS.jpg"
2018 CITROEN C1,Default,"
                            311",Online Auction,Swansea Motor Auctions,CITROEN,C1,1.2 PureTech Flair 5dr,WA18OVK,18:00,10/12/2025,06/03/2018,Petrol,Hatchback,MANUAL,RED,2018,,Margin,Here,Login to see this,Login to see this,Login to see this,1.2,78105,https://www.smva.co.uk/motorvehicleinspectionreport/standard/1961.pdf,"https://swansea-buckets-s3-public.s3.eu-west-1.amazonaws.com/motorvehicle/1961/images/1764773540_FG6bwm.jpg,https://swansea-buckets-s3-public.s3.eu-west-1.amazonaws.com/motorvehicle/1961/images/1764773549_nQuDGG.jpg,https://swansea-buckets-s3-public.s3.eu-west-1.amazonaws.com/motorvehicle/1961/images/1764773560_3X0I61.jpg,https://swansea-buckets-s3-public.s3.eu-west-1.amazonaws.com/motorvehicle/1961/images/1764773589_UPOaAu.jpg,https://swansea-buckets-s3-public.s3.eu-west-1.amazonaws.com/motorvehicle/1961/images/1764773606_3SbfVs.jpg,https://swansea-buckets-s3-public.s3.eu-west-1.amazonaws.com/motorvehicle/1961/images/1764773614_xPWxg4.jpg"
2012 RENAULT SCENIC,Default,"
                            312",Online Auction,Swansea Motor Auctions,RENAULT,SCENIC,1.5 dCi Dynamique TomTom Energy 5dr [Start Stop],CE12XMO,18:00,10/12/2025,30/03/2012,Diesel,MPV,MANUAL,BLUE,2012,2,Margin,Buyer To Apply,Login to see this,Login to see this,Login to see this,1.5,84108,https://www.smva.co.uk/motorvehicleinspectionreport/standard/2066.pdf,"https://swansea-buckets-s3-public.s3.eu-west-1.amazonaws.com/motorvehicle/2066/images/1765211900_gc0JVB.jpg,https://swansea-buckets-s3-public.s3.eu-west-1.amazonaws.com/motorvehicle/2066/images/1765211908_u886iS.jpg,https://swansea-buckets-s3-public.s3.eu-west-1.amazonaws.com/motorvehicle/2066/images/1765211931_JP73mu.jpg,https://swansea-buckets-s3-public.s3.eu-west-1.amazonaws.com/motorvehicle/2066/images/1765211956_JRltqQ.jpg,https://swansea-buckets-s3-public.s3.eu-west-1.amazonaws.com/motorvehicle/2066/images/1765212026_yGVtGH.jpg,https://swansea-buckets-s3-public.s3.eu-west-1.amazonaws.com/motorvehicle/2066/images/1765212035_Srtmjg.jpg"
2017 FORD KUGA,Default,"
                            315",Online Auction,Swansea Motor Auctions,FORD,KUGA,2.0 TDCi Titanium 5dr 2WD,CJ17FZG,18:00,10/12/2025,23/08/2017,Diesel,Hatchback,MANUAL,GREY,2017,1,Margin,Here,Login to see this,Login to see this,Login to see this,2.0,87131,https://www.smva.co.uk/motorvehicleinspectionreport/standard/1742.pdf,"https://swansea-buckets-s3-public.s3.eu-west-1.amazonaws.com/motorvehicle/1742/images/1763561662_vCB7Ey.jpg,https://swansea-buckets-s3-public.s3.eu-west-1.amazonaws.com/motorvehicle/1742/images/1763561669_sokNkh.jpg,https://swansea-buckets-s3-public.s3.eu-west-1.amazonaws.com/motorvehicle/1742/images/1763561683_X9RA4P.jpg,https://swansea-buckets-s3-public.s3.eu-west-1.amazonaws.com/motorvehicle/1742/images/1763561696_MHy3We.jpg,https://swansea-buckets-s3-public.s3.eu-west-1.amazonaws.com/motorvehicle/1742/images/1763561769_PIpaUs.jpg,https://swansea-buckets-s3-public.s3.eu-west-1.amazonaws.com/motorvehicle/1742/images/1763561781_PLs59Y.jpg"
2015 FORD FIESTA,Default,"
                            316",Online Auction,Swansea Motor Auctions,FORD,FIESTA,1.0 EcoBoost Zetec 5dr,CV15LLF,18:00,10/12/2025,31/03/2015,Petrol,Hatchback,MANUAL,WHITE,2015,,Margin,Here,Login to see this,Login to see this,Login to see this,1.0,126282,https://www.smva.co.uk/motorvehicleinspectionreport/standard/1695.pdf,"https://swansea-buckets-s3-public.s3.eu-west-1.amazonaws.com/motorvehicle/1695/images/1763109140_vb2Xhb.jpg,https://swansea-buckets-s3-public.s3.eu-west-1.amazonaws.com/motorvehicle/1695/images/1763109148_MXlryo.jpg,https://swansea-buckets-s3-public.s3.eu-west-1.amazonaws.com/motorvehicle/1695/images/1763109158_4uKKLH.jpg,https://swansea-buckets-s3-public.s3.eu-west-1.amazonaws.com/motorvehicle/1695/images/1763109236_Mc69sY.jpg,https://swansea-buckets-s3-public.s3.eu-west-1.amazonaws.com/motorvehicle/1695/images/1763109175_rIAxn0.jpg,https://swansea-buckets-s3-public.s3.eu-west-1.amazonaws.com/motorvehicle/1695/images/1763109242_tBIrLN.jpg"
2008 LAND ROVER RANGE ROVER SPORT,Default,"
                            318",Online Auction,Swansea Motor Auctions,LAND ROVER,RANGE ROVER SPORT,2.7 TDV6 HSE 5dr Auto,N11MHW,18:00,10/12/2025,08/09/2008,Diesel,Estate,AUTOMATIC,BLACK,2008,1,Margin,Here,Login to see this,Login to see this,Login to see this,2.7,98171,https://www.smva.co.uk/motorvehicleinspectionreport/standard/1946.pdf,"https://swansea-buckets-s3-public.s3.eu-west-1.amazonaws.com/motorvehicle/1946/images/1764753583_usJBSu.jpg,https://swansea-buckets-s3-public.s3.eu-west-1.amazonaws.com/motorvehicle/1946/images/1764753592_pqn6Sj.jpg,https://swansea-buckets-s3-public.s3.eu-west-1.amazonaws.com/motorvehicle/1946/images/1764753602_A68atl.jpg,https://swansea-buckets-s3-public.s3.eu-west-1.amazonaws.com/motorvehicle/1946/images/1764753738_ky6DaO.jpg,https://swansea-buckets-s3-public.s3.eu-west-1.amazonaws.com/motorvehicle/1946/images/1764753742_qBAjf8.jpg,https://swansea-buckets-s3-public.s3.eu-west-1.amazonaws.com/motorvehicle/1946/images/1764753751_Fst2CT.jpg"
2015 CITROEN DS3,Default,"
                            319",Online Auction,Swansea Motor Auctions,CITROEN,DS3,1.2 PureTech 110 DStyle Ice 3dr,RK15FWS,18:00,10/12/2025,31/03/2015,Petrol,Hatchback,MANUAL,BLUE,2015,,Margin,Here,Login to see this,Login to see this,Login to see this,1.2,67200,https://www.smva.co.uk/motorvehicleinspectionreport/standard/1984.pdf,"https://swansea-buckets-s3-public.s3.eu-west-1.amazonaws.com/motorvehicle/1984/images/1764774924_bJsZhI.jpg,https://swansea-buckets-s3-public.s3.eu-west-1.amazonaws.com/motorvehicle/1984/images/1764774929_MnLrw9.jpg,https://swansea-buckets-s3-public.s3.eu-west-1.amazonaws.com/motorvehicle/1984/images/1764774942_m5x5jF.jpg,https://swansea-buckets-s3-public.s3.eu-west-1.amazonaws.com/motorvehicle/1984/images/1764774967_QnD0HT.jpg,https://swansea-buckets-s3-public.s3.eu-west-1.amazonaws.com/motorvehicle/1984/images/1764774977_O9Z1Sg.jpg,https://swansea-buckets-s3-public.s3.eu-west-1.amazonaws.com/motorvehicle/1984/images/1764774989_P2X2xb.jpg"
2012 HYUNDAI I20,Default,"
                            324",Online Auction,Swansea Motor Auctions,HYUNDAI,I20,1.2 Comfort 5dr,IFZ8941,18:00,10/12/2025,30/03/2012,Petrol,Hatchback,MANUAL,BLACK,2012,,Margin,Here,Login to see this,Login to see this,Login to see this,1.2,86097,https://www.smva.co.uk/motorvehicleinspectionreport/standard/1779.pdf,"https://swansea-buckets-s3-public.s3.eu-west-1.amazonaws.com/motorvehicle/1779/images/1763653947_onmfqj.jpg,https://swansea-buckets-s3-public.s3.eu-west-1.amazonaws.com/motorvehicle/1779/images/1763653954_VNIK5z.jpg,https://swansea-buckets-s3-public.s3.eu-west-1.amazonaws.com/motorvehicle/1779/images/1763653963_FixK08.jpg,https://swansea-buckets-s3-public.s3.eu-west-1.amazonaws.com/motorvehicle/1779/images/1763654152_9HGD4v.jpg,https://swansea-buckets-s3-public.s3.eu-west-1.amazonaws.com/motorvehicle/1779/images/1763654123_JQCAUd.jpg,https://swansea-buckets-s3-public.s3.eu-west-1.amazonaws.com/motorvehicle/1779/images/1763654164_1cFH5s.jpg"
2014 DACIA LOGAN,Default,"
                            325",Online Auction,Swansea Motor Auctions,DACIA,LOGAN,0.9 TCe Laureate 5dr,CE64ZSZ,18:00,10/12/2025,15/10/2014,Petrol,Estate,MANUAL,BEIGE,2014,1,Margin,Here,Login to see this,Login to see this,Login to see this,0.9,89071,https://www.smva.co.uk/motorvehicleinspectionreport/standard/1460.pdf,"https://swansea-buckets-s3-public.s3.eu-west-1.amazonaws.com/motorvehicle/1460/images/1762245902_KswBd1.jpg,https://swansea-buckets-s3-public.s3.eu-west-1.amazonaws.com/motorvehicle/1460/images/1762245908_nmTBpt.jpg,https://swansea-buckets-s3-public.s3.eu-west-1.amazonaws.com/motorvehicle/1460/images/1762245919_IvhI2I.jpg,https://swansea-buckets-s3-public.s3.eu-west-1.amazonaws.com/motorvehicle/1460/images/1762245940_CYVfFI.jpg,https://swansea-buckets-s3-public.s3.eu-west-1.amazonaws.com/motorvehicle/1460/images/1762245996_FBHuUI.jpg,https://swansea-buckets-s3-public.s3.eu-west-1.amazonaws.com/motorvehicle/1460/images/1762246005_jxhOvr.jpg"
2019 FORD ECOSPORT,Default,"
                            326",Online Auction,Swansea Motor Auctions,FORD,ECOSPORT,1.0 EcoBoost 125 Titanium 5dr Auto,CF68NHN,18:00,10/12/2025,21/01/2019,Petrol,Hatchback,AUTOMATIC,BLACK,2019,,Margin,Here,Login to see this,Login to see this,Login to see this,1.0,30376,https://www.smva.co.uk/motorvehicleinspectionreport/standard/1623.pdf,"https://swansea-buckets-s3-public.s3.eu-west-1.amazonaws.com/motorvehicle/1623/images/1762957566_XS5Zac.jpg,https://swansea-buckets-s3-public.s3.eu-west-1.amazonaws.com/motorvehicle/1623/images/1762957573_p3A1WS.jpg,https://swansea-buckets-s3-public.s3.eu-west-1.amazonaws.com/motorvehicle/1623/images/1762957581_EXluXN.jpg,https://swansea-buckets-s3-public.s3.eu-west-1.amazonaws.com/motorvehicle/1623/images/1762957696_xYMoHe.jpg,https://swansea-buckets-s3-public.s3.eu-west-1.amazonaws.com/motorvehicle/1623/images/1762957629_5UMv88.jpg,https://swansea-buckets-s3-public.s3.eu-west-1.amazonaws.com/motorvehicle/1623/images/1762957707_uT7HLE.jpg"
2016 KIA SPORTAGE,Default,"
                            329",Online Auction,Swansea Motor Auctions,KIA,SPORTAGE,1.7 CRDi ISG 1 5dr,KP16OTY,18:00,10/12/2025,16/03/2016,Diesel,Estate,MANUAL,WHITE,2016,,Margin,Buyer To Apply,Login to see this,Login to see this,Login to see this,1.7,94617,https://www.smva.co.uk/motorvehicleinspectionreport/standard/1504.pdf,"https://swansea-buckets-s3-public.s3.eu-west-1.amazonaws.com/motorvehicle/1504/images/1762343569_1aWGew.jpg,https://swansea-buckets-s3-public.s3.eu-west-1.amazonaws.com/motorvehicle/1504/images/1762343577_1uSVZX.jpg,https://swansea-buckets-s3-public.s3.eu-west-1.amazonaws.com/motorvehicle/1504/images/1762343586_tg2JMw.jpg,https://swansea-buckets-s3-public.s3.eu-west-1.amazonaws.com/motorvehicle/1504/images/1762343669_arbHoN.jpg,https://swansea-buckets-s3-public.s3.eu-west-1.amazonaws.com/motorvehicle/1504/images/1762343711_g4HBye.jpg,https://swansea-buckets-s3-public.s3.eu-west-1.amazonaws.com/motorvehicle/1504/images/1762343677_usPK6I.jpg"
2019 FORD RANGER,Default,"
                            3",Online Auction,Swansea Motor Auctions,FORD,RANGER,WILDTRAK ECOBLUE,YR69YTG,18:00,10/12/2025,13/11/2019,Diesel,Pick-up,AUTOMATIC,GREY,2019,2,Plus VAT,Here,Login to see this,Login to see this,Login to see this,2.0,57281,https://www.smva.co.uk/motorvehicleinspectionreport/standard/2055.pdf,"https://swansea-buckets-s3-public.s3.eu-west-1.amazonaws.com/motorvehicle/2055/images/1765200488_xLGGDf.jpg,https://swansea-buckets-s3-public.s3.eu-west-1.amazonaws.com/motorvehicle/2055/images/1765200502_6azbsT.jpg,https://swansea-buckets-s3-public.s3.eu-west-1.amazonaws.com/motorvehicle/2055/images/1765200512_MsGU5g.jpg,https://swansea-buckets-s3-public.s3.eu-west-1.amazonaws.com/motorvehicle/2055/images/1765200549_ipfwOu.jpg,https://swansea-buckets-s3-public.s3.eu-west-1.amazonaws.com/motorvehicle/2055/images/1765200680_Sci90D.jpg,https://swansea-buckets-s3-public.s3.eu-west-1.amazonaws.com/motorvehicle/2055/images/1765200777_4bOfIi.jpg"
2002 JAGUAR XK8,Default,"
                            500",Online Auction,Swansea Motor Auctions,JAGUAR,XK8,COUPE,OY02XSC,18:00,10/12/2025,17/04/2002,Petrol,Coupe,AUTOMATIC,SILVER,2002,,Margin,Here,,,,4.0,112721,https://www.smva.co.uk/motorvehicleinspectionreport/standard/2104.pdf,
2013 MINI CLUBMAN,Default,"
                            504",Online Auction,Swansea Motor Auctions,MINI,CLUBMAN,1.6 Cooper Bond Street 5dr,OV63XWK,18:00,10/12/2025,19/12/2013,Petrol,Estate,MANUAL,BLACK,2013,,Margin,Here,Login to see this,Login to see this,Login to see this,1.6,133281,https://www.smva.co.uk/motorvehicleinspectionreport/standard/2075.pdf,"https://swansea-buckets-s3-public.s3.eu-west-1.amazonaws.com/motorvehicle/2075/images/1765292215_IfacY3.jpg,https://swansea-buckets-s3-public.s3.eu-west-1.amazonaws.com/motorvehicle/2075/images/1765292226_7EzHCY.jpg,https://swansea-buckets-s3-public.s3.eu-west-1.amazonaws.com/motorvehicle/2075/images/1765292239_d3XgvD.jpg,https://swansea-buckets-s3-public.s3.eu-west-1.amazonaws.com/motorvehicle/2075/images/1765292301_SN32oV.jpg,https://swansea-buckets-s3-public.s3.eu-west-1.amazonaws.com/motorvehicle/2075/images/1765292388_6MBeOI.jpg,https://swansea-buckets-s3-public.s3.eu-west-1.amazonaws.com/motorvehicle/2075/images/1765292402_YjKwP6.jpg"
2008 AUDI TT,Default,"
                            570",Online Auction,Swansea Motor Auctions,AUDI,TT,2.0T FSI 2dr,CU58ZVB,18:00,10/12/2025,01/09/2008,Petrol,Coupe,MANUAL,RED,2008,,Margin,Here,Login to see this,Login to see this,Login to see this,2.0,91893,https://www.smva.co.uk/motorvehicleinspectionreport/standard/2081.pdf,
2015 RENAULT CLIO,Default,"
                            572",Online Auction,Swansea Motor Auctions,RENAULT,CLIO,1.2 16V Expression+ 5dr,CE15ZNN,18:00,10/12/2025,21/04/2015,Petrol,Hatchback,MANUAL,CREAM,2015,2,Margin,Buyer To Apply,Login to see this,Login to see this,Login to see this,1.1,89714,https://www.smva.co.uk/motorvehicleinspectionreport/standard/2082.pdf,
2011 VOLKSWAGEN GOLF,Default,"
                            573",Online Auction,Swansea Motor Auctions,VOLKSWAGEN,GOLF,1.6 TDi 105 Match 5dr DSG,LM61KYC,18:00,10/12/2025,26/11/2011,Diesel,Hatchback,SEMI AUTO,BLACK,2011,2,Margin,Here,Login to see this,Login to see this,Login to see this,1.6,129869,https://www.smva.co.uk/motorvehicleinspectionreport/standard/2083.pdf,"https://swansea-buckets-s3-public.s3.eu-west-1.amazonaws.com/motorvehicle/2083/images/1765296890_PfjotH.jpg,https://swansea-buckets-s3-public.s3.eu-west-1.amazonaws.com/motorvehicle/2083/images/1765296896_FPJ09a.jpg,https://swansea-buckets-s3-public.s3.eu-west-1.amazonaws.com/motorvehicle/2083/images/1765296908_5vCjo0.jpg,https://swansea-buckets-s3-public.s3.eu-west-1.amazonaws.com/motorvehicle/2083/images/1765296923_5hisBg.jpg,https://swansea-buckets-s3-public.s3.eu-west-1.amazonaws.com/motorvehicle/2083/images/1765297003_I1U1B1.jpg,https://swansea-buckets-s3-public.s3.eu-west-1.amazonaws.com/motorvehicle/2083/images/1765297014_2hChiK.jpg"
2011 VOLKSWAGEN POLO,Default,"
                            584",Online Auction,Swansea Motor Auctions,VOLKSWAGEN,POLO,1.2 TDI SE 5dr,CP11DGE,18:00,10/12/2025,27/05/2011,Diesel,Hatchback,MANUAL,BLACK,2011,2,Margin,Here,Login to see this,Login to see this,Login to see this,1.2,137850,https://www.smva.co.uk/motorvehicleinspectionreport/standard/2090.pdf,"https://swansea-buckets-s3-public.s3.eu-west-1.amazonaws.com/motorvehicle/2090/images/1765355805_XDsWJG.jpg,https://swansea-buckets-s3-public.s3.eu-west-1.amazonaws.com/motorvehicle/2090/images/1765355813_rxsitP.jpg,https://swansea-buckets-s3-public.s3.eu-west-1.amazonaws.com/motorvehicle/2090/images/1765355824_gOsIQ9.jpg,https://swansea-buckets-s3-public.s3.eu-west-1.amazonaws.com/motorvehicle/2090/images/1765355855_YPHMBq.jpg,https://swansea-buckets-s3-public.s3.eu-west-1.amazonaws.com/motorvehicle/2090/images/1765355936_rG1VoT.jpg,https://swansea-buckets-s3-public.s3.eu-west-1.amazonaws.com/motorvehicle/2090/images/1765355950_FiB7ob.jpg"
2009 MERCEDES CLK,Default,"
                            585",Online Auction,Swansea Motor Auctions,MERCEDES,CLK,CLK280 AVANTGARDE,BK09EWX,18:00,10/12/2025,15/06/2009,Petrol,Convertible,AUTOMATIC,SILVER,2009,2,Margin,Here,Login to see this,Login to see this,Login to see this,3.0,192636,https://www.smva.co.uk/motorvehicleinspectionreport/standard/2093.pdf,
2011 HYUNDAI SANTA FE,Default,"
                            588",Online Auction,Swansea Motor Auctions,HYUNDAI,SANTA FE,2.2 CRDi Premium 5dr Auto [7 Seats],DU61OGF,18:00,10/12/2025,02/09/2011,Diesel,Estate,AUTOMATIC,SILVER,2011,1,Margin,Here,Login to see this,Login to see this,Login to see this,2.2,160150,https://www.smva.co.uk/motorvehicleinspectionreport/standard/2089.pdf,
2018 AUDI Q2,Default,"
                            600",Online Auction,Swansea Motor Auctions,AUDI,Q2,1.0 TFSI SE 5dr,CE18NPA,18:00,10/12/2025,08/03/2018,Petrol,Estate,MANUAL,RED,2018,1,Margin,Buyer To Apply,Login to see this,Login to see this,Login to see this,1.0,46063,https://www.smva.co.uk/motorvehicleinspectionreport/standard/2105.pdf,
2010 VOLVO V70,Default,"
                            601",Online Auction,Swansea Motor Auctions,VOLVO,V70,D5 [205] R DESIGN SE 5dr Geartronic,CT10BMZ,18:00,10/12/2025,26/04/2010,Diesel,Estate,AUTOMATIC,GREY,2010,2,Margin,Here,Login to see this,Login to see this,Login to see this,2.4,144292,https://www.smva.co.uk/motorvehicleinspectionreport/standard/1788.pdf,
2016 VAUXHALL ADAM,Default,"
                            602",Online Auction,Swansea Motor Auctions,VAUXHALL,ADAM,1.2i Jam 3dr,RE16XNM,18:00,10/12/2025,28/06/2016,Petrol,Hatchback,MANUAL,BLACK,2016,1,Margin,Here,Login to see this,Login to see this,Login to see this,1.2,85462,https://www.smva.co.uk/motorvehicleinspectionreport/standard/2106.pdf,
2018 FORD FIESTA,Default,"
                            603",Online Auction,Swansea Motor Auctions,FORD,FIESTA,1.0 EcoBoost Zetec 5dr,DV18UWD,18:00,10/12/2025,16/04/2018,Petrol,Hatchback,MANUAL,WHITE,2018,,Margin,Here,Login to see this,Login to see this,Login to see this,1.0,65322,https://www.smva.co.uk/motorvehicleinspectionreport/standard/2072.pdf,
2017 TOYOTA AYGO,Default,"
                            604",Online Auction,Swansea Motor Auctions,TOYOTA,AYGO,1.0 VVT-i X-Play 5dr,CP66DVN,18:00,10/12/2025,26/01/2017,Petrol,Hatchback,MANUAL,GREY,2017,,Margin,Here,Login to see this,Login to see this,Login to see this,1.0,29630,https://www.smva.co.uk/motorvehicleinspectionreport/standard/2071.pdf,"https://swansea-buckets-s3-public.s3.eu-west-1.amazonaws.com/motorvehicle/2071/images/1765291669_frNCE4.jpg,https://swansea-buckets-s3-public.s3.eu-west-1.amazonaws.com/motorvehicle/2071/images/1765291681_bVVA85.jpg,https://swansea-buckets-s3-public.s3.eu-west-1.amazonaws.com/motorvehicle/2071/images/1765291693_HfzCzr.jpg,https://swansea-buckets-s3-public.s3.eu-west-1.amazonaws.com/motorvehicle/2071/images/1765291715_dfT195.jpg,https://swansea-buckets-s3-public.s3.eu-west-1.amazonaws.com/motorvehicle/2071/images/1765291880_9XOXFi.jpg,https://swansea-buckets-s3-public.s3.eu-west-1.amazonaws.com/motorvehicle/2071/images/1765291895_Xe0V8M.jpg"
2012 CITROEN C1,Default,"
                            605",Online Auction,Swansea Motor Auctions,CITROEN,C1,1.0i VTR 5dr,FP62XBK,18:00,10/12/2025,21/12/2012,Petrol,Hatchback,MANUAL,BLUE,2012,,Margin,Here,Login to see this,Login to see this,Login to see this,1.0,71300,https://www.smva.co.uk/motorvehicleinspectionreport/standard/2073.pdf,"https://swansea-buckets-s3-public.s3.eu-west-1.amazonaws.com/motorvehicle/2073/images/1765290584_bIwPXN.jpg,https://swansea-buckets-s3-public.s3.eu-west-1.amazonaws.com/motorvehicle/2073/images/1765290594_uinj1n.jpg,https://swansea-buckets-s3-public.s3.eu-west-1.amazonaws.com/motorvehicle/2073/images/1765290603_V2kOfw.jpg,https://swansea-buckets-s3-public.s3.eu-west-1.amazonaws.com/motorvehicle/2073/images/1765290626_wSQW7w.jpg,https://swansea-buckets-s3-public.s3.eu-west-1.amazonaws.com/motorvehicle/2073/images/1765290686_R87joa.jpg,https://swansea-buckets-s3-public.s3.eu-west-1.amazonaws.com/motorvehicle/2073/images/1765290693_5ahcVe.jpg"
2018 HONDA CIVIC,Default,"
                            606",Online Auction,Swansea Motor Auctions,HONDA,CIVIC,1.6 i-DTEC SR 5dr,LF68UMH,18:00,10/12/2025,10/09/2018,Diesel,Hatchback,MANUAL,BLUE,2018,,Margin,Here,Login to see this,Login to see this,Login to see this,1.6,118362,https://www.smva.co.uk/motorvehicleinspectionreport/standard/2074.pdf,"https://swansea-buckets-s3-public.s3.eu-west-1.amazonaws.com/motorvehicle/2074/images/1765298752_mRw6x4.jpg,https://swansea-buckets-s3-public.s3.eu-west-1.amazonaws.com/motorvehicle/2074/images/1765298761_aIOnBc.jpg,https://swansea-buckets-s3-public.s3.eu-west-1.amazonaws.com/motorvehicle/2074/images/1765298773_svZujh.jpg,https://swansea-buckets-s3-public.s3.eu-west-1.amazonaws.com/motorvehicle/2074/images/1765298843_p0lx0L.jpg,https://swansea-buckets-s3-public.s3.eu-west-1.amazonaws.com/motorvehicle/2074/images/1765298914_5pxvX7.jpg,https://swansea-buckets-s3-public.s3.eu-west-1.amazonaws.com/motorvehicle/2074/images/1765298926_HWTS2W.jpg"
2015 FORD FIESTA,Default,"
                            607",Online Auction,Swansea Motor Auctions,FORD,FIESTA,1.0 EcoBoost Titanium 5dr,OV15VSL,18:00,10/12/2025,30/04/2015,Petrol,Hatchback,MANUAL,BLUE,2015,,Margin,Here,Login to see this,Login to see this,Login to see this,1.0,51372,https://www.smva.co.uk/motorvehicleinspectionreport/standard/2078.pdf,"https://swansea-buckets-s3-public.s3.eu-west-1.amazonaws.com/motorvehicle/2078/images/1765297693_Z2x3iA.jpg,https://swansea-buckets-s3-public.s3.eu-west-1.amazonaws.com/motorvehicle/2078/images/1765297701_wSZA4O.jpg,https://swansea-buckets-s3-public.s3.eu-west-1.amazonaws.com/motorvehicle/2078/images/1765297711_BosZRd.jpg,https://swansea-buckets-s3-public.s3.eu-west-1.amazonaws.com/motorvehicle/2078/images/1765297763_Zfpu6g.jpg,https://swansea-buckets-s3-public.s3.eu-west-1.amazonaws.com/motorvehicle/2078/images/1765297831_XDTEp5.jpg,https://swansea-buckets-s3-public.s3.eu-west-1.amazonaws.com/motorvehicle/2078/images/1765297842_AlLzYp.jpg"
2019 RENAULT KOLEOS,Default,"
                            609",Online Auction,Swansea Motor Auctions,RENAULT,KOLEOS,2.0 dCi Iconic 5dr 2WD X-Tronic,LX19FGK,18:00,10/12/2025,16/05/2019,Diesel,Hatchback,CVT,SILVER,2019,,Margin,Here,Login to see this,Login to see this,Login to see this,2.0,70415,https://www.smva.co.uk/motorvehicleinspectionreport/standard/2079.pdf,
2018 FORD ECOSPORT,Default,"
                            60",Online Auction,Swansea Motor Auctions,FORD,ECOSPORT,1.0 EcoBoost 140 ST-Line 5dr,EY68XDX,18:00,10/12/2025,01/09/2018,Petrol,Hatchback,MANUAL,BLUE,2018,2,Margin,Here,Login to see this,Login to see this,Login to see this,1.0,40008,https://www.smva.co.uk/motorvehicleinspectionreport/standard/1878.pdf,"https://swansea-buckets-s3-public.s3.eu-west-1.amazonaws.com/motorvehicle/1878/images/1764262166_mrClAW.jpg,https://swansea-buckets-s3-public.s3.eu-west-1.amazonaws.com/motorvehicle/1878/images/1764262173_0UPjsk.jpg,https://swansea-buckets-s3-public.s3.eu-west-1.amazonaws.com/motorvehicle/1878/images/1764262194_PMACft.jpg,https://swansea-buckets-s3-public.s3.eu-west-1.amazonaws.com/motorvehicle/1878/images/1764262214_Y3cV1Y.jpg,https://swansea-buckets-s3-public.s3.eu-west-1.amazonaws.com/motorvehicle/1878/images/1764262282_2GP25a.jpg,https://swansea-buckets-s3-public.s3.eu-west-1.amazonaws.com/motorvehicle/1878/images/1764262291_awG96I.jpg"
2018 NISSAN JUKE,Default,"
                            61",Online Auction,Swansea Motor Auctions,NISSAN,JUKE,1.5 dCi Bose Personal Edition 5dr,YE68HKB,18:00,10/12/2025,27/09/2018,Diesel,Hatchback,MANUAL,SILVER,2018,2,Margin,Here,Login to see this,Login to see this,Login to see this,1.5,42965,https://www.smva.co.uk/motorvehicleinspectionreport/standard/2038.pdf,"https://swansea-buckets-s3-public.s3.eu-west-1.amazonaws.com/motorvehicle/2038/images/1765187345_AljP2T.jpg,https://swansea-buckets-s3-public.s3.eu-west-1.amazonaws.com/motorvehicle/2038/images/1765187352_pEPDKK.jpg,https://swansea-buckets-s3-public.s3.eu-west-1.amazonaws.com/motorvehicle/2038/images/1765187363_F2DtdG.jpg,https://swansea-buckets-s3-public.s3.eu-west-1.amazonaws.com/motorvehicle/2038/images/1765187389_W8noLt.jpg,https://swansea-buckets-s3-public.s3.eu-west-1.amazonaws.com/motorvehicle/2038/images/1765187435_LSQc4q.jpg,https://swansea-buckets-s3-public.s3.eu-west-1.amazonaws.com/motorvehicle/2038/images/1765187443_BOvuUv.jpg"
2011 LEXUS CT,Default,"
                            622",Online Auction,Swansea Motor Auctions,LEXUS,CT,200h 1.8 SE-I 5dr CVT Auto,GV61CZC,18:00,10/12/2025,22/12/2011,Hybrid Electric,Hatchback,CVT,BLACK,2011,,Margin,Here,Login to see this,Login to see this,Login to see this,1.8,131444,https://www.smva.co.uk/motorvehicleinspectionreport/standard/2091.pdf,
2012 BMW 1 SERIES,Default,"
                            623",Online Auction,Swansea Motor Auctions,BMW,1 SERIES,118d M Sport 2dr Step Auto,FD61PZR,18:00,10/12/2025,16/01/2012,Diesel,Convertible,AUTOMATIC,BLACK,2012,,Margin,Here,Login to see this,Login to see this,Login to see this,2.0,150951,https://www.smva.co.uk/motorvehicleinspectionreport/standard/2092.pdf,
2009 BMW 3 SERIES,Default,"
                            624",Online Auction,Swansea Motor Auctions,BMW,3 SERIES,320i M Sport Business Edition 5dr Step Auto,ND59KRU,18:00,10/12/2025,11/12/2009,Petrol,Estate,AUTOMATIC,BLUE,2009,,Margin,Here,Login to see this,Login to see this,Login to see this,2.0,135485,https://www.smva.co.uk/motorvehicleinspectionreport/standard/2094.pdf,
2018 TOYOTA AYGO,Default,"
                            625",Online Auction,Swansea Motor Auctions,TOYOTA,AYGO,1.0 VVT-i X-Play 5dr,YH18VTY,18:00,10/12/2025,29/03/2018,Petrol,Hatchback,MANUAL,RED,2018,,Margin,Here,Login to see this,Login to see this,Login to see this,1.0,81277,https://www.smva.co.uk/motorvehicleinspectionreport/standard/2096.pdf,
2012 BMW 3 SERIES,Default,"
                            626",Online Auction,Swansea Motor Auctions,BMW,3 SERIES,320d [184] ES 5dr,LC12YCY,18:00,10/12/2025,03/06/2012,Diesel,Estate,MANUAL,RED,2012,,Margin,Here,Login to see this,Login to see this,Login to see this,2.0,103026,https://www.smva.co.uk/motorvehicleinspectionreport/standard/2098.pdf,
2012 FORD C-MAX,Default,"
                            631",Online Auction,Swansea Motor Auctions,FORD,C-MAX,1.6 TDCi Titanium 5dr,CK12BYT,18:00,10/12/2025,30/04/2012,Diesel,MPV,MANUAL,RED,2012,,Margin,Here,Login to see this,Login to see this,Login to see this,1.6,92536,https://www.smva.co.uk/motorvehicleinspectionreport/standard/2100.pdf,
2017 MAZDA 6,Default,"
                            64",Online Auction,Swansea Motor Auctions,MAZDA,6,2.2d [175] Sport Nav 5dr,VO67FJU,18:00,10/12/2025,30/09/2017,Diesel,Estate,MANUAL,RED,2017,,Margin,Here,Login to see this,Login to see this,Login to see this,2.2,46114,https://www.smva.co.uk/motorvehicleinspectionreport/standard/1986.pdf,"https://swansea-buckets-s3-public.s3.eu-west-1.amazonaws.com/motorvehicle/1986/images/1764925377_xe1Pte.jpg,https://swansea-buckets-s3-public.s3.eu-west-1.amazonaws.com/motorvehicle/1986/images/1764925383_o0wyu7.jpg,https://swansea-buckets-s3-public.s3.eu-west-1.amazonaws.com/motorvehicle/1986/images/1764925392_9Gfh5X.jpg,https://swansea-buckets-s3-public.s3.eu-west-1.amazonaws.com/motorvehicle/1986/images/1764925401_5RFGtW.jpg,https://swansea-buckets-s3-public.s3.eu-west-1.amazonaws.com/motorvehicle/1986/images/1764925416_n7gtKc.jpg,https://swansea-buckets-s3-public.s3.eu-west-1.amazonaws.com/motorvehicle/1986/images/1764925398_UYtcYl.jpg"
2015 MERCEDES-BENZ C CLASS,Default,"
                            651",Online Auction,Swansea Motor Auctions,MERCEDES-BENZ,C CLASS,C220d Sport 5dr Auto,RF65ZTZ,18:00,10/12/2025,08/12/2015,Diesel,Estate,AUTOMATIC,BLACK,2015,,Margin,Here,Login to see this,Login to see this,Login to see this,2.1,90928,https://www.smva.co.uk/motorvehicleinspectionreport/standard/1816.pdf,
2020 NISSAN JUKE,Default,"
                            65",Online Auction,Swansea Motor Auctions,NISSAN,JUKE,1.0 DiG-T Tekna 5dr,CU70ULH,18:00,10/12/2025,04/09/2020,Petrol,Hatchback,MANUAL,SILVER,2020,3,Margin,Here,Login to see this,Login to see this,Login to see this,1.0,42673,https://www.smva.co.uk/motorvehicleinspectionreport/standard/1646.pdf,"https://swansea-buckets-s3-public.s3.eu-west-1.amazonaws.com/motorvehicle/1646/images/1763028773_73EMMa.jpg,https://swansea-buckets-s3-public.s3.eu-west-1.amazonaws.com/motorvehicle/1646/images/1763028779_NSyXKz.jpg,https://swansea-buckets-s3-public.s3.eu-west-1.amazonaws.com/motorvehicle/1646/images/1763028801_BSFGdB.jpg,https://swansea-buckets-s3-public.s3.eu-west-1.amazonaws.com/motorvehicle/1646/images/1763028827_KQCRUi.jpg,https://swansea-buckets-s3-public.s3.eu-west-1.amazonaws.com/motorvehicle/1646/images/1763028893_ur3dTj.jpg,https://swansea-buckets-s3-public.s3.eu-west-1.amazonaws.com/motorvehicle/1646/images/1763028902_lQAOkw.jpg"
2018 VOLKSWAGEN TIGUAN,Default,"
                            661",Online Auction,Swansea Motor Auctions,VOLKSWAGEN,TIGUAN,2.0 TDi 150 4Motion SEL 5dr DSG,DC68ASZ,18:00,10/12/2025,31/12/2018,Diesel,Estate,SEMI AUTO,BLACK,2018,,Margin,Here,Login to see this,Login to see this,Login to see this,2.0,89061,https://www.smva.co.uk/motorvehicleinspectionreport/standard/2107.pdf,
2013 MAZDA 6,Default,"
                            662",Online Auction,Swansea Motor Auctions,MAZDA,6,2.2d [175] Sport Nav 5dr,FX13RZH,18:00,10/12/2025,02/03/2013,Diesel,Estate,MANUAL,BLUE,2013,,Margin,Here,Login to see this,Login to see this,Login to see this,2.2,97043,https://www.smva.co.uk/motorvehicleinspectionreport/standard/2108.pdf,
2013 TOYOTA YARIS,Default,"
                            663",Online Auction,Swansea Motor Auctions,TOYOTA,YARIS,1.33 VVT-i TR 5dr,CU13HGY,18:00,10/12/2025,01/03/2013,Petrol,Hatchback,MANUAL,SILVER,2013,,Margin,Here,Login to see this,Login to see this,Login to see this,1.3,68973,https://www.smva.co.uk/motorvehicleinspectionreport/standard/2109.pdf,
2019 JAGUAR E-PACE,Default,"
                            664",Online Auction,Swansea Motor Auctions,JAGUAR,E-PACE,2.0d R-Dynamic 5dr 2WD,CP19RYO,18:00,10/12/2025,29/03/2019,Diesel,Estate,MANUAL,WHITE,2019,,Margin,Here,Login to see this,Login to see this,Login to see this,2.0,71207,https://www.smva.co.uk/motorvehicleinspectionreport/standard/2110.pdf,
2022 FIAT 500,Default,"
                            665",Online Auction,Swansea Motor Auctions,FIAT,500,1.0 Mild Hybrid Dolcevita [Part Leather] 3dr,CU72HKL,18:00,10/12/2025,31/12/2022,Petrol,Hatchback,MANUAL,RED,2022,,Margin,Here,Login to see this,Login to see this,Login to see this,1.0,9492,https://www.smva.co.uk/motorvehicleinspectionreport/standard/2111.pdf,
2014 FORD FIESTA,Default,"
                            666",Online Auction,Swansea Motor Auctions,FORD,FIESTA,1.6 TDCi Zetec ECOnetic 5dr,WP14GKN,18:00,10/12/2025,18/06/2014,Diesel,Hatchback,MANUAL,WHITE,2014,,Margin,Here,Login to see this,Login to see this,Login to see this,1.6,61676,https://www.smva.co.uk/motorvehicleinspectionreport/standard/2112.pdf,
2019 FORD KUGA,Default,"
                            667",Online Auction,Swansea Motor Auctions,FORD,KUGA,1.5 TDCi ST-Line 5dr 2WD,CX19DZT,18:00,10/12/2025,14/03/2019,Diesel,Hatchback,MANUAL,BLACK,2019,,Margin,Here,Login to see this,Login to see this,Login to see this,1.5,60054,https://www.smva.co.uk/motorvehicleinspectionreport/standard/2113.pdf,
2012 CITROEN C3 PICASSO,Default,"
                            668",Online Auction,Swansea Motor Auctions,CITROEN,C3 PICASSO,1.6 HDi 8V VTR+ 5dr,CK62YYR,18:00,10/12/2025,31/12/2012,Diesel,MPV,MANUAL,WHITE,2012,,Margin,Here,Login to see this,Login to see this,Login to see this,1.6,71787,https://www.smva.co.uk/motorvehicleinspectionreport/standard/2114.pdf,
2013 PEUGEOT 107,Default,"
                            669",Online Auction,Swansea Motor Auctions,PEUGEOT,107,1.0 Access 3dr,CP13OKH,18:00,10/12/2025,27/03/2013,Petrol,Hatchback,MANUAL,BLACK,2013,,Margin,Here,Login to see this,Login to see this,Login to see this,1.0,80490,https://www.smva.co.uk/motorvehicleinspectionreport/standard/2115.pdf,
2017 FORD FIESTA,Default,"
                            66",Online Auction,Swansea Motor Auctions,FORD,FIESTA,1.5 TDCi Zetec 5dr,CN17SXW,18:00,10/12/2025,18/03/2017,Diesel,Hatchback,MANUAL,SILVER,2017,1,Margin,Here,Login to see this,Login to see this,Login to see this,1.5,64274,https://www.smva.co.uk/motorvehicleinspectionreport/standard/2000.pdf,"https://swansea-buckets-s3-public.s3.eu-west-1.amazonaws.com/motorvehicle/2000/images/1764925508_oZ5W2P.jpg,https://swansea-buckets-s3-public.s3.eu-west-1.amazonaws.com/motorvehicle/2000/images/1764925514_gxIkEZ.jpg,https://swansea-buckets-s3-public.s3.eu-west-1.amazonaws.com/motorvehicle/2000/images/1764925519_vSejEX.jpg,https://swansea-buckets-s3-public.s3.eu-west-1.amazonaws.com/motorvehicle/2000/images/1764925531_HuaDZp.jpg,https://swansea-buckets-s3-public.s3.eu-west-1.amazonaws.com/motorvehicle/2000/images/1764925534_IoMiFO.jpg,https://swansea-buckets-s3-public.s3.eu-west-1.amazonaws.com/motorvehicle/2000/images/1764925524_fLYAYV.jpg"
2015 VAUXHALL ADAM,Default,"
                            670",Online Auction,Swansea Motor Auctions,VAUXHALL,ADAM,1.4i Jam 3dr,CE15ODC,18:00,10/12/2025,20/03/2015,Petrol,Hatchback,MANUAL,BLACK,2015,,Margin,Buyer To Apply,Login to see this,Login to see this,Login to see this,1.4,68302,https://www.smva.co.uk/motorvehicleinspectionreport/standard/2116.pdf,
2014 PEUGEOT 2008,Default,"
                            671",Online Auction,Swansea Motor Auctions,PEUGEOT,2008,1.6 e-HDi Active 5dr EGC,EJ14CZH,18:00,10/12/2025,07/07/2014,Diesel,Hatchback,SEMI AUTO,GREY,2014,,Margin,Here,Login to see this,Login to see this,Login to see this,1.6,56916,https://www.smva.co.uk/motorvehicleinspectionreport/standard/2117.pdf,
2010 HYUNDAI SANTA FE,Default,"
                            672",Online Auction,Swansea Motor Auctions,HYUNDAI,SANTA FE,2.2 CRDi Style 5dr Auto [7 Seats],CE10VUL,18:00,10/12/2025,11/03/2010,Diesel,Estate,AUTOMATIC,BLACK,2010,,Margin,Here,Login to see this,Login to see this,Login to see this,2.2,119567,https://www.smva.co.uk/motorvehicleinspectionreport/standard/2118.pdf,
2006 VAUXHALL ASTRA,Default,"
                            67",Online Auction,Swansea Motor Auctions,VAUXHALL,ASTRA,1.8i 16V Life 5dr Auto [AC],CP06YTS,18:00,10/12/2025,09/08/2006,Petrol,Hatchback,AUTOMATIC,RED,2006,2,Margin,Here,Login to see this,Login to see this,Login to see this,1.8,58994,https://www.smva.co.uk/motorvehicleinspectionreport/standard/1999.pdf,"https://swansea-buckets-s3-public.s3.eu-west-1.amazonaws.com/motorvehicle/1999/images/1764925540_Y9IMZ2.jpg,https://swansea-buckets-s3-public.s3.eu-west-1.amazonaws.com/motorvehicle/1999/images/1764925543_5Sjnuv.jpg,https://swansea-buckets-s3-public.s3.eu-west-1.amazonaws.com/motorvehicle/1999/images/1764925547_xez17k.jpg,https://swansea-buckets-s3-public.s3.eu-west-1.amazonaws.com/motorvehicle/1999/images/1764925554_H5P1AY.jpg,https://swansea-buckets-s3-public.s3.eu-west-1.amazonaws.com/motorvehicle/1999/images/1764925557_eBCTyr.jpg,https://swansea-buckets-s3-public.s3.eu-west-1.amazonaws.com/motorvehicle/1999/images/1764925551_NHeESJ.jpg"
2012 VOLKSWAGEN GOLF,Default,"
                            680",Online Auction,Swansea Motor Auctions,VOLKSWAGEN,GOLF,1.4 TSI GT 2dr,MW61WCY,18:00,10/12/2025,30/01/2012,Petrol,Convertible,MANUAL,WHITE,2012,1,Margin,Here,Login to see this,Login to see this,Login to see this,1.4,48344,https://www.smva.co.uk/motorvehicleinspectionreport/standard/2085.pdf,
2011 VOLKSWAGEN POLO,Default,"
                            681",Online Auction,Swansea Motor Auctions,VOLKSWAGEN,POLO,1.2 70 SE 5dr,AJ60NNL,18:00,10/12/2025,28/01/2011,Petrol,Hatchback,MANUAL,GREY,2011,2,Margin,Here,Login to see this,Login to see this,Login to see this,1.2,79998,https://www.smva.co.uk/motorvehicleinspectionreport/standard/2087.pdf,
2008 FORD FIESTA,Default,"
                            688",Online Auction,Swansea Motor Auctions,FORD,FIESTA,1.6 TDCi Zetec S 3dr,CK58UJP,18:00,10/12/2025,03/12/2008,Diesel,Hatchback,MANUAL,BLACK,2008,,Margin,Here,Login to see this,Login to see this,Login to see this,1.6,118643,https://www.smva.co.uk/motorvehicleinspectionreport/standard/2010.pdf,
2014 TOYOTA AURIS,Default,"
                            68",Online Auction,Swansea Motor Auctions,TOYOTA,AURIS,1.6 V-Matic Icon+ 5dr,CE14WTC,18:00,10/12/2025,28/06/2014,Petrol,Hatchback,MANUAL,WHITE,2014,1,Margin,Here,Login to see this,Login to see this,Login to see this,1.6,42381,https://www.smva.co.uk/motorvehicleinspectionreport/standard/1998.pdf,"https://swansea-buckets-s3-public.s3.eu-west-1.amazonaws.com/motorvehicle/1998/images/1764925635_KaDoTc.jpg,https://swansea-buckets-s3-public.s3.eu-west-1.amazonaws.com/motorvehicle/1998/images/1764925638_o5P4Uj.jpg,https://swansea-buckets-s3-public.s3.eu-west-1.amazonaws.com/motorvehicle/1998/images/1764925642_PuOkgq.jpg,https://swansea-buckets-s3-public.s3.eu-west-1.amazonaws.com/motorvehicle/1998/images/1764925653_Hnu5Xv.jpg,https://swansea-buckets-s3-public.s3.eu-west-1.amazonaws.com/motorvehicle/1998/images/1764925650_vTirqw.jpg,https://swansea-buckets-s3-public.s3.eu-west-1.amazonaws.com/motorvehicle/1998/images/1764925646_N3cy3w.jpg"
2019 TOYOTA AYGO,Default,"
                            690",Online Auction,Swansea Motor Auctions,TOYOTA,AYGO,1.0 VVT-i X-Play 5dr,CK19UFG,18:00,10/12/2025,27/03/2019,Petrol,Hatchback,MANUAL,SILVER,2019,2,Margin,Here,Login to see this,Login to see this,Login to see this,1.0,76359,https://www.smva.co.uk/motorvehicleinspectionreport/standard/2095.pdf,
2015 VAUXHALL MOKKA,Default,"
                            691",Online Auction,Swansea Motor Auctions,VAUXHALL,MOKKA,1.4T SE 5dr 4WD,DU15WND,18:00,10/12/2025,23/03/2015,Petrol,Hatchback,MANUAL,RED,2015,1,Margin,Here,Login to see this,Login to see this,Login to see this,1.4,96684,https://www.smva.co.uk/motorvehicleinspectionreport/standard/2097.pdf,
2016 RENAULT KADJAR,Default,"
                            698",Online Auction,Swansea Motor Auctions,RENAULT,KADJAR,1.5 dCi Dynamique Nav 5dr,NG16RFO,18:00,10/12/2025,31/07/2016,Diesel,Hatchback,MANUAL,GREY,2016,2,Margin,Here,Login to see this,Login to see this,Login to see this,1.5,135676,https://www.smva.co.uk/motorvehicleinspectionreport/standard/2099.pdf,
2014 FIAT PUNTO,Default,"
                            69",Online Auction,Swansea Motor Auctions,FIAT,PUNTO,1.4 Jet Black II 3dr,HV14KHR,18:00,10/12/2025,16/04/2014,Petrol,Hatchback,MANUAL,BLACK,2014,,Margin,Here,Login to see this,Login to see this,Login to see this,1.4,79172,https://www.smva.co.uk/motorvehicleinspectionreport/standard/1944.pdf,"https://swansea-buckets-s3-public.s3.eu-west-1.amazonaws.com/motorvehicle/1944/images/1764754165_gowQjh.jpg,https://swansea-buckets-s3-public.s3.eu-west-1.amazonaws.com/motorvehicle/1944/images/1764754171_GkLDgn.jpg,https://swansea-buckets-s3-public.s3.eu-west-1.amazonaws.com/motorvehicle/1944/images/1764754300_rmWDfG.jpg,https://swansea-buckets-s3-public.s3.eu-west-1.amazonaws.com/motorvehicle/1944/images/1764754306_Yi0XcD.jpg,https://swansea-buckets-s3-public.s3.eu-west-1.amazonaws.com/motorvehicle/1944/images/1764754312_qP8NOC.jpg,https://swansea-buckets-s3-public.s3.eu-west-1.amazonaws.com/motorvehicle/1944/images/1764754316_2htqHc.jpg"
2014 TOYOTA AYGO,Default,"
                            70",Online Auction,Swansea Motor Auctions,TOYOTA,AYGO,1.0 VVT-i Mode 5dr [AC],VK14AHA,18:00,10/12/2025,29/03/2014,Petrol,Hatchback,MANUAL,WHITE,2014,,Margin,Here,Login to see this,Login to see this,Login to see this,1.0,69164,https://www.smva.co.uk/motorvehicleinspectionreport/standard/1989.pdf,"https://swansea-buckets-s3-public.s3.eu-west-1.amazonaws.com/motorvehicle/1989/images/1764843881_ZSda0O.jpg,https://swansea-buckets-s3-public.s3.eu-west-1.amazonaws.com/motorvehicle/1989/images/1764843890_pduq1M.jpg,https://swansea-buckets-s3-public.s3.eu-west-1.amazonaws.com/motorvehicle/1989/images/1764843903_Su0UAA.jpg,https://swansea-buckets-s3-public.s3.eu-west-1.amazonaws.com/motorvehicle/1989/images/1764843924_fkCrh8.jpg,https://swansea-buckets-s3-public.s3.eu-west-1.amazonaws.com/motorvehicle/1989/images/1764843942_Txqi7Z.jpg,https://swansea-buckets-s3-public.s3.eu-west-1.amazonaws.com/motorvehicle/1989/images/1764843954_BnEvCY.jpg"
2015 NISSAN NOTE,Default,"
                            71",Online Auction,Swansea Motor Auctions,NISSAN,NOTE,1.2 Acenta 5dr,CA64LCJ,18:00,10/12/2025,15/01/2015,Petrol,MPV,MANUAL,BLACK,2015,,Margin,Here,Login to see this,Login to see this,Login to see this,1.2,106752,https://www.smva.co.uk/motorvehicleinspectionreport/standard/2012.pdf,"https://swansea-buckets-s3-public.s3.eu-west-1.amazonaws.com/motorvehicle/2012/images/1764925807_SwAN5Z.jpg,https://swansea-buckets-s3-public.s3.eu-west-1.amazonaws.com/motorvehicle/2012/images/1764925814_nxt0EY.jpg,https://swansea-buckets-s3-public.s3.eu-west-1.amazonaws.com/motorvehicle/2012/images/1764925819_qzGGb4.jpg,https://swansea-buckets-s3-public.s3.eu-west-1.amazonaws.com/motorvehicle/2012/images/1764925831_0MFdA1.jpg,https://swansea-buckets-s3-public.s3.eu-west-1.amazonaws.com/motorvehicle/2012/images/1764925836_ysr5X4.jpg,https://swansea-buckets-s3-public.s3.eu-west-1.amazonaws.com/motorvehicle/2012/images/1764925825_nBTxJ6.jpg"
2020 MINI HATCHBACK,Default,"
                            76",Online Auction,Swansea Motor Auctions,MINI,HATCHBACK,1.5 Cooper Exclusive II 5dr,YF20SZJ,18:00,10/12/2025,13/07/2020,Petrol,Hatchback,MANUAL,BLUE/BLACK,2020,2,Margin,Here,Login to see this,Login to see this,Login to see this,1.5,75465,https://www.smva.co.uk/motorvehicleinspectionreport/standard/1990.pdf,"https://swansea-buckets-s3-public.s3.eu-west-1.amazonaws.com/motorvehicle/1990/images/1764839324_IUWlmX.jpg,https://swansea-buckets-s3-public.s3.eu-west-1.amazonaws.com/motorvehicle/1990/images/1764839330_I5EkZ2.jpg,https://swansea-buckets-s3-public.s3.eu-west-1.amazonaws.com/motorvehicle/1990/images/1764839341_cwgct2.jpg,https://swansea-buckets-s3-public.s3.eu-west-1.amazonaws.com/motorvehicle/1990/images/1764839375_S3xmqC.jpg,https://swansea-buckets-s3-public.s3.eu-west-1.amazonaws.com/motorvehicle/1990/images/1764839416_v3wBr8.jpg,https://swansea-buckets-s3-public.s3.eu-west-1.amazonaws.com/motorvehicle/1990/images/1764839425_8BfTOx.jpg"
2015 TOYOTA AYGO,Default,"
                            77",Online Auction,Swansea Motor Auctions,TOYOTA,AYGO,1.0 VVT-i X-Play 5dr,CU15ZTM,18:00,10/12/2025,10/03/2015,Petrol,Hatchback,MANUAL,BLUE,2015,2,Margin,Here,Login to see this,Login to see this,Login to see this,1.0,112578,https://www.smva.co.uk/motorvehicleinspectionreport/standard/2013.pdf,"https://swansea-buckets-s3-public.s3.eu-west-1.amazonaws.com/motorvehicle/2013/images/1764925844_ktPC6f.jpg,https://swansea-buckets-s3-public.s3.eu-west-1.amazonaws.com/motorvehicle/2013/images/1764925849_2a31WX.jpg,https://swansea-buckets-s3-public.s3.eu-west-1.amazonaws.com/motorvehicle/2013/images/1764925854_4kc0qp.jpg,https://swansea-buckets-s3-public.s3.eu-west-1.amazonaws.com/motorvehicle/2013/images/1764925865_37SieY.jpg,https://swansea-buckets-s3-public.s3.eu-west-1.amazonaws.com/motorvehicle/2013/images/1764925868_YxhSH6.jpg,https://swansea-buckets-s3-public.s3.eu-west-1.amazonaws.com/motorvehicle/2013/images/1764925858_AyvnbA.jpg"
2013 VOLKSWAGEN GOLF,Default,"
                            78",Online Auction,Swansea Motor Auctions,VOLKSWAGEN,GOLF,1.6 TDI 105 S 5dr,FT13KSO,18:00,10/12/2025,31/05/2013,Diesel,Hatchback,MANUAL,SILVER,2013,,Margin,Here,Login to see this,Login to see this,Login to see this,1.6,106624,https://www.smva.co.uk/motorvehicleinspectionreport/standard/2014.pdf,"https://swansea-buckets-s3-public.s3.eu-west-1.amazonaws.com/motorvehicle/2014/images/1764926399_vJMzLR.jpg,https://swansea-buckets-s3-public.s3.eu-west-1.amazonaws.com/motorvehicle/2014/images/1764926411_HTKXHK.jpg,https://swansea-buckets-s3-public.s3.eu-west-1.amazonaws.com/motorvehicle/2014/images/1764926462_DXyG0z.jpg,https://swansea-buckets-s3-public.s3.eu-west-1.amazonaws.com/motorvehicle/2014/images/1764926485_Skp1XB.jpg,https://swansea-buckets-s3-public.s3.eu-west-1.amazonaws.com/motorvehicle/2014/images/1764926503_ITSKKZ.jpg,https://swansea-buckets-s3-public.s3.eu-west-1.amazonaws.com/motorvehicle/2014/images/1764926475_PBomUJ.jpg"
2015 FORD C-MAX,Default,"
                            79",Online Auction,Swansea Motor Auctions,FORD,C-MAX,1.6 TDCi Zetec 5dr,CA65AVD,18:00,10/12/2025,30/11/2015,Diesel,MPV,MANUAL,GREY,2015,2,Margin,Here,Login to see this,Login to see this,Login to see this,1.6,47771,https://www.smva.co.uk/motorvehicleinspectionreport/standard/2011.pdf,
2015 VAUXHALL ASTRA GTC,Default,"
                            800",Online Auction,Swansea Motor Auctions,VAUXHALL,ASTRA GTC,1.4T 16V 140 Limited Edition 3dr,GX15AXM,18:00,10/12/2025,31/03/2015,Petrol,Hatchback,MANUAL,RED,2015,2,Margin,Here,Login to see this,Login to see this,Login to see this,1.4,88055,https://www.smva.co.uk/motorvehicleinspectionreport/standard/1039.pdf,"https://swansea-buckets-s3-public.s3.eu-west-1.amazonaws.com/motorvehicle/1039/images/1760098900_zhv8Py.jpg,https://swansea-buckets-s3-public.s3.eu-west-1.amazonaws.com/motorvehicle/1039/images/1760098923_hk4Byd.jpg,https://swansea-buckets-s3-public.s3.eu-west-1.amazonaws.com/motorvehicle/1039/images/1760098936_KF1KwV.jpg,https://swansea-buckets-s3-public.s3.eu-west-1.amazonaws.com/motorvehicle/1039/images/1760099044_I06rxb.jpg,https://swansea-buckets-s3-public.s3.eu-west-1.amazonaws.com/motorvehicle/1039/images/1760099024_8OU0NT.jpg,https://swansea-buckets-s3-public.s3.eu-west-1.amazonaws.com/motorvehicle/1039/images/1760098973_4QgMF7.jpg"
2007 FORD TRANSIT,Default,"
                            805",Online Auction,Swansea Motor Auctions,FORD,TRANSIT,17 STR MINIBUS 115BHP,YR07ZCY,18:00,10/12/2025,19/04/2007,Diesel,Minibus,MANUAL,BLACK,2007,2,,Buyer To Apply,,,,2.4,377663,https://www.smva.co.uk/motorvehicleinspectionreport/standard/424.pdf,"https://swansea-buckets-s3-public.s3.eu-west-1.amazonaws.com/motorvehicle/424/images/1757422439_jJAxqw.jpg,https://swansea-buckets-s3-public.s3.eu-west-1.amazonaws.com/motorvehicle/424/images/1757422451_HINBIo.jpg,https://swansea-buckets-s3-public.s3.eu-west-1.amazonaws.com/motorvehicle/424/images/1757422462_Cvwdsf.jpg,https://swansea-buckets-s3-public.s3.eu-west-1.amazonaws.com/motorvehicle/424/images/1757422507_CVLz8j.jpg,https://swansea-buckets-s3-public.s3.eu-west-1.amazonaws.com/motorvehicle/424/images/1757422629_wRH3Ys.jpg,https://swansea-buckets-s3-public.s3.eu-west-1.amazonaws.com/motorvehicle/424/images/1757422656_iVyduR.jpg"
2015 VAUXHALL CORSA STING 69BHP - 1229cc,Default,"
                            811",Online Auction,Swansea Motor Auctions,VAUXHALL,CORSA STING 69BHP - 1229cc,,CV65HBO,18:00,10/12/2025,30/09/2015,Petrol,Hatchback,MANUAL,Black,2015,,Margin,Here,Login to see this,Login to see this,Login to see this,,60338,https://www.smva.co.uk/motorvehicleinspectionreport/standard/30.pdf,"https://swansea-buckets-s3-public.s3.eu-west-1.amazonaws.com/media/motorvehicle/30/CV65HBO.jpg,https://swansea-buckets-s3-public.s3.eu-west-1.amazonaws.com/media/motorvehicle/30/CV65HBO_1.jpg,https://swansea-buckets-s3-public.s3.eu-west-1.amazonaws.com/media/motorvehicle/30/CV65HBO_2.jpg,https://swansea-buckets-s3-public.s3.eu-west-1.amazonaws.com/media/motorvehicle/30/CV65HBO_3.jpg,https://swansea-buckets-s3-public.s3.eu-west-1.amazonaws.com/media/motorvehicle/30/CV65HBO_4.jpg,https://swansea-buckets-s3-public.s3.eu-west-1.amazonaws.com/media/motorvehicle/30/CV65HBO_5.jpg"
2012 TOYOTA PRIUS+,Default,"
                            81",Online Auction,Swansea Motor Auctions,TOYOTA,PRIUS+,1.8 VVTi T4 5dr CVT Auto,RV62URN,18:00,10/12/2025,10/10/2012,Hybrid Electric,MPV,CVT,GREY,2012,2,Margin,Here,Login to see this,Login to see this,Login to see this,1.8,88031,https://www.smva.co.uk/motorvehicleinspectionreport/standard/2015.pdf,
2018 JAGUAR F-PACE,Default,"
                            82",Online Auction,Swansea Motor Auctions,JAGUAR,F-PACE,2.0d R-Sport 5dr Auto AWD,CK67VVW,18:00,10/12/2025,14/02/2018,Diesel,Estate,AUTOMATIC,WHITE,2018,,Margin,Here,Login to see this,Login to see this,Login to see this,2.0,81174,https://www.smva.co.uk/motorvehicleinspectionreport/standard/2060.pdf,"https://swansea-buckets-s3-public.s3.eu-west-1.amazonaws.com/motorvehicle/2060/images/1765272236_WE7Bx6.jpg,https://swansea-buckets-s3-public.s3.eu-west-1.amazonaws.com/motorvehicle/2060/images/1765272245_s52dg3.jpg,https://swansea-buckets-s3-public.s3.eu-west-1.amazonaws.com/motorvehicle/2060/images/1765272256_Nc0NZc.jpg,https://swansea-buckets-s3-public.s3.eu-west-1.amazonaws.com/motorvehicle/2060/images/1765272285_9DKMlv.jpg,https://swansea-buckets-s3-public.s3.eu-west-1.amazonaws.com/motorvehicle/2060/images/1765272385_uILMoy.jpg,https://swansea-buckets-s3-public.s3.eu-west-1.amazonaws.com/motorvehicle/2060/images/1765272396_FxcqVL.jpg"
2016 TOYOTA YARIS,Default,"
                            87",Online Auction,Swansea Motor Auctions,TOYOTA,YARIS,1.33 VVT-i Icon 5dr,CV66OBM,18:00,10/12/2025,28/10/2016,Petrol,Hatchback,MANUAL,RED,2016,,Margin,Here,Login to see this,Login to see this,Login to see this,1.3,97948,https://www.smva.co.uk/motorvehicleinspectionreport/standard/1987.pdf,"https://swansea-buckets-s3-public.s3.eu-west-1.amazonaws.com/motorvehicle/1987/images/1764779268_OPw6Hj.jpg,https://swansea-buckets-s3-public.s3.eu-west-1.amazonaws.com/motorvehicle/1987/images/1764779282_kPM8PV.jpg,https://swansea-buckets-s3-public.s3.eu-west-1.amazonaws.com/motorvehicle/1987/images/1764779296_o1tPt0.jpg,https://swansea-buckets-s3-public.s3.eu-west-1.amazonaws.com/motorvehicle/1987/images/1764779340_kwmrwh.jpg,https://swansea-buckets-s3-public.s3.eu-west-1.amazonaws.com/motorvehicle/1987/images/1764779347_MOYxsd.jpg,https://swansea-buckets-s3-public.s3.eu-west-1.amazonaws.com/motorvehicle/1987/images/1764779381_GrMx5x.jpg"
2022 NISSAN QASHQAI,Default,"
                            92",Online Auction,Swansea Motor Auctions,NISSAN,QASHQAI,1.5 E-Power N-Connecta 5dr Auto,CV72VFD,18:00,10/12/2025,13/12/2022,Hybrid Electric,Hatchback,AUTOMATIC,BLUE,2022,1,Margin,Here,Login to see this,Login to see this,Login to see this,1.5,46177,https://www.smva.co.uk/motorvehicleinspectionreport/standard/1898.pdf,"https://swansea-buckets-s3-public.s3.eu-west-1.amazonaws.com/motorvehicle/1898/images/1764586224_63ZZAn.jpg,https://swansea-buckets-s3-public.s3.eu-west-1.amazonaws.com/motorvehicle/1898/images/1764586253_mgCIZq.jpg,https://swansea-buckets-s3-public.s3.eu-west-1.amazonaws.com/motorvehicle/1898/images/1764586273_jttNRo.jpg,https://swansea-buckets-s3-public.s3.eu-west-1.amazonaws.com/motorvehicle/1898/images/1764586290_XjkHkH.jpg,https://swansea-buckets-s3-public.s3.eu-west-1.amazonaws.com/motorvehicle/1898/images/1764586305_rfnVi7.jpg,https://swansea-buckets-s3-public.s3.eu-west-1.amazonaws.com/motorvehicle/1898/images/1764586316_Fohc68.jpg"
2015 MERCEDES-BENZ C CLASS,Default,"
                            93",Online Auction,Swansea Motor Auctions,MERCEDES-BENZ,C CLASS,C200 BlueTEC Sport 4dr,CP15YDX,18:00,10/12/2025,21/07/2015,Diesel,Saloon,MANUAL,SILVER,2015,2,Margin,Here,Login to see this,Login to see this,Login to see this,1.6,66073,https://www.smva.co.uk/motorvehicleinspectionreport/standard/1873.pdf,"https://swansea-buckets-s3-public.s3.eu-west-1.amazonaws.com/motorvehicle/1873/images/1764586509_WoCmo6.jpg,https://swansea-buckets-s3-public.s3.eu-west-1.amazonaws.com/motorvehicle/1873/images/1764586519_naRn6V.jpg,https://swansea-buckets-s3-public.s3.eu-west-1.amazonaws.com/motorvehicle/1873/images/1764586528_VK2ygI.jpg,https://swansea-buckets-s3-public.s3.eu-west-1.amazonaws.com/motorvehicle/1873/images/1764586551_KJFTKp.jpg,https://swansea-buckets-s3-public.s3.eu-west-1.amazonaws.com/motorvehicle/1873/images/1764586615_VcpeFh.jpg,https://swansea-buckets-s3-public.s3.eu-west-1.amazonaws.com/motorvehicle/1873/images/1764586624_BjTrl6.jpg"
2021 NISSAN LEAF,Default,"
                            94",Online Auction,Swansea Motor Auctions,NISSAN,LEAF,160kW e+ N-Connecta 62kWh 5dr Auto,CU21XBD,18:00,10/12/2025,17/06/2021,Electric,Hatchback,AUTOMATIC,GREY,2021,,Margin,Here,Login to see this,Login to see this,Login to see this,,66904,https://www.smva.co.uk/motorvehicleinspectionreport/standard/2031.pdf,"https://swansea-buckets-s3-public.s3.eu-west-1.amazonaws.com/motorvehicle/2031/images/1765191533_dnUPJl.jpg,https://swansea-buckets-s3-public.s3.eu-west-1.amazonaws.com/motorvehicle/2031/images/1765191548_O0Xnk9.jpg,https://swansea-buckets-s3-public.s3.eu-west-1.amazonaws.com/motorvehicle/2031/images/1765191567_yfbsmv.jpg,https://swansea-buckets-s3-public.s3.eu-west-1.amazonaws.com/motorvehicle/2031/images/1765191587_7FG0f1.jpg,https://swansea-buckets-s3-public.s3.eu-west-1.amazonaws.com/motorvehicle/2031/images/1765191668_tPxIos.jpg,https://swansea-buckets-s3-public.s3.eu-west-1.amazonaws.com/motorvehicle/2031/images/1765191683_EqVnCC.jpg"
2018 HYUNDAI I10,Default,"
                            95",Online Auction,Swansea Motor Auctions,HYUNDAI,I10,1.0 SE 5dr,FG68CKF,18:00,10/12/2025,29/09/2018,Petrol,Hatchback,MANUAL,WHITE,2018,2,Margin,Here,Login to see this,Login to see this,Login to see this,1.0,35791,https://www.smva.co.uk/motorvehicleinspectionreport/standard/2040.pdf,"https://swansea-buckets-s3-public.s3.eu-west-1.amazonaws.com/motorvehicle/2040/images/1765200047_laNFjL.jpg,https://swansea-buckets-s3-public.s3.eu-west-1.amazonaws.com/motorvehicle/2040/images/1765200051_MgJpJ0.jpg,https://swansea-buckets-s3-public.s3.eu-west-1.amazonaws.com/motorvehicle/2040/images/1765200059_KeRaD4.jpg,https://swansea-buckets-s3-public.s3.eu-west-1.amazonaws.com/motorvehicle/2040/images/1765200089_mcrY6u.jpg,https://swansea-buckets-s3-public.s3.eu-west-1.amazonaws.com/motorvehicle/2040/images/1765200134_zVxXud.jpg,https://swansea-buckets-s3-public.s3.eu-west-1.amazonaws.com/motorvehicle/2040/images/1765200140_PfEfCQ.jpg"
2015 NISSAN QASHQAI,Default,"
                            96",Online Auction,Swansea Motor Auctions,NISSAN,QASHQAI,1.5 dCi N-Tec+ 5dr,WX15VRP,18:00,10/12/2025,31/03/2015,Diesel,Hatchback,MANUAL,BLUE,2015,2,Margin,Here,Login to see this,Login to see this,Login to see this,1.5,118736,https://www.smva.co.uk/motorvehicleinspectionreport/standard/2039.pdf,"https://swansea-buckets-s3-public.s3.eu-west-1.amazonaws.com/motorvehicle/2039/images/1765201448_DfmXeD.jpg,https://swansea-buckets-s3-public.s3.eu-west-1.amazonaws.com/motorvehicle/2039/images/1765201456_YLxwBT.jpg,https://swansea-buckets-s3-public.s3.eu-west-1.amazonaws.com/motorvehicle/2039/images/1765201466_xzjhmL.jpg,https://swansea-buckets-s3-public.s3.eu-west-1.amazonaws.com/motorvehicle/2039/images/1765201502_eA9gNL.jpg,https://swansea-buckets-s3-public.s3.eu-west-1.amazonaws.com/motorvehicle/2039/images/1765201566_JYBbIw.jpg,https://swansea-buckets-s3-public.s3.eu-west-1.amazonaws.com/motorvehicle/2039/images/1765201576_HQ5OiM.jpg"
2013 RENAULT CLIO,Default,"
                            97",Online Auction,Swansea Motor Auctions,RENAULT,CLIO,1.2 16V Dynamique MediaNav 5dr,CU63VVR,18:00,10/12/2025,22/10/2013,Petrol,Hatchback,MANUAL,SILVER,2013,2,Margin,Here,,,,1.1,19591,https://www.smva.co.uk/motorvehicleinspectionreport/standard/2067.pdf,"https://swansea-buckets-s3-public.s3.eu-west-1.amazonaws.com/motorvehicle/2067/images/1765210110_Td0P4p.jpg,https://swansea-buckets-s3-public.s3.eu-west-1.amazonaws.com/motorvehicle/2067/images/1765210116_hu1SvE.jpg,https://swansea-buckets-s3-public.s3.eu-west-1.amazonaws.com/motorvehicle/2067/images/1765210125_S0bHjS.jpg,https://swansea-buckets-s3-public.s3.eu-west-1.amazonaws.com/motorvehicle/2067/images/1765210147_olzf7L.jpg,https://swansea-buckets-s3-public.s3.eu-west-1.amazonaws.com/motorvehicle/2067/images/1765210198_Ufdmbj.jpg,https://swansea-buckets-s3-public.s3.eu-west-1.amazonaws.com/motorvehicle/2067/images/1765210207_HehKNX.jpg"
2008 TOYOTA AVENSIS,Default,"
                            98",Online Auction,Swansea Motor Auctions,TOYOTA,AVENSIS,2.0 D-4D T2 5dr,CP58HRO,18:00,10/12/2025,23/12/2008,Diesel,Hatchback,MANUAL,SILVER,2008,,Margin,Here,Login to see this,Login to see this,Login to see this,2.0,120751,https://www.smva.co.uk/motorvehicleinspectionreport/standard/1924.pdf,"https://swansea-buckets-s3-public.s3.eu-west-1.amazonaws.com/motorvehicle/1924/images/1764606186_Vzxr9i.jpg,https://swansea-buckets-s3-public.s3.eu-west-1.amazonaws.com/motorvehicle/1924/images/1764606195_c70yP3.jpg,https://swansea-buckets-s3-public.s3.eu-west-1.amazonaws.com/motorvehicle/1924/images/1764606206_BGowrn.jpg,https://swansea-buckets-s3-public.s3.eu-west-1.amazonaws.com/motorvehicle/1924/images/1764606231_muh0de.jpg,https://swansea-buckets-s3-public.s3.eu-west-1.amazonaws.com/motorvehicle/1924/images/1764606277_Ctnk1K.jpg,https://swansea-buckets-s3-public.s3.eu-west-1.amazonaws.com/motorvehicle/1924/images/1764606286_dbH1rc.jpg"
2017 FORD FIESTA,Default,,Online Auction,Swansea Motor Auctions,FORD,FIESTA,1.0 EcoBoost Titanium 5dr,NX17HJF,18:00,10/12/2025,01/03/2017,Petrol,Hatchback,MANUAL,BLUE,2017,,Margin,Here,Login to see this,Login to see this,Login to see this,1.0,35065,https://www.smva.co.uk/motorvehicleinspectionreport/standard/2119.pdf,
