Reg,Title,Auction name,Transmission,Fuel Type,CC,Doors,Cap Clean,Cap Average,Cap Retail,Grade,Body Type,sc,Year,D.O.R,Mileage,BASE COLOUR,COLOUR,COLOUR TYPE,INTERIOR COLOUR,TRIM TYPE,Seats,Keys,V5,VAT Status,T Loss,Non Runner,IMPORTED,Vendor,Center,Features,Additional Information,Buy Now Price,Grade Link,Images,INSPECTION REPORT,Former Keepers,NO OF SERVICES,Last Service,Last Service mileage,Service History,DVSA Mileage,SERVICED BY,SERVICE RECORD TYPE,Start Time,MOT Expiry Date,Make,Model,Variant,Lot,Start Date,Mileage warranted
AF17WWV,"SKODA
SUPERB
2.0 TDI CR SE Business 5dr",Lane 1 - Motor Dough / Ke...,Manual,Diesel,2.0,5.0,£5350,£4600,£7625,4,HatchbackGRADE 4CP GREENSC SilverView Report,CP GREEN,2017,Apr 2017,103080,GREY,GREY,Metallic,BLACK,Part Leather,5,2,With Manheim,Margin,No,No,No,Motor Range,Leeds,"6 Speed, Air Conditioning, Auto Climate Control, Automatic Lights, Bluetooth, Cruise Control, DAB, Dual Zone Climate, Front Parking Sensors, Media Connectivity, Part Leather, Rear Parking Sensors, Sat Nav Functioning, Traction Control, CO2: 108",Sat Nav Chip,"£5,200",https://www.manheim.co.uk/nama,"http://images.manheim.co.uk/images/units/zoom/f3c55228-fb99-4025-88d3-274ea972de61_ext_7.jpg, http://images.manheim.co.uk/images/units/zoom/f3c55228-fb99-4025-88d3-274ea972de61_ext_6.jpg, http://images.manheim.co.uk/images/units/zoom/f3c55228-fb99-4025-88d3-274ea972de61_ext_1.jpg, http://images.manheim.co.uk/images/units/zoom/f3c55228-fb99-4025-88d3-274ea972de61_5.jpg, http://images.manheim.co.uk/images/units/zoom/f3c55228-fb99-4025-88d3-274ea972de61_4.jpg, http://images.manheim.co.uk/images/units/zoom/f3c55228-fb99-4025-88d3-274ea972de61_11.jpg, http://images.manheim.co.uk/images/units/zoom/f3c55228-fb99-4025-88d3-274ea972de61_10.jpg, http://images.manheim.co.uk/images/units/zoom/f3c55228-fb99-4025-88d3-274ea972de61_9.jpg, http://images.manheim.co.uk/images/units/zoom/f3c55228-fb99-4025-88d3-274ea972de61_ext_2.jpg, http://images.manheim.co.uk/images/units/zoom/f3c55228-fb99-4025-88d3-274ea972de61_ext_5.jpg, http://images.manheim.co.uk/images/units/zoom/f3c55228-fb99-4025-88d3-274ea972de61_ext_3.jpg, http://images.manheim.co.uk/images/units/zoom/f3c55228-fb99-4025-88d3-274ea972de61_ext_4.jpg, http://images.manheim.co.uk/images/units/zoom/insp-0001-2860690-4013976-13.jpg, http://images.manheim.co.uk/images/units/zoom/insp-0001-2860690-4013976-1000.jpg, http://images.manheim.co.uk/images/units/zoom/insp-0001-2860690-4013976-1001.jpg, http://images.manheim.co.uk/images/units/zoom/insp-0001-2860690-4013976-1002.jpg, http://images.manheim.co.uk/images/units/zoom/insp-0001-2860690-4013976-1003.jpg, http://images.manheim.co.uk/images/units/zoom/insp-0001-2860690-4013976-1004.jpg, http://images.manheim.co.uk/images/units/zoom/insp-0001-2860690-4013976-1005.jpg, http://images.manheim.co.uk/images/units/zoom/insp-0001-2860690-4013976-1006.jpg, http://images.manheim.co.uk/images/units/zoom/insp-0001-2860690-4013976-1007.jpg, http://images.manheim.co.uk/images/units/zoom/insp-0001-2860690-4013976-1008.jpg, http://images.manheim.co.uk/images/units/zoom/insp-0001-2860690-4013976-1009.jpg, http://images.manheim.co.uk/images/units/zoom/insp-0001-2860690-4013976-1010.jpg, http://images.manheim.co.uk/images/units/zoom/insp-0001-2860690-4013976-1011.jpg, http://images.manheim.co.uk/images/units/zoom/insp-0001-2860690-4013976-1012.jpg, http://images.manheim.co.uk/images/units/zoom/insp-0001-2860690-4013976-1013.jpg, http://images.manheim.co.uk/images/units/zoom/insp-0001-2860690-4013976-1014.jpg, http://images.manheim.co.uk/images/units/zoom/insp-0001-2860690-4013976-1015.jpg",http://ecr.manheim.co.uk/pdf/MOL-0002860690-01993660-002.pdf,3,5,22/01/2020,43573,"15/07/2025, 04/03/2023, 12/11/2022, 17/12/2021, 22/01/2020","99072, 78482, 70404, 61508, 43573","A & L components ltd, Kwik fit, kwik fit, Ray Vaughan & son ltd, Digital","Print, Print, Print, Print, Print",,Jun-26,SKODA,SUPERB,2.0 TDI CR SE Business 5dr,0,18/12/2025, 
AF68EPE,"MINI
HATCHBACK
2.0 Cooper S II 3dr",Lane 1 - Arval / Novuna /...,Manual,Petrol,2.0,3.0,£7900,£6925,£9900,3,HatchbackGRADE 3SC GoldView Report,SC Gold,2018,Sep 2018,75352,BLACK,BLACK,Metallic,BLACK,CLOTH,4,2,With Manheim,Margin,No,No,No,FCA Group,Leeds,"6 Speed, Air Conditioning, Auto Climate Control, Automatic Lights, Automatic Wipers, Bluetooth, Cruise Control, DAB, Dual Zone Climate, Privacy Glass, Rear Parking Sensors, Sat Nav Functioning, CO2: 147",,"£6,718",https://www.manheim.co.uk/nama,"http://images.manheim.co.uk/images/units/zoom/e8ac4c82-f9e6-44cb-9bc8-75b36ea95061_ext_7.jpg, http://images.manheim.co.uk/images/units/zoom/e8ac4c82-f9e6-44cb-9bc8-75b36ea95061_ext_6.jpg, http://images.manheim.co.uk/images/units/zoom/e8ac4c82-f9e6-44cb-9bc8-75b36ea95061_ext_1.jpg, http://images.manheim.co.uk/images/units/zoom/e8ac4c82-f9e6-44cb-9bc8-75b36ea95061_5.jpg, http://images.manheim.co.uk/images/units/zoom/e8ac4c82-f9e6-44cb-9bc8-75b36ea95061_4.jpg, http://images.manheim.co.uk/images/units/zoom/e8ac4c82-f9e6-44cb-9bc8-75b36ea95061_11.jpg, http://images.manheim.co.uk/images/units/zoom/e8ac4c82-f9e6-44cb-9bc8-75b36ea95061_10.jpg, http://images.manheim.co.uk/images/units/zoom/e8ac4c82-f9e6-44cb-9bc8-75b36ea95061_9.jpg, http://images.manheim.co.uk/images/units/zoom/e8ac4c82-f9e6-44cb-9bc8-75b36ea95061_ext_2.jpg, http://images.manheim.co.uk/images/units/zoom/e8ac4c82-f9e6-44cb-9bc8-75b36ea95061_ext_5.jpg, http://images.manheim.co.uk/images/units/zoom/e8ac4c82-f9e6-44cb-9bc8-75b36ea95061_ext_3.jpg, http://images.manheim.co.uk/images/units/zoom/e8ac4c82-f9e6-44cb-9bc8-75b36ea95061_ext_4.jpg, http://images.manheim.co.uk/images/units/zoom/insp-0001-3898619-3892276-13.jpg, http://images.manheim.co.uk/images/units/zoom/insp-0001-3898619-3892276-1000.jpg, http://images.manheim.co.uk/images/units/zoom/insp-0001-3898619-3892276-1001.jpg, http://images.manheim.co.uk/images/units/zoom/insp-0001-3898619-3892276-1002.jpg, http://images.manheim.co.uk/images/units/zoom/insp-0001-3898619-3892276-1003.jpg, http://images.manheim.co.uk/images/units/zoom/insp-0001-3898619-3892276-1004.jpg, http://images.manheim.co.uk/images/units/zoom/insp-0001-3898619-3892276-1005.jpg, http://images.manheim.co.uk/images/units/zoom/insp-0001-3898619-3892276-1006.jpg, http://images.manheim.co.uk/images/units/zoom/insp-0001-3898619-3892276-1007.jpg, http://images.manheim.co.uk/images/units/zoom/insp-0001-3898619-3892276-1008.jpg, http://images.manheim.co.uk/images/units/zoom/insp-0001-3898619-3892276-1009.jpg, http://images.manheim.co.uk/images/units/zoom/insp-0001-3898619-3892276-1010.jpg, http://images.manheim.co.uk/images/units/zoom/insp-0001-3898619-3892276-1011.jpg",http://ecr.manheim.co.uk/pdf/MOL-0003898619-01896179-004.pdf,5,2,14/06/2023,47965,"14/06/2023, 14/06/2023","47965, 47965","MTR VEHICLE REPAIR, MTR VEHICLE REPAIR","Print, Print",,Sep-25,MINI,HATCHBACK,2.0 Cooper S II 3dr,0,05/01/2026, 
AF72XXG,"AUDI
Q4
150kW 40 82kWh S Line 5dr Auto",Lane 2 - Available Car / ...,Automatic,Electric,,,£21500,£20100,£24500,1,,CP GREEN,2022,Oct 2022,33802,PURPLE,PURPLE,Metallic,BLACK,,5,2,With Manheim,Margin,No,No,No,Lloyd Motor Group,Leeds,"Air Conditioning, Auto Climate Control, Automatic Lights, Bluetooth, DAB, Dual Zone Climate, Front Parking Sensors, Heated Seats, Rear Parking Sensors, Reversing camera, Sat Nav Functioning, Traction Control, CO2: 0",,"£20,500",https://www.manheim.co.uk/nama,"http://images.manheim.co.uk/images/units/zoom/a5aeb33d-2107-4836-8261-de44a98eeac8_ext_7.jpg, http://images.manheim.co.uk/images/units/zoom/a5aeb33d-2107-4836-8261-de44a98eeac8_ext_6.jpg, http://images.manheim.co.uk/images/units/zoom/a5aeb33d-2107-4836-8261-de44a98eeac8_ext_1.jpg, http://images.manheim.co.uk/images/units/zoom/a5aeb33d-2107-4836-8261-de44a98eeac8_5.jpg, http://images.manheim.co.uk/images/units/zoom/a5aeb33d-2107-4836-8261-de44a98eeac8_4.jpg, http://images.manheim.co.uk/images/units/zoom/a5aeb33d-2107-4836-8261-de44a98eeac8_11.jpg, http://images.manheim.co.uk/images/units/zoom/a5aeb33d-2107-4836-8261-de44a98eeac8_10.jpg, http://images.manheim.co.uk/images/units/zoom/a5aeb33d-2107-4836-8261-de44a98eeac8_9.jpg, http://images.manheim.co.uk/images/units/zoom/a5aeb33d-2107-4836-8261-de44a98eeac8_ext_2.jpg, http://images.manheim.co.uk/images/units/zoom/a5aeb33d-2107-4836-8261-de44a98eeac8_ext_5.jpg, http://images.manheim.co.uk/images/units/zoom/a5aeb33d-2107-4836-8261-de44a98eeac8_ext_3.jpg, http://images.manheim.co.uk/images/units/zoom/a5aeb33d-2107-4836-8261-de44a98eeac8_ext_4.jpg, http://images.manheim.co.uk/images/units/zoom/insp-0001-3993377-3989784-13.jpg, http://images.manheim.co.uk/images/units/zoom/insp-0001-3993377-3989784-1000.jpg, http://images.manheim.co.uk/images/units/zoom/insp-0001-3993377-3989784-1001.jpg, http://images.manheim.co.uk/images/units/zoom/insp-0001-3993377-3989784-1002.jpg, http://images.manheim.co.uk/images/units/zoom/insp-0001-3993377-3989784-1003.jpg, http://images.manheim.co.uk/images/units/zoom/insp-0001-3993377-3989784-1004.jpg",http://ecr.manheim.co.uk/pdf/MOL-0003993377-01974419-003.pdf,3,1,18/10/2024,23175,18/10/2024,23175,Edinburgh Audi,Print,,Oct-26,AUDI,Q4,150kW 40 82kWh S Line 5dr Auto,0,05/01/2026, 
AK65PFJ,"FORD
C-MAX
1.5 TDCi Titanium 5dr",Lane 1 - Motor Dough / Ke...,Manual,Diesel,1.5,5.0,£2650,£2175,£4500,4,MPVGRADE 4CP GREENSC SilverView Report,CP GREEN,2015,Dec 2015,103789,WHITE,WHITE,Solid,GREY,CLOTH,5,1,With Manheim,Margin,No,No,No,Motor Range,Leeds,"Traction Control, Sat Nav Functioning, Rear Parking Sensors, Radio CD, Media Connectivity, Ipod Connectivity, Heated Front Screen, Dual Zone Climate, DAB, Cruise Control, Bluetooth, Automatic Wipers, Automatic Lights, Auto Climate Control, Air Conditioning, 6 Speed, CO2: 105",,"£2,300",https://www.manheim.co.uk/nama,"http://images.manheim.co.uk/images/units/zoom/3996965e-a9cf-419e-a1d4-ee5d6d409439_ext_7.jpg, http://images.manheim.co.uk/images/units/zoom/3996965e-a9cf-419e-a1d4-ee5d6d409439_ext_6.jpg, http://images.manheim.co.uk/images/units/zoom/3996965e-a9cf-419e-a1d4-ee5d6d409439_ext_1.jpg, http://images.manheim.co.uk/images/units/zoom/3996965e-a9cf-419e-a1d4-ee5d6d409439_5.jpg, http://images.manheim.co.uk/images/units/zoom/3996965e-a9cf-419e-a1d4-ee5d6d409439_4.jpg, http://images.manheim.co.uk/images/units/zoom/3996965e-a9cf-419e-a1d4-ee5d6d409439_11.jpg, http://images.manheim.co.uk/images/units/zoom/3996965e-a9cf-419e-a1d4-ee5d6d409439_10.jpg, http://images.manheim.co.uk/images/units/zoom/3996965e-a9cf-419e-a1d4-ee5d6d409439_9.jpg, http://images.manheim.co.uk/images/units/zoom/3996965e-a9cf-419e-a1d4-ee5d6d409439_ext_2.jpg, http://images.manheim.co.uk/images/units/zoom/3996965e-a9cf-419e-a1d4-ee5d6d409439_ext_5.jpg, http://images.manheim.co.uk/images/units/zoom/3996965e-a9cf-419e-a1d4-ee5d6d409439_ext_3.jpg, http://images.manheim.co.uk/images/units/zoom/3996965e-a9cf-419e-a1d4-ee5d6d409439_ext_4.jpg, http://images.manheim.co.uk/images/units/zoom/insp-0001-3997957-3997777-13.jpg, http://images.manheim.co.uk/images/units/zoom/insp-0001-3997957-3997777-1000.jpg, http://images.manheim.co.uk/images/units/zoom/insp-0001-3997957-3997777-1001.jpg, http://images.manheim.co.uk/images/units/zoom/insp-0001-3997957-3997777-1002.jpg, http://images.manheim.co.uk/images/units/zoom/insp-0001-3997957-3997777-1003.jpg, http://images.manheim.co.uk/images/units/zoom/insp-0001-3997957-3997777-1004.jpg, http://images.manheim.co.uk/images/units/zoom/insp-0001-3997957-3997777-1005.jpg, http://images.manheim.co.uk/images/units/zoom/insp-0001-3997957-3997777-1006.jpg, http://images.manheim.co.uk/images/units/zoom/insp-0001-3997957-3997777-1007.jpg, http://images.manheim.co.uk/images/units/zoom/insp-0001-3997957-3997777-1008.jpg",http://ecr.manheim.co.uk/pdf/MOL-0003997957-01978778-002.pdf,3,3,27/02/2023,67659,"31/01/2025, 13/03/2024, 27/02/2023","94262, 83047, 67659","Simply Services, Simply Services, Simply Services","Book, Book, Book",,Dec-25,FORD,C-MAX,1.5 TDCi Titanium 5dr,0,18/12/2025, 
AP65BJK,"BMW
2 SERIES
218i SE 5dr",Lane 1 - Motor Dough / Ke...,Manual,Petrol,1.5,5.0,£4850,£4225,£6995,3,EstateGRADE 3CP GREENSC SilverView Report,CP GREEN,2015,Dec 2015,84979,SILVER,SILVER,Metallic,BLACK,CLOTH,7,2,With Manheim,Margin,No,No,No,Motor Dough,Leeds,"6 Speed, Air Conditioning, Auto Climate Control, Automatic Lights, Automatic Wipers, Aux In, Bluetooth, DAB, Dual Zone Climate, Radio CD, Rear Parking Sensors, Sat Nav Functioning, CO2: 123",,"£3,500",https://www.manheim.co.uk/nama,"http://images.manheim.co.uk/images/units/zoom/5b1afc75-dfe2-465c-816e-7554572fb997_ext_7.jpg, http://images.manheim.co.uk/images/units/zoom/5b1afc75-dfe2-465c-816e-7554572fb997_ext_6.jpg, http://images.manheim.co.uk/images/units/zoom/5b1afc75-dfe2-465c-816e-7554572fb997_ext_1.jpg, http://images.manheim.co.uk/images/units/zoom/5b1afc75-dfe2-465c-816e-7554572fb997_5.jpg, http://images.manheim.co.uk/images/units/zoom/5b1afc75-dfe2-465c-816e-7554572fb997_4.jpg, http://images.manheim.co.uk/images/units/zoom/5b1afc75-dfe2-465c-816e-7554572fb997_11.jpg, http://images.manheim.co.uk/images/units/zoom/5b1afc75-dfe2-465c-816e-7554572fb997_10.jpg, http://images.manheim.co.uk/images/units/zoom/5b1afc75-dfe2-465c-816e-7554572fb997_9.jpg, http://images.manheim.co.uk/images/units/zoom/5b1afc75-dfe2-465c-816e-7554572fb997_ext_2.jpg, http://images.manheim.co.uk/images/units/zoom/5b1afc75-dfe2-465c-816e-7554572fb997_ext_5.jpg, http://images.manheim.co.uk/images/units/zoom/5b1afc75-dfe2-465c-816e-7554572fb997_ext_3.jpg, http://images.manheim.co.uk/images/units/zoom/5b1afc75-dfe2-465c-816e-7554572fb997_ext_4.jpg, http://images.manheim.co.uk/images/units/zoom/insp-0001-3995453-4002581-13.jpg, http://images.manheim.co.uk/images/units/zoom/insp-0001-3995453-4002581-1000.jpg, http://images.manheim.co.uk/images/units/zoom/insp-0001-3995453-4002581-1001.jpg, http://images.manheim.co.uk/images/units/zoom/insp-0001-3995453-4002581-1002.jpg, http://images.manheim.co.uk/images/units/zoom/insp-0001-3995453-4002581-1003.jpg, http://images.manheim.co.uk/images/units/zoom/insp-0001-3995453-4002581-1004.jpg, http://images.manheim.co.uk/images/units/zoom/insp-0001-3995453-4002581-1005.jpg, http://images.manheim.co.uk/images/units/zoom/insp-0001-3995453-4002581-1006.jpg, http://images.manheim.co.uk/images/units/zoom/insp-0001-3995453-4002581-1007.jpg, http://images.manheim.co.uk/images/units/zoom/insp-0001-3995453-4002581-1008.jpg, http://images.manheim.co.uk/images/units/zoom/insp-0001-3995453-4002581-1009.jpg, http://images.manheim.co.uk/images/units/zoom/insp-0001-3995453-4002581-1010.jpg, http://images.manheim.co.uk/images/units/zoom/insp-0001-3995453-4002581-1011.jpg, http://images.manheim.co.uk/images/units/zoom/insp-0001-3995453-4002581-1012.jpg, http://images.manheim.co.uk/images/units/zoom/insp-0001-3995453-4002581-1013.jpg, http://images.manheim.co.uk/images/units/zoom/insp-0001-3995453-4002581-1014.jpg, http://images.manheim.co.uk/images/units/zoom/insp-0001-3995453-4002581-1015.jpg, http://images.manheim.co.uk/images/units/zoom/insp-0001-3995453-4002581-1016.jpg, http://images.manheim.co.uk/images/units/zoom/insp-0001-3995453-4002581-1017.jpg, http://images.manheim.co.uk/images/units/zoom/insp-0001-3995453-4002581-1018.jpg, http://images.manheim.co.uk/images/units/zoom/insp-0001-3995453-3990934-1019.jpg, http://images.manheim.co.uk/images/units/zoom/insp-0001-3995453-3990934-1020.jpg",http://ecr.manheim.co.uk/pdf/MOL-0003995453-01975927-004.pdf,3,3,02/06/2017,16332,"30/01/2023, 13/12/2018, 02/06/2017","67284, 26419, 16332","IDrive, IDrive, IDrive","Digital, Digital, Digital",,Jun-25,BMW,2 SERIES,218i SE 5dr,0,18/12/2025, 
AU66WTD,"AUDI
A4
1.4T FSI Sport 4dr",Lane 2 - Stellantis & You...,Manual,Petrol,1.4,4.0,£6175,£5325,£8575,3,SaloonGRADE 3CP GREENSC SilverView Report,CP GREEN,2016,Sep 2016,79941,BLACK,BLACK,Solid,BLACK,CLOTH,5,2,With Manheim,Margin,No,No,No,Lloyd Motor Group,Leeds,"6 Speed, Air Conditioning, Auto Climate Control, Automatic Lights, Automatic Wipers, Bluetooth, Cruise Control, DAB, Dual Zone Climate, Front Parking Sensors, Media Connectivity, Rear Parking Sensors, Traction Control, CO2: 126",,"£4,975",https://www.manheim.co.uk/nama,"http://images.manheim.co.uk/images/units/zoom/51a9c923-250d-477a-8bd6-ad3679558d50_ext_7.jpg, http://images.manheim.co.uk/images/units/zoom/51a9c923-250d-477a-8bd6-ad3679558d50_ext_6.jpg, http://images.manheim.co.uk/images/units/zoom/51a9c923-250d-477a-8bd6-ad3679558d50_ext_1.jpg, http://images.manheim.co.uk/images/units/zoom/51a9c923-250d-477a-8bd6-ad3679558d50_5.jpg, http://images.manheim.co.uk/images/units/zoom/51a9c923-250d-477a-8bd6-ad3679558d50_4.jpg, http://images.manheim.co.uk/images/units/zoom/51a9c923-250d-477a-8bd6-ad3679558d50_11.jpg, http://images.manheim.co.uk/images/units/zoom/51a9c923-250d-477a-8bd6-ad3679558d50_10.jpg, http://images.manheim.co.uk/images/units/zoom/51a9c923-250d-477a-8bd6-ad3679558d50_9.jpg, http://images.manheim.co.uk/images/units/zoom/51a9c923-250d-477a-8bd6-ad3679558d50_ext_2.jpg, http://images.manheim.co.uk/images/units/zoom/51a9c923-250d-477a-8bd6-ad3679558d50_ext_5.jpg, http://images.manheim.co.uk/images/units/zoom/51a9c923-250d-477a-8bd6-ad3679558d50_ext_3.jpg, http://images.manheim.co.uk/images/units/zoom/51a9c923-250d-477a-8bd6-ad3679558d50_ext_4.jpg, http://images.manheim.co.uk/images/units/zoom/insp-0001-3991173-3996786-13.jpg, http://images.manheim.co.uk/images/units/zoom/insp-0001-3991173-3996786-1000.jpg, http://images.manheim.co.uk/images/units/zoom/insp-0001-3991173-3996786-1001.jpg, http://images.manheim.co.uk/images/units/zoom/insp-0001-3991173-3996786-1002.jpg, http://images.manheim.co.uk/images/units/zoom/insp-0001-3991173-3996786-1003.jpg, http://images.manheim.co.uk/images/units/zoom/insp-0001-3991173-3996786-1004.jpg, http://images.manheim.co.uk/images/units/zoom/insp-0001-3991173-3996786-1005.jpg, http://images.manheim.co.uk/images/units/zoom/insp-0001-3991173-3996786-1006.jpg, http://images.manheim.co.uk/images/units/zoom/insp-0001-3991173-3996786-1007.jpg, http://images.manheim.co.uk/images/units/zoom/insp-0001-3991173-3996786-1008.jpg, http://images.manheim.co.uk/images/units/zoom/insp-0001-3991173-3996786-1009.jpg, http://images.manheim.co.uk/images/units/zoom/insp-0001-3991173-3996786-1010.jpg, http://images.manheim.co.uk/images/units/zoom/insp-0001-3991173-3996786-1011.jpg, http://images.manheim.co.uk/images/units/zoom/insp-0001-3991173-3996786-1012.jpg, http://images.manheim.co.uk/images/units/zoom/insp-0001-3991173-3996786-1013.jpg, http://images.manheim.co.uk/images/units/zoom/insp-0001-3991173-3996786-1014.jpg, http://images.manheim.co.uk/images/units/zoom/insp-0001-3991173-3996786-1015.jpg, http://images.manheim.co.uk/images/units/zoom/insp-0001-3991173-3996786-1016.jpg, http://images.manheim.co.uk/images/units/zoom/insp-0001-3991173-3996786-1017.jpg, http://images.manheim.co.uk/images/units/zoom/insp-0001-3991173-3996786-1018.jpg, http://images.manheim.co.uk/images/units/zoom/insp-0001-3991173-3996786-1019.jpg",http://ecr.manheim.co.uk/pdf/MOL-0003991173-01972009-002.pdf,2,1,03/07/2025,77725,03/07/2025,77725,Infirmary Street Garage,Book,,Feb-26,AUDI,A4,1.4T FSI Sport 4dr,0,05/01/2026, 
AY18VDX,"LAND ROVER
RANGE ROVER SPORT
2.0 P400e Autobiography Dynamic 5dr Auto",SIMULCAST AND PHYSICAL - ...,Semi-Automatic,Petrol PHEV,2.0,5.0,£19250,£17900,£22000,3,EstateGRADE 3SC BronzeView Report,SC Bronze,2018,May 2018,125877,BLACK,BLACK,Metallic,BLACK,LEATHER,5,1,With Manheim,Margin,No,No,No,Santander Consumer,Manchester,"Air Conditioning, Auto Climate Control, Automatic Lights, Automatic Wipers, Bluetooth, DAB, Dual Zone Climate, Electric Sun Roof, Front Parking Sensors, Full Leather Trim, Heated Front Screen, Heated Seats, Media Connectivity, Panoramic Roof, Park Assist, Privacy Glass, Rear Parking Sensors, Reversing camera, Sat Nav Functioning, Traction Control, CO2: 64",GHOST IMMOBILISER FITTED - INSTRUCTIONS IN VEHICLE,"£19,250",https://www.manheim.co.uk/nama,"http://images.manheim.co.uk/images/units/zoom/90e4ec53-048f-4ed1-954f-eeadd6f04c1c_ext_7.jpg, http://images.manheim.co.uk/images/units/zoom/90e4ec53-048f-4ed1-954f-eeadd6f04c1c_ext_6.jpg, http://images.manheim.co.uk/images/units/zoom/90e4ec53-048f-4ed1-954f-eeadd6f04c1c_ext_1.jpg, http://images.manheim.co.uk/images/units/zoom/90e4ec53-048f-4ed1-954f-eeadd6f04c1c_5.jpg, http://images.manheim.co.uk/images/units/zoom/90e4ec53-048f-4ed1-954f-eeadd6f04c1c_4.jpg, http://images.manheim.co.uk/images/units/zoom/90e4ec53-048f-4ed1-954f-eeadd6f04c1c_11.jpg, http://images.manheim.co.uk/images/units/zoom/90e4ec53-048f-4ed1-954f-eeadd6f04c1c_10.jpg, http://images.manheim.co.uk/images/units/zoom/90e4ec53-048f-4ed1-954f-eeadd6f04c1c_9.jpg, http://images.manheim.co.uk/images/units/zoom/90e4ec53-048f-4ed1-954f-eeadd6f04c1c_ext_2.jpg, http://images.manheim.co.uk/images/units/zoom/90e4ec53-048f-4ed1-954f-eeadd6f04c1c_ext_5.jpg, http://images.manheim.co.uk/images/units/zoom/90e4ec53-048f-4ed1-954f-eeadd6f04c1c_ext_3.jpg, http://images.manheim.co.uk/images/units/zoom/90e4ec53-048f-4ed1-954f-eeadd6f04c1c_ext_4.jpg, http://images.manheim.co.uk/images/units/zoom/insp-0001-4000007-4001528-13.jpg, http://images.manheim.co.uk/images/units/zoom/insp-0001-4000007-4001528-1000.jpg, http://images.manheim.co.uk/images/units/zoom/insp-0001-4000007-4001528-1001.jpg, http://images.manheim.co.uk/images/units/zoom/insp-0001-4000007-4001528-1002.jpg, http://images.manheim.co.uk/images/units/zoom/insp-0001-4000007-4001528-1003.jpg, http://images.manheim.co.uk/images/units/zoom/insp-0001-4000007-4001528-1004.jpg, http://images.manheim.co.uk/images/units/zoom/insp-0001-4000007-4001528-1005.jpg, http://images.manheim.co.uk/images/units/zoom/insp-0001-4000007-4001528-1006.jpg, http://images.manheim.co.uk/images/units/zoom/insp-0001-4000007-4001528-1007.jpg, http://images.manheim.co.uk/images/units/zoom/insp-0001-4000007-4001528-1008.jpg, http://images.manheim.co.uk/images/units/zoom/insp-0001-4000007-4001528-1009.jpg, http://images.manheim.co.uk/images/units/zoom/insp-0001-4000007-4001528-1010.jpg, http://images.manheim.co.uk/images/units/zoom/insp-0001-4000007-4001528-1011.jpg, http://images.manheim.co.uk/images/units/zoom/insp-0001-4000007-4001528-1012.jpg, http://images.manheim.co.uk/images/units/zoom/insp-0001-4000007-4001528-1013.jpg, http://images.manheim.co.uk/images/units/zoom/insp-0001-4000007-4001528-1014.jpg, http://images.manheim.co.uk/images/units/zoom/insp-0001-4000007-4001528-1015.jpg, http://images.manheim.co.uk/images/units/zoom/insp-0001-4000007-4001528-1016.jpg, http://images.manheim.co.uk/images/units/zoom/insp-0001-4000007-4001528-1017.jpg, http://images.manheim.co.uk/images/units/zoom/insp-0001-4000007-4001528-1018.jpg, http://images.manheim.co.uk/images/units/zoom/insp-0001-4000007-4001528-1019.jpg, http://images.manheim.co.uk/images/units/zoom/insp-0001-4000007-4001528-1020.jpg, http://images.manheim.co.uk/images/units/zoom/insp-0001-4000007-4001528-1021.jpg",http://ecr.manheim.co.uk/pdf/MOL-0004000007-01986637-005.pdf,4,3,27/01/2020,16880,"16/11/2021, 10/02/2021, 27/01/2020","31834, 21503, 16880","REDLINE SPECIALIST CARS, MARSHALL, MARSHALL","Print, Print, Print",,Oct-26,LAND ROVER,RANGE ROVER SPORT,2.0 P400e Autobiography Dynamic 5dr Auto,0,18/12/2025, 
BA21GBV,"MINI
CLUBMAN
1.5 Cooper Sport 6dr Auto",SIMULCAST AND PHYSICAL - ...,Automatic,Petrol,1.5,5.0,£15900,£14700,£18095,4,EstateGRADE 4CP GREENSC SilverView Report,CP GREEN,2021,Jul 2021,30458,WHITE,WHITE,Solid,BLACK,CLOTH,5,2,With Manheim,Margin,No,No,No,LSH Auto Group,Manchester,"Air Conditioning, Auto Climate Control, Automatic Lights, Automatic Wipers, Bluetooth, DAB, Dual Zone Climate, Front Parking Sensors, Heated Front Screen, Heated Seats, Media Connectivity, Rear Parking Sensors, Sat Nav Functioning, Traction Control, CO2: 144",,"£16,900",https://www.manheim.co.uk/nama,"http://images.manheim.co.uk/images/units/zoom/01c2f824-fdc4-4f16-9a06-ecd82e0fd801_ext_7.jpg, http://images.manheim.co.uk/images/units/zoom/01c2f824-fdc4-4f16-9a06-ecd82e0fd801_ext_6.jpg, http://images.manheim.co.uk/images/units/zoom/01c2f824-fdc4-4f16-9a06-ecd82e0fd801_ext_1.jpg, http://images.manheim.co.uk/images/units/zoom/01c2f824-fdc4-4f16-9a06-ecd82e0fd801_5.jpg, http://images.manheim.co.uk/images/units/zoom/01c2f824-fdc4-4f16-9a06-ecd82e0fd801_4.jpg, http://images.manheim.co.uk/images/units/zoom/01c2f824-fdc4-4f16-9a06-ecd82e0fd801_11.jpg, http://images.manheim.co.uk/images/units/zoom/01c2f824-fdc4-4f16-9a06-ecd82e0fd801_10.jpg, http://images.manheim.co.uk/images/units/zoom/01c2f824-fdc4-4f16-9a06-ecd82e0fd801_9.jpg, http://images.manheim.co.uk/images/units/zoom/01c2f824-fdc4-4f16-9a06-ecd82e0fd801_ext_2.jpg, http://images.manheim.co.uk/images/units/zoom/01c2f824-fdc4-4f16-9a06-ecd82e0fd801_ext_5.jpg, http://images.manheim.co.uk/images/units/zoom/01c2f824-fdc4-4f16-9a06-ecd82e0fd801_ext_3.jpg, http://images.manheim.co.uk/images/units/zoom/01c2f824-fdc4-4f16-9a06-ecd82e0fd801_ext_4.jpg, http://images.manheim.co.uk/images/units/zoom/insp-0001-4011899-4010301-13.jpg, http://images.manheim.co.uk/images/units/zoom/insp-0001-4011899-4010301-1000.jpg, http://images.manheim.co.uk/images/units/zoom/insp-0001-4011899-4010301-1001.jpg, http://images.manheim.co.uk/images/units/zoom/insp-0001-4011899-4010301-1002.jpg, http://images.manheim.co.uk/images/units/zoom/insp-0001-4011899-4010301-1003.jpg, http://images.manheim.co.uk/images/units/zoom/insp-0001-4011899-4010301-1004.jpg, http://images.manheim.co.uk/images/units/zoom/insp-0001-4011899-4010301-1005.jpg, http://images.manheim.co.uk/images/units/zoom/insp-0001-4011899-4010301-1006.jpg, http://images.manheim.co.uk/images/units/zoom/insp-0001-4011899-4010301-1007.jpg, http://images.manheim.co.uk/images/units/zoom/insp-0001-4011899-4010301-1008.jpg, http://images.manheim.co.uk/images/units/zoom/insp-0001-4011899-4010301-1009.jpg, http://images.manheim.co.uk/images/units/zoom/insp-0001-4011899-4010301-1010.jpg, http://images.manheim.co.uk/images/units/zoom/insp-0001-4011899-4010301-1011.jpg, http://images.manheim.co.uk/images/units/zoom/insp-0001-4011899-4010301-1012.jpg, http://images.manheim.co.uk/images/units/zoom/insp-0001-4011899-4010301-1013.jpg, http://images.manheim.co.uk/images/units/zoom/insp-0001-4011899-4010301-1014.jpg, http://images.manheim.co.uk/images/units/zoom/insp-0001-4011899-4010301-1015.jpg",http://ecr.manheim.co.uk/pdf/MOL-0004011899-01994027-004.pdf,2,3,25/01/2023,16143,"07/02/2025, 19/08/2024, 25/01/2023","26362, 25615, 16143","SYTNER WARWICK, SYTNER WARWICK, IDRIVE","Print, Print, Digital",,Sep-26,MINI,CLUBMAN,1.5 Cooper Sport 6dr Auto,0,18/12/2025, 
BD19OHC,"KIA
SPORTAGE
1.6 CRDi ISG 2 5dr",SIMULCAST AND PHYSICAL - ...,Manual,Diesel,1.6,5.0,£6700,£5875,£8925,2,EstateGRADE 2CP GREENSC SilverView Report,CP GREEN,2019,Mar 2019,102402,WHITE,WHITE,Metallic,BLACK,CLOTH,5,2,With Manheim,Margin,No,No,No,Santander Consumer,Manchester,"6 Speed, Air Conditioning, Auto Climate Control, Automatic Lights, Automatic Wipers, Bluetooth, DAB, Heated Seats, Rear Parking Sensors, Reversing camera, Dual Zone Climate, Media Connectivity, Sat Nav Functioning, CO2: 129",,"£6,700",https://www.manheim.co.uk/nama,"http://images.manheim.co.uk/images/units/zoom/959dc225-b6dc-470f-8b49-819f32132e78_ext_7.jpg, http://images.manheim.co.uk/images/units/zoom/959dc225-b6dc-470f-8b49-819f32132e78_ext_6.jpg, http://images.manheim.co.uk/images/units/zoom/959dc225-b6dc-470f-8b49-819f32132e78_ext_1.jpg, http://images.manheim.co.uk/images/units/zoom/959dc225-b6dc-470f-8b49-819f32132e78_5.jpg, http://images.manheim.co.uk/images/units/zoom/959dc225-b6dc-470f-8b49-819f32132e78_4.jpg, http://images.manheim.co.uk/images/units/zoom/959dc225-b6dc-470f-8b49-819f32132e78_11.jpg, http://images.manheim.co.uk/images/units/zoom/959dc225-b6dc-470f-8b49-819f32132e78_10.jpg, http://images.manheim.co.uk/images/units/zoom/959dc225-b6dc-470f-8b49-819f32132e78_9.jpg, http://images.manheim.co.uk/images/units/zoom/959dc225-b6dc-470f-8b49-819f32132e78_ext_2.jpg, http://images.manheim.co.uk/images/units/zoom/959dc225-b6dc-470f-8b49-819f32132e78_ext_5.jpg, http://images.manheim.co.uk/images/units/zoom/959dc225-b6dc-470f-8b49-819f32132e78_ext_3.jpg, http://images.manheim.co.uk/images/units/zoom/959dc225-b6dc-470f-8b49-819f32132e78_ext_4.jpg, http://images.manheim.co.uk/images/units/zoom/insp-0001-4004797-4012743-13.jpg, http://images.manheim.co.uk/images/units/zoom/insp-0001-4004797-4012743-1000.jpg, http://images.manheim.co.uk/images/units/zoom/insp-0001-4004797-4012743-1001.jpg, http://images.manheim.co.uk/images/units/zoom/insp-0001-4004797-4012743-1002.jpg, http://images.manheim.co.uk/images/units/zoom/insp-0001-4004797-4012743-1003.jpg, http://images.manheim.co.uk/images/units/zoom/insp-0001-4004797-4012743-1004.jpg, http://images.manheim.co.uk/images/units/zoom/insp-0001-4004797-4012743-1005.jpg, http://images.manheim.co.uk/images/units/zoom/insp-0001-4004797-4012743-1006.jpg, http://images.manheim.co.uk/images/units/zoom/insp-0001-4004797-4012743-1007.jpg, http://images.manheim.co.uk/images/units/zoom/insp-0001-4004797-4012743-1008.jpg, http://images.manheim.co.uk/images/units/zoom/insp-0001-4004797-4012743-1009.jpg, http://images.manheim.co.uk/images/units/zoom/insp-0001-4004797-4012743-1010.jpg, http://images.manheim.co.uk/images/units/zoom/insp-0001-4004797-4012743-1011.jpg, http://images.manheim.co.uk/images/units/zoom/insp-0001-4004797-4012743-1012.jpg, http://images.manheim.co.uk/images/units/zoom/insp-0001-4004797-4012743-1013.jpg, http://images.manheim.co.uk/images/units/zoom/insp-0001-4004797-4012743-1014.jpg",http://ecr.manheim.co.uk/pdf/MOL-0004004797-01992882-003.pdf,3,4,14/02/2020,21363,"10/05/2023, 31/03/2022, 15/03/2021, 14/02/2020","70098, 50506, 33594, 21363","* Warwick Kia, * Warwick Kia, * Warwick Kia, * Warwick Kia","Book, Book, Book, Book",,May-26,KIA,SPORTAGE,1.6 CRDi ISG 2 5dr,0,18/12/2025, 
BD22RZX,"SEAT
ATECA
1.5 TSI EVO SE Technology 5dr",Lane 2 - Available Car / ...,Manual,Petrol,1.5,5.0,£14400,£13150,£16795,3,HatchbackGRADE 3CP GREENSC SilverView Report,CP GREEN,2022,Jun 2022,20471,GREEN,GREEN,Metallic,GREY,CLOTH,5,2,Copy with Manheim,Margin,No,No,No,Lloyd Motor Group,Leeds,"6 Speed, Air Conditioning, Auto Climate Control, Bluetooth, Cruise Control, DAB, Dual Zone Climate, Front Parking Sensors, Media Connectivity, Rear Parking Sensors, Sat Nav Functioning, Traction Control, CO2: 149",,"£13,400",https://www.manheim.co.uk/nama,"http://images.manheim.co.uk/images/units/zoom/de4bfb3c-67b8-4c8c-9188-be386e995150_ext_7.jpg, http://images.manheim.co.uk/images/units/zoom/de4bfb3c-67b8-4c8c-9188-be386e995150_ext_6.jpg, http://images.manheim.co.uk/images/units/zoom/de4bfb3c-67b8-4c8c-9188-be386e995150_ext_1.jpg, http://images.manheim.co.uk/images/units/zoom/de4bfb3c-67b8-4c8c-9188-be386e995150_5.jpg, http://images.manheim.co.uk/images/units/zoom/de4bfb3c-67b8-4c8c-9188-be386e995150_4.jpg, http://images.manheim.co.uk/images/units/zoom/de4bfb3c-67b8-4c8c-9188-be386e995150_11.jpg, http://images.manheim.co.uk/images/units/zoom/de4bfb3c-67b8-4c8c-9188-be386e995150_10.jpg, http://images.manheim.co.uk/images/units/zoom/de4bfb3c-67b8-4c8c-9188-be386e995150_9.jpg, http://images.manheim.co.uk/images/units/zoom/de4bfb3c-67b8-4c8c-9188-be386e995150_ext_2.jpg, http://images.manheim.co.uk/images/units/zoom/de4bfb3c-67b8-4c8c-9188-be386e995150_ext_5.jpg, http://images.manheim.co.uk/images/units/zoom/de4bfb3c-67b8-4c8c-9188-be386e995150_ext_3.jpg, http://images.manheim.co.uk/images/units/zoom/de4bfb3c-67b8-4c8c-9188-be386e995150_ext_4.jpg, http://images.manheim.co.uk/images/units/zoom/insp-0001-4004252-4009012-13.jpg, http://images.manheim.co.uk/images/units/zoom/insp-0001-4004252-4009012-1000.jpg, http://images.manheim.co.uk/images/units/zoom/insp-0001-4004252-4009012-1001.jpg, http://images.manheim.co.uk/images/units/zoom/insp-0001-4004252-4009012-1002.jpg, http://images.manheim.co.uk/images/units/zoom/insp-0001-4004252-4009012-1003.jpg, http://images.manheim.co.uk/images/units/zoom/insp-0001-4004252-4009012-1004.jpg, http://images.manheim.co.uk/images/units/zoom/insp-0001-4004252-4009012-1005.jpg, http://images.manheim.co.uk/images/units/zoom/insp-0001-4004252-4009012-1006.jpg, http://images.manheim.co.uk/images/units/zoom/insp-0001-4004252-4009012-1007.jpg, http://images.manheim.co.uk/images/units/zoom/insp-0001-4004252-4009012-1008.jpg, http://images.manheim.co.uk/images/units/zoom/insp-0001-4004252-4009012-1009.jpg, http://images.manheim.co.uk/images/units/zoom/insp-0001-4004252-4009012-1010.jpg",http://ecr.manheim.co.uk/pdf/MOL-0004004252-01985685-003.pdf,1,2,24/07/2024,11703,"27/08/2025, 24/07/2024","19306, 11703","Kendal VW Centre Ltd, Lancaster SEAT","Print, Print",,Jun-26,SEAT,ATECA,1.5 TSI EVO SE Technology 5dr,0,05/01/2026, 
BF74AEA,"LEXUS
LBX
1.5 Premium 5dr E-CVT",SIMULCAST AND PHYSICAL - ...,Automatic,Petrol/Hybrid,1.5,5.0,£26900,£25500,£29250,3,HatchbackGRADE 3CP GREENSC SilverView Report,CP GREEN,2024,Sep 2024,5726,RED,RED,Metallic,BLACK,LEATHER,5,2,With Manheim,Margin,No,No,No,LSH Auto Group,Manchester,"Air Conditioning, Auto Climate Control, Automatic Lights, Automatic Wipers, Bluetooth, DAB, Dual Zone Climate, Front Parking Sensors, Full Leather Trim, Heated Seats, Media Connectivity, Privacy Glass, Rear Parking Sensors, Reversing camera, Sat Nav Functioning, Traction Control, CO2: 103",,"£26,250",https://www.manheim.co.uk/nama,"http://images.manheim.co.uk/images/units/zoom/c18a3fbf-17b0-4b3c-8cde-f587acba6fcb_ext_7.jpg, http://images.manheim.co.uk/images/units/zoom/c18a3fbf-17b0-4b3c-8cde-f587acba6fcb_ext_6.jpg, http://images.manheim.co.uk/images/units/zoom/c18a3fbf-17b0-4b3c-8cde-f587acba6fcb_ext_1.jpg, http://images.manheim.co.uk/images/units/zoom/c18a3fbf-17b0-4b3c-8cde-f587acba6fcb_5.jpg, http://images.manheim.co.uk/images/units/zoom/c18a3fbf-17b0-4b3c-8cde-f587acba6fcb_4.jpg, http://images.manheim.co.uk/images/units/zoom/c18a3fbf-17b0-4b3c-8cde-f587acba6fcb_11.jpg, http://images.manheim.co.uk/images/units/zoom/c18a3fbf-17b0-4b3c-8cde-f587acba6fcb_10.jpg, http://images.manheim.co.uk/images/units/zoom/c18a3fbf-17b0-4b3c-8cde-f587acba6fcb_9.jpg, http://images.manheim.co.uk/images/units/zoom/c18a3fbf-17b0-4b3c-8cde-f587acba6fcb_ext_2.jpg, http://images.manheim.co.uk/images/units/zoom/c18a3fbf-17b0-4b3c-8cde-f587acba6fcb_ext_5.jpg, http://images.manheim.co.uk/images/units/zoom/c18a3fbf-17b0-4b3c-8cde-f587acba6fcb_ext_3.jpg, http://images.manheim.co.uk/images/units/zoom/c18a3fbf-17b0-4b3c-8cde-f587acba6fcb_ext_4.jpg, http://images.manheim.co.uk/images/units/zoom/insp-0001-4007707-4007053-13.jpg, http://images.manheim.co.uk/images/units/zoom/insp-0001-4007707-4007053-1000.jpg, http://images.manheim.co.uk/images/units/zoom/insp-0001-4007707-4007053-1001.jpg, http://images.manheim.co.uk/images/units/zoom/insp-0001-4007707-4007053-1002.jpg, http://images.manheim.co.uk/images/units/zoom/insp-0001-4007707-4007053-1003.jpg, http://images.manheim.co.uk/images/units/zoom/insp-0001-4007707-4007053-1004.jpg, http://images.manheim.co.uk/images/units/zoom/insp-0001-4007707-4007053-1005.jpg",http://ecr.manheim.co.uk/pdf/MOL-0004007707-01989751-003.pdf,1,1,24/09/2025,2080,24/09/2025,2080,LEXUS,Book,,,LEXUS,LBX,1.5 Premium 5dr E-CVT,0,18/12/2025, 
BG25SYF,"VOLKSWAGEN
T-ROC
1.5 TSI Match 5dr DSG",Lane 2 - Available Car / ...,Semi-Automatic,Petrol,1.5,5.0,£22600,£21200,£25000,2,HatchbackGRADE 2CP GREENSC SilverView Report,CP GREEN,2025,Apr 2025,6182,SILVER,SILVER,Metallic,BLACK,CLOTH,5,1,,Margin,No,No,No,Motor Dough,Leeds,"Air Conditioning, Auto Climate Control, Automatic Lights, Bluetooth, Cruise Control, DAB, Dual Zone Climate, Front Parking Sensors, Media Connectivity, Privacy Glass, Rear Parking Sensors, Reversing camera, Traction Control, CO2: 137",,"£21,500",https://www.manheim.co.uk/nama,"http://images.manheim.co.uk/images/units/zoom/cc3aff71-379a-4264-9f47-d6cbf8b1f73c_ext_7.jpg, http://images.manheim.co.uk/images/units/zoom/cc3aff71-379a-4264-9f47-d6cbf8b1f73c_ext_6.jpg, http://images.manheim.co.uk/images/units/zoom/cc3aff71-379a-4264-9f47-d6cbf8b1f73c_ext_1.jpg, http://images.manheim.co.uk/images/units/zoom/cc3aff71-379a-4264-9f47-d6cbf8b1f73c_5.jpg, http://images.manheim.co.uk/images/units/zoom/cc3aff71-379a-4264-9f47-d6cbf8b1f73c_4.jpg, http://images.manheim.co.uk/images/units/zoom/cc3aff71-379a-4264-9f47-d6cbf8b1f73c_11.jpg, http://images.manheim.co.uk/images/units/zoom/cc3aff71-379a-4264-9f47-d6cbf8b1f73c_10.jpg, http://images.manheim.co.uk/images/units/zoom/cc3aff71-379a-4264-9f47-d6cbf8b1f73c_9.jpg, http://images.manheim.co.uk/images/units/zoom/cc3aff71-379a-4264-9f47-d6cbf8b1f73c_ext_2.jpg, http://images.manheim.co.uk/images/units/zoom/cc3aff71-379a-4264-9f47-d6cbf8b1f73c_ext_5.jpg, http://images.manheim.co.uk/images/units/zoom/cc3aff71-379a-4264-9f47-d6cbf8b1f73c_ext_3.jpg, http://images.manheim.co.uk/images/units/zoom/cc3aff71-379a-4264-9f47-d6cbf8b1f73c_ext_4.jpg, http://images.manheim.co.uk/images/units/zoom/insp-0001-3999193-3996068-13.jpg, http://images.manheim.co.uk/images/units/zoom/insp-0001-3999193-3996068-1000.jpg, http://images.manheim.co.uk/images/units/zoom/insp-0001-3999193-3996068-1001.jpg, http://images.manheim.co.uk/images/units/zoom/insp-0001-3999193-3996068-1002.jpg",http://ecr.manheim.co.uk/pdf/MOL-0003999193-01980446-005.pdf,1,0,,,,,,,,Apr-28,VOLKSWAGEN,T-ROC,1.5 TSI Match 5dr DSG,0,12/01/2026, 
BG68UTX,"RENAULT
MEGANE
1.3 TCE GT Line 5dr",Fleet / Big Motoring Worl...,Manual,Petrol,1.3,5.0,£6650,£5800,£8850,4,EstateGRADE 4CP GREENSC GoldView Report,CP GREEN,2018,Oct 2018,53814,BLUE,BLUE,Metallic,BLACK,CLOTH,5,1,With Manheim,Margin,No,No,No,FCA Group,Birmingham,"6 Speed, Air Conditioning, Auto Climate Control, Automatic Lights, Automatic Wipers, Bluetooth, DAB, Dual Zone Climate, Media Connectivity, Rear Parking Sensors, Sat Nav Functioning, Cruise Control, CO2: 125",,"£5,336",https://www.manheim.co.uk/nama,"http://images.manheim.co.uk/images/units/zoom/d9053411-a334-4fe2-af9c-6890ba8485c0_ext_7.jpg, http://images.manheim.co.uk/images/units/zoom/d9053411-a334-4fe2-af9c-6890ba8485c0_ext_6.jpg, http://images.manheim.co.uk/images/units/zoom/d9053411-a334-4fe2-af9c-6890ba8485c0_ext_1.jpg, http://images.manheim.co.uk/images/units/zoom/d9053411-a334-4fe2-af9c-6890ba8485c0_5.jpg, http://images.manheim.co.uk/images/units/zoom/d9053411-a334-4fe2-af9c-6890ba8485c0_4.jpg, http://images.manheim.co.uk/images/units/zoom/d9053411-a334-4fe2-af9c-6890ba8485c0_11.jpg, http://images.manheim.co.uk/images/units/zoom/d9053411-a334-4fe2-af9c-6890ba8485c0_10.jpg, http://images.manheim.co.uk/images/units/zoom/d9053411-a334-4fe2-af9c-6890ba8485c0_9.jpg, http://images.manheim.co.uk/images/units/zoom/d9053411-a334-4fe2-af9c-6890ba8485c0_ext_2.jpg, http://images.manheim.co.uk/images/units/zoom/d9053411-a334-4fe2-af9c-6890ba8485c0_ext_5.jpg, http://images.manheim.co.uk/images/units/zoom/d9053411-a334-4fe2-af9c-6890ba8485c0_ext_3.jpg, http://images.manheim.co.uk/images/units/zoom/d9053411-a334-4fe2-af9c-6890ba8485c0_ext_4.jpg, http://images.manheim.co.uk/images/units/zoom/insp-0001-2093385-4020236-13.jpg, http://images.manheim.co.uk/images/units/zoom/insp-0001-2093385-4020236-1000.jpg, http://images.manheim.co.uk/images/units/zoom/insp-0001-2093385-4020236-1001.jpg, http://images.manheim.co.uk/images/units/zoom/insp-0001-2093385-4020236-1002.jpg, http://images.manheim.co.uk/images/units/zoom/insp-0001-2093385-4020236-1003.jpg, http://images.manheim.co.uk/images/units/zoom/insp-0001-2093385-4020236-1004.jpg, http://images.manheim.co.uk/images/units/zoom/insp-0001-2093385-4020236-1005.jpg, http://images.manheim.co.uk/images/units/zoom/insp-0001-2093385-4020236-1006.jpg, http://images.manheim.co.uk/images/units/zoom/insp-0001-2093385-4020236-1007.jpg, http://images.manheim.co.uk/images/units/zoom/insp-0001-2093385-4020236-1008.jpg, http://images.manheim.co.uk/images/units/zoom/insp-0001-2093385-4020236-1009.jpg, http://images.manheim.co.uk/images/units/zoom/insp-0001-2093385-4020236-1010.jpg, http://images.manheim.co.uk/images/units/zoom/insp-0001-2093385-4020236-1011.jpg, http://images.manheim.co.uk/images/units/zoom/insp-0001-2093385-4020236-1012.jpg, http://images.manheim.co.uk/images/units/zoom/insp-0001-2093385-4020236-1013.jpg, http://images.manheim.co.uk/images/units/zoom/insp-0001-2093385-4020236-1014.jpg, http://images.manheim.co.uk/images/units/zoom/insp-0001-2093385-4020236-1015.jpg, http://images.manheim.co.uk/images/units/zoom/insp-0001-2093385-4020236-1016.jpg, http://images.manheim.co.uk/images/units/zoom/insp-0001-2093385-4020236-1017.jpg, http://images.manheim.co.uk/images/units/zoom/insp-0001-2093385-4020236-1018.jpg, http://images.manheim.co.uk/images/units/zoom/insp-0001-2093385-4020236-1019.jpg, http://images.manheim.co.uk/images/units/zoom/insp-0001-2093385-4020236-1020.jpg, http://images.manheim.co.uk/images/units/zoom/insp-0001-2093385-4020236-1021.jpg, http://images.manheim.co.uk/images/units/zoom/insp-0001-2093385-4020236-1022.jpg, http://images.manheim.co.uk/images/units/zoom/insp-0001-2093385-4020236-1023.jpg, http://images.manheim.co.uk/images/units/zoom/insp-0001-2093385-4020236-1024.jpg, http://images.manheim.co.uk/images/units/zoom/insp-0001-2093385-4020236-1025.jpg, http://images.manheim.co.uk/images/units/zoom/insp-0001-2093385-4020236-1026.jpg, http://images.manheim.co.uk/images/units/zoom/insp-0001-2093385-4020236-1027.jpg, http://images.manheim.co.uk/images/units/zoom/insp-0001-2093385-4020236-1028.jpg, http://images.manheim.co.uk/images/units/zoom/insp-0001-2093385-4020236-1029.jpg, http://images.manheim.co.uk/images/units/zoom/insp-0001-2093385-4020236-1030.jpg, http://images.manheim.co.uk/images/units/zoom/insp-0001-2093385-4020236-1031.jpg, http://images.manheim.co.uk/images/units/zoom/insp-0001-2093385-4020236-1032.jpg, http://images.manheim.co.uk/images/units/zoom/insp-0001-2093385-4020236-1033.jpg, http://images.manheim.co.uk/images/units/zoom/insp-0001-2093385-4020236-1034.jpg, http://images.manheim.co.uk/images/units/zoom/insp-0001-2093385-4020236-1035.jpg, http://images.manheim.co.uk/images/units/zoom/insp-0001-2093385-4020236-1036.jpg, http://images.manheim.co.uk/images/units/zoom/insp-0001-2093385-4020236-1037.jpg, http://images.manheim.co.uk/images/units/zoom/insp-0001-2093385-4020236-1038.jpg, http://images.manheim.co.uk/images/units/zoom/insp-0001-2093385-4020236-1039.jpg, http://images.manheim.co.uk/images/units/zoom/insp-0001-2093385-4020236-1040.jpg, http://images.manheim.co.uk/images/units/zoom/insp-0001-2093385-4020236-1041.jpg, http://images.manheim.co.uk/images/units/zoom/insp-0001-2093385-4020236-1042.jpg, http://images.manheim.co.uk/images/units/zoom/insp-0001-2093385-4020236-1043.jpg, http://images.manheim.co.uk/images/units/zoom/insp-0001-2093385-4020236-1044.jpg, http://images.manheim.co.uk/images/units/zoom/insp-0001-2093385-4020236-1045.jpg, http://images.manheim.co.uk/images/units/zoom/insp-0001-2093385-4020236-1046.jpg",http://ecr.manheim.co.uk/pdf/MOL-0002093385-02000415-003.pdf,4,0,,,,,,,,Jan-26,RENAULT,MEGANE,1.3 TCE GT Line 5dr,0,22/12/2025, 
BG73XRK,"PEUGEOT
2008
100kW Allure Premium+ 50kWh 5dr Auto",SIMULCAST AND PHYSICAL - ...,Automatic,Electric,,,£14050,£12800,£16450,1,,CP GREEN,2023,Sep 2023,9100,RED,RED,Metallic,,Part Leather,5,2,With Manheim,Margin,No,No,No,LSH Auto Group,Manchester,"Air Conditioning, Auto Climate Control, Automatic Lights, Automatic Wipers, Bluetooth, DAB, Media Connectivity, Part Leather, Rear Parking Sensors, Reversing camera, Sat Nav Functioning, CO2: 0",,"£13,800",https://www.manheim.co.uk/nama,"http://images.manheim.co.uk/images/units/zoom/9bad2031-d4c3-4f5d-94f4-82c31130dde1_ext_7.jpg, http://images.manheim.co.uk/images/units/zoom/9bad2031-d4c3-4f5d-94f4-82c31130dde1_ext_6.jpg, http://images.manheim.co.uk/images/units/zoom/9bad2031-d4c3-4f5d-94f4-82c31130dde1_ext_1.jpg, http://images.manheim.co.uk/images/units/zoom/9bad2031-d4c3-4f5d-94f4-82c31130dde1_5.jpg, http://images.manheim.co.uk/images/units/zoom/9bad2031-d4c3-4f5d-94f4-82c31130dde1_4.jpg, http://images.manheim.co.uk/images/units/zoom/9bad2031-d4c3-4f5d-94f4-82c31130dde1_11.jpg, http://images.manheim.co.uk/images/units/zoom/9bad2031-d4c3-4f5d-94f4-82c31130dde1_10.jpg, http://images.manheim.co.uk/images/units/zoom/9bad2031-d4c3-4f5d-94f4-82c31130dde1_9.jpg, http://images.manheim.co.uk/images/units/zoom/9bad2031-d4c3-4f5d-94f4-82c31130dde1_ext_2.jpg, http://images.manheim.co.uk/images/units/zoom/9bad2031-d4c3-4f5d-94f4-82c31130dde1_ext_5.jpg, http://images.manheim.co.uk/images/units/zoom/9bad2031-d4c3-4f5d-94f4-82c31130dde1_ext_3.jpg, http://images.manheim.co.uk/images/units/zoom/9bad2031-d4c3-4f5d-94f4-82c31130dde1_ext_4.jpg, http://images.manheim.co.uk/images/units/zoom/insp-0001-4007801-4007057-13.jpg, http://images.manheim.co.uk/images/units/zoom/insp-0001-4007801-4007057-1000.jpg",http://ecr.manheim.co.uk/pdf/MOL-0004007801-01989910-003.pdf,2,2,16/04/2024,2730,"23/09/2025, 16/04/2024","8390, 2730","ARBURY WALSALL, ARBURY WALSALL","Book, Book",,,PEUGEOT,2008,100kW Allure Premium+ 50kWh 5dr Auto,0,18/12/2025, 
BG74VCU,"PEUGEOT
3008
1.2 Hybrid 136 Allure 5dr e-DSC6",Lane 1 - Arval / Novuna /...,Automatic,Petrol/Hybrid,1.2,5.0,£22250,£20850,£24750,2,HatchbackGRADE 2CP GREENSC GoldView Report,CP GREEN,2024,Oct 2024,12820,WHITE,WHITE,Metallic,GREY,,5,2,With Manheim,Qualifying,No,No,No,Leasys,Leeds,"Air Conditioning, Auto Climate Control, Automatic Lights, Bluetooth, DAB, Dual Zone Climate, Reversing camera, Sat Nav Functioning, CO2: 123",,"£22,000",https://www.manheim.co.uk/nama,"http://images.manheim.co.uk/images/units/zoom/5419e067-aa0e-473d-bcca-8eca09eefc4a_ext_7.jpg, http://images.manheim.co.uk/images/units/zoom/5419e067-aa0e-473d-bcca-8eca09eefc4a_ext_6.jpg, http://images.manheim.co.uk/images/units/zoom/5419e067-aa0e-473d-bcca-8eca09eefc4a_ext_1.jpg, http://images.manheim.co.uk/images/units/zoom/5419e067-aa0e-473d-bcca-8eca09eefc4a_5.jpg, http://images.manheim.co.uk/images/units/zoom/5419e067-aa0e-473d-bcca-8eca09eefc4a_4.jpg, http://images.manheim.co.uk/images/units/zoom/5419e067-aa0e-473d-bcca-8eca09eefc4a_11.jpg, http://images.manheim.co.uk/images/units/zoom/5419e067-aa0e-473d-bcca-8eca09eefc4a_10.jpg, http://images.manheim.co.uk/images/units/zoom/5419e067-aa0e-473d-bcca-8eca09eefc4a_9.jpg, http://images.manheim.co.uk/images/units/zoom/5419e067-aa0e-473d-bcca-8eca09eefc4a_ext_2.jpg, http://images.manheim.co.uk/images/units/zoom/5419e067-aa0e-473d-bcca-8eca09eefc4a_ext_5.jpg, http://images.manheim.co.uk/images/units/zoom/5419e067-aa0e-473d-bcca-8eca09eefc4a_ext_3.jpg, http://images.manheim.co.uk/images/units/zoom/5419e067-aa0e-473d-bcca-8eca09eefc4a_ext_4.jpg, http://images.manheim.co.uk/images/units/zoom/insp-0001-3927631-3987309-13.jpg, http://images.manheim.co.uk/images/units/zoom/insp-0001-3927631-3987309-1000.jpg, http://images.manheim.co.uk/images/units/zoom/insp-0001-3927631-3987309-1001.jpg, http://images.manheim.co.uk/images/units/zoom/insp-0001-3927631-3987309-1002.jpg, http://images.manheim.co.uk/images/units/zoom/insp-0001-3927631-3987309-1003.jpg, http://images.manheim.co.uk/images/units/zoom/insp-0001-3927631-3987309-1004.jpg, http://images.manheim.co.uk/images/units/zoom/insp-0001-3927631-3987309-1005.jpg, http://images.manheim.co.uk/images/units/zoom/insp-0001-3927631-3987309-1006.jpg, http://images.manheim.co.uk/images/units/zoom/insp-0001-3927631-3987309-1007.jpg, http://images.manheim.co.uk/images/units/zoom/insp-0001-3927631-3987309-1008.jpg",http://ecr.manheim.co.uk/pdf/MOL-0003927631-01969510-003.pdf,1,1,24/09/2025,11181,24/09/2025,11181,"Snows Peugeot, Portsmouth",Book,,,PEUGEOT,3008,1.2 Hybrid 136 Allure 5dr e-DSC6,0,05/01/2026, 
BL21TVX,"MERCEDES-BENZ
EQV
EQV 300 150 kW Sport Premium 90 kWh 5dr Auto",SIMULCAST AND PHYSICAL - ...,Semi-Automatic,Electric,,,£24000,£22650,£28750,2,,CP AMBER,2021,May 2021,93524,SILVER,SILVER,Metallic,BLACK,LEATHER,7,1,With Manheim,Margin,No,No,No,Northridge Finance,Manchester,"7 Seats, Air Conditioning, Auto Climate Control, Automatic Lights, Bluetooth, Cruise Control, DAB, Dual Zone Climate, Front Parking Sensors, Full Leather Trim, Heated Seats, Media Connectivity, Privacy Glass, Rear Parking Sensors, Reversing camera, Sat Nav Functioning, CO2: 0",EX TAXI,"£19,200",https://www.manheim.co.uk/nama,"http://images.manheim.co.uk/images/units/zoom/7600e01c-6ef7-4c39-b5c3-a8399b8ce47b_3.jpg, http://images.manheim.co.uk/images/units/zoom/7600e01c-6ef7-4c39-b5c3-a8399b8ce47b_ext_6.jpg, http://images.manheim.co.uk/images/units/zoom/Img-2c4be3b8-38e3-43de-80a1-a9d568901199.jpg, http://images.manheim.co.uk/images/units/zoom/7600e01c-6ef7-4c39-b5c3-a8399b8ce47b_5.jpg, http://images.manheim.co.uk/images/units/zoom/7600e01c-6ef7-4c39-b5c3-a8399b8ce47b_4.jpg, http://images.manheim.co.uk/images/units/zoom/7600e01c-6ef7-4c39-b5c3-a8399b8ce47b_11.jpg, http://images.manheim.co.uk/images/units/zoom/7600e01c-6ef7-4c39-b5c3-a8399b8ce47b_10.jpg, http://images.manheim.co.uk/images/units/zoom/7600e01c-6ef7-4c39-b5c3-a8399b8ce47b_9.jpg, http://images.manheim.co.uk/images/units/zoom/7600e01c-6ef7-4c39-b5c3-a8399b8ce47b_ext_2.jpg, http://images.manheim.co.uk/images/units/zoom/7600e01c-6ef7-4c39-b5c3-a8399b8ce47b_ext_5.jpg, http://images.manheim.co.uk/images/units/zoom/7600e01c-6ef7-4c39-b5c3-a8399b8ce47b_ext_3.jpg, http://images.manheim.co.uk/images/units/zoom/7600e01c-6ef7-4c39-b5c3-a8399b8ce47b_ext_4.jpg, http://images.manheim.co.uk/images/units/zoom/insp-0001-3093456-3995844-13.jpg, http://images.manheim.co.uk/images/units/zoom/insp-0001-3093456-3995844-1000.jpg, http://images.manheim.co.uk/images/units/zoom/insp-0001-3093456-3995844-1001.jpg, http://images.manheim.co.uk/images/units/zoom/insp-0001-3093456-3995844-1002.jpg, http://images.manheim.co.uk/images/units/zoom/insp-0001-3093456-3995844-1003.jpg, http://images.manheim.co.uk/images/units/zoom/insp-0001-3093456-3995844-1004.jpg, http://images.manheim.co.uk/images/units/zoom/insp-0001-3093456-3995844-1005.jpg, http://images.manheim.co.uk/images/units/zoom/insp-0001-3093456-3995844-1006.jpg, http://images.manheim.co.uk/images/units/zoom/insp-0001-3093456-3995844-1007.jpg, http://images.manheim.co.uk/images/units/zoom/insp-0001-3093456-3995844-1008.jpg, http://images.manheim.co.uk/images/units/zoom/insp-0001-3093456-3995844-1009.jpg, http://images.manheim.co.uk/images/units/zoom/insp-0001-3093456-3995844-1010.jpg, http://images.manheim.co.uk/images/units/zoom/insp-0001-3093456-3995844-1011.jpg, http://images.manheim.co.uk/images/units/zoom/insp-0001-3093456-3995844-1012.jpg, http://images.manheim.co.uk/images/units/zoom/insp-0001-3093456-3995844-1013.jpg, http://images.manheim.co.uk/images/units/zoom/insp-0001-3093456-3995844-1014.jpg, http://images.manheim.co.uk/images/units/zoom/insp-0001-3093456-3995844-1015.jpg, http://images.manheim.co.uk/images/units/zoom/insp-0001-3093456-3995844-1016.jpg, http://images.manheim.co.uk/images/units/zoom/insp-0001-3093456-3995844-1017.jpg, http://images.manheim.co.uk/images/units/zoom/insp-0001-3093456-3995844-1018.jpg, http://images.manheim.co.uk/images/units/zoom/insp-0001-3093456-3995844-1019.jpg, http://images.manheim.co.uk/images/units/zoom/insp-0001-3093456-3995844-1020.jpg, http://images.manheim.co.uk/images/units/zoom/insp-0001-3093456-3995844-1021.jpg, http://images.manheim.co.uk/images/units/zoom/insp-0001-3093456-3995844-1022.jpg, http://images.manheim.co.uk/images/units/zoom/insp-0001-3093456-3995844-1023.jpg, http://images.manheim.co.uk/images/units/zoom/insp-0001-3093456-3995844-1024.jpg, http://images.manheim.co.uk/images/units/zoom/insp-0001-3093456-3995844-1025.jpg, http://images.manheim.co.uk/images/units/zoom/insp-0001-3093456-3995844-1026.jpg, http://images.manheim.co.uk/images/units/zoom/insp-0001-3093456-3995844-1027.jpg, http://images.manheim.co.uk/images/units/zoom/insp-0001-3093456-3995844-1028.jpg, http://images.manheim.co.uk/images/units/zoom/insp-0001-3093456-3995844-1029.jpg, http://images.manheim.co.uk/images/units/zoom/insp-0001-3093456-3995844-1030.jpg, http://images.manheim.co.uk/images/units/zoom/insp-0001-3093456-3995844-1031.jpg, http://images.manheim.co.uk/images/units/zoom/insp-0001-3093456-3995844-1032.jpg, http://images.manheim.co.uk/images/units/zoom/insp-0001-3093456-3995844-1033.jpg, http://images.manheim.co.uk/images/units/zoom/insp-0001-3093456-3995844-1034.jpg",http://ecr.manheim.co.uk/pdf/MOL-0003093456-01979119-003.pdf,2,1,,,,,,,,Aug-26,MERCEDES-BENZ,EQV,EQV 300 150 kW Sport Premium 90 kWh 5dr Auto,0,18/12/2025, 
BL22KGG,"AUDI
A3
35 TFSI Edition 1 5dr S Tronic",SIMULCAST AND PHYSICAL - ...,Semi-Automatic,Petrol,1.5,5.0,£23600,£22300,£26000,3,HatchbackGRADE 3CP GREENSC SilverView Report,CP GREEN,2022,Jul 2022,13367,GREY,GREY,Metallic,,Part Leather,5,2,With Manheim,Margin,No,No,No,LSH Auto Group,Manchester,"Air Conditioning, Auto Climate Control, Automatic Lights, Automatic Wipers, Bluetooth, Cruise Control, DAB, Dual Zone Climate, Front Parking Sensors, Heated Seats, Media Connectivity, Part Leather, Privacy Glass, Rear Parking Sensors, Reversing camera, Sat Nav Functioning, Traction Control, CO2: 137",,"£23,100",https://www.manheim.co.uk/nama,"http://images.manheim.co.uk/images/units/zoom/3899a89a-1714-477e-a671-33b7120eb13c_ext_7.jpg, http://images.manheim.co.uk/images/units/zoom/3899a89a-1714-477e-a671-33b7120eb13c_ext_6.jpg, http://images.manheim.co.uk/images/units/zoom/3899a89a-1714-477e-a671-33b7120eb13c_ext_1.jpg, http://images.manheim.co.uk/images/units/zoom/3899a89a-1714-477e-a671-33b7120eb13c_5.jpg, http://images.manheim.co.uk/images/units/zoom/3899a89a-1714-477e-a671-33b7120eb13c_4.jpg, http://images.manheim.co.uk/images/units/zoom/3899a89a-1714-477e-a671-33b7120eb13c_11.jpg, http://images.manheim.co.uk/images/units/zoom/3899a89a-1714-477e-a671-33b7120eb13c_10.jpg, http://images.manheim.co.uk/images/units/zoom/3899a89a-1714-477e-a671-33b7120eb13c_9.jpg, http://images.manheim.co.uk/images/units/zoom/3899a89a-1714-477e-a671-33b7120eb13c_ext_2.jpg, http://images.manheim.co.uk/images/units/zoom/3899a89a-1714-477e-a671-33b7120eb13c_ext_5.jpg, http://images.manheim.co.uk/images/units/zoom/3899a89a-1714-477e-a671-33b7120eb13c_ext_3.jpg, http://images.manheim.co.uk/images/units/zoom/3899a89a-1714-477e-a671-33b7120eb13c_ext_4.jpg, http://images.manheim.co.uk/images/units/zoom/insp-0001-4004757-4004284-13.jpg, http://images.manheim.co.uk/images/units/zoom/insp-0001-4004757-4004284-1000.jpg, http://images.manheim.co.uk/images/units/zoom/insp-0001-4004757-4004284-1001.jpg, http://images.manheim.co.uk/images/units/zoom/insp-0001-4004757-4004284-1002.jpg, http://images.manheim.co.uk/images/units/zoom/insp-0001-4004757-4004284-1003.jpg, http://images.manheim.co.uk/images/units/zoom/insp-0001-4004757-4004284-1004.jpg, http://images.manheim.co.uk/images/units/zoom/insp-0001-4004757-4004284-1005.jpg, http://images.manheim.co.uk/images/units/zoom/insp-0001-4004757-4004284-1006.jpg, http://images.manheim.co.uk/images/units/zoom/insp-0001-4004757-4004284-1007.jpg, http://images.manheim.co.uk/images/units/zoom/insp-0001-4004757-4004284-1008.jpg, http://images.manheim.co.uk/images/units/zoom/insp-0001-4004757-4004284-1009.jpg, http://images.manheim.co.uk/images/units/zoom/insp-0001-4004757-4004284-1010.jpg, http://images.manheim.co.uk/images/units/zoom/insp-0001-4004757-4004284-1011.jpg",http://ecr.manheim.co.uk/pdf/MOL-0004004757-01986889-002.pdf,1,1,10/09/2025,PASSED,10/09/2025,PASSED,12415,09/09/2026,,Sep-26,AUDI,A3,35 TFSI Edition 1 5dr S Tronic,0,18/12/2025, 
BP64RPV,"FORD
KUGA
2.0 TDCi 150 Titanium 5dr 2WD","Available Car, Pulman Gro...",Manual,Diesel,2.0,5.0,£2800,£2350,£4450,3,HatchbackGRADE 3CP GREENSC SilverView Report,CP GREEN,2015,Jan 2015,111905,GREY,GREY,Metallic,BLACK,Part Leather,5,1,With Manheim,Margin,No,No,No,,Washington,"6 Speed, Air Conditioning, Auto Climate Control, Automatic Lights, Aux In, Bluetooth, Cruise Control, DAB, Dual Zone Climate, Heated Front Screen, Media Connectivity, Radio CD, CO2: 122",,"£2,000",https://www.manheim.co.uk/nama,"http://images.manheim.co.uk/images/units/zoom/4013181-9999999-343143010-004.jpg, http://images.manheim.co.uk/images/units/zoom/4013181-9999999-343143010-008.jpg, http://images.manheim.co.uk/images/units/zoom/4013181-9999999-343143010-001.jpg, http://images.manheim.co.uk/images/units/zoom/4013181-9999999-343143010-002.jpg, http://images.manheim.co.uk/images/units/zoom/4013181-9999999-343143010-003.jpg, http://images.manheim.co.uk/images/units/zoom/4013181-9999999-343143010-005.jpg, http://images.manheim.co.uk/images/units/zoom/4013181-9999999-343143010-006.jpg, http://images.manheim.co.uk/images/units/zoom/4013181-9999999-343143010-007.jpg, http://images.manheim.co.uk/images/units/zoom/4013181-9999999-343143010-009.jpg, http://images.manheim.co.uk/images/units/zoom/4013181-9999999-343143010-010.jpg, http://images.manheim.co.uk/images/units/zoom/4013181-9999999-343143010-011.jpg, http://images.manheim.co.uk/images/units/zoom/4013181-9999999-343143010-012.jpg, http://images.manheim.co.uk/images/units/zoom/insp-0001-4013181-4013413-13.jpg, http://images.manheim.co.uk/images/units/zoom/insp-0001-4013181-4013413-1000.jpg, http://images.manheim.co.uk/images/units/zoom/insp-0001-4013181-4013413-1001.jpg, http://images.manheim.co.uk/images/units/zoom/insp-0001-4013181-4013413-1002.jpg, http://images.manheim.co.uk/images/units/zoom/insp-0001-4013181-4013413-1003.jpg, http://images.manheim.co.uk/images/units/zoom/insp-0001-4013181-4013413-1004.jpg, http://images.manheim.co.uk/images/units/zoom/insp-0001-4013181-4013413-1005.jpg, http://images.manheim.co.uk/images/units/zoom/insp-0001-4013181-4013413-1006.jpg, http://images.manheim.co.uk/images/units/zoom/insp-0001-4013181-4013413-1007.jpg, http://images.manheim.co.uk/images/units/zoom/insp-0001-4013181-4013413-1008.jpg, http://images.manheim.co.uk/images/units/zoom/insp-0001-4013181-4013413-1009.jpg, http://images.manheim.co.uk/images/units/zoom/insp-0001-4013181-4013413-1010.jpg, http://images.manheim.co.uk/images/units/zoom/insp-0001-4013181-4013413-1011.jpg, http://images.manheim.co.uk/images/units/zoom/insp-0001-4013181-4013413-1012.jpg, http://images.manheim.co.uk/images/units/zoom/insp-0001-4013181-4013413-1013.jpg, http://images.manheim.co.uk/images/units/zoom/insp-0001-4013181-4013413-1014.jpg, http://images.manheim.co.uk/images/units/zoom/insp-0001-4013181-4013413-1015.jpg, http://images.manheim.co.uk/images/units/zoom/insp-0001-4013181-4013413-1016.jpg, http://images.manheim.co.uk/images/units/zoom/insp-0001-4013181-4013413-1017.jpg, http://images.manheim.co.uk/images/units/zoom/insp-0001-4013181-4013413-1018.jpg, http://images.manheim.co.uk/images/units/zoom/insp-0001-4013181-4013413-1019.jpg, http://images.manheim.co.uk/images/units/zoom/insp-0001-4013181-4013413-1020.jpg",http://ecr.manheim.co.uk/pdf/MOL-0004013181-01995322-002.pdf,4,5,12/01/2016,11638,"17/08/2020, 27/07/2019, 26/08/2017, 15/09/2016, 12/01/2016","63929, 52061, 27453, 19394, 11638","bristol street motors durham, bristol street motors durham, bristol street westmidland, bristol street westmidlands, chambers of sutton","Print, Print, Print, Print, Print",,May-25,FORD,KUGA,2.0 TDCi 150 Titanium 5dr 2WD,0,19/12/2025, 
BT73VZS,"CITROEN
C4 X
100kW Shine 50kWh 4dr Auto",Lane 1 - Arval / Novuna /...,Automatic,Electric,,,£11400,£10300,£13600,2,,CP GREEN,2023,Nov 2023,21478,GREY,GREY,Metallic,BLACK,Part Leather,5,2,With Manheim,Qualifying,No,No,No,Leasys,Leeds,"Air Conditioning, Auto Climate Control, Automatic Lights, Automatic Wipers, Bluetooth, DAB, Front Parking Sensors, Part Leather, Privacy Glass, Rear Parking Sensors, Reversing camera, Sat Nav Functioning, CO2: 0",,"£11,200",https://www.manheim.co.uk/nama,"http://images.manheim.co.uk/images/units/zoom/ec8841b9-2bcc-4dc2-845d-70a59fc19e3a_ext_7.jpg, http://images.manheim.co.uk/images/units/zoom/ec8841b9-2bcc-4dc2-845d-70a59fc19e3a_ext_6.jpg, http://images.manheim.co.uk/images/units/zoom/ec8841b9-2bcc-4dc2-845d-70a59fc19e3a_ext_1.jpg, http://images.manheim.co.uk/images/units/zoom/ec8841b9-2bcc-4dc2-845d-70a59fc19e3a_5.jpg, http://images.manheim.co.uk/images/units/zoom/ec8841b9-2bcc-4dc2-845d-70a59fc19e3a_4.jpg, http://images.manheim.co.uk/images/units/zoom/ec8841b9-2bcc-4dc2-845d-70a59fc19e3a_11.jpg, http://images.manheim.co.uk/images/units/zoom/ec8841b9-2bcc-4dc2-845d-70a59fc19e3a_10.jpg, http://images.manheim.co.uk/images/units/zoom/ec8841b9-2bcc-4dc2-845d-70a59fc19e3a_9.jpg, http://images.manheim.co.uk/images/units/zoom/ec8841b9-2bcc-4dc2-845d-70a59fc19e3a_ext_2.jpg, http://images.manheim.co.uk/images/units/zoom/ec8841b9-2bcc-4dc2-845d-70a59fc19e3a_ext_5.jpg, http://images.manheim.co.uk/images/units/zoom/ec8841b9-2bcc-4dc2-845d-70a59fc19e3a_ext_3.jpg, http://images.manheim.co.uk/images/units/zoom/ec8841b9-2bcc-4dc2-845d-70a59fc19e3a_ext_4.jpg, http://images.manheim.co.uk/images/units/zoom/insp-0001-3941417-3991927-13.jpg, http://images.manheim.co.uk/images/units/zoom/insp-0001-3941417-3991927-1000.jpg, http://images.manheim.co.uk/images/units/zoom/insp-0001-3941417-3991927-1001.jpg, http://images.manheim.co.uk/images/units/zoom/insp-0001-3941417-3991927-1002.jpg, http://images.manheim.co.uk/images/units/zoom/insp-0001-3941417-3991927-1003.jpg, http://images.manheim.co.uk/images/units/zoom/insp-0001-3941417-3991927-1004.jpg, http://images.manheim.co.uk/images/units/zoom/insp-0001-3941417-3991927-1005.jpg, http://images.manheim.co.uk/images/units/zoom/insp-0001-3941417-3991927-1006.jpg, http://images.manheim.co.uk/images/units/zoom/insp-0001-3941417-3991927-1007.jpg, http://images.manheim.co.uk/images/units/zoom/insp-0001-3941417-3991927-1008.jpg, http://images.manheim.co.uk/images/units/zoom/insp-0001-3941417-3991927-1009.jpg",http://ecr.manheim.co.uk/pdf/MOL-0003941417-01979242-004.pdf,1,1,14/10/2024,11991,14/10/2024,11991,STELLANTIS,Print,,,CITROEN,C4 X,100kW Shine 50kWh 4dr Auto,0,05/01/2026, 
BU23CRJ,"VOLVO
V60
2.0 B3P Core 5dr Auto [7 speed]",Hilton Garage / Available...,Automatic,Petrol/Hybrid,2.0,5.0,£21100,£19850,£23750,1,EstateGRADE 1CP GREENSC GoldView Report,CP GREEN,2023,Apr 2023,25624,BLACK,BLACK,Solid,BLACK,CLOTH,5,2,With Manheim,Qualifying,No,No,No,,Birmingham,"Cruise Control, Dual Zone Climate, Media Connectivity, Automatic Wipers, Automatic Lights, Auto Climate Control, Air Conditioning, Traction Control, Sat Nav Functioning, Privacy Glass, Reversing camera, Rear Parking Sensors, Heated Seats, Front Parking Sensors, DAB, Bluetooth, CO2: 141",,,https://www.manheim.co.uk/nama,"http://images.manheim.co.uk/images/units/zoom/b96f961b-cc16-49e9-97f0-616f7ecd39a2_ext_7.jpg, http://images.manheim.co.uk/images/units/zoom/b96f961b-cc16-49e9-97f0-616f7ecd39a2_ext_6.jpg, http://images.manheim.co.uk/images/units/zoom/b96f961b-cc16-49e9-97f0-616f7ecd39a2_ext_1.jpg, http://images.manheim.co.uk/images/units/zoom/b96f961b-cc16-49e9-97f0-616f7ecd39a2_5.jpg, http://images.manheim.co.uk/images/units/zoom/b96f961b-cc16-49e9-97f0-616f7ecd39a2_4.jpg, http://images.manheim.co.uk/images/units/zoom/b96f961b-cc16-49e9-97f0-616f7ecd39a2_11.jpg, http://images.manheim.co.uk/images/units/zoom/b96f961b-cc16-49e9-97f0-616f7ecd39a2_10.jpg, http://images.manheim.co.uk/images/units/zoom/b96f961b-cc16-49e9-97f0-616f7ecd39a2_9.jpg, http://images.manheim.co.uk/images/units/zoom/b96f961b-cc16-49e9-97f0-616f7ecd39a2_ext_2.jpg, http://images.manheim.co.uk/images/units/zoom/b96f961b-cc16-49e9-97f0-616f7ecd39a2_ext_5.jpg, http://images.manheim.co.uk/images/units/zoom/b96f961b-cc16-49e9-97f0-616f7ecd39a2_ext_3.jpg, http://images.manheim.co.uk/images/units/zoom/b96f961b-cc16-49e9-97f0-616f7ecd39a2_ext_4.jpg, http://images.manheim.co.uk/images/units/zoom/insp-0001-3762084-4015160-13.jpg, http://images.manheim.co.uk/images/units/zoom/insp-0001-3762084-4015160-1000.jpg, http://images.manheim.co.uk/images/units/zoom/insp-0001-3762084-4015160-1001.jpg, http://images.manheim.co.uk/images/units/zoom/insp-0001-3762084-4015160-1002.jpg, http://images.manheim.co.uk/images/units/zoom/insp-0001-3762084-4015160-1003.jpg, http://images.manheim.co.uk/images/units/zoom/insp-0001-3762084-4015160-1004.jpg, http://images.manheim.co.uk/images/units/zoom/insp-0001-3762084-4015160-1005.jpg",http://ecr.manheim.co.uk/pdf/MOL-0003762084-01993507-007.pdf,1,0,,,,,,,,,VOLVO,V60,2.0 B3P Core 5dr Auto [7 speed],0,17/12/2025, 
DA73LXF,"SKODA
KAROQ
2.0 TDI SE Drive 5dr",SIMULCAST AND PHYSICAL - ...,Manual,Diesel,2.0,5.0,£17250,£15900,£19650,3,EstateGRADE 3CP GREENSC SilverView Report,CP GREEN,2023,Nov 2023,37395,RED,RED,Solid,BLACK,CLOTH,5,2,With Manheim,Margin,No,No,No,LSH Auto Group,Manchester,"6 Speed, Air Conditioning, Auto Climate Control, Automatic Lights, Aux In, Bluetooth, DAB, Dual Zone Climate, Media Connectivity, Privacy Glass, Rear Parking Sensors, Sat Nav Functioning, Traction Control, CO2: 125",,"£15,900",https://www.manheim.co.uk/nama,"http://images.manheim.co.uk/images/units/zoom/6cf89cd8-5b49-4406-80e9-95b0e0013398_ext_7.jpg, http://images.manheim.co.uk/images/units/zoom/6cf89cd8-5b49-4406-80e9-95b0e0013398_ext_6.jpg, http://images.manheim.co.uk/images/units/zoom/6cf89cd8-5b49-4406-80e9-95b0e0013398_ext_1.jpg, http://images.manheim.co.uk/images/units/zoom/6cf89cd8-5b49-4406-80e9-95b0e0013398_5.jpg, http://images.manheim.co.uk/images/units/zoom/6cf89cd8-5b49-4406-80e9-95b0e0013398_4.jpg, http://images.manheim.co.uk/images/units/zoom/6cf89cd8-5b49-4406-80e9-95b0e0013398_11.jpg, http://images.manheim.co.uk/images/units/zoom/6cf89cd8-5b49-4406-80e9-95b0e0013398_10.jpg, http://images.manheim.co.uk/images/units/zoom/6cf89cd8-5b49-4406-80e9-95b0e0013398_9.jpg, http://images.manheim.co.uk/images/units/zoom/6cf89cd8-5b49-4406-80e9-95b0e0013398_ext_2.jpg, http://images.manheim.co.uk/images/units/zoom/6cf89cd8-5b49-4406-80e9-95b0e0013398_ext_5.jpg, http://images.manheim.co.uk/images/units/zoom/6cf89cd8-5b49-4406-80e9-95b0e0013398_ext_3.jpg, http://images.manheim.co.uk/images/units/zoom/6cf89cd8-5b49-4406-80e9-95b0e0013398_ext_4.jpg, http://images.manheim.co.uk/images/units/zoom/insp-0001-4008369-4007004-13.jpg, http://images.manheim.co.uk/images/units/zoom/insp-0001-4008369-4007004-1000.jpg, http://images.manheim.co.uk/images/units/zoom/insp-0001-4008369-4007004-1001.jpg, http://images.manheim.co.uk/images/units/zoom/insp-0001-4008369-4007004-1002.jpg, http://images.manheim.co.uk/images/units/zoom/insp-0001-4008369-4007004-1003.jpg, http://images.manheim.co.uk/images/units/zoom/insp-0001-4008369-4007004-1004.jpg, http://images.manheim.co.uk/images/units/zoom/insp-0001-4008369-4007004-1005.jpg, http://images.manheim.co.uk/images/units/zoom/insp-0001-4008369-4007004-1006.jpg, http://images.manheim.co.uk/images/units/zoom/insp-0001-4008369-4007004-1007.jpg, http://images.manheim.co.uk/images/units/zoom/insp-0001-4008369-4007004-1008.jpg, http://images.manheim.co.uk/images/units/zoom/insp-0001-4008369-4007004-1009.jpg, http://images.manheim.co.uk/images/units/zoom/insp-0001-4008369-4007004-1010.jpg, http://images.manheim.co.uk/images/units/zoom/insp-0001-4008369-4007004-1011.jpg",http://ecr.manheim.co.uk/pdf/MOL-0004008369-01990391-003.pdf,1,0,,,,,,,,,SKODA,KAROQ,2.0 TDI SE Drive 5dr,0,18/12/2025, 
DF20VKZ,"FORD
PUMA
1.0 EcoBoost Hybrid mHEV 155 ST-Line 5dr",Lane 1 - D M Keith / Sytn...,Manual,Petrol,1.0,5.0,£9050,£7975,£11450,2,HatchbackGRADE 2CP GREENSC SilverView Report,CP GREEN,2020,Aug 2020,67245,RED,RED,Metallic,BLACK,CLOTH,5,2,With Manheim,Margin,No,No,No,Lloyd Motor Group,Leeds,"6 Speed, Air Conditioning, Auto Climate Control, Automatic Lights, Bluetooth, Cruise Control, DAB, Heated Front Screen, Rear Parking Sensors, Sat Nav Functioning, CO2: 128","Apple Carplay, Bluetooth, Heated Windscreen, cruise control, digital dash, ST Line","£8,250",https://www.manheim.co.uk/nama,"http://images.manheim.co.uk/images/units/zoom/eca2285b-0525-46e0-afa4-1494e13b0f52_ext_7.jpg, http://images.manheim.co.uk/images/units/zoom/eca2285b-0525-46e0-afa4-1494e13b0f52_ext_6.jpg, http://images.manheim.co.uk/images/units/zoom/eca2285b-0525-46e0-afa4-1494e13b0f52_ext_1.jpg, http://images.manheim.co.uk/images/units/zoom/eca2285b-0525-46e0-afa4-1494e13b0f52_5.jpg, http://images.manheim.co.uk/images/units/zoom/eca2285b-0525-46e0-afa4-1494e13b0f52_4.jpg, http://images.manheim.co.uk/images/units/zoom/eca2285b-0525-46e0-afa4-1494e13b0f52_11.jpg, http://images.manheim.co.uk/images/units/zoom/eca2285b-0525-46e0-afa4-1494e13b0f52_10.jpg, http://images.manheim.co.uk/images/units/zoom/eca2285b-0525-46e0-afa4-1494e13b0f52_9.jpg, http://images.manheim.co.uk/images/units/zoom/eca2285b-0525-46e0-afa4-1494e13b0f52_ext_2.jpg, http://images.manheim.co.uk/images/units/zoom/eca2285b-0525-46e0-afa4-1494e13b0f52_ext_5.jpg, http://images.manheim.co.uk/images/units/zoom/eca2285b-0525-46e0-afa4-1494e13b0f52_ext_3.jpg, http://images.manheim.co.uk/images/units/zoom/eca2285b-0525-46e0-afa4-1494e13b0f52_ext_4.jpg, http://images.manheim.co.uk/images/units/zoom/insp-0001-4000578-4002531-13.jpg, http://images.manheim.co.uk/images/units/zoom/insp-0001-4000578-4002531-1000.jpg, http://images.manheim.co.uk/images/units/zoom/insp-0001-4000578-4002531-1001.jpg, http://images.manheim.co.uk/images/units/zoom/insp-0001-4000578-4002531-1002.jpg, http://images.manheim.co.uk/images/units/zoom/insp-0001-4000578-4002531-1003.jpg, http://images.manheim.co.uk/images/units/zoom/insp-0001-4000578-4002531-1004.jpg, http://images.manheim.co.uk/images/units/zoom/insp-0001-4000578-4002531-1005.jpg, http://images.manheim.co.uk/images/units/zoom/insp-0001-4000578-4002531-1006.jpg, http://images.manheim.co.uk/images/units/zoom/insp-0001-4000578-4002531-1007.jpg, http://images.manheim.co.uk/images/units/zoom/insp-0001-4000578-4002531-1008.jpg, http://images.manheim.co.uk/images/units/zoom/insp-0001-4000578-4002531-1009.jpg, http://images.manheim.co.uk/images/units/zoom/insp-0001-4000578-4002531-1010.jpg",http://ecr.manheim.co.uk/pdf/MOL-0004000578-01981895-002.pdf,2,3,12/01/2022,17246,"23/01/2025, 08/06/2023, 12/01/2022","57013, 39106, 17246","HIQ CUMBRIA, EVANS HALSHAW FORD CHESTER, EVANS HALSHAW FORD CHESTER","Print, Print, Print",,Apr-26,FORD,PUMA,1.0 EcoBoost Hybrid mHEV 155 ST-Line 5dr,0,07/01/2026, 
DK68JSY,"VOLVO
XC60
2.0 T5 [250] R DESIGN 5dr AWD Geartronic",Lane 2 - Available Car / ...,Automatic,Petrol,2.0,5.0,£15850,£14500,£18300,2,EstateGRADE 2CP GREENSC SilverView Report,CP GREEN,2018,Oct 2018,78412,BLACK,BLACK,Metallic,BLACK,Part Leather,5,2,With Manheim,Margin,No,No,No,Lloyd Motor Group,Leeds,"Air Conditioning, Auto Climate Control, Automatic Lights, Automatic Wipers, Bluetooth, Cruise Control, DAB, Dual Zone Climate, Front Parking Sensors, Heated Seats, Media Connectivity, Part Leather, Privacy Glass, Rear Parking Sensors, Reversing camera, Sat Nav Functioning, Traction Control, CO2: 173",,"£15,250",https://www.manheim.co.uk/nama,"http://images.manheim.co.uk/images/units/zoom/f3e7d374-cb91-4c73-830c-a290c5364660_ext_7.jpg, http://images.manheim.co.uk/images/units/zoom/f3e7d374-cb91-4c73-830c-a290c5364660_ext_6.jpg, http://images.manheim.co.uk/images/units/zoom/f3e7d374-cb91-4c73-830c-a290c5364660_ext_1.jpg, http://images.manheim.co.uk/images/units/zoom/f3e7d374-cb91-4c73-830c-a290c5364660_5.jpg, http://images.manheim.co.uk/images/units/zoom/f3e7d374-cb91-4c73-830c-a290c5364660_4.jpg, http://images.manheim.co.uk/images/units/zoom/f3e7d374-cb91-4c73-830c-a290c5364660_11.jpg, http://images.manheim.co.uk/images/units/zoom/f3e7d374-cb91-4c73-830c-a290c5364660_10.jpg, http://images.manheim.co.uk/images/units/zoom/f3e7d374-cb91-4c73-830c-a290c5364660_9.jpg, http://images.manheim.co.uk/images/units/zoom/f3e7d374-cb91-4c73-830c-a290c5364660_ext_2.jpg, http://images.manheim.co.uk/images/units/zoom/f3e7d374-cb91-4c73-830c-a290c5364660_ext_5.jpg, http://images.manheim.co.uk/images/units/zoom/f3e7d374-cb91-4c73-830c-a290c5364660_ext_3.jpg, http://images.manheim.co.uk/images/units/zoom/f3e7d374-cb91-4c73-830c-a290c5364660_ext_4.jpg, http://images.manheim.co.uk/images/units/zoom/insp-0001-4011672-4014054-13.jpg, http://images.manheim.co.uk/images/units/zoom/insp-0001-4011672-4014054-1000.jpg, http://images.manheim.co.uk/images/units/zoom/insp-0001-4011672-4014054-1001.jpg, http://images.manheim.co.uk/images/units/zoom/insp-0001-4011672-4014054-1002.jpg, http://images.manheim.co.uk/images/units/zoom/insp-0001-4011672-4014054-1003.jpg, http://images.manheim.co.uk/images/units/zoom/insp-0001-4011672-4014054-1004.jpg, http://images.manheim.co.uk/images/units/zoom/insp-0001-4011672-4014054-1005.jpg, http://images.manheim.co.uk/images/units/zoom/insp-0001-4011672-4014054-1006.jpg, http://images.manheim.co.uk/images/units/zoom/insp-0001-4011672-4014054-1007.jpg, http://images.manheim.co.uk/images/units/zoom/insp-0001-4011672-4014054-1008.jpg, http://images.manheim.co.uk/images/units/zoom/insp-0001-4011672-4014054-1009.jpg",http://ecr.manheim.co.uk/pdf/MOL-0004011672-01993789-007.pdf,3,7,26/04/2019,5241,"19/02/2025, 13/03/2024, 14/03/2023, 01/04/2022, 27/04/2021, 21/05/2020, 26/04/2019","64695, 49085, 30044, 19077, 13780, 9230, 5241","Cartell MOT & Service, Lloyd, Lloyd, P.V Dobson, P.V Dobsons & Sons, Rybrook Volvo, Rybrook Volvo","Book, Book, Book, Book, Book, Book, Book",,Aug-26,VOLVO,XC60,2.0 T5 [250] R DESIGN 5dr AWD Geartronic,0,05/01/2026, 
DL73UHX,"VAUXHALL
CORSA
1.2 Turbo 130 GS 5dr Auto",SIMULCAST AND PHYSICAL - ...,Semi-Automatic,Petrol,1.2,5.0,£14800,£13600,£16800,2,HatchbackGRADE 2CP GREENSC GoldView Report,CP GREEN,2023,Nov 2023,4293,RED,RED,Metallic,,Part Leather,5,1,With Manheim,Qualifying,No,No,No,Leasys,Manchester,"Air Conditioning, Auto Climate Control, Automatic Lights, Automatic Wipers, Bluetooth, DAB, Dual Zone Climate, Front Parking Sensors, Media Connectivity, Part Leather, Rear Parking Sensors, Reversing camera, CO2: 124",,"£14,300",https://www.manheim.co.uk/nama,"http://images.manheim.co.uk/images/units/zoom/574b70eb-efc2-4a5e-8442-219ea13e635f_ext_7.jpg, http://images.manheim.co.uk/images/units/zoom/574b70eb-efc2-4a5e-8442-219ea13e635f_ext_6.jpg, http://images.manheim.co.uk/images/units/zoom/574b70eb-efc2-4a5e-8442-219ea13e635f_ext_1.jpg, http://images.manheim.co.uk/images/units/zoom/574b70eb-efc2-4a5e-8442-219ea13e635f_5.jpg, http://images.manheim.co.uk/images/units/zoom/574b70eb-efc2-4a5e-8442-219ea13e635f_4.jpg, http://images.manheim.co.uk/images/units/zoom/574b70eb-efc2-4a5e-8442-219ea13e635f_11.jpg, http://images.manheim.co.uk/images/units/zoom/574b70eb-efc2-4a5e-8442-219ea13e635f_10.jpg, http://images.manheim.co.uk/images/units/zoom/574b70eb-efc2-4a5e-8442-219ea13e635f_9.jpg, http://images.manheim.co.uk/images/units/zoom/574b70eb-efc2-4a5e-8442-219ea13e635f_ext_2.jpg, http://images.manheim.co.uk/images/units/zoom/574b70eb-efc2-4a5e-8442-219ea13e635f_ext_5.jpg, http://images.manheim.co.uk/images/units/zoom/574b70eb-efc2-4a5e-8442-219ea13e635f_ext_3.jpg, http://images.manheim.co.uk/images/units/zoom/574b70eb-efc2-4a5e-8442-219ea13e635f_ext_4.jpg, http://images.manheim.co.uk/images/units/zoom/insp-0001-3973328-3959799-13.jpg, http://images.manheim.co.uk/images/units/zoom/insp-0001-3973328-3959799-1000.jpg, http://images.manheim.co.uk/images/units/zoom/insp-0001-3973328-3959799-1001.jpg, http://images.manheim.co.uk/images/units/zoom/insp-0001-3973328-3959799-1002.jpg, http://images.manheim.co.uk/images/units/zoom/insp-0001-3973328-3959799-1003.jpg, http://images.manheim.co.uk/images/units/zoom/insp-0001-3973328-3959799-1004.jpg, http://images.manheim.co.uk/images/units/zoom/insp-0001-3973328-3959799-1005.jpg, http://images.manheim.co.uk/images/units/zoom/insp-0001-3973328-3959799-1006.jpg, http://images.manheim.co.uk/images/units/zoom/insp-0001-3973328-3959799-1007.jpg, http://images.manheim.co.uk/images/units/zoom/insp-0001-3973328-3959799-1008.jpg",http://ecr.manheim.co.uk/pdf/MOL-0003973328-01954465-004.pdf,1,0,,,,,,,,,VAUXHALL,CORSA,1.2 Turbo 130 GS 5dr Auto,0,18/12/2025, 
DM17TAT,"MERCEDES-BENZ
GLC
GLC 250 4Matic AMG Line Premium 5dr 9G-Tronic",SIMULCAST AND PHYSICAL - ...,Automatic,Petrol,2.0,5.0,£15250,£13900,£17900,3,EstateGRADE 3CP GREENSC SilverView Report,CP GREEN,2018,Jul 2018,87813,GREY,GREY,Metallic,BLACK,LEATHER,5,1,With Manheim,Margin,No,No,No,Santander Consumer,Manchester,"Air Conditioning, Auto Climate Control, Automatic Lights, Bluetooth, Cruise Control, DAB, Dual Zone Climate, Electric Sun Roof, Front Parking Sensors, Full Leather Trim, Heated Seats, Media Connectivity, Part Leather, Privacy Glass, Radio CD, Rear Parking Sensors, Reversing camera, Sat Nav Inoperative, Traction Control, CO2: 174",,"£15,250",https://www.manheim.co.uk/nama,"http://images.manheim.co.uk/images/units/zoom/5aad3d16-d3a8-49d8-a389-521ea0c6a3cd_ext_7.jpg, http://images.manheim.co.uk/images/units/zoom/5aad3d16-d3a8-49d8-a389-521ea0c6a3cd_ext_6.jpg, http://images.manheim.co.uk/images/units/zoom/5aad3d16-d3a8-49d8-a389-521ea0c6a3cd_ext_1.jpg, http://images.manheim.co.uk/images/units/zoom/5aad3d16-d3a8-49d8-a389-521ea0c6a3cd_5.jpg, http://images.manheim.co.uk/images/units/zoom/5aad3d16-d3a8-49d8-a389-521ea0c6a3cd_4.jpg, http://images.manheim.co.uk/images/units/zoom/5aad3d16-d3a8-49d8-a389-521ea0c6a3cd_11.jpg, http://images.manheim.co.uk/images/units/zoom/5aad3d16-d3a8-49d8-a389-521ea0c6a3cd_10.jpg, http://images.manheim.co.uk/images/units/zoom/5aad3d16-d3a8-49d8-a389-521ea0c6a3cd_9.jpg, http://images.manheim.co.uk/images/units/zoom/5aad3d16-d3a8-49d8-a389-521ea0c6a3cd_ext_2.jpg, http://images.manheim.co.uk/images/units/zoom/5aad3d16-d3a8-49d8-a389-521ea0c6a3cd_ext_5.jpg, http://images.manheim.co.uk/images/units/zoom/5aad3d16-d3a8-49d8-a389-521ea0c6a3cd_ext_3.jpg, http://images.manheim.co.uk/images/units/zoom/5aad3d16-d3a8-49d8-a389-521ea0c6a3cd_ext_4.jpg, http://images.manheim.co.uk/images/units/zoom/insp-0001-4009887-4011993-13.jpg, http://images.manheim.co.uk/images/units/zoom/insp-0001-4009887-4011993-1000.jpg, http://images.manheim.co.uk/images/units/zoom/insp-0001-4009887-4011993-1001.jpg, http://images.manheim.co.uk/images/units/zoom/insp-0001-4009887-4011993-1002.jpg, http://images.manheim.co.uk/images/units/zoom/insp-0001-4009887-4011993-1003.jpg, http://images.manheim.co.uk/images/units/zoom/insp-0001-4009887-4011993-1004.jpg, http://images.manheim.co.uk/images/units/zoom/insp-0001-4009887-4011993-1005.jpg, http://images.manheim.co.uk/images/units/zoom/insp-0001-4009887-4011993-1006.jpg, http://images.manheim.co.uk/images/units/zoom/insp-0001-4009887-4011993-1007.jpg, http://images.manheim.co.uk/images/units/zoom/insp-0001-4009887-4011993-1008.jpg, http://images.manheim.co.uk/images/units/zoom/insp-0001-4009887-4011993-1009.jpg, http://images.manheim.co.uk/images/units/zoom/insp-0001-4009887-4011993-1010.jpg, http://images.manheim.co.uk/images/units/zoom/insp-0001-4009887-4011993-1011.jpg, http://images.manheim.co.uk/images/units/zoom/insp-0001-4009887-4011993-1012.jpg, http://images.manheim.co.uk/images/units/zoom/insp-0001-4009887-4011993-1013.jpg, http://images.manheim.co.uk/images/units/zoom/insp-0001-4009887-4011993-1014.jpg, http://images.manheim.co.uk/images/units/zoom/insp-0001-4009887-4011993-1015.jpg, http://images.manheim.co.uk/images/units/zoom/insp-0001-4009887-4011993-1016.jpg, http://images.manheim.co.uk/images/units/zoom/insp-0001-4009887-4011993-1017.jpg, http://images.manheim.co.uk/images/units/zoom/insp-0001-4009887-4011993-1018.jpg, http://images.manheim.co.uk/images/units/zoom/insp-0001-4009887-4011993-1019.jpg, http://images.manheim.co.uk/images/units/zoom/insp-0001-4009887-4011993-1020.jpg, http://images.manheim.co.uk/images/units/zoom/insp-0001-4009887-4011993-1021.jpg, http://images.manheim.co.uk/images/units/zoom/insp-0001-4009887-4011993-1022.jpg, http://images.manheim.co.uk/images/units/zoom/insp-0001-4009887-4011993-1023.jpg, http://images.manheim.co.uk/images/units/zoom/insp-0001-4009887-4011993-1024.jpg, http://images.manheim.co.uk/images/units/zoom/insp-0001-4009887-4011993-1025.jpg, http://images.manheim.co.uk/images/units/zoom/insp-0001-4009887-4011993-1026.jpg",http://ecr.manheim.co.uk/pdf/MOL-0004009887-01992120-003.pdf,2,4,09/07/2021,PASSED,"07/03/2025, 07/03/2024, 09/01/2023, 09/07/2021","PASSED, PASSED, PASSED, PASSED","77107, 67906, 58260, 33407","06/03/2026, 06/03/2025, 08/01/2024, 24/07/2022",,Mar-26,MERCEDES-BENZ,GLC,GLC 250 4Matic AMG Line Premium 5dr 9G-Tronic,0,18/12/2025, 
DN21WLP,"VAUXHALL
CORSA
1.2 Turbo Elite Nav Premium 5dr",Lane 1 - Arval / Novuna /...,Manual,Petrol,1.2,5.0,£8925,£7900,£10950,4,HatchbackGRADE 4CP GREENSC GoldView Report,CP GREEN,2021,May 2021,31281,GREY,GREY,Metallic,BLACK,,5,1,With Manheim,Qualifying,No,No,No,Leasys,Leeds,"Air Conditioning, Auto Climate Control, Automatic Lights, Bluetooth, Cruise Control, DAB, Front Parking Sensors, Heated Seats, Rear Parking Sensors, Reversing camera, Sat Nav Functioning, CO2: 120",,"£8,000",https://www.manheim.co.uk/nama,"http://images.manheim.co.uk/images/units/zoom/e59391ee-f375-4ff2-8694-f70d7a553272_ext_7.jpg, http://images.manheim.co.uk/images/units/zoom/e59391ee-f375-4ff2-8694-f70d7a553272_ext_6.jpg, http://images.manheim.co.uk/images/units/zoom/e59391ee-f375-4ff2-8694-f70d7a553272_ext_1.jpg, http://images.manheim.co.uk/images/units/zoom/e59391ee-f375-4ff2-8694-f70d7a553272_5.jpg, http://images.manheim.co.uk/images/units/zoom/e59391ee-f375-4ff2-8694-f70d7a553272_4.jpg, http://images.manheim.co.uk/images/units/zoom/e59391ee-f375-4ff2-8694-f70d7a553272_11.jpg, http://images.manheim.co.uk/images/units/zoom/e59391ee-f375-4ff2-8694-f70d7a553272_10.jpg, http://images.manheim.co.uk/images/units/zoom/e59391ee-f375-4ff2-8694-f70d7a553272_9.jpg, http://images.manheim.co.uk/images/units/zoom/e59391ee-f375-4ff2-8694-f70d7a553272_ext_2.jpg, http://images.manheim.co.uk/images/units/zoom/e59391ee-f375-4ff2-8694-f70d7a553272_ext_5.jpg, http://images.manheim.co.uk/images/units/zoom/e59391ee-f375-4ff2-8694-f70d7a553272_ext_3.jpg, http://images.manheim.co.uk/images/units/zoom/e59391ee-f375-4ff2-8694-f70d7a553272_ext_4.jpg, http://images.manheim.co.uk/images/units/zoom/insp-0001-3930617-3989916-13.jpg, http://images.manheim.co.uk/images/units/zoom/insp-0001-3930617-3989916-1000.jpg, http://images.manheim.co.uk/images/units/zoom/insp-0001-3930617-3989916-1001.jpg, http://images.manheim.co.uk/images/units/zoom/insp-0001-3930617-3989916-1002.jpg, http://images.manheim.co.uk/images/units/zoom/insp-0001-3930617-3989916-1003.jpg, http://images.manheim.co.uk/images/units/zoom/insp-0001-3930617-3989916-1004.jpg, http://images.manheim.co.uk/images/units/zoom/insp-0001-3930617-3989916-1005.jpg, http://images.manheim.co.uk/images/units/zoom/insp-0001-3930617-3989916-1006.jpg, http://images.manheim.co.uk/images/units/zoom/insp-0001-3930617-3989916-1007.jpg, http://images.manheim.co.uk/images/units/zoom/insp-0001-3930617-3989916-1008.jpg, http://images.manheim.co.uk/images/units/zoom/insp-0001-3930617-3989916-1009.jpg, http://images.manheim.co.uk/images/units/zoom/insp-0001-3930617-3989916-1010.jpg, http://images.manheim.co.uk/images/units/zoom/insp-0001-3930617-3989916-1011.jpg, http://images.manheim.co.uk/images/units/zoom/insp-0001-3930617-3989916-1012.jpg, http://images.manheim.co.uk/images/units/zoom/insp-0001-3930617-3989916-1013.jpg, http://images.manheim.co.uk/images/units/zoom/insp-0001-3930617-3989916-1014.jpg, http://images.manheim.co.uk/images/units/zoom/insp-0001-3930617-3989916-1015.jpg, http://images.manheim.co.uk/images/units/zoom/insp-0001-3930617-3989916-1016.jpg, http://images.manheim.co.uk/images/units/zoom/insp-0001-3930617-3989916-1017.jpg, http://images.manheim.co.uk/images/units/zoom/insp-0001-3930617-3989916-1018.jpg, http://images.manheim.co.uk/images/units/zoom/insp-0001-3930617-3989916-1019.jpg, http://images.manheim.co.uk/images/units/zoom/insp-0001-3930617-3989916-1020.jpg, http://images.manheim.co.uk/images/units/zoom/insp-0001-3930617-3989916-1021.jpg, http://images.manheim.co.uk/images/units/zoom/insp-0001-3930617-3989916-1022.jpg, http://images.manheim.co.uk/images/units/zoom/insp-0001-3930617-3989916-1023.jpg, http://images.manheim.co.uk/images/units/zoom/insp-0001-3930617-3989916-1024.jpg, http://images.manheim.co.uk/images/units/zoom/insp-0001-3930617-3989916-1025.jpg, http://images.manheim.co.uk/images/units/zoom/insp-0001-3930617-3989916-1026.jpg, http://images.manheim.co.uk/images/units/zoom/insp-0001-3930617-3989916-1027.jpg, http://images.manheim.co.uk/images/units/zoom/insp-0001-3930617-3989916-1028.jpg, http://images.manheim.co.uk/images/units/zoom/insp-0001-3930617-3989916-1029.jpg, http://images.manheim.co.uk/images/units/zoom/insp-0001-3930617-3989916-1030.jpg, http://images.manheim.co.uk/images/units/zoom/insp-0001-3930617-3989916-1031.jpg, http://images.manheim.co.uk/images/units/zoom/insp-0001-3930617-3989916-1032.jpg, http://images.manheim.co.uk/images/units/zoom/insp-0001-3930617-3989916-1033.jpg, http://images.manheim.co.uk/images/units/zoom/insp-0001-3930617-3989916-1034.jpg, http://images.manheim.co.uk/images/units/zoom/insp-0001-3930617-3989916-1035.jpg",http://ecr.manheim.co.uk/pdf/MOL-0003930617-01977302-002.pdf,1,0,,,,,,,,May-26,VAUXHALL,CORSA,1.2 Turbo Elite Nav Premium 5dr,0,05/01/2026, 
DN24YHE,"VAUXHALL
GRANDLAND
1.2 Turbo Ultimate 5dr Auto",Lane 1 - Arval / Novuna /...,Automatic,Petrol,1.2,5.0,£18700,£17350,£21000,2,HatchbackGRADE 2CP GREENSC GoldView Report,CP GREEN,2024,Mar 2024,10120,RED,RED,Metallic,BLACK,Part Leather,5,2,With Manheim,Qualifying,No,No,No,Leasys,Leeds,"Air Conditioning, Auto Climate Control, Automatic Lights, Automatic Wipers, Cruise Control, DAB, Dual Zone Climate, Heated Front Screen, Heated Seats, Part Leather, Reversing camera, Sat Nav Functioning, CO2: 147",,"£18,500",https://www.manheim.co.uk/nama,"http://images.manheim.co.uk/images/units/zoom/c1c21b8d-c213-46ad-a3da-3d462d13fc1f_ext_7.jpg, http://images.manheim.co.uk/images/units/zoom/c1c21b8d-c213-46ad-a3da-3d462d13fc1f_ext_6.jpg, http://images.manheim.co.uk/images/units/zoom/c1c21b8d-c213-46ad-a3da-3d462d13fc1f_ext_1.jpg, http://images.manheim.co.uk/images/units/zoom/c1c21b8d-c213-46ad-a3da-3d462d13fc1f_5.jpg, http://images.manheim.co.uk/images/units/zoom/c1c21b8d-c213-46ad-a3da-3d462d13fc1f_4.jpg, http://images.manheim.co.uk/images/units/zoom/c1c21b8d-c213-46ad-a3da-3d462d13fc1f_11.jpg, http://images.manheim.co.uk/images/units/zoom/c1c21b8d-c213-46ad-a3da-3d462d13fc1f_10.jpg, http://images.manheim.co.uk/images/units/zoom/c1c21b8d-c213-46ad-a3da-3d462d13fc1f_9.jpg, http://images.manheim.co.uk/images/units/zoom/c1c21b8d-c213-46ad-a3da-3d462d13fc1f_ext_2.jpg, http://images.manheim.co.uk/images/units/zoom/c1c21b8d-c213-46ad-a3da-3d462d13fc1f_ext_5.jpg, http://images.manheim.co.uk/images/units/zoom/c1c21b8d-c213-46ad-a3da-3d462d13fc1f_ext_3.jpg, http://images.manheim.co.uk/images/units/zoom/c1c21b8d-c213-46ad-a3da-3d462d13fc1f_ext_4.jpg, http://images.manheim.co.uk/images/units/zoom/insp-0001-3955634-3983661-13.jpg, http://images.manheim.co.uk/images/units/zoom/insp-0001-3955634-3983661-1000.jpg, http://images.manheim.co.uk/images/units/zoom/insp-0001-3955634-3983661-1001.jpg, http://images.manheim.co.uk/images/units/zoom/insp-0001-3955634-3983661-1002.jpg, http://images.manheim.co.uk/images/units/zoom/insp-0001-3955634-3983661-1003.jpg, http://images.manheim.co.uk/images/units/zoom/insp-0001-3955634-3983661-1004.jpg",http://ecr.manheim.co.uk/pdf/MOL-0003955634-01970948-003.pdf,1,1,22/05/2025,6687,22/05/2025,6687,PERRYS,Book,,,VAUXHALL,GRANDLAND,1.2 Turbo Ultimate 5dr Auto,0,05/01/2026, 
DP24PXW,"NISSAN
ARIYA
225kW Advance 87kWh 22kWCh 5dr e-4ORCE Auto",Lane 1 - Arval / Novuna /...,Automatic,Electric,,,£25950,£24650,£29000,1,,CP GREEN,2024,Jun 2024,9257,GREY,GREY,Metallic,BLACK,Part Leather,5,2,With Manheim,Qualifying,No,No,No,Leasys,Leeds,"Air Conditioning, Auto Climate Control, Automatic Lights, Automatic Wipers, Bluetooth, Cruise Control, DAB, Dual Zone Climate, Front Parking Sensors, Heated Front Screen, Heated Seats, Part Leather, Privacy Glass, Rear Parking Sensors, Reversing camera, Sat Nav Functioning, CO2: 0",,"£25,700",https://www.manheim.co.uk/nama,"http://images.manheim.co.uk/images/units/zoom/f029de5c-a543-43e3-930a-d632925263a9_ext_7.jpg, http://images.manheim.co.uk/images/units/zoom/f029de5c-a543-43e3-930a-d632925263a9_ext_6.jpg, http://images.manheim.co.uk/images/units/zoom/f029de5c-a543-43e3-930a-d632925263a9_ext_1.jpg, http://images.manheim.co.uk/images/units/zoom/f029de5c-a543-43e3-930a-d632925263a9_5.jpg, http://images.manheim.co.uk/images/units/zoom/f029de5c-a543-43e3-930a-d632925263a9_4.jpg, http://images.manheim.co.uk/images/units/zoom/f029de5c-a543-43e3-930a-d632925263a9_11.jpg, http://images.manheim.co.uk/images/units/zoom/f029de5c-a543-43e3-930a-d632925263a9_10.jpg, http://images.manheim.co.uk/images/units/zoom/f029de5c-a543-43e3-930a-d632925263a9_9.jpg, http://images.manheim.co.uk/images/units/zoom/f029de5c-a543-43e3-930a-d632925263a9_ext_2.jpg, http://images.manheim.co.uk/images/units/zoom/f029de5c-a543-43e3-930a-d632925263a9_ext_5.jpg, http://images.manheim.co.uk/images/units/zoom/f029de5c-a543-43e3-930a-d632925263a9_ext_3.jpg, http://images.manheim.co.uk/images/units/zoom/f029de5c-a543-43e3-930a-d632925263a9_ext_4.jpg, http://images.manheim.co.uk/images/units/zoom/insp-0001-3973656-3990648-13.jpg, http://images.manheim.co.uk/images/units/zoom/insp-0001-3973656-3990648-1000.jpg, http://images.manheim.co.uk/images/units/zoom/insp-0001-3973656-3990648-1001.jpg, http://images.manheim.co.uk/images/units/zoom/insp-0001-3973656-3990648-1002.jpg",http://ecr.manheim.co.uk/pdf/MOL-0003973656-01968093-002.pdf,1,0,,,,,,,,,NISSAN,ARIYA,225kW Advance 87kWh 22kWCh 5dr e-4ORCE Auto,0,05/01/2026, 
DP70LFA,"MERCEDES-BENZ
CLA
CLA 250e AMG Line Premium 4dr Tip Auto",SIMULCAST AND PHYSICAL - ...,Automatic,Petrol PHEV,1.3,4.0,£14050,£12950,£16250,3,CoupeGRADE 3CP GREENSC SilverView Report,CP GREEN,2020,Dec 2020,89197,GREY,GREY,Metallic,BLACK,LEATHER,5,2,With Manheim,Margin,No,No,No,LSH Auto Group,Manchester,"Air Conditioning, Auto Climate Control, Automatic Lights, Bluetooth, DAB, Dual Zone Climate, Front Parking Sensors, Full Leather Trim, Heated Seats, Media Connectivity, Privacy Glass, Rear Parking Sensors, Reversing camera, Sat Nav Functioning, Traction Control, CO2: 23",,"£13,602",https://www.manheim.co.uk/nama,"http://images.manheim.co.uk/images/units/zoom/1003a97d-3150-4a0e-b23d-dfc580b4fbbe_ext_7.jpg, http://images.manheim.co.uk/images/units/zoom/1003a97d-3150-4a0e-b23d-dfc580b4fbbe_ext_6.jpg, http://images.manheim.co.uk/images/units/zoom/1003a97d-3150-4a0e-b23d-dfc580b4fbbe_ext_1.jpg, http://images.manheim.co.uk/images/units/zoom/1003a97d-3150-4a0e-b23d-dfc580b4fbbe_5.jpg, http://images.manheim.co.uk/images/units/zoom/1003a97d-3150-4a0e-b23d-dfc580b4fbbe_4.jpg, http://images.manheim.co.uk/images/units/zoom/1003a97d-3150-4a0e-b23d-dfc580b4fbbe_11.jpg, http://images.manheim.co.uk/images/units/zoom/1003a97d-3150-4a0e-b23d-dfc580b4fbbe_10.jpg, http://images.manheim.co.uk/images/units/zoom/1003a97d-3150-4a0e-b23d-dfc580b4fbbe_9.jpg, http://images.manheim.co.uk/images/units/zoom/1003a97d-3150-4a0e-b23d-dfc580b4fbbe_ext_2.jpg, http://images.manheim.co.uk/images/units/zoom/1003a97d-3150-4a0e-b23d-dfc580b4fbbe_ext_5.jpg, http://images.manheim.co.uk/images/units/zoom/1003a97d-3150-4a0e-b23d-dfc580b4fbbe_ext_3.jpg, http://images.manheim.co.uk/images/units/zoom/1003a97d-3150-4a0e-b23d-dfc580b4fbbe_ext_4.jpg, http://images.manheim.co.uk/images/units/zoom/insp-0001-4009261-4007875-13.jpg, http://images.manheim.co.uk/images/units/zoom/insp-0001-4009261-4007875-1000.jpg, http://images.manheim.co.uk/images/units/zoom/insp-0001-4009261-4007875-1001.jpg, http://images.manheim.co.uk/images/units/zoom/insp-0001-4009261-4007875-1002.jpg, http://images.manheim.co.uk/images/units/zoom/insp-0001-4009261-4007875-1003.jpg, http://images.manheim.co.uk/images/units/zoom/insp-0001-4009261-4007875-1004.jpg, http://images.manheim.co.uk/images/units/zoom/insp-0001-4009261-4007875-1005.jpg, http://images.manheim.co.uk/images/units/zoom/insp-0001-4009261-4007875-1006.jpg, http://images.manheim.co.uk/images/units/zoom/insp-0001-4009261-4007875-1007.jpg, http://images.manheim.co.uk/images/units/zoom/insp-0001-4009261-4007875-1008.jpg, http://images.manheim.co.uk/images/units/zoom/insp-0001-4009261-4007875-1009.jpg, http://images.manheim.co.uk/images/units/zoom/insp-0001-4009261-4007875-1010.jpg, http://images.manheim.co.uk/images/units/zoom/insp-0001-4009261-4007875-1011.jpg, http://images.manheim.co.uk/images/units/zoom/insp-0001-4009261-4007875-1012.jpg, http://images.manheim.co.uk/images/units/zoom/insp-0001-4009261-4007875-1013.jpg, http://images.manheim.co.uk/images/units/zoom/insp-0001-4009261-4007875-1014.jpg, http://images.manheim.co.uk/images/units/zoom/insp-0001-4009261-4007875-1015.jpg, http://images.manheim.co.uk/images/units/zoom/insp-0001-4009261-4007875-1016.jpg, http://images.manheim.co.uk/images/units/zoom/insp-0001-4009261-4007875-1017.jpg",http://ecr.manheim.co.uk/pdf/MOL-0004009261-01991400-005.pdf,2,5,07/09/2021,15521,"14/02/2025, 24/02/2024, 06/03/2023, 30/05/2022, 07/09/2021","78084, 64159, 48036, 32228, 15521","LSH AUTO, LSH AUTO, LSH AUTO, LSH AUTO, LSH AUTO","Print, Print, Print, Print, Print",,Nov-26,MERCEDES-BENZ,CLA,CLA 250e AMG Line Premium 4dr Tip Auto,0,18/12/2025, 
DS24OWW,"VAUXHALL
GRANDLAND
1.2 Turbo Ultimate 5dr",Lane 1 - Arval / Novuna /...,Manual,Petrol,1.2,5.0,£16850,£15500,£19250,1,HatchbackGRADE 1CP GREENSC GoldView Report,CP GREEN,2024,Apr 2024,11480,WHITE,WHITE,Metallic,BLACK,Part Leather,5,2,With Manheim,Qualifying,No,No,No,Leasys,Leeds,"6 Speed, Air Conditioning, Auto Climate Control, Automatic Lights, Automatic Wipers, Bluetooth, Cruise Control, DAB, Dual Zone Climate, Front Parking Sensors, Heated Seats, Part Leather, Privacy Glass, Rear Parking Sensors, Reversing camera, Sat Nav Functioning, CO2: 140",,"£16,500",https://www.manheim.co.uk/nama,"http://images.manheim.co.uk/images/units/zoom/98752064-20c7-4a9c-b570-0dcfd104133d_ext_7.jpg, http://images.manheim.co.uk/images/units/zoom/98752064-20c7-4a9c-b570-0dcfd104133d_ext_6.jpg, http://images.manheim.co.uk/images/units/zoom/98752064-20c7-4a9c-b570-0dcfd104133d_ext_1.jpg, http://images.manheim.co.uk/images/units/zoom/98752064-20c7-4a9c-b570-0dcfd104133d_5.jpg, http://images.manheim.co.uk/images/units/zoom/98752064-20c7-4a9c-b570-0dcfd104133d_4.jpg, http://images.manheim.co.uk/images/units/zoom/98752064-20c7-4a9c-b570-0dcfd104133d_11.jpg, http://images.manheim.co.uk/images/units/zoom/98752064-20c7-4a9c-b570-0dcfd104133d_10.jpg, http://images.manheim.co.uk/images/units/zoom/98752064-20c7-4a9c-b570-0dcfd104133d_9.jpg, http://images.manheim.co.uk/images/units/zoom/98752064-20c7-4a9c-b570-0dcfd104133d_ext_2.jpg, http://images.manheim.co.uk/images/units/zoom/98752064-20c7-4a9c-b570-0dcfd104133d_ext_5.jpg, http://images.manheim.co.uk/images/units/zoom/98752064-20c7-4a9c-b570-0dcfd104133d_ext_3.jpg, http://images.manheim.co.uk/images/units/zoom/98752064-20c7-4a9c-b570-0dcfd104133d_ext_4.jpg, http://images.manheim.co.uk/images/units/zoom/insp-0001-3939893-3981515-13.jpg, http://images.manheim.co.uk/images/units/zoom/insp-0001-3939893-3981515-1000.jpg",http://ecr.manheim.co.uk/pdf/MOL-0003939893-01972422-003.pdf,1,0,,,,,,,,,VAUXHALL,GRANDLAND,1.2 Turbo Ultimate 5dr,0,05/01/2026, 
DS24POH,"VAUXHALL
GRANDLAND
1.2 Turbo Ultimate 5dr Auto",Lane 1 - Arval / Novuna /...,Automatic,Petrol,1.2,5.0,£18350,£17000,£20750,2,HatchbackGRADE 2CP GREENSC GoldView Report,CP GREEN,2024,Apr 2024,13259,GREY,GREY,Metallic,BLACK,Part Leather,5,2,With Manheim,Qualifying,No,No,No,Leasys,Leeds,"Air Conditioning, Bluetooth, Cruise Control, Heated Seats, Part Leather, Reversing camera, Sat Nav Functioning, CO2: 147",,"£18,000",https://www.manheim.co.uk/nama,"http://images.manheim.co.uk/images/units/zoom/426a0131-d8e6-467c-b5e8-38207b878ab1_ext_7.jpg, http://images.manheim.co.uk/images/units/zoom/426a0131-d8e6-467c-b5e8-38207b878ab1_ext_6.jpg, http://images.manheim.co.uk/images/units/zoom/426a0131-d8e6-467c-b5e8-38207b878ab1_ext_1.jpg, http://images.manheim.co.uk/images/units/zoom/426a0131-d8e6-467c-b5e8-38207b878ab1_5.jpg, http://images.manheim.co.uk/images/units/zoom/426a0131-d8e6-467c-b5e8-38207b878ab1_4.jpg, http://images.manheim.co.uk/images/units/zoom/426a0131-d8e6-467c-b5e8-38207b878ab1_11.jpg, http://images.manheim.co.uk/images/units/zoom/426a0131-d8e6-467c-b5e8-38207b878ab1_10.jpg, http://images.manheim.co.uk/images/units/zoom/426a0131-d8e6-467c-b5e8-38207b878ab1_9.jpg, http://images.manheim.co.uk/images/units/zoom/426a0131-d8e6-467c-b5e8-38207b878ab1_ext_2.jpg, http://images.manheim.co.uk/images/units/zoom/426a0131-d8e6-467c-b5e8-38207b878ab1_ext_5.jpg, http://images.manheim.co.uk/images/units/zoom/426a0131-d8e6-467c-b5e8-38207b878ab1_ext_3.jpg, http://images.manheim.co.uk/images/units/zoom/426a0131-d8e6-467c-b5e8-38207b878ab1_ext_4.jpg, http://images.manheim.co.uk/images/units/zoom/insp-0001-3976835-3991595-13.jpg, http://images.manheim.co.uk/images/units/zoom/insp-0001-3976835-3991595-1000.jpg, http://images.manheim.co.uk/images/units/zoom/insp-0001-3976835-3991595-1001.jpg",http://ecr.manheim.co.uk/pdf/MOL-0003976835-01974976-002.pdf,1,1,09/06/2025,9381,09/06/2025,9381,DAVIDSONS,Book,,,VAUXHALL,GRANDLAND,1.2 Turbo Ultimate 5dr Auto,0,05/01/2026, 
DU18KGJ,"VAUXHALL
CROSSLAND X
1.2 Tech Line Nav 5dr","Available Car, Pulman Gro...",Manual,Petrol,1.2,5.0,£3500,£2975,£5295,4,HatchbackGRADE 4CP GREENSC SilverView Report,CP GREEN,2018,Jun 2018,80347,RED,RED,Metallic,BLACK,Part Leather,5,2,With Manheim,Margin,No,No,No,S G Petch,Washington,"Air Conditioning, Auto Climate Control, Automatic Lights, Automatic Wipers, Bluetooth, Cruise Control, DAB, Media Connectivity, Part Leather, Rear Parking Sensors, Sat Nav Functioning, Traction Control, CO2: 116",,"£2,850",https://www.manheim.co.uk/nama,"http://images.manheim.co.uk/images/units/zoom/4003878-9999999-337155716-004.jpg, http://images.manheim.co.uk/images/units/zoom/4003878-9999999-337155716-008.jpg, http://images.manheim.co.uk/images/units/zoom/4003878-9999999-337155716-001.jpg, http://images.manheim.co.uk/images/units/zoom/4003878-9999999-337155716-002.jpg, http://images.manheim.co.uk/images/units/zoom/4003878-9999999-337155716-003.jpg, http://images.manheim.co.uk/images/units/zoom/4003878-9999999-337155716-005.jpg, http://images.manheim.co.uk/images/units/zoom/4003878-9999999-337155716-006.jpg, http://images.manheim.co.uk/images/units/zoom/4003878-9999999-337155716-007.jpg, http://images.manheim.co.uk/images/units/zoom/4003878-9999999-337155716-009.jpg, http://images.manheim.co.uk/images/units/zoom/4003878-9999999-337155716-010.jpg, http://images.manheim.co.uk/images/units/zoom/4003878-9999999-337155716-011.jpg, http://images.manheim.co.uk/images/units/zoom/4003878-9999999-337155716-012.jpg, http://images.manheim.co.uk/images/units/zoom/insp-0001-4003878-4006395-13.jpg, http://images.manheim.co.uk/images/units/zoom/insp-0001-4003878-4006395-1000.jpg, http://images.manheim.co.uk/images/units/zoom/insp-0001-4003878-4006395-1001.jpg, http://images.manheim.co.uk/images/units/zoom/insp-0001-4003878-4006395-1002.jpg, http://images.manheim.co.uk/images/units/zoom/insp-0001-4003878-4006395-1003.jpg, http://images.manheim.co.uk/images/units/zoom/insp-0001-4003878-4006395-1004.jpg, http://images.manheim.co.uk/images/units/zoom/insp-0001-4003878-4006395-1005.jpg, http://images.manheim.co.uk/images/units/zoom/insp-0001-4003878-4006395-1006.jpg, http://images.manheim.co.uk/images/units/zoom/insp-0001-4003878-4006395-1007.jpg, http://images.manheim.co.uk/images/units/zoom/insp-0001-4003878-4006395-1008.jpg, http://images.manheim.co.uk/images/units/zoom/insp-0001-4003878-4006395-1009.jpg, http://images.manheim.co.uk/images/units/zoom/insp-0001-4003878-4006395-1010.jpg, http://images.manheim.co.uk/images/units/zoom/insp-0001-4003878-4006395-1011.jpg, http://images.manheim.co.uk/images/units/zoom/insp-0001-4003878-4006395-1012.jpg, http://images.manheim.co.uk/images/units/zoom/insp-0001-4003878-4006395-1013.jpg, http://images.manheim.co.uk/images/units/zoom/insp-0001-4003878-4006395-1014.jpg, http://images.manheim.co.uk/images/units/zoom/insp-0001-4003878-4006395-1015.jpg, http://images.manheim.co.uk/images/units/zoom/insp-0001-4003878-4006395-1016.jpg, http://images.manheim.co.uk/images/units/zoom/insp-0001-4003878-4006395-1017.jpg, http://images.manheim.co.uk/images/units/zoom/insp-0001-4003878-4006395-1018.jpg, http://images.manheim.co.uk/images/units/zoom/insp-0001-4003878-4006395-1019.jpg, http://images.manheim.co.uk/images/units/zoom/insp-0001-4003878-4006395-1020.jpg, http://images.manheim.co.uk/images/units/zoom/insp-0001-4003878-4006395-1021.jpg, http://images.manheim.co.uk/images/units/zoom/insp-0001-4003878-4006395-1022.jpg, http://images.manheim.co.uk/images/units/zoom/insp-0001-4003878-4006395-1023.jpg, http://images.manheim.co.uk/images/units/zoom/insp-0001-4003878-4006395-1024.jpg",http://ecr.manheim.co.uk/pdf/MOL-0004003878-01988714-004.pdf,3,2,24/04/2021,42593,"04/07/2023, 24/04/2021","60055, 42593","ARNOLD CLARK, ARNOLD CLARK","Book, Book",,May-26,VAUXHALL,CROSSLAND X,1.2 Tech Line Nav 5dr,0,19/12/2025, 
DV24JUC,"VAUXHALL
GRANDLAND
1.2 Turbo Ultimate 5dr Auto",Lane 1 - Arval / Novuna /...,Automatic,Petrol,1.2,5.0,£18700,£17350,£21000,1,HatchbackGRADE 1CP GREENSC GoldView Report,CP GREEN,2024,Mar 2024,9858,WHITE,WHITE,Solid,,Part Leather,5,2,With Manheim,Qualifying,No,No,No,Leasys,Leeds,"Air Conditioning, Auto Climate Control, Automatic Lights, Automatic Wipers, Bluetooth, Cruise Control, DAB, Dual Zone Climate, Front Parking Sensors, Heated Front Screen, Heated Seats, Ipod Connectivity, Media Connectivity, Part Leather, Rear Parking Sensors, Reversing camera, Sat Nav Functioning, CO2: 147",,"£18,400",https://www.manheim.co.uk/nama,"http://images.manheim.co.uk/images/units/zoom/87121350-8b5d-4fbd-a409-1588b9d9e6b1_ext_7.jpg, http://images.manheim.co.uk/images/units/zoom/87121350-8b5d-4fbd-a409-1588b9d9e6b1_ext_6.jpg, http://images.manheim.co.uk/images/units/zoom/87121350-8b5d-4fbd-a409-1588b9d9e6b1_ext_1.jpg, http://images.manheim.co.uk/images/units/zoom/87121350-8b5d-4fbd-a409-1588b9d9e6b1_5.jpg, http://images.manheim.co.uk/images/units/zoom/87121350-8b5d-4fbd-a409-1588b9d9e6b1_4.jpg, http://images.manheim.co.uk/images/units/zoom/87121350-8b5d-4fbd-a409-1588b9d9e6b1_11.jpg, http://images.manheim.co.uk/images/units/zoom/87121350-8b5d-4fbd-a409-1588b9d9e6b1_10.jpg, http://images.manheim.co.uk/images/units/zoom/87121350-8b5d-4fbd-a409-1588b9d9e6b1_9.jpg, http://images.manheim.co.uk/images/units/zoom/87121350-8b5d-4fbd-a409-1588b9d9e6b1_ext_2.jpg, http://images.manheim.co.uk/images/units/zoom/87121350-8b5d-4fbd-a409-1588b9d9e6b1_ext_5.jpg, http://images.manheim.co.uk/images/units/zoom/87121350-8b5d-4fbd-a409-1588b9d9e6b1_ext_3.jpg, http://images.manheim.co.uk/images/units/zoom/87121350-8b5d-4fbd-a409-1588b9d9e6b1_ext_4.jpg, http://images.manheim.co.uk/images/units/zoom/insp-0001-3976839-3990239-13.jpg",http://ecr.manheim.co.uk/pdf/MOL-0003976839-01974598-002.pdf,1,1,29/04/2025,6343,29/04/2025,6343,VERTU,Book,,,VAUXHALL,GRANDLAND,1.2 Turbo Ultimate 5dr Auto,0,05/01/2026, 
DV72TZF,"NISSAN
QASHQAI
1.3 DiG-T MH Acenta Premium 5dr",Lane 1 - Arval / Novuna /...,Manual,Petrol/Hybrid,1.3,5.0,£13700,£12450,£16100,1,HatchbackGRADE 1CP GREENSC GoldView Report,CP GREEN,2022,Sep 2022,8726,BLUE,BLUE,Metallic,BLACK,CLOTH,5,2,With Manheim,Qualifying,No,No,No,Leasys,Leeds,"6 Speed, Air Conditioning, Auto Climate Control, Automatic Lights, Automatic Wipers, Bluetooth, Cruise Control, DAB, Dual Zone Climate, Front Parking Sensors, Ipod Connectivity, Media Connectivity, Rear Parking Sensors, Reversing camera, CO2: 142",,"£13,400",https://www.manheim.co.uk/nama,"http://images.manheim.co.uk/images/units/zoom/a99f405c-9ad4-4a21-8c95-992e20920d2a_ext_7.jpg, http://images.manheim.co.uk/images/units/zoom/a99f405c-9ad4-4a21-8c95-992e20920d2a_ext_6.jpg, http://images.manheim.co.uk/images/units/zoom/a99f405c-9ad4-4a21-8c95-992e20920d2a_ext_1.jpg, http://images.manheim.co.uk/images/units/zoom/a99f405c-9ad4-4a21-8c95-992e20920d2a_5.jpg, http://images.manheim.co.uk/images/units/zoom/a99f405c-9ad4-4a21-8c95-992e20920d2a_4.jpg, http://images.manheim.co.uk/images/units/zoom/a99f405c-9ad4-4a21-8c95-992e20920d2a_11.jpg, http://images.manheim.co.uk/images/units/zoom/a99f405c-9ad4-4a21-8c95-992e20920d2a_10.jpg, http://images.manheim.co.uk/images/units/zoom/a99f405c-9ad4-4a21-8c95-992e20920d2a_9.jpg, http://images.manheim.co.uk/images/units/zoom/a99f405c-9ad4-4a21-8c95-992e20920d2a_ext_2.jpg, http://images.manheim.co.uk/images/units/zoom/a99f405c-9ad4-4a21-8c95-992e20920d2a_ext_5.jpg, http://images.manheim.co.uk/images/units/zoom/a99f405c-9ad4-4a21-8c95-992e20920d2a_ext_3.jpg, http://images.manheim.co.uk/images/units/zoom/a99f405c-9ad4-4a21-8c95-992e20920d2a_ext_4.jpg, http://images.manheim.co.uk/images/units/zoom/insp-0001-3951339-3990897-13.jpg, http://images.manheim.co.uk/images/units/zoom/insp-0001-3951339-3990897-1000.jpg, http://images.manheim.co.uk/images/units/zoom/insp-0001-3951339-3990897-1001.jpg, http://images.manheim.co.uk/images/units/zoom/insp-0001-3951339-3990897-1002.jpg",http://ecr.manheim.co.uk/pdf/MOL-0003951339-01977832-003.pdf,1,3,13/12/2023,3408,"13/11/2025, 05/12/2024, 13/12/2023","8707, 6337, 3408","JMS Automotive, JMS Automotive, JMS Automotive","Book, Book, Book",,,NISSAN,QASHQAI,1.3 DiG-T MH Acenta Premium 5dr,0,05/01/2026, 
DV72VTF,"NISSAN
QASHQAI
1.3 DiG-T MH 158 Tekna 5dr Xtronic",Lane 1 - Arval / Novuna /...,Automatic,Petrol/Hybrid,1.3,5.0,£16700,£15350,£19100,2,HatchbackGRADE 2CP GREENSC GoldView Report,CP GREEN,2022,Sep 2022,35079,WHITE,WHITE,Solid,BLACK,Part Leather,5,2,With Manheim,Qualifying,No,No,No,Leasys,Leeds,"Air Conditioning, Cruise Control, DAB, Dual Zone Climate, Heated Seats, Panoramic Roof, Part Leather, Sat Nav Functioning, CO2: 144",,"£16,400",https://www.manheim.co.uk/nama,"http://images.manheim.co.uk/images/units/zoom/0ce15cdc-c8f8-4ed1-b822-fe0b12c1e27a_ext_7.jpg, http://images.manheim.co.uk/images/units/zoom/0ce15cdc-c8f8-4ed1-b822-fe0b12c1e27a_ext_6.jpg, http://images.manheim.co.uk/images/units/zoom/0ce15cdc-c8f8-4ed1-b822-fe0b12c1e27a_ext_1.jpg, http://images.manheim.co.uk/images/units/zoom/0ce15cdc-c8f8-4ed1-b822-fe0b12c1e27a_5.jpg, http://images.manheim.co.uk/images/units/zoom/0ce15cdc-c8f8-4ed1-b822-fe0b12c1e27a_4.jpg, http://images.manheim.co.uk/images/units/zoom/0ce15cdc-c8f8-4ed1-b822-fe0b12c1e27a_11.jpg, http://images.manheim.co.uk/images/units/zoom/0ce15cdc-c8f8-4ed1-b822-fe0b12c1e27a_10.jpg, http://images.manheim.co.uk/images/units/zoom/0ce15cdc-c8f8-4ed1-b822-fe0b12c1e27a_9.jpg, http://images.manheim.co.uk/images/units/zoom/0ce15cdc-c8f8-4ed1-b822-fe0b12c1e27a_ext_2.jpg, http://images.manheim.co.uk/images/units/zoom/0ce15cdc-c8f8-4ed1-b822-fe0b12c1e27a_ext_5.jpg, http://images.manheim.co.uk/images/units/zoom/0ce15cdc-c8f8-4ed1-b822-fe0b12c1e27a_ext_3.jpg, http://images.manheim.co.uk/images/units/zoom/0ce15cdc-c8f8-4ed1-b822-fe0b12c1e27a_ext_4.jpg, http://images.manheim.co.uk/images/units/zoom/insp-0001-3823672-3991265-13.jpg, http://images.manheim.co.uk/images/units/zoom/insp-0001-3823672-3991265-1000.jpg, http://images.manheim.co.uk/images/units/zoom/insp-0001-3823672-3991265-1001.jpg, http://images.manheim.co.uk/images/units/zoom/insp-0001-3823672-3991265-1002.jpg, http://images.manheim.co.uk/images/units/zoom/insp-0001-3823672-3991265-1003.jpg, http://images.manheim.co.uk/images/units/zoom/insp-0001-3823672-3991265-1004.jpg, http://images.manheim.co.uk/images/units/zoom/insp-0001-3823672-3991265-1005.jpg, http://images.manheim.co.uk/images/units/zoom/insp-0001-3823672-3991265-1006.jpg, http://images.manheim.co.uk/images/units/zoom/insp-0001-3823672-3991265-1007.jpg, http://images.manheim.co.uk/images/units/zoom/insp-0001-3823672-3991265-1008.jpg, http://images.manheim.co.uk/images/units/zoom/insp-0001-3823672-3991265-1009.jpg, http://images.manheim.co.uk/images/units/zoom/insp-0001-3823672-3991265-1010.jpg, http://images.manheim.co.uk/images/units/zoom/insp-0001-3823672-3991265-1011.jpg, http://images.manheim.co.uk/images/units/zoom/insp-0001-3823672-3991265-1012.jpg",http://ecr.manheim.co.uk/pdf/MOL-0003823672-01964529-003.pdf,1,3,27/10/2023,5450,"04/09/2025, 12/09/2024, 27/10/2023","33726, 19278, 5450","NISSAN BASINGSTOKE, STONEACRE, TRENTON GRIMSBY","Book, Book, Book",,Sep-26,NISSAN,QASHQAI,1.3 DiG-T MH 158 Tekna 5dr Xtronic,0,05/01/2026, 
EJ13FKU,"FORD
FIESTA
1.0 EcoBoost Zetec 5dr",Lane 2 - Stellantis & You...,Manual,Petrol,1.0,5.0,£1650,£1225,£3125,3,HatchbackGRADE 3SC BronzeView Report,SC Bronze,2013,Jun 2013,101735,RED,RED,Solid,BLACK,CLOTH,5,2,With Manheim,Margin,No,No,No,Lloyd Motor Group,Leeds,"Air Conditioning, Aux In, Bluetooth, Heated Front Screen, Ipod Connectivity, Radio CD, CO2: 99",,"£1,500",https://www.manheim.co.uk/nama,"http://images.manheim.co.uk/images/units/zoom/ed1e290a-f07d-4723-95c2-05562ca5e87b_ext_7.jpg, http://images.manheim.co.uk/images/units/zoom/ed1e290a-f07d-4723-95c2-05562ca5e87b_ext_6.jpg, http://images.manheim.co.uk/images/units/zoom/ed1e290a-f07d-4723-95c2-05562ca5e87b_ext_1.jpg, http://images.manheim.co.uk/images/units/zoom/ed1e290a-f07d-4723-95c2-05562ca5e87b_5.jpg, http://images.manheim.co.uk/images/units/zoom/ed1e290a-f07d-4723-95c2-05562ca5e87b_4.jpg, http://images.manheim.co.uk/images/units/zoom/ed1e290a-f07d-4723-95c2-05562ca5e87b_11.jpg, http://images.manheim.co.uk/images/units/zoom/ed1e290a-f07d-4723-95c2-05562ca5e87b_10.jpg, http://images.manheim.co.uk/images/units/zoom/ed1e290a-f07d-4723-95c2-05562ca5e87b_9.jpg, http://images.manheim.co.uk/images/units/zoom/ed1e290a-f07d-4723-95c2-05562ca5e87b_ext_2.jpg, http://images.manheim.co.uk/images/units/zoom/ed1e290a-f07d-4723-95c2-05562ca5e87b_ext_5.jpg, http://images.manheim.co.uk/images/units/zoom/ed1e290a-f07d-4723-95c2-05562ca5e87b_ext_3.jpg, http://images.manheim.co.uk/images/units/zoom/ed1e290a-f07d-4723-95c2-05562ca5e87b_ext_4.jpg, http://images.manheim.co.uk/images/units/zoom/insp-0001-4007877-4018896-13.jpg, http://images.manheim.co.uk/images/units/zoom/insp-0001-4007877-4018896-1000.jpg, http://images.manheim.co.uk/images/units/zoom/insp-0001-4007877-4018896-1001.jpg, http://images.manheim.co.uk/images/units/zoom/insp-0001-4007877-4018896-1002.jpg, http://images.manheim.co.uk/images/units/zoom/insp-0001-4007877-4018896-1003.jpg, http://images.manheim.co.uk/images/units/zoom/insp-0001-4007877-4018896-1004.jpg, http://images.manheim.co.uk/images/units/zoom/insp-0001-4007877-4018896-1005.jpg, http://images.manheim.co.uk/images/units/zoom/insp-0001-4007877-4018896-1006.jpg, http://images.manheim.co.uk/images/units/zoom/insp-0001-4007877-4018896-1007.jpg, http://images.manheim.co.uk/images/units/zoom/insp-0001-4007877-4018896-1008.jpg, http://images.manheim.co.uk/images/units/zoom/insp-0001-4007877-4018896-1009.jpg, http://images.manheim.co.uk/images/units/zoom/insp-0001-4007877-4018896-1010.jpg, http://images.manheim.co.uk/images/units/zoom/insp-0001-4007877-4018896-1011.jpg, http://images.manheim.co.uk/images/units/zoom/insp-0001-4007877-4018896-1012.jpg",http://ecr.manheim.co.uk/pdf/MOL-0004007877-01990063-002.pdf,3,7,24/06/2014,9843,"16/12/2022, 29/06/2020, 12/05/2018, 29/05/2017, 23/05/2016, 16/06/2015, 24/06/2014","87667, 71830, 46024, 36689, 27296, 19650, 9843","Port Road Garage, Arnold Clark, Arnold Clark, Arnold Clark, TC Harrison Ford, TC Harrison Ford, TC Harrison Ford","Book, Book, Book, Book, Book, Book, Book",,Jul-26,FORD,FIESTA,1.0 EcoBoost Zetec 5dr,0,05/01/2026, 
EK68XUJ,"MERCEDES-BENZ
S CLASS
S350d L AMG Line Executive 4dr 9G-Tronic",SIMULCAST AND PHYSICAL - ...,Semi-Automatic,Diesel,2.9,4.0,£17500,£16300,£21750,3,SaloonGRADE 3SC BronzeView Report,SC Bronze,2018,Sep 2018,127211,BLACK,BLACK,Metallic,BLACK,LEATHER,5,2,With Manheim,Margin,No,No,No,LSH Auto Group,Manchester,"Air Conditioning, Auto Climate Control, Automatic Lights, Bluetooth, Cruise Control, DAB, Dual Zone Climate, Front Parking Sensors, Full Leather Trim, Heated Seats, Media Connectivity, Privacy Glass, Rear Parking Sensors, Reversing camera, Sat Nav Functioning, CO2: 153",,"£15,650",https://www.manheim.co.uk/nama,"http://images.manheim.co.uk/images/units/zoom/169a7a47-2011-4a83-b865-4be1df729a56_ext_7.jpg, http://images.manheim.co.uk/images/units/zoom/169a7a47-2011-4a83-b865-4be1df729a56_ext_6.jpg, http://images.manheim.co.uk/images/units/zoom/169a7a47-2011-4a83-b865-4be1df729a56_ext_1.jpg, http://images.manheim.co.uk/images/units/zoom/169a7a47-2011-4a83-b865-4be1df729a56_5.jpg, http://images.manheim.co.uk/images/units/zoom/169a7a47-2011-4a83-b865-4be1df729a56_4.jpg, http://images.manheim.co.uk/images/units/zoom/169a7a47-2011-4a83-b865-4be1df729a56_11.jpg, http://images.manheim.co.uk/images/units/zoom/169a7a47-2011-4a83-b865-4be1df729a56_10.jpg, http://images.manheim.co.uk/images/units/zoom/169a7a47-2011-4a83-b865-4be1df729a56_9.jpg, http://images.manheim.co.uk/images/units/zoom/169a7a47-2011-4a83-b865-4be1df729a56_ext_2.jpg, http://images.manheim.co.uk/images/units/zoom/169a7a47-2011-4a83-b865-4be1df729a56_ext_5.jpg, http://images.manheim.co.uk/images/units/zoom/169a7a47-2011-4a83-b865-4be1df729a56_ext_3.jpg, http://images.manheim.co.uk/images/units/zoom/169a7a47-2011-4a83-b865-4be1df729a56_ext_4.jpg, http://images.manheim.co.uk/images/units/zoom/insp-0001-4007799-4006973-13.jpg, http://images.manheim.co.uk/images/units/zoom/insp-0001-4007799-4006973-1000.jpg, http://images.manheim.co.uk/images/units/zoom/insp-0001-4007799-4006973-1001.jpg, http://images.manheim.co.uk/images/units/zoom/insp-0001-4007799-4006973-1002.jpg, http://images.manheim.co.uk/images/units/zoom/insp-0001-4007799-4006973-1003.jpg, http://images.manheim.co.uk/images/units/zoom/insp-0001-4007799-4006973-1004.jpg, http://images.manheim.co.uk/images/units/zoom/insp-0001-4007799-4006973-1005.jpg, http://images.manheim.co.uk/images/units/zoom/insp-0001-4007799-4006973-1006.jpg, http://images.manheim.co.uk/images/units/zoom/insp-0001-4007799-4006973-1007.jpg, http://images.manheim.co.uk/images/units/zoom/insp-0001-4007799-4006973-1008.jpg, http://images.manheim.co.uk/images/units/zoom/insp-0001-4007799-4006973-1009.jpg, http://images.manheim.co.uk/images/units/zoom/insp-0001-4007799-4006973-1010.jpg, http://images.manheim.co.uk/images/units/zoom/insp-0001-4007799-4006973-1011.jpg, http://images.manheim.co.uk/images/units/zoom/insp-0001-4007799-4006973-1012.jpg, http://images.manheim.co.uk/images/units/zoom/insp-0001-4007799-4006973-1013.jpg, http://images.manheim.co.uk/images/units/zoom/insp-0001-4007799-4006973-1014.jpg, http://images.manheim.co.uk/images/units/zoom/insp-0001-4007799-4006973-1015.jpg, http://images.manheim.co.uk/images/units/zoom/insp-0001-4007799-4006973-1016.jpg",http://ecr.manheim.co.uk/pdf/MOL-0004007799-01989908-007.pdf,2,9,10/04/2019,15387,"18/11/2025, 05/12/2022, 21/06/2022, 29/11/2021, 24/05/2021, 16/06/2020, 24/01/2020, 16/10/2019, 10/04/2019","127063, 112555, 96140, 79594, 63637, 47406, 37454, 31037, 15387","LSH AUTO, VERTU, VERTU MOTOR, VERTU, VERTU MOTORS, MERCEDES-BENZ, AT TECH, MERCEDES, VERTU","Print, Print, Print, Print, Print, Print, Print, Print, Print",,Mar-26,MERCEDES-BENZ,S CLASS,S350d L AMG Line Executive 4dr 9G-Tronic,0,18/12/2025, 
EO20FHH,"FORD
MONDEO
2.0 EcoBlue 190 ST-Line Edition 5dr Powershift",Lane 1 - D M Keith / Sytn...,Automatic,Diesel,2.0,5.0,£12350,£11250,£15095,2,HatchbackGRADE 2CP GREENSC SilverView Report,CP GREEN,2020,Mar 2020,56447,SILVER,SILVER,Solid,BLACK,LEATHER,5,2,With Manheim,Margin,No,No,No,Lloyd Motor Group,Leeds,"Air Conditioning, Cruise Control, DAB, Dual Zone Climate, Full Leather Trim, Heated Seats, Panoramic Roof, Radio CD, Sat Nav Functioning, CO2: 127",Outstanding recall on VOSA MOT website.,"£10,500",https://www.manheim.co.uk/nama,"http://images.manheim.co.uk/images/units/zoom/38751057-dc4a-4f19-a943-91ee5d287268_ext_7.jpg, http://images.manheim.co.uk/images/units/zoom/38751057-dc4a-4f19-a943-91ee5d287268_ext_6.jpg, http://images.manheim.co.uk/images/units/zoom/38751057-dc4a-4f19-a943-91ee5d287268_ext_1.jpg, http://images.manheim.co.uk/images/units/zoom/38751057-dc4a-4f19-a943-91ee5d287268_5.jpg, http://images.manheim.co.uk/images/units/zoom/38751057-dc4a-4f19-a943-91ee5d287268_4.jpg, http://images.manheim.co.uk/images/units/zoom/38751057-dc4a-4f19-a943-91ee5d287268_11.jpg, http://images.manheim.co.uk/images/units/zoom/38751057-dc4a-4f19-a943-91ee5d287268_10.jpg, http://images.manheim.co.uk/images/units/zoom/38751057-dc4a-4f19-a943-91ee5d287268_9.jpg, http://images.manheim.co.uk/images/units/zoom/38751057-dc4a-4f19-a943-91ee5d287268_ext_2.jpg, http://images.manheim.co.uk/images/units/zoom/38751057-dc4a-4f19-a943-91ee5d287268_ext_5.jpg, http://images.manheim.co.uk/images/units/zoom/38751057-dc4a-4f19-a943-91ee5d287268_ext_3.jpg, http://images.manheim.co.uk/images/units/zoom/38751057-dc4a-4f19-a943-91ee5d287268_ext_4.jpg, http://images.manheim.co.uk/images/units/zoom/insp-0001-3974347-4014447-13.jpg, http://images.manheim.co.uk/images/units/zoom/insp-0001-3974347-4014447-1000.jpg, http://images.manheim.co.uk/images/units/zoom/insp-0001-3974347-4014447-1001.jpg, http://images.manheim.co.uk/images/units/zoom/insp-0001-3974347-4014447-1002.jpg, http://images.manheim.co.uk/images/units/zoom/insp-0001-3974347-4014447-1003.jpg, http://images.manheim.co.uk/images/units/zoom/insp-0001-3974347-4014447-1004.jpg, http://images.manheim.co.uk/images/units/zoom/insp-0001-3974347-4014447-1005.jpg, http://images.manheim.co.uk/images/units/zoom/insp-0001-3974347-4014447-1006.jpg, http://images.manheim.co.uk/images/units/zoom/insp-0001-3974347-4014447-1007.jpg, http://images.manheim.co.uk/images/units/zoom/insp-0001-3974347-4014447-1008.jpg",http://ecr.manheim.co.uk/pdf/MOL-0003974347-01955521-004.pdf,2,3,29/10/2021,19285,"05/09/2024, 01/02/2024, 29/10/2021","44940, 37653, 19285","SMC Ford, SMC Ford - Brake Fluid Service, Ford","Print, Print, Print",,Mar-26,FORD,MONDEO,2.0 EcoBlue 190 ST-Line Edition 5dr Powershift,0,07/01/2026, 
EX71OVY,"CITROEN
C5 AIRCROSS
1.2 PureTech 130 Shine 5dr EAT8",Lane 2 - Available Car / ...,Automatic,Petrol,1.2,5.0,£11300,£10100,£13700,2,HatchbackGRADE 2CP GREENSC SilverView Report,CP GREEN,2021,Sep 2021,46119,BLUE,BLUE,Metallic,GREY,Part Leather,5,1,Copy with Manheim,Margin,No,No,No,Motor Dough,Leeds,"Air Conditioning, Auto Climate Control, Automatic Lights, Automatic Wipers, Cruise Control, DAB, Part Leather, Privacy Glass, Rear Parking Sensors, Reversing camera, Sat Nav Functioning, CO2: 147",DOCUMENT REFRENCE: 12671260046,"£11,000",https://www.manheim.co.uk/nama,"http://images.manheim.co.uk/images/units/zoom/ed0d0654-2253-4f6b-bfad-cfc8050c0d34_ext_7.jpg, http://images.manheim.co.uk/images/units/zoom/ed0d0654-2253-4f6b-bfad-cfc8050c0d34_ext_6.jpg, http://images.manheim.co.uk/images/units/zoom/ed0d0654-2253-4f6b-bfad-cfc8050c0d34_ext_1.jpg, http://images.manheim.co.uk/images/units/zoom/ed0d0654-2253-4f6b-bfad-cfc8050c0d34_5.jpg, http://images.manheim.co.uk/images/units/zoom/ed0d0654-2253-4f6b-bfad-cfc8050c0d34_4.jpg, http://images.manheim.co.uk/images/units/zoom/ed0d0654-2253-4f6b-bfad-cfc8050c0d34_11.jpg, http://images.manheim.co.uk/images/units/zoom/ed0d0654-2253-4f6b-bfad-cfc8050c0d34_10.jpg, http://images.manheim.co.uk/images/units/zoom/ed0d0654-2253-4f6b-bfad-cfc8050c0d34_9.jpg, http://images.manheim.co.uk/images/units/zoom/ed0d0654-2253-4f6b-bfad-cfc8050c0d34_ext_2.jpg, http://images.manheim.co.uk/images/units/zoom/ed0d0654-2253-4f6b-bfad-cfc8050c0d34_ext_5.jpg, http://images.manheim.co.uk/images/units/zoom/ed0d0654-2253-4f6b-bfad-cfc8050c0d34_ext_3.jpg, http://images.manheim.co.uk/images/units/zoom/ed0d0654-2253-4f6b-bfad-cfc8050c0d34_ext_4.jpg, http://images.manheim.co.uk/images/units/zoom/insp-0001-3991516-3981763-13.jpg, http://images.manheim.co.uk/images/units/zoom/insp-0001-3991516-3981763-1000.jpg, http://images.manheim.co.uk/images/units/zoom/insp-0001-3991516-3981763-1001.jpg, http://images.manheim.co.uk/images/units/zoom/insp-0001-3991516-3981763-1002.jpg, http://images.manheim.co.uk/images/units/zoom/insp-0001-3991516-3981763-1003.jpg, http://images.manheim.co.uk/images/units/zoom/insp-0001-3991516-3981763-1004.jpg, http://images.manheim.co.uk/images/units/zoom/insp-0001-3991516-3981763-1005.jpg, http://images.manheim.co.uk/images/units/zoom/insp-0001-3991516-3981763-1006.jpg, http://images.manheim.co.uk/images/units/zoom/insp-0001-3991516-3981763-1007.jpg, http://images.manheim.co.uk/images/units/zoom/insp-0001-3991516-3981763-1008.jpg, http://images.manheim.co.uk/images/units/zoom/insp-0001-3991516-3981763-1009.jpg, http://images.manheim.co.uk/images/units/zoom/insp-0001-3991516-3981763-1010.jpg",http://ecr.manheim.co.uk/pdf/MOL-0003991516-01972451-008.pdf,1,3,17/10/2022,7169,"05/12/2024, 15/02/2024, 17/10/2022","34043, 19747, 7169","Riverside Works, Riverside Works, Riverside Works","Book, Book, Book",,Sep-26,CITROEN,C5 AIRCROSS,1.2 PureTech 130 Shine 5dr EAT8,0,12/01/2026, 
FB19BAO,"BMW
X2
sDrive 18d SE 5dr Step Auto",Lane 1 - Motor Dough / Ke...,Automatic,Diesel,2.0,5.0,£12650,£11450,£15100,2,HatchbackGRADE 2CP GREENSC SilverView Report,CP GREEN,2019,Aug 2019,28882,SILVER,SILVER,Solid,BLACK,CLOTH,5,1,,Margin,No,No,No,Motor Range,Leeds,"Air Conditioning, Auto Climate Control, Automatic Lights, Automatic Wipers, Dual Zone Climate, Full Leather Trim, Heated Seats, Sat Nav Functioning, CO2: 114",,"£13,200",https://www.manheim.co.uk/nama,"http://images.manheim.co.uk/images/units/zoom/c5523383-0a6f-44d3-ba76-fbd43d0c6c63_ext_7.jpg, http://images.manheim.co.uk/images/units/zoom/c5523383-0a6f-44d3-ba76-fbd43d0c6c63_ext_6.jpg, http://images.manheim.co.uk/images/units/zoom/c5523383-0a6f-44d3-ba76-fbd43d0c6c63_ext_1.jpg, http://images.manheim.co.uk/images/units/zoom/c5523383-0a6f-44d3-ba76-fbd43d0c6c63_5.jpg, http://images.manheim.co.uk/images/units/zoom/c5523383-0a6f-44d3-ba76-fbd43d0c6c63_4.jpg, http://images.manheim.co.uk/images/units/zoom/c5523383-0a6f-44d3-ba76-fbd43d0c6c63_11.jpg, http://images.manheim.co.uk/images/units/zoom/c5523383-0a6f-44d3-ba76-fbd43d0c6c63_10.jpg, http://images.manheim.co.uk/images/units/zoom/c5523383-0a6f-44d3-ba76-fbd43d0c6c63_9.jpg, http://images.manheim.co.uk/images/units/zoom/c5523383-0a6f-44d3-ba76-fbd43d0c6c63_ext_2.jpg, http://images.manheim.co.uk/images/units/zoom/c5523383-0a6f-44d3-ba76-fbd43d0c6c63_ext_5.jpg, http://images.manheim.co.uk/images/units/zoom/c5523383-0a6f-44d3-ba76-fbd43d0c6c63_ext_3.jpg, http://images.manheim.co.uk/images/units/zoom/c5523383-0a6f-44d3-ba76-fbd43d0c6c63_ext_4.jpg, http://images.manheim.co.uk/images/units/zoom/insp-0001-3665401-3925818-13.jpg, http://images.manheim.co.uk/images/units/zoom/insp-0001-3665401-3925818-1000.jpg, http://images.manheim.co.uk/images/units/zoom/insp-0001-3665401-3925818-1001.jpg, http://images.manheim.co.uk/images/units/zoom/insp-0001-3665401-3925818-1002.jpg, http://images.manheim.co.uk/images/units/zoom/insp-0001-3665401-3925818-1003.jpg, http://images.manheim.co.uk/images/units/zoom/insp-0001-3665401-3925818-1004.jpg, http://images.manheim.co.uk/images/units/zoom/insp-0001-3665401-3925818-1005.jpg, http://images.manheim.co.uk/images/units/zoom/insp-0001-3665401-3925818-1006.jpg, http://images.manheim.co.uk/images/units/zoom/insp-0001-3665401-3925818-1007.jpg",http://ecr.manheim.co.uk/pdf/MOL-0003665401-01924353-005.pdf,2,0,,,,,,,,Apr-25,BMW,X2,sDrive 18d SE 5dr Step Auto,0,18/12/2025, 
FD71XZH,"HYUNDAI
TUCSON
1.6 TGDi Plug-in Hybrid Premium 5dr 4WD Auto",Lane 2 - Available Car / ...,Automatic,Petrol/Hybrid,1.6,5.0,£15750,£14400,£18150,2,EstateGRADE 2CP GREENSC SilverView Report,CP GREEN,2022,Feb 2022,55501,RED,RED,Metallic,BLACK,CLOTH,5,2,With Manheim,Margin,No,No,No,Lloyd Motor Group,Leeds,"Air Conditioning, Auto Climate Control, Automatic Lights, Automatic Wipers, Cruise Control, DAB, Dual Zone Climate, Front Parking Sensors, Heated Seats, Privacy Glass, Rear Parking Sensors, Reversing camera, Sat Nav Functioning, CO2: 31",,"£15,250",https://www.manheim.co.uk/nama,"http://images.manheim.co.uk/images/units/zoom/021caa9f-e488-498c-85dd-44bb7cf662da_ext_7.jpg, http://images.manheim.co.uk/images/units/zoom/021caa9f-e488-498c-85dd-44bb7cf662da_ext_6.jpg, http://images.manheim.co.uk/images/units/zoom/021caa9f-e488-498c-85dd-44bb7cf662da_ext_1.jpg, http://images.manheim.co.uk/images/units/zoom/021caa9f-e488-498c-85dd-44bb7cf662da_5.jpg, http://images.manheim.co.uk/images/units/zoom/021caa9f-e488-498c-85dd-44bb7cf662da_4.jpg, http://images.manheim.co.uk/images/units/zoom/021caa9f-e488-498c-85dd-44bb7cf662da_11.jpg, http://images.manheim.co.uk/images/units/zoom/021caa9f-e488-498c-85dd-44bb7cf662da_10.jpg, http://images.manheim.co.uk/images/units/zoom/021caa9f-e488-498c-85dd-44bb7cf662da_9.jpg, http://images.manheim.co.uk/images/units/zoom/021caa9f-e488-498c-85dd-44bb7cf662da_ext_2.jpg, http://images.manheim.co.uk/images/units/zoom/021caa9f-e488-498c-85dd-44bb7cf662da_ext_5.jpg, http://images.manheim.co.uk/images/units/zoom/021caa9f-e488-498c-85dd-44bb7cf662da_ext_3.jpg, http://images.manheim.co.uk/images/units/zoom/021caa9f-e488-498c-85dd-44bb7cf662da_ext_4.jpg, http://images.manheim.co.uk/images/units/zoom/insp-0001-4001760-4003285-13.jpg, http://images.manheim.co.uk/images/units/zoom/insp-0001-4001760-4003285-1000.jpg, http://images.manheim.co.uk/images/units/zoom/insp-0001-4001760-4003285-1001.jpg, http://images.manheim.co.uk/images/units/zoom/insp-0001-4001760-4003285-1002.jpg, http://images.manheim.co.uk/images/units/zoom/insp-0001-4001760-4003285-1003.jpg, http://images.manheim.co.uk/images/units/zoom/insp-0001-4001760-4003285-1004.jpg, http://images.manheim.co.uk/images/units/zoom/insp-0001-4001760-4003285-1005.jpg, http://images.manheim.co.uk/images/units/zoom/insp-0001-4001760-4003285-1006.jpg, http://images.manheim.co.uk/images/units/zoom/insp-0001-4001760-4003285-1007.jpg, http://images.manheim.co.uk/images/units/zoom/insp-0001-4001760-4003285-1008.jpg, http://images.manheim.co.uk/images/units/zoom/insp-0001-4001760-4003285-1009.jpg, http://images.manheim.co.uk/images/units/zoom/insp-0001-4001760-4003285-1010.jpg, http://images.manheim.co.uk/images/units/zoom/insp-0001-4001760-4003285-1011.jpg, http://images.manheim.co.uk/images/units/zoom/insp-0001-4001760-4003285-1012.jpg, http://images.manheim.co.uk/images/units/zoom/insp-0001-4001760-4003285-1013.jpg, http://images.manheim.co.uk/images/units/zoom/insp-0001-4001760-4003285-1014.jpg, http://images.manheim.co.uk/images/units/zoom/insp-0001-4001760-4003285-1015.jpg, http://images.manheim.co.uk/images/units/zoom/insp-0001-4001760-4003285-1016.jpg, http://images.manheim.co.uk/images/units/zoom/insp-0001-4001760-4003285-1017.jpg, http://images.manheim.co.uk/images/units/zoom/insp-0001-4001760-4003285-1018.jpg",http://ecr.manheim.co.uk/pdf/MOL-0004001760-01983114-001.pdf,1,5,13/10/2022,10349,"22/08/2025, 23/11/2024, 07/03/2024, 13/07/2023, 13/10/2022","50829, 41392, 30963, 21004, 10349","Hyundai Silverlink, Hyundai Silverlink, Hyundai Silverlink, Hyundai Silverlink, Bristol Street Motors","Book, Book, Book, Book, Book",,Feb-26,HYUNDAI,TUCSON,1.6 TGDi Plug-in Hybrid Premium 5dr 4WD Auto,0,05/01/2026, 
FH72HEU,"VOLVO
XC60
2.0 B5P Core 5dr AWD Geartronic",Lane 1 - Arval / Novuna /...,Automatic,Petrol/Hybrid,2.0,5.0,£29100,£27800,£32000,4,EstateGRADE 4CP GREENSC GoldView Report,CP GREEN,2023,Jan 2023,10277,BLACK,BLACK,Solid,BLACK,LEATHER,5,2,With Manheim,Qualifying,No,No,No,Leasys,Leeds,"Air Conditioning, Bluetooth, Cruise Control, Full Leather Trim, Heated Seats, Reversing camera, Sat Nav Functioning, CO2: 179",,"£28,200",https://www.manheim.co.uk/nama,"http://images.manheim.co.uk/images/units/zoom/8102f199-fa41-48d8-ae12-25cf3cae14f4_ext_7.jpg, http://images.manheim.co.uk/images/units/zoom/8102f199-fa41-48d8-ae12-25cf3cae14f4_ext_6.jpg, http://images.manheim.co.uk/images/units/zoom/8102f199-fa41-48d8-ae12-25cf3cae14f4_ext_1.jpg, http://images.manheim.co.uk/images/units/zoom/8102f199-fa41-48d8-ae12-25cf3cae14f4_5.jpg, http://images.manheim.co.uk/images/units/zoom/8102f199-fa41-48d8-ae12-25cf3cae14f4_4.jpg, http://images.manheim.co.uk/images/units/zoom/8102f199-fa41-48d8-ae12-25cf3cae14f4_11.jpg, http://images.manheim.co.uk/images/units/zoom/8102f199-fa41-48d8-ae12-25cf3cae14f4_10.jpg, http://images.manheim.co.uk/images/units/zoom/8102f199-fa41-48d8-ae12-25cf3cae14f4_9.jpg, http://images.manheim.co.uk/images/units/zoom/8102f199-fa41-48d8-ae12-25cf3cae14f4_ext_2.jpg, http://images.manheim.co.uk/images/units/zoom/8102f199-fa41-48d8-ae12-25cf3cae14f4_ext_5.jpg, http://images.manheim.co.uk/images/units/zoom/8102f199-fa41-48d8-ae12-25cf3cae14f4_ext_3.jpg, http://images.manheim.co.uk/images/units/zoom/8102f199-fa41-48d8-ae12-25cf3cae14f4_ext_4.jpg, http://images.manheim.co.uk/images/units/zoom/insp-0001-3904582-3995253-13.jpg, http://images.manheim.co.uk/images/units/zoom/insp-0001-3904582-3995253-1000.jpg, http://images.manheim.co.uk/images/units/zoom/insp-0001-3904582-3995253-1001.jpg, http://images.manheim.co.uk/images/units/zoom/insp-0001-3904582-3995253-1002.jpg, http://images.manheim.co.uk/images/units/zoom/insp-0001-3904582-3995253-1003.jpg, http://images.manheim.co.uk/images/units/zoom/insp-0001-3904582-3995253-1004.jpg, http://images.manheim.co.uk/images/units/zoom/insp-0001-3904582-3995253-1005.jpg, http://images.manheim.co.uk/images/units/zoom/insp-0001-3904582-3995253-1006.jpg, http://images.manheim.co.uk/images/units/zoom/insp-0001-3904582-3995253-1007.jpg, http://images.manheim.co.uk/images/units/zoom/insp-0001-3904582-3995253-1008.jpg, http://images.manheim.co.uk/images/units/zoom/insp-0001-3904582-3995253-1009.jpg, http://images.manheim.co.uk/images/units/zoom/insp-0001-3904582-3995253-1010.jpg, http://images.manheim.co.uk/images/units/zoom/insp-0001-3904582-3995253-1011.jpg, http://images.manheim.co.uk/images/units/zoom/insp-0001-3904582-3995253-1012.jpg, http://images.manheim.co.uk/images/units/zoom/insp-0001-3904582-3995253-1013.jpg, http://images.manheim.co.uk/images/units/zoom/insp-0001-3904582-3995253-1014.jpg, http://images.manheim.co.uk/images/units/zoom/insp-0001-3904582-3995253-1015.jpg, http://images.manheim.co.uk/images/units/zoom/insp-0001-3904582-3995253-1016.jpg, http://images.manheim.co.uk/images/units/zoom/insp-0001-3904582-3995253-1017.jpg, http://images.manheim.co.uk/images/units/zoom/insp-0001-3904582-3995253-1018.jpg",http://ecr.manheim.co.uk/pdf/MOL-0003904582-01972816-002.pdf,1,2,09/02/2024,3981,"31/01/2025, 09/02/2024","7566, 3981","STONEACRE, STONEACRE","Book, Book",,,VOLVO,XC60,2.0 B5P Core 5dr AWD Geartronic,0,05/01/2026, 
FJ22YBZ,"LAND ROVER
RANGE ROVER EVOQUE
2.0 D200 R-Dynamic S 5dr Auto",Lane 2 - Available Car / ...,Automatic,Diesel,2.0,5.0,£20850,£19450,£23250,1,EstateGRADE 1CP GREENSC SilverView Report,CP GREEN,2022,Mar 2022,43387,WHITE,WHITE,Metallic,,LEATHER,5,2,With Manheim,Qualifying,No,No,No,Lloyd Motor Group,Leeds,"Air Conditioning, Auto Climate Control, Automatic Lights, Cruise Control, DAB, Dual Zone Climate, Full Leather Trim, Heated Front Screen, Heated Seats, Panoramic Roof, Rear Parking Sensors, Reversing camera, Sat Nav Functioning, CO2: 172","""HEATED FRONT SEATS 
HEATED FRONT WINDSCREEN
HEATED STEERING WHEEL
REAR VIEW CAMERA
""","£20,350",https://www.manheim.co.uk/nama,"http://images.manheim.co.uk/images/units/zoom/f505679e-834e-4761-a261-a7503626f93d_ext_7.jpg, http://images.manheim.co.uk/images/units/zoom/f505679e-834e-4761-a261-a7503626f93d_ext_6.jpg, http://images.manheim.co.uk/images/units/zoom/f505679e-834e-4761-a261-a7503626f93d_ext_1.jpg, http://images.manheim.co.uk/images/units/zoom/f505679e-834e-4761-a261-a7503626f93d_5.jpg, http://images.manheim.co.uk/images/units/zoom/f505679e-834e-4761-a261-a7503626f93d_4.jpg, http://images.manheim.co.uk/images/units/zoom/f505679e-834e-4761-a261-a7503626f93d_11.jpg, http://images.manheim.co.uk/images/units/zoom/f505679e-834e-4761-a261-a7503626f93d_10.jpg, http://images.manheim.co.uk/images/units/zoom/f505679e-834e-4761-a261-a7503626f93d_9.jpg, http://images.manheim.co.uk/images/units/zoom/f505679e-834e-4761-a261-a7503626f93d_ext_2.jpg, http://images.manheim.co.uk/images/units/zoom/f505679e-834e-4761-a261-a7503626f93d_ext_5.jpg, http://images.manheim.co.uk/images/units/zoom/f505679e-834e-4761-a261-a7503626f93d_ext_3.jpg, http://images.manheim.co.uk/images/units/zoom/f505679e-834e-4761-a261-a7503626f93d_ext_4.jpg, http://images.manheim.co.uk/images/units/zoom/insp-0001-4007807-4017701-13.jpg, http://images.manheim.co.uk/images/units/zoom/insp-0001-4007807-4017701-1000.jpg, http://images.manheim.co.uk/images/units/zoom/insp-0001-4007807-4017701-1001.jpg",http://ecr.manheim.co.uk/pdf/MOL-0004007807-01989929-002.pdf,1,2,09/01/2024,21999,"23/04/2025, 09/01/2024","36966, 21999","STRATSTONE, STRATSTONE","Print, Print",,Feb-26,LAND ROVER,RANGE ROVER EVOQUE,2.0 D200 R-Dynamic S 5dr Auto,0,05/01/2026, 
FL20VUJ,"BMW
X3
xDrive 30e M Sport 5dr Auto",Lane 1 - D M Keith / Sytn...,Automatic,Petrol/Hybrid,2.0,5.0,£14100,£12800,£16500,3,EstateGRADE 3SC BronzeView Report,SC Bronze,2020,Jun 2020,128822,BLUE,BLUE,Metallic,BLACK,VINYL,5,1,With Manheim,Margin,No,No,No,Lloyd Motor Group,Leeds,"Air Conditioning, Auto Climate Control, Automatic Lights, Bluetooth, Cruise Control, DAB, Dual Zone Climate, Front Parking Sensors, Heated Seats, Media Connectivity, Rear Parking Sensors, Reversing camera, Sat Nav Functioning, Traction Control, CO2: 53",,"£13,100",https://www.manheim.co.uk/nama,"http://images.manheim.co.uk/images/units/zoom/c56a8903-6ffb-4568-bd07-6c623cf256da_ext_7.jpg, http://images.manheim.co.uk/images/units/zoom/c56a8903-6ffb-4568-bd07-6c623cf256da_ext_6.jpg, http://images.manheim.co.uk/images/units/zoom/c56a8903-6ffb-4568-bd07-6c623cf256da_ext_1.jpg, http://images.manheim.co.uk/images/units/zoom/c56a8903-6ffb-4568-bd07-6c623cf256da_5.jpg, http://images.manheim.co.uk/images/units/zoom/c56a8903-6ffb-4568-bd07-6c623cf256da_4.jpg, http://images.manheim.co.uk/images/units/zoom/c56a8903-6ffb-4568-bd07-6c623cf256da_11.jpg, http://images.manheim.co.uk/images/units/zoom/c56a8903-6ffb-4568-bd07-6c623cf256da_10.jpg, http://images.manheim.co.uk/images/units/zoom/c56a8903-6ffb-4568-bd07-6c623cf256da_9.jpg, http://images.manheim.co.uk/images/units/zoom/c56a8903-6ffb-4568-bd07-6c623cf256da_ext_2.jpg, http://images.manheim.co.uk/images/units/zoom/c56a8903-6ffb-4568-bd07-6c623cf256da_ext_5.jpg, http://images.manheim.co.uk/images/units/zoom/c56a8903-6ffb-4568-bd07-6c623cf256da_ext_3.jpg, http://images.manheim.co.uk/images/units/zoom/c56a8903-6ffb-4568-bd07-6c623cf256da_ext_4.jpg, http://images.manheim.co.uk/images/units/zoom/insp-0001-3824213-4000660-13.jpg, http://images.manheim.co.uk/images/units/zoom/insp-0001-3824213-4000660-1000.jpg, http://images.manheim.co.uk/images/units/zoom/insp-0001-3824213-4000660-1001.jpg, http://images.manheim.co.uk/images/units/zoom/insp-0001-3824213-4000660-1002.jpg, http://images.manheim.co.uk/images/units/zoom/insp-0001-3824213-4000660-1003.jpg, http://images.manheim.co.uk/images/units/zoom/insp-0001-3824213-4000660-1004.jpg, http://images.manheim.co.uk/images/units/zoom/insp-0001-3824213-4000660-1005.jpg, http://images.manheim.co.uk/images/units/zoom/insp-0001-3824213-4000660-1006.jpg, http://images.manheim.co.uk/images/units/zoom/insp-0001-3824213-4000660-1007.jpg, http://images.manheim.co.uk/images/units/zoom/insp-0001-3824213-4000660-1008.jpg, http://images.manheim.co.uk/images/units/zoom/insp-0001-3824213-4000660-1009.jpg, http://images.manheim.co.uk/images/units/zoom/insp-0001-3824213-4000660-1010.jpg, http://images.manheim.co.uk/images/units/zoom/insp-0001-3824213-4000660-1011.jpg, http://images.manheim.co.uk/images/units/zoom/insp-0001-3824213-4000660-1012.jpg, http://images.manheim.co.uk/images/units/zoom/insp-0001-3824213-4000660-1013.jpg, http://images.manheim.co.uk/images/units/zoom/insp-0001-3824213-4000660-1014.jpg, http://images.manheim.co.uk/images/units/zoom/insp-0001-3824213-4000660-1015.jpg",http://ecr.manheim.co.uk/pdf/MOL-0003824213-01978293-001.pdf,2,7,27/04/2021,21990,"14/05/2024, 12/02/2024, 27/05/2023, 08/03/2023, 02/08/2022, 09/12/2021, 27/04/2021","120872, 111705, 89769, 82403, 65228, 42969, 21990","DIGITAL, DIGITAL, DIGITAL, DIGITAL, DIGITAL, DIGITAL, DIGITAL","Digital, Digital, Digital, Digital, Digital, Digital, Digital",,Nov-26,BMW,X3,xDrive 30e M Sport 5dr Auto,0,07/01/2026, 
FL65AZP,"SEAT
LEON
1.4 EcoTSI 150 FR 5dr [Technology Pack]","Available Car, Pulman Gro...",Manual,Petrol,1.4,5.0,£3350,£2875,£5175,5,HatchbackGRADE 5SC BronzeView Report,SC Bronze,2015,Sep 2015,146289,BLACK,BLACK,Solid,BLACK,Part Leather,5,2,With Manheim,Margin,No,No,No,Available Car,Washington,"6 Speed, Air Conditioning, Automatic Lights, Aux In, Bluetooth, Cruise Control, DAB, Dual Zone Climate, Media Connectivity, Rear Parking Sensors, Sat Nav Functioning, CO2: 113",,"£2,000",https://www.manheim.co.uk/nama,"http://images.manheim.co.uk/images/units/zoom/4013329-9999999-345092111-004.jpg, http://images.manheim.co.uk/images/units/zoom/4013329-9999999-345092111-008.jpg, http://images.manheim.co.uk/images/units/zoom/4013329-9999999-345092111-001.jpg, http://images.manheim.co.uk/images/units/zoom/4013329-9999999-345092111-002.jpg, http://images.manheim.co.uk/images/units/zoom/4013329-9999999-345092111-003.jpg, http://images.manheim.co.uk/images/units/zoom/4013329-9999999-345092111-005.jpg, http://images.manheim.co.uk/images/units/zoom/4013329-9999999-345092111-006.jpg, http://images.manheim.co.uk/images/units/zoom/4013329-9999999-345092111-007.jpg, http://images.manheim.co.uk/images/units/zoom/4013329-9999999-345092111-009.jpg, http://images.manheim.co.uk/images/units/zoom/4013329-9999999-345092111-010.jpg, http://images.manheim.co.uk/images/units/zoom/4013329-9999999-345092111-011.jpg, http://images.manheim.co.uk/images/units/zoom/4013329-9999999-345092111-012.jpg, http://images.manheim.co.uk/images/units/zoom/insp-0001-4013329-4016396-13.jpg, http://images.manheim.co.uk/images/units/zoom/insp-0001-4013329-4016396-1000.jpg, http://images.manheim.co.uk/images/units/zoom/insp-0001-4013329-4016396-1001.jpg, http://images.manheim.co.uk/images/units/zoom/insp-0001-4013329-4016396-1002.jpg, http://images.manheim.co.uk/images/units/zoom/insp-0001-4013329-4016396-1003.jpg, http://images.manheim.co.uk/images/units/zoom/insp-0001-4013329-4016396-1004.jpg, http://images.manheim.co.uk/images/units/zoom/insp-0001-4013329-4016396-1005.jpg, http://images.manheim.co.uk/images/units/zoom/insp-0001-4013329-4016396-1006.jpg, http://images.manheim.co.uk/images/units/zoom/insp-0001-4013329-4016396-1007.jpg, http://images.manheim.co.uk/images/units/zoom/insp-0001-4013329-4016396-1008.jpg, http://images.manheim.co.uk/images/units/zoom/insp-0001-4013329-4016396-1009.jpg, http://images.manheim.co.uk/images/units/zoom/insp-0001-4013329-4016396-1010.jpg, http://images.manheim.co.uk/images/units/zoom/insp-0001-4013329-4016396-1011.jpg, http://images.manheim.co.uk/images/units/zoom/insp-0001-4013329-4016396-1012.jpg, http://images.manheim.co.uk/images/units/zoom/insp-0001-4013329-4016396-1013.jpg, http://images.manheim.co.uk/images/units/zoom/insp-0001-4013329-4016396-1014.jpg, http://images.manheim.co.uk/images/units/zoom/insp-0001-4013329-4016396-1015.jpg, http://images.manheim.co.uk/images/units/zoom/insp-0001-4013329-4016396-1016.jpg, http://images.manheim.co.uk/images/units/zoom/insp-0001-4013329-4016396-1017.jpg, http://images.manheim.co.uk/images/units/zoom/insp-0001-4013329-4016396-1018.jpg, http://images.manheim.co.uk/images/units/zoom/insp-0001-4013329-4016396-1019.jpg, http://images.manheim.co.uk/images/units/zoom/insp-0001-4013329-4016396-1020.jpg, http://images.manheim.co.uk/images/units/zoom/insp-0001-4013329-4016396-1021.jpg, http://images.manheim.co.uk/images/units/zoom/insp-0001-4013329-4016396-1022.jpg, http://images.manheim.co.uk/images/units/zoom/insp-0001-4013329-4016396-1023.jpg, http://images.manheim.co.uk/images/units/zoom/insp-0001-4013329-4016396-1024.jpg, http://images.manheim.co.uk/images/units/zoom/insp-0001-4013329-4016396-1025.jpg, http://images.manheim.co.uk/images/units/zoom/insp-0001-4013329-4016396-1026.jpg, http://images.manheim.co.uk/images/units/zoom/insp-0001-4013329-4016396-1027.jpg, http://images.manheim.co.uk/images/units/zoom/insp-0001-4013329-4016396-1028.jpg, http://images.manheim.co.uk/images/units/zoom/insp-0001-4013329-4016396-1029.jpg, http://images.manheim.co.uk/images/units/zoom/insp-0001-4013329-4016396-1030.jpg, http://images.manheim.co.uk/images/units/zoom/insp-0001-4013329-4016396-1031.jpg, http://images.manheim.co.uk/images/units/zoom/insp-0001-4013329-4016396-1032.jpg, http://images.manheim.co.uk/images/units/zoom/insp-0001-4013329-4016396-1033.jpg, http://images.manheim.co.uk/images/units/zoom/insp-0001-4013329-4016396-1034.jpg, http://images.manheim.co.uk/images/units/zoom/insp-0001-4013329-4016396-1035.jpg, http://images.manheim.co.uk/images/units/zoom/insp-0001-4013329-4016396-1036.jpg, http://images.manheim.co.uk/images/units/zoom/insp-0001-4013329-4016396-1037.jpg, http://images.manheim.co.uk/images/units/zoom/insp-0001-4013329-4016396-1038.jpg, http://images.manheim.co.uk/images/units/zoom/insp-0001-4013329-4016396-1039.jpg, http://images.manheim.co.uk/images/units/zoom/insp-0001-4013329-4016396-1040.jpg",http://ecr.manheim.co.uk/pdf/MOL-0004013329-01995464-004.pdf,1,9,12/05/2016,11045,"11/05/2023, 01/12/2021, 27/11/2019, 20/05/2019, 08/08/2018, 10/01/2018, 31/05/2017, 12/12/2016, 12/05/2016","125978, 106546, 76155, 64605, 52601, 42144, 30742, 20746, 11045","DAVID LOWE GARAGE SERVICES, MARSHALL SEAT, MARSHALL SEAT, MARSHALL SEAT, MARSHALL SEAT, MARSHALL SEAT, MARSHALL SEAT, MARSHALL SEAT, CMC SEAT","Book, Book, Book, Book, Book, Book, Book, Book, Book",,Sep-26,SEAT,LEON,1.4 EcoTSI 150 FR 5dr [Technology Pack],0,19/12/2025, 
FM70JWA,"LAND ROVER
RANGE ROVER EVOQUE
2.0 D200 R-Dynamic HSE 5dr Auto",SIMULCAST AND PHYSICAL - ...,Automatic,Diesel,2.0,5.0,£22050,£20650,£24500,2,EstateGRADE 2CP GREENSC SilverView Report,CP GREEN,2020,Dec 2020,44235,WHITE,WHITE,Metallic,BLACK,LEATHER,5,2,With Manheim,Margin,No,No,No,LSH Auto Group,Manchester,"Air Conditioning, Auto Climate Control, Automatic Lights, Automatic Wipers, Bluetooth, DAB, Dual Zone Climate, Front Parking Sensors, Full Leather Trim, Heated Front Screen, Heated Seats, Media Connectivity, Panoramic Roof, Privacy Glass, Rear Parking Sensors, Reversing camera, Sat Nav Functioning, Traction Control, CO2: 174",,"£21,500",https://www.manheim.co.uk/nama,"http://images.manheim.co.uk/images/units/zoom/e58c9f4b-d309-4f0f-bc3c-a1c91c80e70b_ext_7.jpg, http://images.manheim.co.uk/images/units/zoom/e58c9f4b-d309-4f0f-bc3c-a1c91c80e70b_ext_6.jpg, http://images.manheim.co.uk/images/units/zoom/e58c9f4b-d309-4f0f-bc3c-a1c91c80e70b_ext_1.jpg, http://images.manheim.co.uk/images/units/zoom/e58c9f4b-d309-4f0f-bc3c-a1c91c80e70b_5.jpg, http://images.manheim.co.uk/images/units/zoom/e58c9f4b-d309-4f0f-bc3c-a1c91c80e70b_4.jpg, http://images.manheim.co.uk/images/units/zoom/e58c9f4b-d309-4f0f-bc3c-a1c91c80e70b_11.jpg, http://images.manheim.co.uk/images/units/zoom/e58c9f4b-d309-4f0f-bc3c-a1c91c80e70b_10.jpg, http://images.manheim.co.uk/images/units/zoom/e58c9f4b-d309-4f0f-bc3c-a1c91c80e70b_9.jpg, http://images.manheim.co.uk/images/units/zoom/e58c9f4b-d309-4f0f-bc3c-a1c91c80e70b_ext_2.jpg, http://images.manheim.co.uk/images/units/zoom/e58c9f4b-d309-4f0f-bc3c-a1c91c80e70b_ext_5.jpg, http://images.manheim.co.uk/images/units/zoom/e58c9f4b-d309-4f0f-bc3c-a1c91c80e70b_ext_3.jpg, http://images.manheim.co.uk/images/units/zoom/e58c9f4b-d309-4f0f-bc3c-a1c91c80e70b_ext_4.jpg, http://images.manheim.co.uk/images/units/zoom/insp-0001-4000140-3999508-13.jpg, http://images.manheim.co.uk/images/units/zoom/insp-0001-4000140-3999508-1000.jpg, http://images.manheim.co.uk/images/units/zoom/insp-0001-4000140-3999508-1001.jpg, http://images.manheim.co.uk/images/units/zoom/insp-0001-4000140-3999508-1002.jpg, http://images.manheim.co.uk/images/units/zoom/insp-0001-4000140-3999508-1003.jpg, http://images.manheim.co.uk/images/units/zoom/insp-0001-4000140-3999508-1004.jpg, http://images.manheim.co.uk/images/units/zoom/insp-0001-4000140-3999508-1005.jpg, http://images.manheim.co.uk/images/units/zoom/insp-0001-4000140-3999508-1006.jpg, http://images.manheim.co.uk/images/units/zoom/insp-0001-4000140-3999508-1007.jpg, http://images.manheim.co.uk/images/units/zoom/insp-0001-4000140-3999508-1008.jpg, http://images.manheim.co.uk/images/units/zoom/insp-0001-4000140-3999508-1009.jpg, http://images.manheim.co.uk/images/units/zoom/insp-0001-4000140-3999508-1010.jpg",http://ecr.manheim.co.uk/pdf/MOL-0004000140-01981405-005.pdf,2,3,12/08/2022,1408,"20/01/2025, 19/12/2022, 12/08/2022","34523, 22391, 1408","BROOKSIDE GARAGE, VERTU LAND ROVER, VERTU LAND ROVER","Print, Print, Print",,Nov-26,LAND ROVER,RANGE ROVER EVOQUE,2.0 D200 R-Dynamic HSE 5dr Auto,0,18/12/2025, 
FV22LHT,"KIA
CEED
1.0T GDi ISG 2 5dr",SIMULCAST AND PHYSICAL - ...,Manual,Petrol,1.0,5.0,£11350,£10300,£13550,3,EstateGRADE 3CP GREENSC SilverView Report,CP GREEN,2022,May 2022,24331,WHITE,WHITE,Solid,,CLOTH,5,2,With Manheim,Qualifying,No,No,No,Marshall Leasing,Manchester,"6 Speed, Air Conditioning, Automatic Lights, Bluetooth, Cruise Control, DAB, Media Connectivity, Rear Parking Sensors, Reversing camera, Traction Control, CO2: 121",,"£10,400",https://www.manheim.co.uk/nama,"http://images.manheim.co.uk/images/units/zoom/31b66cdf-88ec-499b-8ddf-2ab5ed1c6f59_ext_7.jpg, http://images.manheim.co.uk/images/units/zoom/31b66cdf-88ec-499b-8ddf-2ab5ed1c6f59_ext_6.jpg, http://images.manheim.co.uk/images/units/zoom/31b66cdf-88ec-499b-8ddf-2ab5ed1c6f59_ext_1.jpg, http://images.manheim.co.uk/images/units/zoom/31b66cdf-88ec-499b-8ddf-2ab5ed1c6f59_5.jpg, http://images.manheim.co.uk/images/units/zoom/31b66cdf-88ec-499b-8ddf-2ab5ed1c6f59_4.jpg, http://images.manheim.co.uk/images/units/zoom/31b66cdf-88ec-499b-8ddf-2ab5ed1c6f59_11.jpg, http://images.manheim.co.uk/images/units/zoom/31b66cdf-88ec-499b-8ddf-2ab5ed1c6f59_10.jpg, http://images.manheim.co.uk/images/units/zoom/31b66cdf-88ec-499b-8ddf-2ab5ed1c6f59_9.jpg, http://images.manheim.co.uk/images/units/zoom/31b66cdf-88ec-499b-8ddf-2ab5ed1c6f59_ext_2.jpg, http://images.manheim.co.uk/images/units/zoom/31b66cdf-88ec-499b-8ddf-2ab5ed1c6f59_ext_5.jpg, http://images.manheim.co.uk/images/units/zoom/31b66cdf-88ec-499b-8ddf-2ab5ed1c6f59_ext_3.jpg, http://images.manheim.co.uk/images/units/zoom/31b66cdf-88ec-499b-8ddf-2ab5ed1c6f59_ext_4.jpg, http://images.manheim.co.uk/images/units/zoom/insp-0001-3989389-3988406-13.jpg, http://images.manheim.co.uk/images/units/zoom/insp-0001-3989389-3988406-1000.jpg, http://images.manheim.co.uk/images/units/zoom/insp-0001-3989389-3988406-1001.jpg, http://images.manheim.co.uk/images/units/zoom/insp-0001-3989389-3988406-1002.jpg, http://images.manheim.co.uk/images/units/zoom/insp-0001-3989389-3988406-1003.jpg, http://images.manheim.co.uk/images/units/zoom/insp-0001-3989389-3988406-1004.jpg, http://images.manheim.co.uk/images/units/zoom/insp-0001-3989389-3988406-1005.jpg, http://images.manheim.co.uk/images/units/zoom/insp-0001-3989389-3988406-1006.jpg, http://images.manheim.co.uk/images/units/zoom/insp-0001-3989389-3988406-1007.jpg, http://images.manheim.co.uk/images/units/zoom/insp-0001-3989389-3988406-1008.jpg, http://images.manheim.co.uk/images/units/zoom/insp-0001-3989389-3988406-1009.jpg, http://images.manheim.co.uk/images/units/zoom/insp-0001-3989389-3988406-1010.jpg",http://ecr.manheim.co.uk/pdf/MOL-0003989389-01970317-003.pdf,2,1,18/12/2024,19702,18/12/2024,19702,QUICK CORE SERVICES,Print,,Apr-26,KIA,CEED,1.0T GDi ISG 2 5dr,0,18/12/2025, 
FX14YSC,"PEUGEOT
3008
1.6 e-HDi Active 5dr EGC",Lane 1 - Motor Dough / Ke...,Semi-Automatic,Diesel,1.6,5.0,£2375,£1950,£4150,3,HatchbackGRADE 3View Report,,2014,Mar 2014,76324,GREY,GREY,Solid,BLACK,CLOTH,5,2,With Manheim,Margin,No,No,No,,Leeds,"Air Conditioning, Bluetooth, Cruise Control, Radio CD, CO2: 110",,"£1,950",https://www.manheim.co.uk/nama,"http://images.manheim.co.uk/images/units/zoom/5b2888d9-8133-411f-bd61-b27dede693df_ext_7.jpg, http://images.manheim.co.uk/images/units/zoom/5b2888d9-8133-411f-bd61-b27dede693df_ext_6.jpg, http://images.manheim.co.uk/images/units/zoom/5b2888d9-8133-411f-bd61-b27dede693df_ext_1.jpg, http://images.manheim.co.uk/images/units/zoom/5b2888d9-8133-411f-bd61-b27dede693df_5.jpg, http://images.manheim.co.uk/images/units/zoom/5b2888d9-8133-411f-bd61-b27dede693df_4.jpg, http://images.manheim.co.uk/images/units/zoom/5b2888d9-8133-411f-bd61-b27dede693df_11.jpg, http://images.manheim.co.uk/images/units/zoom/5b2888d9-8133-411f-bd61-b27dede693df_10.jpg, http://images.manheim.co.uk/images/units/zoom/5b2888d9-8133-411f-bd61-b27dede693df_9.jpg, http://images.manheim.co.uk/images/units/zoom/5b2888d9-8133-411f-bd61-b27dede693df_ext_2.jpg, http://images.manheim.co.uk/images/units/zoom/5b2888d9-8133-411f-bd61-b27dede693df_ext_5.jpg, http://images.manheim.co.uk/images/units/zoom/5b2888d9-8133-411f-bd61-b27dede693df_ext_3.jpg, http://images.manheim.co.uk/images/units/zoom/5b2888d9-8133-411f-bd61-b27dede693df_ext_4.jpg, http://images.manheim.co.uk/images/units/zoom/insp-0001-3885512-4016387-13.jpg, http://images.manheim.co.uk/images/units/zoom/insp-0001-3885512-4016387-1000.jpg, http://images.manheim.co.uk/images/units/zoom/insp-0001-3885512-4016387-1001.jpg, http://images.manheim.co.uk/images/units/zoom/insp-0001-3885512-4016387-1002.jpg, http://images.manheim.co.uk/images/units/zoom/insp-0001-3885512-4016387-1003.jpg, http://images.manheim.co.uk/images/units/zoom/insp-0001-3885512-4016387-1004.jpg, http://images.manheim.co.uk/images/units/zoom/insp-0001-3885512-4016387-1005.jpg, http://images.manheim.co.uk/images/units/zoom/insp-0001-3885512-4016387-1006.jpg, http://images.manheim.co.uk/images/units/zoom/insp-0001-3885512-4016387-1007.jpg, http://images.manheim.co.uk/images/units/zoom/insp-0001-3885512-4016387-1008.jpg, http://images.manheim.co.uk/images/units/zoom/insp-0001-3885512-4016387-1009.jpg, http://images.manheim.co.uk/images/units/zoom/insp-0001-3885512-4016387-1010.jpg",http://ecr.manheim.co.uk/pdf/MOL-0003885512-01996737-004.pdf,7,10,11/03/2015,4167,"11/02/2025, 09/02/2024, 06/02/2023, 16/02/2022, 25/09/2020, 05/12/2019, 16/04/2019, 15/10/2018, 24/04/2017, 11/03/2015","72330, 66550, 60161, 52928, 52082, 46783, 44471, 36283, 20341, 4167","Specialist Service, Specialist Service, Specialist Service, B S Marson & Sons Ltd, B S Marson & Sons Ltd, B S Marson & Sons Ltd, AVAILABLE CAR LTD, SOUTHWELL LANE GARAGE, SOUTHWELL LANE GARAGE, AVAILABLE CAR LTD","Book, Book, Book, Book, Book, Book, Book, Book, Book, Book",,Feb-26,PEUGEOT,3008,1.6 e-HDi Active 5dr EGC,0,18/12/2025, 
GD21EZR,"VOLKSWAGEN
TIGUAN
1.5 TSI 5dr",Lane 1 - D M Keith / Sytn...,Manual,Petrol,1.5,5.0,£12850,£11650,£15250,4,EstateGRADE 4CP GREENSC SilverView Report,CP GREEN,2021,Jun 2021,63371,BLACK,BLACK,Metallic,GREY,CLOTH,5,2,With Manheim,Margin,No,No,No,Lloyd Motor Group,Leeds,"6 Speed, Air Conditioning, Automatic Lights, Bluetooth, DAB, CO2: 143",,"£11,550",https://www.manheim.co.uk/nama,"http://images.manheim.co.uk/images/units/zoom/717a443e-a48d-4721-aefb-778e5dcf2d73_ext_7.jpg, http://images.manheim.co.uk/images/units/zoom/717a443e-a48d-4721-aefb-778e5dcf2d73_ext_6.jpg, http://images.manheim.co.uk/images/units/zoom/717a443e-a48d-4721-aefb-778e5dcf2d73_ext_1.jpg, http://images.manheim.co.uk/images/units/zoom/717a443e-a48d-4721-aefb-778e5dcf2d73_5.jpg, http://images.manheim.co.uk/images/units/zoom/717a443e-a48d-4721-aefb-778e5dcf2d73_4.jpg, http://images.manheim.co.uk/images/units/zoom/717a443e-a48d-4721-aefb-778e5dcf2d73_11.jpg, http://images.manheim.co.uk/images/units/zoom/717a443e-a48d-4721-aefb-778e5dcf2d73_10.jpg, http://images.manheim.co.uk/images/units/zoom/717a443e-a48d-4721-aefb-778e5dcf2d73_9.jpg, http://images.manheim.co.uk/images/units/zoom/717a443e-a48d-4721-aefb-778e5dcf2d73_ext_2.jpg, http://images.manheim.co.uk/images/units/zoom/717a443e-a48d-4721-aefb-778e5dcf2d73_ext_5.jpg, http://images.manheim.co.uk/images/units/zoom/717a443e-a48d-4721-aefb-778e5dcf2d73_ext_3.jpg, http://images.manheim.co.uk/images/units/zoom/717a443e-a48d-4721-aefb-778e5dcf2d73_ext_4.jpg, http://images.manheim.co.uk/images/units/zoom/insp-0001-3982863-3987915-13.jpg, http://images.manheim.co.uk/images/units/zoom/insp-0001-3982863-3987915-1000.jpg, http://images.manheim.co.uk/images/units/zoom/insp-0001-3982863-3987915-1001.jpg, http://images.manheim.co.uk/images/units/zoom/insp-0001-3982863-3987915-1002.jpg, http://images.manheim.co.uk/images/units/zoom/insp-0001-3982863-3987915-1003.jpg, http://images.manheim.co.uk/images/units/zoom/insp-0001-3982863-3987915-1004.jpg, http://images.manheim.co.uk/images/units/zoom/insp-0001-3982863-3987915-1005.jpg, http://images.manheim.co.uk/images/units/zoom/insp-0001-3982863-3987915-1006.jpg, http://images.manheim.co.uk/images/units/zoom/insp-0001-3982863-3987915-1007.jpg, http://images.manheim.co.uk/images/units/zoom/insp-0001-3982863-3987915-1008.jpg, http://images.manheim.co.uk/images/units/zoom/insp-0001-3982863-3987915-1009.jpg, http://images.manheim.co.uk/images/units/zoom/insp-0001-3982863-3987915-1010.jpg, http://images.manheim.co.uk/images/units/zoom/insp-0001-3982863-3987915-1011.jpg, http://images.manheim.co.uk/images/units/zoom/insp-0001-3982863-3987915-1012.jpg, http://images.manheim.co.uk/images/units/zoom/insp-0001-3982863-3987915-1013.jpg, http://images.manheim.co.uk/images/units/zoom/insp-0001-3982863-3987915-1014.jpg, http://images.manheim.co.uk/images/units/zoom/insp-0001-3982863-3987915-1015.jpg, http://images.manheim.co.uk/images/units/zoom/insp-0001-3982863-3987915-1016.jpg, http://images.manheim.co.uk/images/units/zoom/insp-0001-3982863-3987915-1017.jpg, http://images.manheim.co.uk/images/units/zoom/insp-0001-3982863-3987915-1018.jpg, http://images.manheim.co.uk/images/units/zoom/insp-0001-3982863-3987915-1019.jpg, http://images.manheim.co.uk/images/units/zoom/insp-0001-3982863-3987915-1020.jpg, http://images.manheim.co.uk/images/units/zoom/insp-0001-3982863-3987915-1021.jpg, http://images.manheim.co.uk/images/units/zoom/insp-0001-3982863-3987915-1022.jpg, http://images.manheim.co.uk/images/units/zoom/insp-0001-3982863-3987915-1023.jpg, http://images.manheim.co.uk/images/units/zoom/insp-0001-3982863-3987915-1024.jpg, http://images.manheim.co.uk/images/units/zoom/insp-0001-3982863-3987915-1025.jpg",http://ecr.manheim.co.uk/pdf/MOL-0003982863-01963491-002.pdf,2,5,15/07/2022,20959,"06/06/2024, 22/05/2024, 31/05/2023, 06/10/2022, 15/07/2022","42535, 41535, 28099, 20970, 20959","WHITEFIELD SERVICES, WHITEFIELD SERVICES, WHITEFIELD SERVICES, WHITEFIELD SERVICES, WHITEFIELD SERVICES","Print, Print, Print, Print, Print",,Jun-26,VOLKSWAGEN,TIGUAN,1.5 TSI 5dr,0,07/01/2026, 
GF19VYS,"SKODA
SUPERB
1.5 TSI SE Technology 5dr",Lane 1 - Motor Dough / Ke...,Manual,Petrol,1.5,5.0,£5975,£5150,£8375,2,HatchbackGRADE 2CP GREENSC SilverView Report,CP GREEN,2019,Mar 2019,108252,GREY,GREY,Metallic,BLACK,LEATHER,5,1,Copy with Manheim,Margin,No,No,No,Motor Dough,Leeds,"6 Speed, Air Conditioning, Auto Climate Control, Automatic Lights, DAB, Dual Zone Climate, Front Parking Sensors, Full Leather Trim, Heated Seats, Rear Parking Sensors, Sat Nav Inoperative, CO2: 122",,"£4,800",https://www.manheim.co.uk/nama,"http://images.manheim.co.uk/images/units/zoom/88ece0c0-04bc-4f61-af94-825e10f7dc0b_ext_7.jpg, http://images.manheim.co.uk/images/units/zoom/88ece0c0-04bc-4f61-af94-825e10f7dc0b_ext_6.jpg, http://images.manheim.co.uk/images/units/zoom/88ece0c0-04bc-4f61-af94-825e10f7dc0b_ext_1.jpg, http://images.manheim.co.uk/images/units/zoom/88ece0c0-04bc-4f61-af94-825e10f7dc0b_5.jpg, http://images.manheim.co.uk/images/units/zoom/88ece0c0-04bc-4f61-af94-825e10f7dc0b_4.jpg, http://images.manheim.co.uk/images/units/zoom/88ece0c0-04bc-4f61-af94-825e10f7dc0b_11.jpg, http://images.manheim.co.uk/images/units/zoom/88ece0c0-04bc-4f61-af94-825e10f7dc0b_10.jpg, http://images.manheim.co.uk/images/units/zoom/88ece0c0-04bc-4f61-af94-825e10f7dc0b_9.jpg, http://images.manheim.co.uk/images/units/zoom/88ece0c0-04bc-4f61-af94-825e10f7dc0b_ext_2.jpg, http://images.manheim.co.uk/images/units/zoom/88ece0c0-04bc-4f61-af94-825e10f7dc0b_ext_5.jpg, http://images.manheim.co.uk/images/units/zoom/88ece0c0-04bc-4f61-af94-825e10f7dc0b_ext_3.jpg, http://images.manheim.co.uk/images/units/zoom/88ece0c0-04bc-4f61-af94-825e10f7dc0b_ext_4.jpg, http://images.manheim.co.uk/images/units/zoom/insp-0001-3932740-4003526-13.jpg, http://images.manheim.co.uk/images/units/zoom/insp-0001-3932740-4003526-1000.jpg, http://images.manheim.co.uk/images/units/zoom/insp-0001-3932740-4003526-1001.jpg, http://images.manheim.co.uk/images/units/zoom/insp-0001-3932740-4003526-1002.jpg, http://images.manheim.co.uk/images/units/zoom/insp-0001-3932740-4003526-1003.jpg, http://images.manheim.co.uk/images/units/zoom/insp-0001-3932740-4003526-1004.jpg, http://images.manheim.co.uk/images/units/zoom/insp-0001-3932740-4003526-1005.jpg, http://images.manheim.co.uk/images/units/zoom/insp-0001-3932740-4003526-1006.jpg, http://images.manheim.co.uk/images/units/zoom/insp-0001-3932740-4003526-1007.jpg, http://images.manheim.co.uk/images/units/zoom/insp-0001-3932740-4003526-1008.jpg, http://images.manheim.co.uk/images/units/zoom/insp-0001-3932740-4003526-1009.jpg, http://images.manheim.co.uk/images/units/zoom/insp-0001-3932740-4003526-1010.jpg, http://images.manheim.co.uk/images/units/zoom/insp-0001-3932740-4003526-1011.jpg, http://images.manheim.co.uk/images/units/zoom/insp-0001-3932740-4003526-1012.jpg, http://images.manheim.co.uk/images/units/zoom/insp-0001-3932740-4003526-1013.jpg, http://images.manheim.co.uk/images/units/zoom/insp-0001-3932740-4003526-1014.jpg, http://images.manheim.co.uk/images/units/zoom/insp-0001-3932740-4003526-1015.jpg, http://images.manheim.co.uk/images/units/zoom/insp-0001-3932740-4003526-1016.jpg, http://images.manheim.co.uk/images/units/zoom/insp-0001-3932740-4003526-1017.jpg, http://images.manheim.co.uk/images/units/zoom/insp-0001-3932740-4003526-1018.jpg, http://images.manheim.co.uk/images/units/zoom/insp-0001-3932740-4003526-1019.jpg",http://ecr.manheim.co.uk/pdf/MOL-0003932740-01977039-007.pdf,3,4,05/04/2022,PASSED,"31/03/2025, 01/04/2024, 27/03/2023, 05/04/2022","PASSED, PASSED, PASSED, PASSED","96067, 73645, 51867, 37942","04/04/2026, 04/04/2025, 04/04/2024, 04/04/2023",,Apr-26,SKODA,SUPERB,1.5 TSI SE Technology 5dr,0,18/12/2025, 
GL15BCO,"MERCEDES-BENZ
C CLASS
C220 BlueTEC SE Executive 4dr","Available Car, Pulman Gro...",Manual,Diesel,2.1,4.0,£5800,£5000,£8175,3,SaloonGRADE 3CP GREENSC SilverView Report,CP GREEN,2015,Jun 2015,89453,BLUE,BLUE,Metallic,BLACK,LEATHER,5,2,With Manheim,Margin,No,No,No,S G Petch,Washington,"6 Speed, Air Conditioning, Automatic Lights, Bluetooth, Cruise Control, DAB, Dual Zone Climate, Full Leather Trim, Heated Front Screen, Heated Seats, Radio CD, Rear Parking Sensors, Reversing camera, Sat Nav Functioning, CO2: 103",,"£5,950",https://www.manheim.co.uk/nama,"http://images.manheim.co.uk/images/units/zoom/3999281-9999999-325114548-004.jpg, http://images.manheim.co.uk/images/units/zoom/3999281-9999999-325114548-008.jpg, http://images.manheim.co.uk/images/units/zoom/3999281-9999999-325114548-001.jpg, http://images.manheim.co.uk/images/units/zoom/3999281-9999999-325114548-002.jpg, http://images.manheim.co.uk/images/units/zoom/3999281-9999999-325114548-003.jpg, http://images.manheim.co.uk/images/units/zoom/3999281-9999999-325114548-005.jpg, http://images.manheim.co.uk/images/units/zoom/3999281-9999999-325114548-006.jpg, http://images.manheim.co.uk/images/units/zoom/3999281-9999999-325114548-007.jpg, http://images.manheim.co.uk/images/units/zoom/3999281-9999999-325114548-009.jpg, http://images.manheim.co.uk/images/units/zoom/3999281-9999999-325114548-010.jpg, http://images.manheim.co.uk/images/units/zoom/3999281-9999999-325114548-011.jpg, http://images.manheim.co.uk/images/units/zoom/3999281-9999999-325114548-012.jpg, http://images.manheim.co.uk/images/units/zoom/insp-0001-3999281-3993615-13.jpg, http://images.manheim.co.uk/images/units/zoom/insp-0001-3999281-3993615-1000.jpg, http://images.manheim.co.uk/images/units/zoom/insp-0001-3999281-3993615-1001.jpg, http://images.manheim.co.uk/images/units/zoom/insp-0001-3999281-3993615-1002.jpg, http://images.manheim.co.uk/images/units/zoom/insp-0001-3999281-3993615-1003.jpg, http://images.manheim.co.uk/images/units/zoom/insp-0001-3999281-3993615-1004.jpg, http://images.manheim.co.uk/images/units/zoom/insp-0001-3999281-3993615-1005.jpg, http://images.manheim.co.uk/images/units/zoom/insp-0001-3999281-3993615-1006.jpg, http://images.manheim.co.uk/images/units/zoom/insp-0001-3999281-3993615-1007.jpg, http://images.manheim.co.uk/images/units/zoom/insp-0001-3999281-3993615-1008.jpg, http://images.manheim.co.uk/images/units/zoom/insp-0001-3999281-3993615-1009.jpg, http://images.manheim.co.uk/images/units/zoom/insp-0001-3999281-3993615-1010.jpg, http://images.manheim.co.uk/images/units/zoom/insp-0001-3999281-3993615-1011.jpg, http://images.manheim.co.uk/images/units/zoom/insp-0001-3999281-3993615-1012.jpg, http://images.manheim.co.uk/images/units/zoom/insp-0001-3999281-3993615-1013.jpg",http://ecr.manheim.co.uk/pdf/MOL-0003999281-01980537-007.pdf,2,5,22/07/2016,15505,"13/01/2022, 01/10/2019, 08/06/2018, 13/07/2017, 22/07/2016","59542, 43733, 32255, 25874, 15505","Lawson Cars Ltd, Marshall North West Ltd, Marshall North West Ltd, Marshall North West Ltd, Marshall North West Ltd","Print, Print, Print, Print, Print",,Jan-26,MERCEDES-BENZ,C CLASS,C220 BlueTEC SE Executive 4dr,0,19/12/2025, 
GL17JXR,"AUDI
A4
2.0 TDI 190 S Line 4dr","Vospers, Ocean, Yeomans, ...",Manual,Diesel,2.0,4.0,£11650,£10550,£14350,2,SaloonGRADE 2CP GREENSC SilverView Report,CP GREEN,2017,Apr 2017,34031,BLACK,BLACK,Solid,BLACK,Part Leather,5,2,With Manheim,Margin,No,No,No,Murray,Plymouth,"6 Speed, Air Conditioning, Auto Climate Control, Automatic Lights, Automatic Wipers, Bluetooth, DAB, Dual Zone Climate, Front Parking Sensors, Media Connectivity, Part Leather, Radio CD, Rear Parking Sensors, Sat Nav Functioning, CO2: 113",,"£11,100",https://www.manheim.co.uk/nama,"http://images.manheim.co.uk/images/units/zoom/8c0ce621-c32b-4a96-93b7-8e6611b09730_ext_7.jpg, http://images.manheim.co.uk/images/units/zoom/8c0ce621-c32b-4a96-93b7-8e6611b09730_ext_6.jpg, http://images.manheim.co.uk/images/units/zoom/8c0ce621-c32b-4a96-93b7-8e6611b09730_ext_1.jpg, http://images.manheim.co.uk/images/units/zoom/8c0ce621-c32b-4a96-93b7-8e6611b09730_5.jpg, http://images.manheim.co.uk/images/units/zoom/8c0ce621-c32b-4a96-93b7-8e6611b09730_4.jpg, http://images.manheim.co.uk/images/units/zoom/8c0ce621-c32b-4a96-93b7-8e6611b09730_11.jpg, http://images.manheim.co.uk/images/units/zoom/8c0ce621-c32b-4a96-93b7-8e6611b09730_10.jpg, http://images.manheim.co.uk/images/units/zoom/8c0ce621-c32b-4a96-93b7-8e6611b09730_9.jpg, http://images.manheim.co.uk/images/units/zoom/8c0ce621-c32b-4a96-93b7-8e6611b09730_ext_2.jpg, http://images.manheim.co.uk/images/units/zoom/8c0ce621-c32b-4a96-93b7-8e6611b09730_ext_5.jpg, http://images.manheim.co.uk/images/units/zoom/8c0ce621-c32b-4a96-93b7-8e6611b09730_ext_3.jpg, http://images.manheim.co.uk/images/units/zoom/8c0ce621-c32b-4a96-93b7-8e6611b09730_ext_4.jpg, http://images.manheim.co.uk/images/units/zoom/insp-0001-4009778-4008121-13.jpg, http://images.manheim.co.uk/images/units/zoom/insp-0001-4009778-4008121-1000.jpg, http://images.manheim.co.uk/images/units/zoom/insp-0001-4009778-4008121-1001.jpg, http://images.manheim.co.uk/images/units/zoom/insp-0001-4009778-4008121-1002.jpg, http://images.manheim.co.uk/images/units/zoom/insp-0001-4009778-4008121-1003.jpg, http://images.manheim.co.uk/images/units/zoom/insp-0001-4009778-4008121-1004.jpg, http://images.manheim.co.uk/images/units/zoom/insp-0001-4009778-4008121-1005.jpg, http://images.manheim.co.uk/images/units/zoom/insp-0001-4009778-4008121-1006.jpg",http://ecr.manheim.co.uk/pdf/MOL-0004009778-01992010-003.pdf,2,8,13/02/2018,11695,"16/01/2025, 10/05/2023, 04/07/2022, 24/05/2022, 01/06/2021, 10/02/2020, 13/02/2019, 13/02/2018","31872, 26993, 24549, 24322, 22725, 20480, 16055, 11695","Plymouth Audi, Plymouth Audi, Plymouth Audi, Plymouth Audi, Plymouth Audi, Plymouth Audi, Plymouth Audi, Plymouth Audi","Print, Print, Print, Print, Print, Print, Print, Print",,Jun-26,AUDI,A4,2.0 TDI 190 S Line 4dr,0,07/01/2026, 
GM18YNW,"VOLKSWAGEN
GOLF
1.0 TSI 110 SE [Nav] 5dr",Lane 1 - D M Keith / Sytn...,Manual,Petrol,1.0,5.0,£9500,£8475,£11700,3,HatchbackGRADE 3CP GREENSC SilverView Report,CP GREEN,2018,Jun 2018,42426,WHITE,WHITE,Solid,BLACK,CLOTH,5,2,With Manheim,Margin,No,No,No,Lloyd Motor Group,Leeds,"6 Speed, Air Conditioning, Automatic Lights, Bluetooth, Cruise Control, DAB, Front Parking Sensors, Media Connectivity, Privacy Glass, Radio CD, Rear Parking Sensors, Sat Nav Functioning, Traction Control, CO2: 109",sd card,"£9,000",https://www.manheim.co.uk/nama,"http://images.manheim.co.uk/images/units/zoom/c35f3447-2e5c-4871-84d0-484c520a497a_ext_7.jpg, http://images.manheim.co.uk/images/units/zoom/c35f3447-2e5c-4871-84d0-484c520a497a_ext_6.jpg, http://images.manheim.co.uk/images/units/zoom/c35f3447-2e5c-4871-84d0-484c520a497a_ext_1.jpg, http://images.manheim.co.uk/images/units/zoom/c35f3447-2e5c-4871-84d0-484c520a497a_5.jpg, http://images.manheim.co.uk/images/units/zoom/c35f3447-2e5c-4871-84d0-484c520a497a_4.jpg, http://images.manheim.co.uk/images/units/zoom/c35f3447-2e5c-4871-84d0-484c520a497a_11.jpg, http://images.manheim.co.uk/images/units/zoom/c35f3447-2e5c-4871-84d0-484c520a497a_10.jpg, http://images.manheim.co.uk/images/units/zoom/c35f3447-2e5c-4871-84d0-484c520a497a_9.jpg, http://images.manheim.co.uk/images/units/zoom/c35f3447-2e5c-4871-84d0-484c520a497a_ext_2.jpg, http://images.manheim.co.uk/images/units/zoom/c35f3447-2e5c-4871-84d0-484c520a497a_ext_5.jpg, http://images.manheim.co.uk/images/units/zoom/c35f3447-2e5c-4871-84d0-484c520a497a_ext_3.jpg, http://images.manheim.co.uk/images/units/zoom/c35f3447-2e5c-4871-84d0-484c520a497a_ext_4.jpg, http://images.manheim.co.uk/images/units/zoom/insp-0001-4005316-4012507-13.jpg, http://images.manheim.co.uk/images/units/zoom/insp-0001-4005316-4012507-1000.jpg, http://images.manheim.co.uk/images/units/zoom/insp-0001-4005316-4012507-1001.jpg, http://images.manheim.co.uk/images/units/zoom/insp-0001-4005316-4012507-1002.jpg, http://images.manheim.co.uk/images/units/zoom/insp-0001-4005316-4012507-1003.jpg, http://images.manheim.co.uk/images/units/zoom/insp-0001-4005316-4012507-1004.jpg, http://images.manheim.co.uk/images/units/zoom/insp-0001-4005316-4012507-1005.jpg, http://images.manheim.co.uk/images/units/zoom/insp-0001-4005316-4012507-1006.jpg, http://images.manheim.co.uk/images/units/zoom/insp-0001-4005316-4012507-1007.jpg, http://images.manheim.co.uk/images/units/zoom/insp-0001-4005316-4012507-1008.jpg, http://images.manheim.co.uk/images/units/zoom/insp-0001-4005316-4012507-1009.jpg, http://images.manheim.co.uk/images/units/zoom/insp-0001-4005316-4012507-1010.jpg, http://images.manheim.co.uk/images/units/zoom/insp-0001-4005316-4012507-1011.jpg, http://images.manheim.co.uk/images/units/zoom/insp-0001-4005316-4012507-1012.jpg, http://images.manheim.co.uk/images/units/zoom/insp-0001-4005316-4012507-1013.jpg, http://images.manheim.co.uk/images/units/zoom/insp-0001-4005316-4012507-1014.jpg, http://images.manheim.co.uk/images/units/zoom/insp-0001-4005316-4012507-1015.jpg, http://images.manheim.co.uk/images/units/zoom/insp-0001-4005316-4012507-1016.jpg, http://images.manheim.co.uk/images/units/zoom/insp-0001-4005316-4012507-1017.jpg, http://images.manheim.co.uk/images/units/zoom/insp-0001-4005316-4012507-1018.jpg, http://images.manheim.co.uk/images/units/zoom/insp-0001-4005316-4012507-1019.jpg, http://images.manheim.co.uk/images/units/zoom/insp-0001-4005316-4012507-1020.jpg",http://ecr.manheim.co.uk/pdf/MOL-0004005316-01987413-002.pdf,3,4,07/08/2019,13241,"16/07/2024, 20/07/2023, 07/08/2020, 07/08/2019","34682, 30536, 18383, 13241","North Jesmond Garage, North Jesmond Garage, Harpers Cumbria, Print","Print, Print, Print, Print",,Jun-26,VOLKSWAGEN,GOLF,1.0 TSI 110 SE [Nav] 5dr,0,07/01/2026, 
GN22ZTR,"JAGUAR
F-TYPE
2.0 P300 R-Dynamic Black 2dr Auto",SIMULCAST AND PHYSICAL - ...,Semi-Automatic,Petrol,2.0,2.0,£40900,£39500,£46500,2,CoupeGRADE 2SC SilverView Report,SC Silver,2022,Jun 2022,11041,BLACK,BLACK,Metallic,RED,LEATHER,2,1,With Manheim,Margin,No,No,No,LSH Auto Group,Manchester,"Air Conditioning, Auto Climate Control, Automatic Lights, Bluetooth, Cruise Control, DAB, Dual Zone Climate, Front Parking Sensors, Full Leather Trim, Heated Front Screen, Heated Seats, Media Connectivity, Panoramic Roof, Privacy Glass, Rear Parking Sensors, Reversing camera, Sat Nav Functioning, Traction Control, CO2: 218",,"£40,250",https://www.manheim.co.uk/nama,"http://images.manheim.co.uk/images/units/zoom/e6ef1e8d-f566-478b-9374-76cddfa2a3b3_ext_7.jpg, http://images.manheim.co.uk/images/units/zoom/e6ef1e8d-f566-478b-9374-76cddfa2a3b3_ext_6.jpg, http://images.manheim.co.uk/images/units/zoom/e6ef1e8d-f566-478b-9374-76cddfa2a3b3_ext_1.jpg, http://images.manheim.co.uk/images/units/zoom/e6ef1e8d-f566-478b-9374-76cddfa2a3b3_5.jpg, http://images.manheim.co.uk/images/units/zoom/e6ef1e8d-f566-478b-9374-76cddfa2a3b3_4.jpg, http://images.manheim.co.uk/images/units/zoom/e6ef1e8d-f566-478b-9374-76cddfa2a3b3_11.jpg, http://images.manheim.co.uk/images/units/zoom/e6ef1e8d-f566-478b-9374-76cddfa2a3b3_10.jpg, http://images.manheim.co.uk/images/units/zoom/e6ef1e8d-f566-478b-9374-76cddfa2a3b3_9.jpg, http://images.manheim.co.uk/images/units/zoom/e6ef1e8d-f566-478b-9374-76cddfa2a3b3_ext_2.jpg, http://images.manheim.co.uk/images/units/zoom/e6ef1e8d-f566-478b-9374-76cddfa2a3b3_ext_5.jpg, http://images.manheim.co.uk/images/units/zoom/e6ef1e8d-f566-478b-9374-76cddfa2a3b3_ext_3.jpg, http://images.manheim.co.uk/images/units/zoom/e6ef1e8d-f566-478b-9374-76cddfa2a3b3_ext_4.jpg, http://images.manheim.co.uk/images/units/zoom/insp-0001-4008836-4008307-13.jpg, http://images.manheim.co.uk/images/units/zoom/insp-0001-4008836-4008307-1000.jpg, http://images.manheim.co.uk/images/units/zoom/insp-0001-4008836-4008307-1001.jpg, http://images.manheim.co.uk/images/units/zoom/insp-0001-4008836-4008307-1002.jpg, http://images.manheim.co.uk/images/units/zoom/insp-0001-4008836-4008307-1003.jpg, http://images.manheim.co.uk/images/units/zoom/insp-0001-4008836-4008307-1004.jpg, http://images.manheim.co.uk/images/units/zoom/insp-0001-4008836-4008307-1005.jpg, http://images.manheim.co.uk/images/units/zoom/insp-0001-4008836-4008307-1006.jpg, http://images.manheim.co.uk/images/units/zoom/insp-0001-4008836-4008307-1007.jpg, http://images.manheim.co.uk/images/units/zoom/insp-0001-4008836-4008307-1008.jpg, http://images.manheim.co.uk/images/units/zoom/insp-0001-4008836-4008307-1009.jpg, http://images.manheim.co.uk/images/units/zoom/insp-0001-4008836-4008307-1010.jpg, http://images.manheim.co.uk/images/units/zoom/insp-0001-4008836-4008307-1011.jpg, http://images.manheim.co.uk/images/units/zoom/insp-0001-4008836-4008307-1012.jpg, http://images.manheim.co.uk/images/units/zoom/insp-0001-4008836-4008307-1013.jpg",http://ecr.manheim.co.uk/pdf/MOL-0004008836-01991039-005.pdf,2,1,31/03/2025,9528,31/03/2025,9528,vertu,Print,,Jun-26,JAGUAR,F-TYPE,2.0 P300 R-Dynamic Black 2dr Auto,0,18/12/2025, 
GU20POH,"BMW
1 SERIES
118i Sport 5dr Step Auto",Lane 1 - D M Keith / Sytn...,Automatic,Petrol,1.5,5.0,£13250,£12100,£15450,3,HatchbackGRADE 3CP GREENSC SilverView Report,CP GREEN,2020,May 2020,50684,BLACK,BLACK,Metallic,BLACK,Part Leather,5,1,With Manheim,Margin,No,No,No,Lloyd Motor Group,Leeds,"Air Conditioning, Auto Climate Control, Automatic Lights, Automatic Wipers, Bluetooth, Cruise Control, DAB, Dual Zone Climate, Front Parking Sensors, Ipod Connectivity, Media Connectivity, Part Leather, Rear Parking Sensors, Sat Nav Functioning, Traction Control, CO2: 142",,"£11,950",https://www.manheim.co.uk/nama,"http://images.manheim.co.uk/images/units/zoom/c4677c8b-95ab-453b-aa8e-8e859c541e36_ext_7.jpg, http://images.manheim.co.uk/images/units/zoom/c4677c8b-95ab-453b-aa8e-8e859c541e36_ext_6.jpg, http://images.manheim.co.uk/images/units/zoom/c4677c8b-95ab-453b-aa8e-8e859c541e36_ext_1.jpg, http://images.manheim.co.uk/images/units/zoom/c4677c8b-95ab-453b-aa8e-8e859c541e36_5.jpg, http://images.manheim.co.uk/images/units/zoom/c4677c8b-95ab-453b-aa8e-8e859c541e36_4.jpg, http://images.manheim.co.uk/images/units/zoom/c4677c8b-95ab-453b-aa8e-8e859c541e36_11.jpg, http://images.manheim.co.uk/images/units/zoom/c4677c8b-95ab-453b-aa8e-8e859c541e36_10.jpg, http://images.manheim.co.uk/images/units/zoom/c4677c8b-95ab-453b-aa8e-8e859c541e36_9.jpg, http://images.manheim.co.uk/images/units/zoom/c4677c8b-95ab-453b-aa8e-8e859c541e36_ext_2.jpg, http://images.manheim.co.uk/images/units/zoom/c4677c8b-95ab-453b-aa8e-8e859c541e36_ext_5.jpg, http://images.manheim.co.uk/images/units/zoom/c4677c8b-95ab-453b-aa8e-8e859c541e36_ext_3.jpg, http://images.manheim.co.uk/images/units/zoom/c4677c8b-95ab-453b-aa8e-8e859c541e36_ext_4.jpg, http://images.manheim.co.uk/images/units/zoom/insp-0001-3972896-3970306-13.jpg, http://images.manheim.co.uk/images/units/zoom/insp-0001-3972896-3970306-1000.jpg, http://images.manheim.co.uk/images/units/zoom/insp-0001-3972896-3970306-1001.jpg, http://images.manheim.co.uk/images/units/zoom/insp-0001-3972896-3970306-1002.jpg",http://ecr.manheim.co.uk/pdf/MOL-0003972896-01953934-002.pdf,5,1,31/01/2024,38246,31/01/2024,38246,HiQ,Print,,May-26,BMW,1 SERIES,118i Sport 5dr Step Auto,0,07/01/2026, 
GU24OCA,"PEUGEOT
2008
1.2 PureTech 130 Allure 5dr",Lane 1 - Arval / Novuna /...,Manual,Petrol,1.2,5.0,£15900,£14550,£18300,3,HatchbackGRADE 3CP GREENSC GoldView Report,CP GREEN,2024,Jun 2024,9428,RED,RED,Solid,BLACK,,5,2,With Manheim,Qualifying,No,No,No,Leasys,Leeds,"6 Speed, Air Conditioning, Cruise Control, DAB, CO2: 129",,"£15,500",https://www.manheim.co.uk/nama,"http://images.manheim.co.uk/images/units/zoom/9f2e8c15-e8b4-479b-aba8-e26204bfaf35_ext_7.jpg, http://images.manheim.co.uk/images/units/zoom/9f2e8c15-e8b4-479b-aba8-e26204bfaf35_ext_6.jpg, http://images.manheim.co.uk/images/units/zoom/9f2e8c15-e8b4-479b-aba8-e26204bfaf35_ext_1.jpg, http://images.manheim.co.uk/images/units/zoom/9f2e8c15-e8b4-479b-aba8-e26204bfaf35_5.jpg, http://images.manheim.co.uk/images/units/zoom/9f2e8c15-e8b4-479b-aba8-e26204bfaf35_4.jpg, http://images.manheim.co.uk/images/units/zoom/9f2e8c15-e8b4-479b-aba8-e26204bfaf35_11.jpg, http://images.manheim.co.uk/images/units/zoom/9f2e8c15-e8b4-479b-aba8-e26204bfaf35_10.jpg, http://images.manheim.co.uk/images/units/zoom/9f2e8c15-e8b4-479b-aba8-e26204bfaf35_9.jpg, http://images.manheim.co.uk/images/units/zoom/9f2e8c15-e8b4-479b-aba8-e26204bfaf35_ext_2.jpg, http://images.manheim.co.uk/images/units/zoom/9f2e8c15-e8b4-479b-aba8-e26204bfaf35_ext_5.jpg, http://images.manheim.co.uk/images/units/zoom/9f2e8c15-e8b4-479b-aba8-e26204bfaf35_ext_3.jpg, http://images.manheim.co.uk/images/units/zoom/9f2e8c15-e8b4-479b-aba8-e26204bfaf35_ext_4.jpg, http://images.manheim.co.uk/images/units/zoom/insp-0001-3973824-3995285-13.jpg, http://images.manheim.co.uk/images/units/zoom/insp-0001-3973824-3995285-1000.jpg, http://images.manheim.co.uk/images/units/zoom/insp-0001-3973824-3995285-1001.jpg, http://images.manheim.co.uk/images/units/zoom/insp-0001-3973824-3995285-1002.jpg, http://images.manheim.co.uk/images/units/zoom/insp-0001-3973824-3995285-1003.jpg, http://images.manheim.co.uk/images/units/zoom/insp-0001-3973824-3995285-1004.jpg, http://images.manheim.co.uk/images/units/zoom/insp-0001-3973824-3995285-1005.jpg, http://images.manheim.co.uk/images/units/zoom/insp-0001-3973824-3995285-1006.jpg, http://images.manheim.co.uk/images/units/zoom/insp-0001-3973824-3995285-1007.jpg",http://ecr.manheim.co.uk/pdf/MOL-0003973824-01971108-002.pdf,1,1,10/06/2025,7482,10/06/2025,7482,KWIK FIT,Print,,,PEUGEOT,2008,1.2 PureTech 130 Allure 5dr,0,05/01/2026, 
GY19UMV,"KIA
PRO CEED
1.4T GDi ISG GT-Line 5dr",Lane 1 - Motor Dough / Ke...,Manual,Petrol,1.4,5.0,£6725,£5825,£8900,3,EstateGRADE 3CP GREENSC SilverView Report,CP GREEN,2019,Mar 2019,109161,RED,RED,Metallic,BLACK,Part Leather,5,2,With Manheim,Margin,No,No,No,Motor Dough,Leeds,"6 Speed, Air Conditioning, Auto Climate Control, Automatic Lights, Automatic Wipers, Bluetooth, Cruise Control, DAB, Dual Zone Climate, Heated Seats, Media Connectivity, Part Leather, Rear Parking Sensors, Reversing camera, Sat Nav Functioning, CO2: 132",MOT EVERY 6 MONTHS & DISCREPANCY  - POSS  TAXI,"£5,600",https://www.manheim.co.uk/nama,"http://images.manheim.co.uk/images/units/zoom/707e9510-bb2f-4241-b719-ebf169f4f33d_ext_7.jpg, http://images.manheim.co.uk/images/units/zoom/707e9510-bb2f-4241-b719-ebf169f4f33d_ext_6.jpg, http://images.manheim.co.uk/images/units/zoom/707e9510-bb2f-4241-b719-ebf169f4f33d_ext_1.jpg, http://images.manheim.co.uk/images/units/zoom/707e9510-bb2f-4241-b719-ebf169f4f33d_5.jpg, http://images.manheim.co.uk/images/units/zoom/707e9510-bb2f-4241-b719-ebf169f4f33d_4.jpg, http://images.manheim.co.uk/images/units/zoom/707e9510-bb2f-4241-b719-ebf169f4f33d_11.jpg, http://images.manheim.co.uk/images/units/zoom/707e9510-bb2f-4241-b719-ebf169f4f33d_10.jpg, http://images.manheim.co.uk/images/units/zoom/707e9510-bb2f-4241-b719-ebf169f4f33d_9.jpg, http://images.manheim.co.uk/images/units/zoom/707e9510-bb2f-4241-b719-ebf169f4f33d_ext_2.jpg, http://images.manheim.co.uk/images/units/zoom/707e9510-bb2f-4241-b719-ebf169f4f33d_ext_5.jpg, http://images.manheim.co.uk/images/units/zoom/707e9510-bb2f-4241-b719-ebf169f4f33d_ext_3.jpg, http://images.manheim.co.uk/images/units/zoom/707e9510-bb2f-4241-b719-ebf169f4f33d_ext_4.jpg, http://images.manheim.co.uk/images/units/zoom/insp-0001-3996027-4015181-13.jpg, http://images.manheim.co.uk/images/units/zoom/insp-0001-3996027-4015181-1000.jpg, http://images.manheim.co.uk/images/units/zoom/insp-0001-3996027-4015181-1001.jpg, http://images.manheim.co.uk/images/units/zoom/insp-0001-3996027-4015181-1002.jpg, http://images.manheim.co.uk/images/units/zoom/insp-0001-3996027-4015181-1003.jpg, http://images.manheim.co.uk/images/units/zoom/insp-0001-3996027-4015181-1004.jpg, http://images.manheim.co.uk/images/units/zoom/insp-0001-3996027-4015181-1005.jpg, http://images.manheim.co.uk/images/units/zoom/insp-0001-3996027-4015181-1006.jpg, http://images.manheim.co.uk/images/units/zoom/insp-0001-3996027-4015181-1007.jpg, http://images.manheim.co.uk/images/units/zoom/insp-0001-3996027-4015181-1008.jpg, http://images.manheim.co.uk/images/units/zoom/insp-0001-3996027-4015181-1009.jpg, http://images.manheim.co.uk/images/units/zoom/insp-0001-3996027-4015181-1010.jpg, http://images.manheim.co.uk/images/units/zoom/insp-0001-3996027-4015181-1011.jpg, http://images.manheim.co.uk/images/units/zoom/insp-0001-3996027-4015181-1012.jpg, http://images.manheim.co.uk/images/units/zoom/insp-0001-3996027-4015181-1013.jpg",http://ecr.manheim.co.uk/pdf/MOL-0003996027-01994453-005.pdf,4,11,23/01/2020,6622,"18/01/2025, 17/08/2024, 20/02/2024, 02/09/2023, 20/04/2023, 22/10/2022, 22/04/2022, 29/10/2021, 13/05/2021, 30/11/2020, 23/01/2020","101425, 91014, 81673, 70442, 60415, 50912, 40650, 30163, 22470, 15817, 6622","LAVENDER MTRS WEST SUSSEX, LAVENDER MTRS WEST SUSSEX, GATWICK GROUP WEST SUSSEX, LAVENDER MTRS WEST SUSSEX, GATWICK GROUP WEST SUSSEX, GATWICK GROUP WEST SUSSEX, GATWICK GROUP WEST SUSSEX, GATWICK GROUP WEST SUSSEX, GATWICK GROUP WEST SUSSEX, GATWICK GROUP WEST SUSSEX, GATWICK GROUP WEST SUSSEX","Book, Book, Book, Book, Book, Book, Book, Book, Book, Book, Book",,Feb-26,KIA,PRO CEED,1.4T GDi ISG GT-Line 5dr,0,18/12/2025, 
HJ69GPY,"MERCEDES-BENZ
GLA
GLA 180 AMG Line Edition 5dr Auto",Lane 1 - D M Keith / Sytn...,Automatic,Petrol,1.6,5.0,£14050,£12800,£16450,5,EstateGRADE 5CP GREENSC SilverView Report,CP GREEN,2019,Sep 2019,46364,RED,RED,Solid,BLACK,Part Leather,5,1,With Manheim,Margin,No,No,No,Lloyd Motor Group,Leeds,"Air Conditioning, Auto Climate Control, Automatic Lights, Bluetooth, Cruise Control, Dual Zone Climate, Front Parking Sensors, Heated Seats, Part Leather, Radio CD, Reversing camera, Sat Nav Functioning, CO2: 146","SD Card
Spare key is inoperative.","£11,500",https://www.manheim.co.uk/nama,"http://images.manheim.co.uk/images/units/zoom/b3ea69f8-5921-4f13-8da5-9f87d4c8aa81_ext_7.jpg, http://images.manheim.co.uk/images/units/zoom/b3ea69f8-5921-4f13-8da5-9f87d4c8aa81_ext_6.jpg, http://images.manheim.co.uk/images/units/zoom/b3ea69f8-5921-4f13-8da5-9f87d4c8aa81_ext_1.jpg, http://images.manheim.co.uk/images/units/zoom/b3ea69f8-5921-4f13-8da5-9f87d4c8aa81_5.jpg, http://images.manheim.co.uk/images/units/zoom/b3ea69f8-5921-4f13-8da5-9f87d4c8aa81_4.jpg, http://images.manheim.co.uk/images/units/zoom/b3ea69f8-5921-4f13-8da5-9f87d4c8aa81_11.jpg, http://images.manheim.co.uk/images/units/zoom/b3ea69f8-5921-4f13-8da5-9f87d4c8aa81_10.jpg, http://images.manheim.co.uk/images/units/zoom/b3ea69f8-5921-4f13-8da5-9f87d4c8aa81_9.jpg, http://images.manheim.co.uk/images/units/zoom/b3ea69f8-5921-4f13-8da5-9f87d4c8aa81_ext_2.jpg, http://images.manheim.co.uk/images/units/zoom/b3ea69f8-5921-4f13-8da5-9f87d4c8aa81_ext_5.jpg, http://images.manheim.co.uk/images/units/zoom/b3ea69f8-5921-4f13-8da5-9f87d4c8aa81_ext_3.jpg, http://images.manheim.co.uk/images/units/zoom/b3ea69f8-5921-4f13-8da5-9f87d4c8aa81_ext_4.jpg, http://images.manheim.co.uk/images/units/zoom/insp-0001-3958741-3949607-13.jpg, http://images.manheim.co.uk/images/units/zoom/insp-0001-3958741-3949607-1000.jpg, http://images.manheim.co.uk/images/units/zoom/insp-0001-3958741-3949607-1001.jpg, http://images.manheim.co.uk/images/units/zoom/insp-0001-3958741-3949607-1002.jpg, http://images.manheim.co.uk/images/units/zoom/insp-0001-3958741-3949607-1003.jpg, http://images.manheim.co.uk/images/units/zoom/insp-0001-3958741-3949607-1004.jpg, http://images.manheim.co.uk/images/units/zoom/insp-0001-3958741-3949607-1005.jpg, http://images.manheim.co.uk/images/units/zoom/insp-0001-3958741-3949607-1006.jpg, http://images.manheim.co.uk/images/units/zoom/insp-0001-3958741-3949607-1007.jpg, http://images.manheim.co.uk/images/units/zoom/insp-0001-3958741-3949607-1008.jpg, http://images.manheim.co.uk/images/units/zoom/insp-0001-3958741-3949607-1009.jpg, http://images.manheim.co.uk/images/units/zoom/insp-0001-3958741-3949607-1010.jpg, http://images.manheim.co.uk/images/units/zoom/insp-0001-3958741-3949607-1011.jpg, http://images.manheim.co.uk/images/units/zoom/insp-0001-3958741-3949607-1012.jpg, http://images.manheim.co.uk/images/units/zoom/insp-0001-3958741-3949607-1013.jpg, http://images.manheim.co.uk/images/units/zoom/insp-0001-3958741-3949607-1014.jpg, http://images.manheim.co.uk/images/units/zoom/insp-0001-3958741-3949607-1015.jpg, http://images.manheim.co.uk/images/units/zoom/insp-0001-3958741-3949607-1016.jpg, http://images.manheim.co.uk/images/units/zoom/insp-0001-3958741-3949607-1017.jpg, http://images.manheim.co.uk/images/units/zoom/insp-0001-3958741-3949607-1018.jpg, http://images.manheim.co.uk/images/units/zoom/insp-0001-3958741-3949607-1019.jpg, http://images.manheim.co.uk/images/units/zoom/insp-0001-3958741-3949607-1020.jpg",http://ecr.manheim.co.uk/pdf/MOL-0003958741-01939740-003.pdf,3,1,15/10/2020,21625,15/10/2020,21625,Mertech Garage Services Ltd,Print,,Oct-26,MERCEDES-BENZ,GLA,GLA 180 AMG Line Edition 5dr Auto,0,07/01/2026, 
HK18OGN,"MITSUBISHI
ASX
1.6 4 5dr 4WD",Lane 2 - Stellantis & You...,Manual,Diesel,1.6,5.0,£3500,£2975,£5295,5,HatchbackGRADE 5View Report,,2018,May 2018,120265,GREY,GREY,Solid,GREY,LEATHER,5,2,With Manheim,Margin,No,No,No,Lloyd Motor Group,Leeds,"6 Speed, Air Conditioning, Auto Climate Control, Automatic Lights, Automatic Wipers, Aux In, Bluetooth, Cruise Control, DAB, Full Leather Trim, Ipod Connectivity, Media Connectivity, Panoramic Roof, Rear Parking Sensors, Reversing camera, Sat Nav Functioning, Traction Control, CO2: 132",SD CARD,"£2,375",https://www.manheim.co.uk/nama,"http://images.manheim.co.uk/images/units/zoom/fa69469d-b95b-4a7f-9b8b-280e0303a516_ext_7.jpg, http://images.manheim.co.uk/images/units/zoom/fa69469d-b95b-4a7f-9b8b-280e0303a516_ext_6.jpg, http://images.manheim.co.uk/images/units/zoom/fa69469d-b95b-4a7f-9b8b-280e0303a516_ext_1.jpg, http://images.manheim.co.uk/images/units/zoom/fa69469d-b95b-4a7f-9b8b-280e0303a516_5.jpg, http://images.manheim.co.uk/images/units/zoom/fa69469d-b95b-4a7f-9b8b-280e0303a516_4.jpg, http://images.manheim.co.uk/images/units/zoom/fa69469d-b95b-4a7f-9b8b-280e0303a516_11.jpg, http://images.manheim.co.uk/images/units/zoom/fa69469d-b95b-4a7f-9b8b-280e0303a516_10.jpg, http://images.manheim.co.uk/images/units/zoom/fa69469d-b95b-4a7f-9b8b-280e0303a516_9.jpg, http://images.manheim.co.uk/images/units/zoom/fa69469d-b95b-4a7f-9b8b-280e0303a516_ext_2.jpg, http://images.manheim.co.uk/images/units/zoom/fa69469d-b95b-4a7f-9b8b-280e0303a516_ext_5.jpg, http://images.manheim.co.uk/images/units/zoom/fa69469d-b95b-4a7f-9b8b-280e0303a516_ext_3.jpg, http://images.manheim.co.uk/images/units/zoom/fa69469d-b95b-4a7f-9b8b-280e0303a516_ext_4.jpg, http://images.manheim.co.uk/images/units/zoom/insp-0001-4009457-4017785-13.jpg, http://images.manheim.co.uk/images/units/zoom/insp-0001-4009457-4017785-1000.jpg, http://images.manheim.co.uk/images/units/zoom/insp-0001-4009457-4017785-1001.jpg, http://images.manheim.co.uk/images/units/zoom/insp-0001-4009457-4017785-1002.jpg, http://images.manheim.co.uk/images/units/zoom/insp-0001-4009457-4017785-1003.jpg, http://images.manheim.co.uk/images/units/zoom/insp-0001-4009457-4017785-1004.jpg, http://images.manheim.co.uk/images/units/zoom/insp-0001-4009457-4017785-1005.jpg, http://images.manheim.co.uk/images/units/zoom/insp-0001-4009457-4017785-1006.jpg, http://images.manheim.co.uk/images/units/zoom/insp-0001-4009457-4017785-1007.jpg, http://images.manheim.co.uk/images/units/zoom/insp-0001-4009457-4017785-1008.jpg, http://images.manheim.co.uk/images/units/zoom/insp-0001-4009457-4017785-1009.jpg, http://images.manheim.co.uk/images/units/zoom/insp-0001-4009457-4017785-1010.jpg, http://images.manheim.co.uk/images/units/zoom/insp-0001-4009457-4017785-1011.jpg, http://images.manheim.co.uk/images/units/zoom/insp-0001-4009457-4017785-1012.jpg, http://images.manheim.co.uk/images/units/zoom/insp-0001-4009457-4017785-1013.jpg, http://images.manheim.co.uk/images/units/zoom/insp-0001-4009457-4017785-1014.jpg, http://images.manheim.co.uk/images/units/zoom/insp-0001-4009457-4017785-1015.jpg, http://images.manheim.co.uk/images/units/zoom/insp-0001-4009457-4017785-1016.jpg",http://ecr.manheim.co.uk/pdf/MOL-0004009457-01991631-004.pdf,3,3,27/06/2019,13259,"26/05/2021, 20/05/2020, 27/06/2019","26105, 21588, 13259","Richmond Mitsubishi, Richmond Mitsubishi, Richmond Mitsubishi","Print, Print, Print",,Apr-26,MITSUBISHI,ASX,1.6 4 5dr 4WD,0,05/01/2026, 
HK69WGG,"DACIA
DUSTER
1.0 TCe 100 Comfort 5dr","Available Car, Pulman Gro...",Manual,Petrol,1.0,5.0,£6000,£5225,£8225,3,HatchbackGRADE 3CP GREENSC SilverView Report,CP GREEN,2019,Nov 2019,63176,WHITE,WHITE,Solid,BLACK,CLOTH,5,2,With Manheim,Margin,No,No,No,S G Petch,Washington,"Air Conditioning, Automatic Lights, Cruise Control, Rear Parking Sensors, Reversing camera, Sat Nav Functioning, Traction Control, CO2: 125",,"£5,400",https://www.manheim.co.uk/nama,"http://images.manheim.co.uk/images/units/zoom/4009121-9999999-337093753-004.jpg, http://images.manheim.co.uk/images/units/zoom/4009121-9999999-337093753-008.jpg, http://images.manheim.co.uk/images/units/zoom/4009121-9999999-337093753-001.jpg, http://images.manheim.co.uk/images/units/zoom/4009121-9999999-337093753-002.jpg, http://images.manheim.co.uk/images/units/zoom/4009121-9999999-337093753-003.jpg, http://images.manheim.co.uk/images/units/zoom/4009121-9999999-337093753-005.jpg, http://images.manheim.co.uk/images/units/zoom/4009121-9999999-337093753-006.jpg, http://images.manheim.co.uk/images/units/zoom/4009121-9999999-337093753-007.jpg, http://images.manheim.co.uk/images/units/zoom/4009121-9999999-337093753-009.jpg, http://images.manheim.co.uk/images/units/zoom/4009121-9999999-337093753-010.jpg, http://images.manheim.co.uk/images/units/zoom/4009121-9999999-337093753-011.jpg, http://images.manheim.co.uk/images/units/zoom/4009121-9999999-337093753-012.jpg, http://images.manheim.co.uk/images/units/zoom/insp-0001-4009121-4005788-13.jpg, http://images.manheim.co.uk/images/units/zoom/insp-0001-4009121-4005788-1000.jpg, http://images.manheim.co.uk/images/units/zoom/insp-0001-4009121-4005788-1001.jpg, http://images.manheim.co.uk/images/units/zoom/insp-0001-4009121-4005788-1002.jpg, http://images.manheim.co.uk/images/units/zoom/insp-0001-4009121-4005788-1003.jpg, http://images.manheim.co.uk/images/units/zoom/insp-0001-4009121-4005788-1004.jpg, http://images.manheim.co.uk/images/units/zoom/insp-0001-4009121-4005788-1005.jpg",http://ecr.manheim.co.uk/pdf/MOL-0004009121-01991266-003.pdf,2,2,15/07/2023,44274,"09/07/2024, 15/07/2023","54215, 44274","HI Q DURHAM, HI Q DURHAM","Book, Book",,Nov-25,DACIA,DUSTER,1.0 TCe 100 Comfort 5dr,0,19/12/2025, 
HT19AUF,"RENAULT
CLIO
0.9 TCE 90 GT Line 5dr","Available Car, Pulman Gro...",Manual,Petrol,0.9,5.0,£4600,£3925,£6400,2,HatchbackGRADE 2CP GREENSC SilverView Report,CP GREEN,2019,Mar 2019,69936,RED,RED,Metallic,BLACK,Part Leather,5,2,With Manheim,Margin,No,No,No,S G Petch,Washington,"Air Conditioning, Auto Climate Control, Automatic Lights, Automatic Wipers, Aux In, Bluetooth, Cruise Control, DAB, Media Connectivity, Part Leather, Rear Parking Sensors, Sat Nav Functioning, Traction Control, CO2: 113",,"£4,600",https://www.manheim.co.uk/nama,"http://images.manheim.co.uk/images/units/zoom/2374569-9999999-332114330-004.jpg, http://images.manheim.co.uk/images/units/zoom/2374569-9999999-332114330-008.jpg, http://images.manheim.co.uk/images/units/zoom/2374569-9999999-332114330-001.jpg, http://images.manheim.co.uk/images/units/zoom/2374569-9999999-332114330-002.jpg, http://images.manheim.co.uk/images/units/zoom/2374569-9999999-332114330-003.jpg, http://images.manheim.co.uk/images/units/zoom/2374569-9999999-332114330-005.jpg, http://images.manheim.co.uk/images/units/zoom/2374569-9999999-332114330-006.jpg, http://images.manheim.co.uk/images/units/zoom/2374569-9999999-332114330-007.jpg, http://images.manheim.co.uk/images/units/zoom/2374569-9999999-332114330-009.jpg, http://images.manheim.co.uk/images/units/zoom/2374569-9999999-332114330-010.jpg, http://images.manheim.co.uk/images/units/zoom/2374569-9999999-332114330-011.jpg, http://images.manheim.co.uk/images/units/zoom/2374569-9999999-332114330-012.jpg, http://images.manheim.co.uk/images/units/zoom/insp-0001-2374569-4001576-13.jpg, http://images.manheim.co.uk/images/units/zoom/insp-0001-2374569-4001576-1000.jpg, http://images.manheim.co.uk/images/units/zoom/insp-0001-2374569-4001576-1001.jpg, http://images.manheim.co.uk/images/units/zoom/insp-0001-2374569-4001576-1002.jpg, http://images.manheim.co.uk/images/units/zoom/insp-0001-2374569-4001576-1003.jpg, http://images.manheim.co.uk/images/units/zoom/insp-0001-2374569-4001576-1004.jpg, http://images.manheim.co.uk/images/units/zoom/insp-0001-2374569-4001576-1005.jpg, http://images.manheim.co.uk/images/units/zoom/insp-0001-2374569-4001576-1006.jpg, http://images.manheim.co.uk/images/units/zoom/insp-0001-2374569-4001576-1007.jpg, http://images.manheim.co.uk/images/units/zoom/insp-0001-2374569-4001576-1008.jpg, http://images.manheim.co.uk/images/units/zoom/insp-0001-2374569-4001576-1009.jpg, http://images.manheim.co.uk/images/units/zoom/insp-0001-2374569-4001576-1010.jpg, http://images.manheim.co.uk/images/units/zoom/insp-0001-2374569-4001576-1011.jpg, http://images.manheim.co.uk/images/units/zoom/insp-0001-2374569-4001576-1012.jpg, http://images.manheim.co.uk/images/units/zoom/insp-0001-2374569-4001576-1013.jpg",http://ecr.manheim.co.uk/pdf/MOL-0002374569-01987131-003.pdf,3,4,18/06/2020,8955,"22/11/2024, 17/10/2023, 06/04/2021, 18/06/2020","59174, 48428, 14651, 8955","SG PETCH MIDDLESBROUGH, PK MOTORS, PK MOTORS, LOOKERS STOCKPORT","Book, Print, Print, Book",,Nov-25,RENAULT,CLIO,0.9 TCE 90 GT Line 5dr,0,19/12/2025, 
HW20OSV,"FORD
TOURNEO CUSTOM L2 DIESEL FWD
2.0 EcoBlue 130ps L/R 8 Seater Titanium Auto",SIMULCAST AND PHYSICAL - ...,Semi-Automatic,Diesel,2.0,4.0,£14050,£12500,£16100,3,MPVGRADE 3SC LCVView Report,SC LCV,2020,Jul 2020,110856,SILVER,SILVER,Metallic,GREY,CLOTH,9,1,With Manheim,Commercial,No,No,No,FCA Group,Manchester,"Air Conditioning, Automatic Lights, Bluetooth, Cruise Control, DAB, Front Parking Sensors, Heated Front Screen, Heated Seats, Media Connectivity, Privacy Glass, Rear Parking Sensors, Traction Control, CO2: 228","PLUS VAT
EX TAXI

* V5 - PAGE 1 ONLY - NO GREEN SLIP *","£12,125",https://www.manheim.co.uk/nama,"http://images.manheim.co.uk/images/units/zoom/11bb5c24-adb8-453e-8227-81db5e3f9fdb_ext_7.jpg, http://images.manheim.co.uk/images/units/zoom/11bb5c24-adb8-453e-8227-81db5e3f9fdb_ext_6.jpg, http://images.manheim.co.uk/images/units/zoom/11bb5c24-adb8-453e-8227-81db5e3f9fdb_ext_1.jpg, http://images.manheim.co.uk/images/units/zoom/11bb5c24-adb8-453e-8227-81db5e3f9fdb_5.jpg, http://images.manheim.co.uk/images/units/zoom/11bb5c24-adb8-453e-8227-81db5e3f9fdb_4.jpg, http://images.manheim.co.uk/images/units/zoom/11bb5c24-adb8-453e-8227-81db5e3f9fdb_11.jpg, http://images.manheim.co.uk/images/units/zoom/11bb5c24-adb8-453e-8227-81db5e3f9fdb_10.jpg, http://images.manheim.co.uk/images/units/zoom/11bb5c24-adb8-453e-8227-81db5e3f9fdb_9.jpg, http://images.manheim.co.uk/images/units/zoom/11bb5c24-adb8-453e-8227-81db5e3f9fdb_ext_2.jpg, http://images.manheim.co.uk/images/units/zoom/11bb5c24-adb8-453e-8227-81db5e3f9fdb_ext_5.jpg, http://images.manheim.co.uk/images/units/zoom/11bb5c24-adb8-453e-8227-81db5e3f9fdb_ext_3.jpg, http://images.manheim.co.uk/images/units/zoom/11bb5c24-adb8-453e-8227-81db5e3f9fdb_ext_4.jpg, http://images.manheim.co.uk/images/units/zoom/insp-0001-3969351-4005239-13.jpg, http://images.manheim.co.uk/images/units/zoom/insp-0001-3969351-4005239-18.jpg, http://images.manheim.co.uk/images/units/zoom/insp-0001-3969351-4005239-19.jpg, http://images.manheim.co.uk/images/units/zoom/insp-0001-3969351-4005239-1000.jpg, http://images.manheim.co.uk/images/units/zoom/insp-0001-3969351-4005239-1001.jpg, http://images.manheim.co.uk/images/units/zoom/insp-0001-3969351-4005239-1002.jpg, http://images.manheim.co.uk/images/units/zoom/insp-0001-3969351-4005239-1003.jpg, http://images.manheim.co.uk/images/units/zoom/insp-0001-3969351-4005239-1004.jpg, http://images.manheim.co.uk/images/units/zoom/insp-0001-3969351-4005239-1005.jpg, http://images.manheim.co.uk/images/units/zoom/insp-0001-3969351-4005239-1006.jpg, http://images.manheim.co.uk/images/units/zoom/insp-0001-3969351-4005239-1007.jpg, http://images.manheim.co.uk/images/units/zoom/insp-0001-3969351-4005239-1008.jpg, http://images.manheim.co.uk/images/units/zoom/insp-0001-3969351-4005239-1009.jpg, http://images.manheim.co.uk/images/units/zoom/insp-0001-3969351-4005239-1010.jpg, http://images.manheim.co.uk/images/units/zoom/insp-0001-3969351-4005239-1011.jpg, http://images.manheim.co.uk/images/units/zoom/insp-0001-3969351-4005239-1012.jpg, http://images.manheim.co.uk/images/units/zoom/insp-0001-3969351-4005239-1013.jpg, http://images.manheim.co.uk/images/units/zoom/insp-0001-3969351-4005239-1014.jpg, http://images.manheim.co.uk/images/units/zoom/insp-0001-3969351-4005239-1015.jpg, http://images.manheim.co.uk/images/units/zoom/insp-0001-3969351-4005239-1016.jpg, http://images.manheim.co.uk/images/units/zoom/insp-0001-3969351-4005239-1017.jpg, http://images.manheim.co.uk/images/units/zoom/insp-0001-3969351-4005239-1018.jpg, http://images.manheim.co.uk/images/units/zoom/insp-0001-3969351-4005239-1019.jpg, http://images.manheim.co.uk/images/units/zoom/insp-0001-3969351-4005239-1020.jpg, http://images.manheim.co.uk/images/units/zoom/insp-0001-3969351-4005239-1021.jpg, http://images.manheim.co.uk/images/units/zoom/insp-0001-3969351-4005239-1022.jpg, http://images.manheim.co.uk/images/units/zoom/insp-0001-3969351-4005239-1023.jpg, http://images.manheim.co.uk/images/units/zoom/insp-0001-3969351-4005239-1024.jpg, http://images.manheim.co.uk/images/units/zoom/insp-0001-3969351-4005239-1025.jpg, http://images.manheim.co.uk/images/units/zoom/insp-0001-3969351-4005239-1026.jpg, http://images.manheim.co.uk/images/units/zoom/insp-0001-3969351-4005239-1027.jpg, http://images.manheim.co.uk/images/units/zoom/insp-0001-3969351-4005239-1028.jpg, http://images.manheim.co.uk/images/units/zoom/insp-0001-3969351-4005239-1029.jpg, http://images.manheim.co.uk/images/units/zoom/insp-0001-3969351-4005239-1030.jpg, http://images.manheim.co.uk/images/units/zoom/insp-0001-3969351-4005239-1031.jpg, http://images.manheim.co.uk/images/units/zoom/insp-0001-3969351-4005239-1032.jpg, http://images.manheim.co.uk/images/units/zoom/insp-0001-3969351-4005239-1033.jpg, http://images.manheim.co.uk/images/units/zoom/insp-0001-3969351-4005239-1034.jpg, http://images.manheim.co.uk/images/units/zoom/insp-0001-3969351-4005239-1035.jpg",http://ecr.manheim.co.uk/pdf/MOL-0003969351-01991378-003.pdf,3,0,,,,,,,,Nov-25,FORD,TOURNEO CUSTOM L2 DIESEL FWD,2.0 EcoBlue 130ps L/R 8 Seater Titanium Auto,0,18/12/2025, 
HX71XSM,"MERCEDES-BENZ
EQC
EQC 400 300kW AMG Line Premium Plus 80kWh 5dr Auto",Lane 2 - Available Car / ...,Automatic,Electric,3.0,5.0,£24950,£23600,£28750,1,EstateGRADE 1CP GREENSC EV CarView Report,CP GREEN,2021,Sep 2021,33361,BLACK,BLACK,Solid,BLACK,LEATHER,5,2,With Manheim,Margin,No,No,No,Lloyd Motor Group,Leeds,CO2: 0,,"£24,350",https://www.manheim.co.uk/nama,"http://images.manheim.co.uk/images/units/zoom/eb74916a-8474-4dfd-8570-273bcc5dc7f2_ext_7.jpg, http://images.manheim.co.uk/images/units/zoom/eb74916a-8474-4dfd-8570-273bcc5dc7f2_ext_6.jpg, http://images.manheim.co.uk/images/units/zoom/eb74916a-8474-4dfd-8570-273bcc5dc7f2_ext_1.jpg, http://images.manheim.co.uk/images/units/zoom/eb74916a-8474-4dfd-8570-273bcc5dc7f2_5.jpg, http://images.manheim.co.uk/images/units/zoom/eb74916a-8474-4dfd-8570-273bcc5dc7f2_4.jpg, http://images.manheim.co.uk/images/units/zoom/eb74916a-8474-4dfd-8570-273bcc5dc7f2_11.jpg, http://images.manheim.co.uk/images/units/zoom/eb74916a-8474-4dfd-8570-273bcc5dc7f2_10.jpg, http://images.manheim.co.uk/images/units/zoom/eb74916a-8474-4dfd-8570-273bcc5dc7f2_9.jpg, http://images.manheim.co.uk/images/units/zoom/eb74916a-8474-4dfd-8570-273bcc5dc7f2_ext_2.jpg, http://images.manheim.co.uk/images/units/zoom/eb74916a-8474-4dfd-8570-273bcc5dc7f2_ext_5.jpg, http://images.manheim.co.uk/images/units/zoom/eb74916a-8474-4dfd-8570-273bcc5dc7f2_ext_3.jpg, http://images.manheim.co.uk/images/units/zoom/eb74916a-8474-4dfd-8570-273bcc5dc7f2_ext_4.jpg, http://images.manheim.co.uk/images/units/zoom/insp-0001-4005318-4009862-13.jpg, http://images.manheim.co.uk/images/units/zoom/insp-0001-4005318-4009862-1000.jpg, http://images.manheim.co.uk/images/units/zoom/insp-0001-4005318-4009862-1001.jpg",http://ecr.manheim.co.uk/pdf/MOL-0004005318-01987415-003.pdf,2,4,23/09/2022,5970,"09/09/2025, 01/10/2024, 18/12/2023, 23/09/2022","29776, 14482, 11070, 5970","Marshall North West Limited, Marshall North West Limited, MB South, Pentagon Ltd","Print, Print, Print, Print",,Sep-26,MERCEDES-BENZ,EQC,EQC 400 300kW AMG Line Premium Plus 80kWh 5dr Auto,0,05/01/2026, 
KF72UYN,"KIA
NIRO
150kW 3 65kWh 5dr Auto",SIMULCAST AND PHYSICAL - ...,Automatic,Electric,,,£17300,£15950,£19600,3,,CP GREEN,2022,Nov 2022,24518,GREY,GREY,Metallic,GREY,Part Leather,5,2,With Manheim,Qualifying,No,No,No,Santander Consumer,Manchester,"Air Conditioning, Auto Climate Control, Automatic Lights, Automatic Wipers, Bluetooth, Cruise Control, DAB, Dual Zone Climate, Front Parking Sensors, Heated Seats, Media Connectivity, Part Leather, Rear Parking Sensors, Reversing camera, Sat Nav Functioning, Traction Control, CO2: 0",,"£17,300",https://www.manheim.co.uk/nama,"http://images.manheim.co.uk/images/units/zoom/84a4ef49-5dac-4ee9-a089-0c2b13cd33b0_ext_7.jpg, http://images.manheim.co.uk/images/units/zoom/84a4ef49-5dac-4ee9-a089-0c2b13cd33b0_ext_6.jpg, http://images.manheim.co.uk/images/units/zoom/84a4ef49-5dac-4ee9-a089-0c2b13cd33b0_ext_1.jpg, http://images.manheim.co.uk/images/units/zoom/84a4ef49-5dac-4ee9-a089-0c2b13cd33b0_5.jpg, http://images.manheim.co.uk/images/units/zoom/84a4ef49-5dac-4ee9-a089-0c2b13cd33b0_4.jpg, http://images.manheim.co.uk/images/units/zoom/84a4ef49-5dac-4ee9-a089-0c2b13cd33b0_11.jpg, http://images.manheim.co.uk/images/units/zoom/84a4ef49-5dac-4ee9-a089-0c2b13cd33b0_10.jpg, http://images.manheim.co.uk/images/units/zoom/84a4ef49-5dac-4ee9-a089-0c2b13cd33b0_9.jpg, http://images.manheim.co.uk/images/units/zoom/84a4ef49-5dac-4ee9-a089-0c2b13cd33b0_ext_2.jpg, http://images.manheim.co.uk/images/units/zoom/84a4ef49-5dac-4ee9-a089-0c2b13cd33b0_ext_5.jpg, http://images.manheim.co.uk/images/units/zoom/84a4ef49-5dac-4ee9-a089-0c2b13cd33b0_ext_3.jpg, http://images.manheim.co.uk/images/units/zoom/84a4ef49-5dac-4ee9-a089-0c2b13cd33b0_ext_4.jpg, http://images.manheim.co.uk/images/units/zoom/insp-0001-4010605-4006830-13.jpg, http://images.manheim.co.uk/images/units/zoom/insp-0001-4010605-4006830-1000.jpg, http://images.manheim.co.uk/images/units/zoom/insp-0001-4010605-4006830-1001.jpg, http://images.manheim.co.uk/images/units/zoom/insp-0001-4010605-4006830-1002.jpg, http://images.manheim.co.uk/images/units/zoom/insp-0001-4010605-4006830-1003.jpg, http://images.manheim.co.uk/images/units/zoom/insp-0001-4010605-4006830-1004.jpg, http://images.manheim.co.uk/images/units/zoom/insp-0001-4010605-4006830-1005.jpg, http://images.manheim.co.uk/images/units/zoom/insp-0001-4010605-4006830-1006.jpg, http://images.manheim.co.uk/images/units/zoom/insp-0001-4010605-4006830-1007.jpg, http://images.manheim.co.uk/images/units/zoom/insp-0001-4010605-4006830-1008.jpg, http://images.manheim.co.uk/images/units/zoom/insp-0001-4010605-4006830-1009.jpg, http://images.manheim.co.uk/images/units/zoom/insp-0001-4010605-4006830-1010.jpg, http://images.manheim.co.uk/images/units/zoom/insp-0001-4010605-4006830-1011.jpg, http://images.manheim.co.uk/images/units/zoom/insp-0001-4010605-4006830-1012.jpg, http://images.manheim.co.uk/images/units/zoom/insp-0001-4010605-4006830-1013.jpg, http://images.manheim.co.uk/images/units/zoom/insp-0001-4010605-4006830-1014.jpg, http://images.manheim.co.uk/images/units/zoom/insp-0001-4010605-4006830-1015.jpg, http://images.manheim.co.uk/images/units/zoom/insp-0001-4010605-4006830-1016.jpg, http://images.manheim.co.uk/images/units/zoom/insp-0001-4010605-4006830-1017.jpg, http://images.manheim.co.uk/images/units/zoom/insp-0001-4010605-4006830-1018.jpg, http://images.manheim.co.uk/images/units/zoom/insp-0001-4010605-4006830-1019.jpg, http://images.manheim.co.uk/images/units/zoom/insp-0001-4010605-4006830-1020.jpg, http://images.manheim.co.uk/images/units/zoom/insp-0001-4010605-4006830-1021.jpg, http://images.manheim.co.uk/images/units/zoom/insp-0001-4010605-4006830-1022.jpg, http://images.manheim.co.uk/images/units/zoom/insp-0001-4010605-4006830-1023.jpg, http://images.manheim.co.uk/images/units/zoom/insp-0001-4010605-4006830-1024.jpg",http://ecr.manheim.co.uk/pdf/MOL-0004010605-01992698-003.pdf,1,1,14/11/2024,16769,14/11/2024,16769,KIA,Book,,Nov-26,KIA,NIRO,150kW 3 65kWh 5dr Auto,0,18/12/2025, 
KM68WWD,"LAND ROVER
RANGE ROVER SPORT
3.0 SDV6 Autobiography Dynamic 5dr Auto",SIMULCAST AND PHYSICAL - ...,Semi-Automatic,Diesel,3.0,5.0,£24850,£23500,£28250,2,EstateGRADE 2CP GREENSC SilverView Report,CP GREEN,2018,Oct 2018,70433,GREY,GREY,Metallic,BLACK,LEATHER,5,1,With Manheim,Margin,No,No,No,Santander Consumer,Manchester,"Air Conditioning, Auto Climate Control, Automatic Lights, Automatic Wipers, Bluetooth, Cruise Control, DAB, Dual Zone Climate, Electric Sun Roof, Front Parking Sensors, Full Leather Trim, Heated Front Screen, Heated Seats, Media Connectivity, Panoramic Roof, Privacy Glass, Rear Parking Sensors, Reversing camera, Sat Nav Functioning, Traction Control, CO2: 202",,"£24,850",https://www.manheim.co.uk/nama,"http://images.manheim.co.uk/images/units/zoom/5f1636fe-3e68-4f82-bb9c-d90fe0caedfd_ext_7.jpg, http://images.manheim.co.uk/images/units/zoom/5f1636fe-3e68-4f82-bb9c-d90fe0caedfd_ext_6.jpg, http://images.manheim.co.uk/images/units/zoom/5f1636fe-3e68-4f82-bb9c-d90fe0caedfd_ext_1.jpg, http://images.manheim.co.uk/images/units/zoom/5f1636fe-3e68-4f82-bb9c-d90fe0caedfd_5.jpg, http://images.manheim.co.uk/images/units/zoom/5f1636fe-3e68-4f82-bb9c-d90fe0caedfd_4.jpg, http://images.manheim.co.uk/images/units/zoom/5f1636fe-3e68-4f82-bb9c-d90fe0caedfd_11.jpg, http://images.manheim.co.uk/images/units/zoom/5f1636fe-3e68-4f82-bb9c-d90fe0caedfd_10.jpg, http://images.manheim.co.uk/images/units/zoom/5f1636fe-3e68-4f82-bb9c-d90fe0caedfd_9.jpg, http://images.manheim.co.uk/images/units/zoom/5f1636fe-3e68-4f82-bb9c-d90fe0caedfd_ext_2.jpg, http://images.manheim.co.uk/images/units/zoom/5f1636fe-3e68-4f82-bb9c-d90fe0caedfd_ext_5.jpg, http://images.manheim.co.uk/images/units/zoom/5f1636fe-3e68-4f82-bb9c-d90fe0caedfd_ext_3.jpg, http://images.manheim.co.uk/images/units/zoom/5f1636fe-3e68-4f82-bb9c-d90fe0caedfd_ext_4.jpg, http://images.manheim.co.uk/images/units/zoom/insp-0001-3995312-3993376-13.jpg, http://images.manheim.co.uk/images/units/zoom/insp-0001-3995312-3993376-1000.jpg, http://images.manheim.co.uk/images/units/zoom/insp-0001-3995312-3993376-1001.jpg, http://images.manheim.co.uk/images/units/zoom/insp-0001-3995312-3993376-1002.jpg, http://images.manheim.co.uk/images/units/zoom/insp-0001-3995312-3993376-1003.jpg, http://images.manheim.co.uk/images/units/zoom/insp-0001-3995312-3993376-1004.jpg, http://images.manheim.co.uk/images/units/zoom/insp-0001-3995312-3993376-1005.jpg, http://images.manheim.co.uk/images/units/zoom/insp-0001-3995312-3993376-1006.jpg, http://images.manheim.co.uk/images/units/zoom/insp-0001-3995312-3993376-1007.jpg, http://images.manheim.co.uk/images/units/zoom/insp-0001-3995312-3993376-1008.jpg, http://images.manheim.co.uk/images/units/zoom/insp-0001-3995312-3993376-1012.jpg, http://images.manheim.co.uk/images/units/zoom/insp-0001-3995312-3993376-1013.jpg, http://images.manheim.co.uk/images/units/zoom/insp-0001-3995312-3993376-1014.jpg, http://images.manheim.co.uk/images/units/zoom/insp-0001-3995312-3993376-1015.jpg, http://images.manheim.co.uk/images/units/zoom/insp-0001-3995312-3993376-1016.jpg, http://images.manheim.co.uk/images/units/zoom/insp-0001-3995312-3993376-1017.jpg, http://images.manheim.co.uk/images/units/zoom/insp-0001-3995312-3993376-1018.jpg, http://images.manheim.co.uk/images/units/zoom/insp-0001-3995312-3993376-1019.jpg, http://images.manheim.co.uk/images/units/zoom/insp-0001-3995312-3993376-1020.jpg, http://images.manheim.co.uk/images/units/zoom/insp-0001-3995312-3993376-1021.jpg, http://images.manheim.co.uk/images/units/zoom/insp-0001-3995312-3993376-1022.jpg, http://images.manheim.co.uk/images/units/zoom/insp-0001-3995312-3993376-1023.jpg, http://images.manheim.co.uk/images/units/zoom/insp-0001-3995312-3993376-1024.jpg, http://images.manheim.co.uk/images/units/zoom/insp-0001-3995312-3993376-1025.jpg, http://images.manheim.co.uk/images/units/zoom/insp-0001-3995312-3993376-1026.jpg, http://images.manheim.co.uk/images/units/zoom/insp-0001-3995312-3993376-1027.jpg, http://images.manheim.co.uk/images/units/zoom/insp-0001-3995312-3993376-1028.jpg, http://images.manheim.co.uk/images/units/zoom/insp-0001-3995312-3993376-1029.jpg, http://images.manheim.co.uk/images/units/zoom/insp-0001-3995312-3993376-1030.jpg, http://images.manheim.co.uk/images/units/zoom/insp-0001-3995312-3993376-1031.jpg, http://images.manheim.co.uk/images/units/zoom/insp-0001-3995312-3993376-1032.jpg",http://ecr.manheim.co.uk/pdf/MOL-0003995312-01980116-007.pdf,3,3,15/10/2019,7259,"11/10/2021, 15/10/2020, 15/10/2019","29471, 15423, 7259","ROGER YOUNG, ROGER YOUNG, ROGER YOUNG","Print, Print, Print",,Dec-25,LAND ROVER,RANGE ROVER SPORT,3.0 SDV6 Autobiography Dynamic 5dr Auto,0,18/12/2025, 
KN19ZYK,"CITROEN
C5 AIRCROSS
1.5 BlueHDi 130 Flair Plus 5dr EAT8","Vospers, Ocean, Yeomans, ...",Automatic,Diesel,1.5,5.0,£10250,£9100,£12650,1,HatchbackGRADE 1CP GREENSC SilverView Report,CP GREEN,2019,Mar 2019,48926,WHITE,WHITE,Solid,,Part Leather,5,2,With Manheim,Margin,No,No,No,Murray,Plymouth,"Air Conditioning, Auto Climate Control, Automatic Lights, Automatic Wipers, Bluetooth, DAB, Dual Zone Climate, Part Leather, Rear Parking Sensors, Reversing camera, Sat Nav Functioning, CO2: 106",,"£9,800",https://www.manheim.co.uk/nama,"http://images.manheim.co.uk/images/units/zoom/7d52756a-90e1-4daa-9576-c1b44f5351f4_ext_7.jpg, http://images.manheim.co.uk/images/units/zoom/7d52756a-90e1-4daa-9576-c1b44f5351f4_ext_6.jpg, http://images.manheim.co.uk/images/units/zoom/7d52756a-90e1-4daa-9576-c1b44f5351f4_ext_1.jpg, http://images.manheim.co.uk/images/units/zoom/7d52756a-90e1-4daa-9576-c1b44f5351f4_5.jpg, http://images.manheim.co.uk/images/units/zoom/7d52756a-90e1-4daa-9576-c1b44f5351f4_4.jpg, http://images.manheim.co.uk/images/units/zoom/7d52756a-90e1-4daa-9576-c1b44f5351f4_11.jpg, http://images.manheim.co.uk/images/units/zoom/7d52756a-90e1-4daa-9576-c1b44f5351f4_10.jpg, http://images.manheim.co.uk/images/units/zoom/7d52756a-90e1-4daa-9576-c1b44f5351f4_9.jpg, http://images.manheim.co.uk/images/units/zoom/7d52756a-90e1-4daa-9576-c1b44f5351f4_ext_2.jpg, http://images.manheim.co.uk/images/units/zoom/7d52756a-90e1-4daa-9576-c1b44f5351f4_ext_5.jpg, http://images.manheim.co.uk/images/units/zoom/7d52756a-90e1-4daa-9576-c1b44f5351f4_ext_3.jpg, http://images.manheim.co.uk/images/units/zoom/7d52756a-90e1-4daa-9576-c1b44f5351f4_ext_4.jpg, http://images.manheim.co.uk/images/units/zoom/insp-0001-4010844-4010018-13.jpg, http://images.manheim.co.uk/images/units/zoom/insp-0001-4010844-4010018-1000.jpg, http://images.manheim.co.uk/images/units/zoom/insp-0001-4010844-4010018-1001.jpg, http://images.manheim.co.uk/images/units/zoom/insp-0001-4010844-4010018-1002.jpg, http://images.manheim.co.uk/images/units/zoom/insp-0001-4010844-4010018-1003.jpg",http://ecr.manheim.co.uk/pdf/MOL-0004010844-01992969-003.pdf,3,6,21/08/2020,12252,"09/10/2025, 06/09/2024, 18/08/2023, 06/05/2022, 30/04/2021, 21/08/2020","47864, 39398, 32065, 22887, 16529, 12252","SEG Autos, SEG Autos, Yeomans Citreon Plymouth, Yeomans Citreon Plymouth, Yeomans Citreon Plymouth, Yeomans Citreon Plymouth","Book, Book, Book, Book, Book, Book",,Mar-26,CITROEN,C5 AIRCROSS,1.5 BlueHDi 130 Flair Plus 5dr EAT8,0,07/01/2026, 
KN70XXG,"SKODA
KAROQ
2.0 TDI SE L 5dr","Available Car, Pulman Gro...",Manual,Diesel,2.0,5.0,£10500,£9325,£12900,3,EstateGRADE 3CP GREENSC SilverView Report,CP GREEN,2020,Nov 2020,78862,SILVER,SILVER,Metallic,BLACK,Part Leather,5,1,,Margin,No,No,No,S G Petch,Washington,"6 Speed, Air Conditioning, Auto Climate Control, Automatic Lights, Dual Zone Climate, Front Parking Sensors, Heated Seats, Part Leather, Rear Parking Sensors, Reversing camera, Sat Nav Functioning, CO2: 151",,"£10,000",https://www.manheim.co.uk/nama,"http://images.manheim.co.uk/images/units/zoom/4005007-9999999-332134242-004.jpg, http://images.manheim.co.uk/images/units/zoom/4005007-9999999-332134242-008.jpg, http://images.manheim.co.uk/images/units/zoom/4005007-9999999-332134242-001.jpg, http://images.manheim.co.uk/images/units/zoom/4005007-9999999-332134242-002.jpg, http://images.manheim.co.uk/images/units/zoom/4005007-9999999-332134242-003.jpg, http://images.manheim.co.uk/images/units/zoom/4005007-9999999-332134242-005.jpg, http://images.manheim.co.uk/images/units/zoom/4005007-9999999-332134242-006.jpg, http://images.manheim.co.uk/images/units/zoom/4005007-9999999-332134242-007.jpg, http://images.manheim.co.uk/images/units/zoom/4005007-9999999-332134242-009.jpg, http://images.manheim.co.uk/images/units/zoom/4005007-9999999-332134242-010.jpg, http://images.manheim.co.uk/images/units/zoom/4005007-9999999-332134242-011.jpg, http://images.manheim.co.uk/images/units/zoom/4005007-9999999-332134242-012.jpg, http://images.manheim.co.uk/images/units/zoom/insp-0001-4005007-4001646-13.jpg, http://images.manheim.co.uk/images/units/zoom/insp-0001-4005007-4001646-1000.jpg, http://images.manheim.co.uk/images/units/zoom/insp-0001-4005007-4001646-1001.jpg, http://images.manheim.co.uk/images/units/zoom/insp-0001-4005007-4001646-1002.jpg, http://images.manheim.co.uk/images/units/zoom/insp-0001-4005007-4001646-1003.jpg, http://images.manheim.co.uk/images/units/zoom/insp-0001-4005007-4001646-1004.jpg, http://images.manheim.co.uk/images/units/zoom/insp-0001-4005007-4001646-1005.jpg, http://images.manheim.co.uk/images/units/zoom/insp-0001-4005007-4001646-1006.jpg, http://images.manheim.co.uk/images/units/zoom/insp-0001-4005007-4001646-1007.jpg, http://images.manheim.co.uk/images/units/zoom/insp-0001-4005007-4001646-1008.jpg, http://images.manheim.co.uk/images/units/zoom/insp-0001-4005007-4001646-1009.jpg",http://ecr.manheim.co.uk/pdf/MOL-0004005007-01987124-004.pdf,3,3,03/02/2024,52613,"13/09/2025, 30/08/2024, 03/02/2024","76200, 61602, 52613","TMC CAMBRIDGE ROAD MIDDLESBROUGH, TMC CAMBRIDGE ROAD MIDDLESBROUGH, TMC CAMBRIDGE ROAD MIDDLESBROUGH","Book, Book, Book",,Sep-26,SKODA,KAROQ,2.0 TDI SE L 5dr,0,19/12/2025, 
KP19YFV,"MERCEDES-BENZ
C CLASS
C300d AMG Line 5dr 9G-Tronic",Lane 2 - Available Car / ...,Automatic,Diesel,2.0,5.0,£14400,£13250,£17100,2,EstateGRADE 2CP GREENSC SilverView Report,CP GREEN,2019,Mar 2019,64390,BLUE,BLUE,Metallic,GREY,Part Leather,5,1,With Manheim,Margin,No,No,No,Lloyd Motor Group,Leeds,"Air Conditioning, Auto Climate Control, Automatic Lights, Aux In, Bluetooth, Cruise Control, DAB, Dual Zone Climate, Heated Seats, Ipod Connectivity, Media Connectivity, Part Leather, Rear Parking Sensors, Reversing camera, Sat Nav Functioning, Traction Control, CO2: 133",,"£14,400",https://www.manheim.co.uk/nama,"http://images.manheim.co.uk/images/units/zoom/7a359b2a-45b0-49b4-ad20-a410ec53728f_ext_7.jpg, http://images.manheim.co.uk/images/units/zoom/7a359b2a-45b0-49b4-ad20-a410ec53728f_ext_6.jpg, http://images.manheim.co.uk/images/units/zoom/7a359b2a-45b0-49b4-ad20-a410ec53728f_ext_1.jpg, http://images.manheim.co.uk/images/units/zoom/7a359b2a-45b0-49b4-ad20-a410ec53728f_5.jpg, http://images.manheim.co.uk/images/units/zoom/7a359b2a-45b0-49b4-ad20-a410ec53728f_4.jpg, http://images.manheim.co.uk/images/units/zoom/7a359b2a-45b0-49b4-ad20-a410ec53728f_11.jpg, http://images.manheim.co.uk/images/units/zoom/7a359b2a-45b0-49b4-ad20-a410ec53728f_10.jpg, http://images.manheim.co.uk/images/units/zoom/7a359b2a-45b0-49b4-ad20-a410ec53728f_9.jpg, http://images.manheim.co.uk/images/units/zoom/7a359b2a-45b0-49b4-ad20-a410ec53728f_ext_2.jpg, http://images.manheim.co.uk/images/units/zoom/7a359b2a-45b0-49b4-ad20-a410ec53728f_ext_5.jpg, http://images.manheim.co.uk/images/units/zoom/7a359b2a-45b0-49b4-ad20-a410ec53728f_ext_3.jpg, http://images.manheim.co.uk/images/units/zoom/7a359b2a-45b0-49b4-ad20-a410ec53728f_ext_4.jpg, http://images.manheim.co.uk/images/units/zoom/insp-0001-4009413-4017387-13.jpg, http://images.manheim.co.uk/images/units/zoom/insp-0001-4009413-4017387-1000.jpg, http://images.manheim.co.uk/images/units/zoom/insp-0001-4009413-4017387-1001.jpg, http://images.manheim.co.uk/images/units/zoom/insp-0001-4009413-4017387-1002.jpg, http://images.manheim.co.uk/images/units/zoom/insp-0001-4009413-4017387-1003.jpg, http://images.manheim.co.uk/images/units/zoom/insp-0001-4009413-4017387-1004.jpg, http://images.manheim.co.uk/images/units/zoom/insp-0001-4009413-4017387-1005.jpg, http://images.manheim.co.uk/images/units/zoom/insp-0001-4009413-4017387-1006.jpg, http://images.manheim.co.uk/images/units/zoom/insp-0001-4009413-4017387-1007.jpg, http://images.manheim.co.uk/images/units/zoom/insp-0001-4009413-4017387-1008.jpg, http://images.manheim.co.uk/images/units/zoom/insp-0001-4009413-4017387-1009.jpg",http://ecr.manheim.co.uk/pdf/MOL-0004009413-01991582-002.pdf,2,2,06/10/2023,24795,"28/07/2025, 06/10/2023","60660, 24795","CECIL STREET CARLISLE, CECIL STREET CARLISLE","Print, Print",,Feb-26,MERCEDES-BENZ,C CLASS,C300d AMG Line 5dr 9G-Tronic,0,05/01/2026, 
KP63BLZ,"SUZUKI
SX4 S-CROSS
1.6 DDiS SZ-T 5dr",Lane 2 - Stellantis & You...,Manual,Diesel,1.6,5.0,£2125,£1700,£3675,3,HatchbackGRADE 3SC BronzeView Report,SC Bronze,2013,Oct 2013,81867,WHITE,WHITE,Solid,BLACK,CLOTH,5,1,With Manheim,Margin,No,No,No,Lloyd Motor Group,Leeds,"Air Conditioning, Auto Climate Control, Dual Zone Climate, Rear Parking Sensors, Reversing camera, Sat Nav Functioning, CO2: 110","2 Keys, Alloy Wheels, Remote locking, Keyless start","£2,000",https://www.manheim.co.uk/nama,"http://images.manheim.co.uk/images/units/zoom/9b8ee6ab-0daa-452e-a2d4-09dc2a2bbff6_ext_7.jpg, http://images.manheim.co.uk/images/units/zoom/9b8ee6ab-0daa-452e-a2d4-09dc2a2bbff6_ext_6.jpg, http://images.manheim.co.uk/images/units/zoom/9b8ee6ab-0daa-452e-a2d4-09dc2a2bbff6_ext_1.jpg, http://images.manheim.co.uk/images/units/zoom/9b8ee6ab-0daa-452e-a2d4-09dc2a2bbff6_5.jpg, http://images.manheim.co.uk/images/units/zoom/9b8ee6ab-0daa-452e-a2d4-09dc2a2bbff6_4.jpg, http://images.manheim.co.uk/images/units/zoom/9b8ee6ab-0daa-452e-a2d4-09dc2a2bbff6_11.jpg, http://images.manheim.co.uk/images/units/zoom/9b8ee6ab-0daa-452e-a2d4-09dc2a2bbff6_10.jpg, http://images.manheim.co.uk/images/units/zoom/9b8ee6ab-0daa-452e-a2d4-09dc2a2bbff6_9.jpg, http://images.manheim.co.uk/images/units/zoom/9b8ee6ab-0daa-452e-a2d4-09dc2a2bbff6_ext_2.jpg, http://images.manheim.co.uk/images/units/zoom/9b8ee6ab-0daa-452e-a2d4-09dc2a2bbff6_ext_5.jpg, http://images.manheim.co.uk/images/units/zoom/9b8ee6ab-0daa-452e-a2d4-09dc2a2bbff6_ext_3.jpg, http://images.manheim.co.uk/images/units/zoom/9b8ee6ab-0daa-452e-a2d4-09dc2a2bbff6_ext_4.jpg, http://images.manheim.co.uk/images/units/zoom/insp-0001-4009433-4014654-13.jpg, http://images.manheim.co.uk/images/units/zoom/insp-0001-4009433-4014654-1000.jpg, http://images.manheim.co.uk/images/units/zoom/insp-0001-4009433-4014654-1001.jpg, http://images.manheim.co.uk/images/units/zoom/insp-0001-4009433-4014654-1002.jpg, http://images.manheim.co.uk/images/units/zoom/insp-0001-4009433-4014654-1003.jpg, http://images.manheim.co.uk/images/units/zoom/insp-0001-4009433-4014654-1004.jpg, http://images.manheim.co.uk/images/units/zoom/insp-0001-4009433-4014654-1005.jpg, http://images.manheim.co.uk/images/units/zoom/insp-0001-4009433-4014654-1006.jpg, http://images.manheim.co.uk/images/units/zoom/insp-0001-4009433-4014654-1007.jpg, http://images.manheim.co.uk/images/units/zoom/insp-0001-4009433-4014654-1008.jpg, http://images.manheim.co.uk/images/units/zoom/insp-0001-4009433-4014654-1009.jpg, http://images.manheim.co.uk/images/units/zoom/insp-0001-4009433-4014654-1010.jpg, http://images.manheim.co.uk/images/units/zoom/insp-0001-4009433-4014654-1011.jpg, http://images.manheim.co.uk/images/units/zoom/insp-0001-4009433-4014654-1012.jpg, http://images.manheim.co.uk/images/units/zoom/insp-0001-4009433-4014654-1013.jpg, http://images.manheim.co.uk/images/units/zoom/insp-0001-4009433-4014654-1014.jpg",http://ecr.manheim.co.uk/pdf/MOL-0004009433-01991603-002.pdf,1,0,,,,,,,,Oct-26,SUZUKI,SX4 S-CROSS,1.6 DDiS SZ-T 5dr,0,05/01/2026, 
KP65NLL,"BMW
3 SERIES
320d Sport 5dr [Business Media]",Lane 2 - Stellantis & You...,Manual,Diesel,2.0,5.0,£4050,£3450,£6200,3,HatchbackGRADE 3SC BronzeView Report,SC Bronze,2015,Sep 2015,125295,WHITE,WHITE,Solid,BLACK,CLOTH,5,1,With Manheim,Margin,No,No,No,Lloyd Motor Group,Leeds,"6 Speed, Air Conditioning, Auto Climate Control, Automatic Lights, Automatic Wipers, Bluetooth, Cruise Control, DAB, Dual Zone Climate, Front Parking Sensors, Radio CD, Rear Parking Sensors, Sat Nav Functioning, Traction Control, CO2: 130",Sun Protection Glass,"£3,650",https://www.manheim.co.uk/nama,"http://images.manheim.co.uk/images/units/zoom/37618c58-6bfd-43ea-ab95-3e2291427d0e_ext_7.jpg, http://images.manheim.co.uk/images/units/zoom/37618c58-6bfd-43ea-ab95-3e2291427d0e_ext_6.jpg, http://images.manheim.co.uk/images/units/zoom/37618c58-6bfd-43ea-ab95-3e2291427d0e_ext_1.jpg, http://images.manheim.co.uk/images/units/zoom/37618c58-6bfd-43ea-ab95-3e2291427d0e_5.jpg, http://images.manheim.co.uk/images/units/zoom/37618c58-6bfd-43ea-ab95-3e2291427d0e_4.jpg, http://images.manheim.co.uk/images/units/zoom/37618c58-6bfd-43ea-ab95-3e2291427d0e_11.jpg, http://images.manheim.co.uk/images/units/zoom/37618c58-6bfd-43ea-ab95-3e2291427d0e_10.jpg, http://images.manheim.co.uk/images/units/zoom/37618c58-6bfd-43ea-ab95-3e2291427d0e_9.jpg, http://images.manheim.co.uk/images/units/zoom/37618c58-6bfd-43ea-ab95-3e2291427d0e_ext_2.jpg, http://images.manheim.co.uk/images/units/zoom/37618c58-6bfd-43ea-ab95-3e2291427d0e_ext_5.jpg, http://images.manheim.co.uk/images/units/zoom/37618c58-6bfd-43ea-ab95-3e2291427d0e_ext_3.jpg, http://images.manheim.co.uk/images/units/zoom/37618c58-6bfd-43ea-ab95-3e2291427d0e_ext_4.jpg, http://images.manheim.co.uk/images/units/zoom/insp-0001-3999669-4005736-13.jpg, http://images.manheim.co.uk/images/units/zoom/insp-0001-3999669-4005736-1000.jpg, http://images.manheim.co.uk/images/units/zoom/insp-0001-3999669-4005736-1001.jpg, http://images.manheim.co.uk/images/units/zoom/insp-0001-3999669-4005736-1002.jpg, http://images.manheim.co.uk/images/units/zoom/insp-0001-3999669-4005736-1003.jpg, http://images.manheim.co.uk/images/units/zoom/insp-0001-3999669-4005736-1004.jpg, http://images.manheim.co.uk/images/units/zoom/insp-0001-3999669-4005736-1005.jpg, http://images.manheim.co.uk/images/units/zoom/insp-0001-3999669-4005736-1006.jpg, http://images.manheim.co.uk/images/units/zoom/insp-0001-3999669-4005736-1007.jpg, http://images.manheim.co.uk/images/units/zoom/insp-0001-3999669-4005736-1008.jpg",http://ecr.manheim.co.uk/pdf/MOL-0003999669-01980793-002.pdf,2,5,13/09/2016,14672,"03/02/2025, 22/09/2023, 22/07/2022, 24/07/2020, 13/09/2016","111824, 92861, 78520, 63559, 14672","Oatlands Tyre & Motor, Harrogate Autocentre, Chamberlains, Chamberlains, Lancaster Milton Keynes","Print, Print, Print, Print, Print",,Oct-26,BMW,3 SERIES,320d Sport 5dr [Business Media],0,05/01/2026, 
KP70ONS,"MERCEDES-BENZ
CLA
CLA 220d AMG Line Premium Plus 5dr Tip Auto",SIMULCAST AND PHYSICAL - ...,Semi-Automatic,Diesel,2.0,5.0,£15550,£14450,£17800,4,EstateGRADE 4CP GREENSC SilverView Report,CP GREEN,2020,Oct 2020,91717,BLACK,BLACK,Metallic,BLACK,LEATHER,5,2,Copy with Manheim,Margin,No,No,No,LSH Auto Group,Manchester,"Front Parking Sensors, Full Leather Trim, Heated Seats, Media Connectivity, Rear Parking Sensors, Reversing camera, Sat Nav Functioning, Air Conditioning, Auto Climate Control, Bluetooth, DAB, Dual Zone Climate, Electric Sun Roof, CO2: 136",COPY OF FRONT PAGE OF V5 ONLY,"£14,900",https://www.manheim.co.uk/nama,"http://images.manheim.co.uk/images/units/zoom/3faedd46-f322-49a9-8b0f-640ebfd26b84_ext_7.jpg, http://images.manheim.co.uk/images/units/zoom/3faedd46-f322-49a9-8b0f-640ebfd26b84_ext_6.jpg, http://images.manheim.co.uk/images/units/zoom/3faedd46-f322-49a9-8b0f-640ebfd26b84_ext_1.jpg, http://images.manheim.co.uk/images/units/zoom/3faedd46-f322-49a9-8b0f-640ebfd26b84_5.jpg, http://images.manheim.co.uk/images/units/zoom/3faedd46-f322-49a9-8b0f-640ebfd26b84_4.jpg, http://images.manheim.co.uk/images/units/zoom/3faedd46-f322-49a9-8b0f-640ebfd26b84_11.jpg, http://images.manheim.co.uk/images/units/zoom/3faedd46-f322-49a9-8b0f-640ebfd26b84_10.jpg, http://images.manheim.co.uk/images/units/zoom/3faedd46-f322-49a9-8b0f-640ebfd26b84_9.jpg, http://images.manheim.co.uk/images/units/zoom/3faedd46-f322-49a9-8b0f-640ebfd26b84_ext_2.jpg, http://images.manheim.co.uk/images/units/zoom/3faedd46-f322-49a9-8b0f-640ebfd26b84_ext_5.jpg, http://images.manheim.co.uk/images/units/zoom/3faedd46-f322-49a9-8b0f-640ebfd26b84_ext_3.jpg, http://images.manheim.co.uk/images/units/zoom/3faedd46-f322-49a9-8b0f-640ebfd26b84_ext_4.jpg, http://images.manheim.co.uk/images/units/zoom/insp-0001-3996256-3988162-13.jpg, http://images.manheim.co.uk/images/units/zoom/insp-0001-3996256-3988162-1000.jpg, http://images.manheim.co.uk/images/units/zoom/insp-0001-3996256-3988162-1001.jpg, http://images.manheim.co.uk/images/units/zoom/insp-0001-3996256-3988162-1002.jpg, http://images.manheim.co.uk/images/units/zoom/insp-0001-3996256-3988162-1003.jpg, http://images.manheim.co.uk/images/units/zoom/insp-0001-3996256-3988162-1004.jpg, http://images.manheim.co.uk/images/units/zoom/insp-0001-3996256-3988162-1005.jpg, http://images.manheim.co.uk/images/units/zoom/insp-0001-3996256-3988162-1006.jpg, http://images.manheim.co.uk/images/units/zoom/insp-0001-3996256-3988162-1007.jpg, http://images.manheim.co.uk/images/units/zoom/insp-0001-3996256-3988162-1008.jpg, http://images.manheim.co.uk/images/units/zoom/insp-0001-3996256-3988162-1009.jpg, http://images.manheim.co.uk/images/units/zoom/insp-0001-3996256-3988162-1010.jpg, http://images.manheim.co.uk/images/units/zoom/insp-0001-3996256-3988162-1011.jpg, http://images.manheim.co.uk/images/units/zoom/insp-0001-3996256-3988162-1012.jpg, http://images.manheim.co.uk/images/units/zoom/insp-0001-3996256-3988162-1013.jpg, http://images.manheim.co.uk/images/units/zoom/insp-0001-3996256-3988162-1014.jpg, http://images.manheim.co.uk/images/units/zoom/insp-0001-3996256-3988162-1015.jpg, http://images.manheim.co.uk/images/units/zoom/insp-0001-3996256-3988162-1016.jpg, http://images.manheim.co.uk/images/units/zoom/insp-0001-3996256-3988162-1017.jpg, http://images.manheim.co.uk/images/units/zoom/insp-0001-3996256-3988162-1018.jpg, http://images.manheim.co.uk/images/units/zoom/insp-0001-3996256-3988162-1019.jpg, http://images.manheim.co.uk/images/units/zoom/insp-0001-3996256-3988162-1020.jpg, http://images.manheim.co.uk/images/units/zoom/insp-0001-3996256-3988162-1021.jpg, http://images.manheim.co.uk/images/units/zoom/insp-0001-3996256-3988162-1022.jpg, http://images.manheim.co.uk/images/units/zoom/insp-0001-3996256-3988162-1023.jpg, http://images.manheim.co.uk/images/units/zoom/insp-0001-3996256-3988162-1024.jpg",http://ecr.manheim.co.uk/pdf/MOL-0003996256-01976584-005.pdf,2,5,11/10/2021,8282,"06/06/2025, 16/07/2024, 17/10/2023, 24/06/2022, 11/10/2021","83033, 68811, 48570, 14463, 8282","LSH AUTO, LSH AUTO, LSH AUTO, LSH AUTO, FALCON OF HULL","Print, Print, Print, Print, Print",,Oct-26,MERCEDES-BENZ,CLA,CLA 220d AMG Line Premium Plus 5dr Tip Auto,0,18/12/2025, 
KS23JXK,"LAND ROVER
DEFENDER
3.0 D250 X-Dynamic SE 90 3dr Auto",SIMULCAST AND PHYSICAL - ...,Semi-Automatic,Diesel,3.0,3.0,£49900,£48000,£54500,1,EstateGRADE 1SC SilverView Report,SC Silver,2023,Apr 2023,10824,SILVER,SILVER,Metallic,BLACK,Part Leather,5,2,With Manheim,Margin,No,No,No,LSH Auto Group,Manchester,"Air Conditioning, Auto Climate Control, Automatic Lights, Automatic Wipers, Bluetooth, Cruise Control, DAB, Dual Zone Climate, Front Parking Sensors, Full Leather Trim, Heated Front Screen, Heated Seats, Media Connectivity, Privacy Glass, Rear Parking Sensors, Reversing camera, Sat Nav Functioning, Traction Control, CO2: 227",,"£49,900",https://www.manheim.co.uk/nama,"http://images.manheim.co.uk/images/units/zoom/6003d241-be0b-4207-895f-560f6a445863_ext_7.jpg, http://images.manheim.co.uk/images/units/zoom/6003d241-be0b-4207-895f-560f6a445863_ext_6.jpg, http://images.manheim.co.uk/images/units/zoom/6003d241-be0b-4207-895f-560f6a445863_ext_1.jpg, http://images.manheim.co.uk/images/units/zoom/6003d241-be0b-4207-895f-560f6a445863_5.jpg, http://images.manheim.co.uk/images/units/zoom/6003d241-be0b-4207-895f-560f6a445863_4.jpg, http://images.manheim.co.uk/images/units/zoom/6003d241-be0b-4207-895f-560f6a445863_11.jpg, http://images.manheim.co.uk/images/units/zoom/6003d241-be0b-4207-895f-560f6a445863_10.jpg, http://images.manheim.co.uk/images/units/zoom/6003d241-be0b-4207-895f-560f6a445863_9.jpg, http://images.manheim.co.uk/images/units/zoom/6003d241-be0b-4207-895f-560f6a445863_ext_2.jpg, http://images.manheim.co.uk/images/units/zoom/6003d241-be0b-4207-895f-560f6a445863_ext_5.jpg, http://images.manheim.co.uk/images/units/zoom/6003d241-be0b-4207-895f-560f6a445863_ext_3.jpg, http://images.manheim.co.uk/images/units/zoom/6003d241-be0b-4207-895f-560f6a445863_ext_4.jpg, http://images.manheim.co.uk/images/units/zoom/insp-0001-3986642-3979178-13.jpg, http://images.manheim.co.uk/images/units/zoom/insp-0001-3986642-3979178-1000.jpg",http://ecr.manheim.co.uk/pdf/MOL-0003986642-01967562-004.pdf,2,1,10/06/2025,10280,10/06/2025,10280,LANDROVER ONLINE SERVICE HISTORY,Print,,Apr-26,LAND ROVER,DEFENDER,3.0 D250 X-Dynamic SE 90 3dr Auto,0,18/12/2025, 
KX68UZP,"VOLVO
XC60
2.0 D4 R DESIGN 5dr AWD Geartronic",Lane 2 - Available Car / ...,Automatic,Diesel,2.0,5.0,£14300,£13050,£16800,3,EstateGRADE 3CP GREENSC SilverView Report,CP GREEN,2018,Oct 2018,81313,BLACK,BLACK,Metallic,BLACK,LEATHER,5,2,With Manheim,Margin,No,No,No,Lloyd Motor Group,Leeds,"Air Conditioning, Automatic Lights, Bluetooth, DAB, Front Parking Sensors, Park Assist, Rear Parking Sensors, CO2: 148",,"£14,300",https://www.manheim.co.uk/nama,"http://images.manheim.co.uk/images/units/zoom/a9187d2f-0506-4f28-83a2-69d31f0cb1a3_ext_7.jpg, http://images.manheim.co.uk/images/units/zoom/a9187d2f-0506-4f28-83a2-69d31f0cb1a3_ext_6.jpg, http://images.manheim.co.uk/images/units/zoom/a9187d2f-0506-4f28-83a2-69d31f0cb1a3_ext_1.jpg, http://images.manheim.co.uk/images/units/zoom/a9187d2f-0506-4f28-83a2-69d31f0cb1a3_5.jpg, http://images.manheim.co.uk/images/units/zoom/a9187d2f-0506-4f28-83a2-69d31f0cb1a3_4.jpg, http://images.manheim.co.uk/images/units/zoom/a9187d2f-0506-4f28-83a2-69d31f0cb1a3_11.jpg, http://images.manheim.co.uk/images/units/zoom/a9187d2f-0506-4f28-83a2-69d31f0cb1a3_10.jpg, http://images.manheim.co.uk/images/units/zoom/a9187d2f-0506-4f28-83a2-69d31f0cb1a3_9.jpg, http://images.manheim.co.uk/images/units/zoom/a9187d2f-0506-4f28-83a2-69d31f0cb1a3_ext_2.jpg, http://images.manheim.co.uk/images/units/zoom/a9187d2f-0506-4f28-83a2-69d31f0cb1a3_ext_5.jpg, http://images.manheim.co.uk/images/units/zoom/a9187d2f-0506-4f28-83a2-69d31f0cb1a3_ext_3.jpg, http://images.manheim.co.uk/images/units/zoom/a9187d2f-0506-4f28-83a2-69d31f0cb1a3_ext_4.jpg, http://images.manheim.co.uk/images/units/zoom/insp-0001-2831928-4018592-13.jpg, http://images.manheim.co.uk/images/units/zoom/insp-0001-2831928-4018592-1000.jpg, http://images.manheim.co.uk/images/units/zoom/insp-0001-2831928-4018592-1001.jpg, http://images.manheim.co.uk/images/units/zoom/insp-0001-2831928-4018592-1002.jpg, http://images.manheim.co.uk/images/units/zoom/insp-0001-2831928-4018592-1003.jpg, http://images.manheim.co.uk/images/units/zoom/insp-0001-2831928-4018592-1004.jpg, http://images.manheim.co.uk/images/units/zoom/insp-0001-2831928-4018592-1005.jpg, http://images.manheim.co.uk/images/units/zoom/insp-0001-2831928-4018592-1006.jpg",http://ecr.manheim.co.uk/pdf/MOL-0002831928-01990029-002.pdf,2,7,26/02/2019,3792,"06/11/2025, 31/10/2024, 11/10/2023, 08/03/2022, 03/03/2021, 02/12/2019, 26/02/2019","81152, 71504, 59445, 40229, 26884, 13993, 3792","WHITEGATE MOTORS, WHITEGATE MOTORS, WHITEGATE MOTORS, BELLS MOTOR GROUP, BELLS MOTOR GROUP, BELLS MOTOR GROUP, BELLS MOTOR GROUP","Print, Print, Print, Book, Book, Book, Book",,Nov-26,VOLVO,XC60,2.0 D4 R DESIGN 5dr AWD Geartronic,0,05/01/2026, 
KY68LCA,"VOLKSWAGEN
ARTEON
2.0 TDI SCR 190 R-Line 5dr DSG",Lane 1 - D M Keith / Sytn...,Semi-Automatic,Diesel,2.0,5.0,£10750,£9725,£13400,3,SaloonGRADE 3CP GREENSC SilverView Report,CP GREEN,2018,Oct 2018,106823,SILVER,SILVER,Metallic,BLACK,LEATHER,5,1,With Manheim,Margin,No,No,No,Lloyd Motor Group,Leeds,"Air Conditioning, Auto Climate Control, Automatic Lights, Bluetooth, Cruise Control, Dual Zone Climate, Electric Sun Roof, Front Parking Sensors, Full Leather Trim, Heated Seats, Media Connectivity, Privacy Glass, Radio CD, Reversing camera, Sat Nav Functioning, Traction Control, CO2: 121","Optional extra, Panoramic sunroof.
Sat Nav Chip","£9,950",https://www.manheim.co.uk/nama,"http://images.manheim.co.uk/images/units/zoom/5fd4bfc6-3854-4879-8fce-2006d72b9cd7_ext_7.jpg, http://images.manheim.co.uk/images/units/zoom/5fd4bfc6-3854-4879-8fce-2006d72b9cd7_ext_6.jpg, http://images.manheim.co.uk/images/units/zoom/5fd4bfc6-3854-4879-8fce-2006d72b9cd7_ext_1.jpg, http://images.manheim.co.uk/images/units/zoom/5fd4bfc6-3854-4879-8fce-2006d72b9cd7_5.jpg, http://images.manheim.co.uk/images/units/zoom/5fd4bfc6-3854-4879-8fce-2006d72b9cd7_4.jpg, http://images.manheim.co.uk/images/units/zoom/5fd4bfc6-3854-4879-8fce-2006d72b9cd7_11.jpg, http://images.manheim.co.uk/images/units/zoom/5fd4bfc6-3854-4879-8fce-2006d72b9cd7_10.jpg, http://images.manheim.co.uk/images/units/zoom/5fd4bfc6-3854-4879-8fce-2006d72b9cd7_9.jpg, http://images.manheim.co.uk/images/units/zoom/5fd4bfc6-3854-4879-8fce-2006d72b9cd7_ext_2.jpg, http://images.manheim.co.uk/images/units/zoom/5fd4bfc6-3854-4879-8fce-2006d72b9cd7_ext_5.jpg, http://images.manheim.co.uk/images/units/zoom/5fd4bfc6-3854-4879-8fce-2006d72b9cd7_ext_3.jpg, http://images.manheim.co.uk/images/units/zoom/5fd4bfc6-3854-4879-8fce-2006d72b9cd7_ext_4.jpg, http://images.manheim.co.uk/images/units/zoom/insp-0001-4005329-4010830-13.jpg, http://images.manheim.co.uk/images/units/zoom/insp-0001-4005329-4010830-1000.jpg, http://images.manheim.co.uk/images/units/zoom/insp-0001-4005329-4010830-1001.jpg, http://images.manheim.co.uk/images/units/zoom/insp-0001-4005329-4010830-1002.jpg, http://images.manheim.co.uk/images/units/zoom/insp-0001-4005329-4010830-1003.jpg, http://images.manheim.co.uk/images/units/zoom/insp-0001-4005329-4010830-1004.jpg, http://images.manheim.co.uk/images/units/zoom/insp-0001-4005329-4010830-1005.jpg, http://images.manheim.co.uk/images/units/zoom/insp-0001-4005329-4010830-1006.jpg, http://images.manheim.co.uk/images/units/zoom/insp-0001-4005329-4010830-1007.jpg, http://images.manheim.co.uk/images/units/zoom/insp-0001-4005329-4010830-1008.jpg, http://images.manheim.co.uk/images/units/zoom/insp-0001-4005329-4010830-1009.jpg, http://images.manheim.co.uk/images/units/zoom/insp-0001-4005329-4010830-1010.jpg, http://images.manheim.co.uk/images/units/zoom/insp-0001-4005329-4010830-1011.jpg, http://images.manheim.co.uk/images/units/zoom/insp-0001-4005329-4010830-1012.jpg, http://images.manheim.co.uk/images/units/zoom/insp-0001-4005329-4010830-1013.jpg, http://images.manheim.co.uk/images/units/zoom/insp-0001-4005329-4010830-1014.jpg, http://images.manheim.co.uk/images/units/zoom/insp-0001-4005329-4010830-1015.jpg, http://images.manheim.co.uk/images/units/zoom/insp-0001-4005329-4010830-1016.jpg",http://ecr.manheim.co.uk/pdf/MOL-0004005329-01987430-004.pdf,2,3,14/09/2021,25347,"17/04/2025, 06/04/2023, 14/09/2021","97693, 53397, 25347","west end garage, west end garage, west end garage","Print, Book, Book",,Oct-26,VOLKSWAGEN,ARTEON,2.0 TDI SCR 190 R-Line 5dr DSG,0,07/01/2026, 
KY69AHZ,"AUDI
Q7
50 TDI Quattro Black Edition 5dr Tiptronic",SIMULCAST AND PHYSICAL - ...,Semi-Automatic,Diesel,3.0,5.0,£23400,£22050,£26500,4,EstateGRADE 4CP GREENSC SilverView Report,CP GREEN,2019,Sep 2019,77996,BLUE,BLUE,Metallic,BLACK,LEATHER,7,2,With Manheim,Margin,No,No,No,Northridge Finance,Manchester,"7 Seats, Air Conditioning, Auto Climate Control, Automatic Lights, Automatic Wipers, Aux In, Bluetooth, Cruise Control, DAB, Dual Zone Climate, Electric Sun Roof, Front Parking Sensors, Full Leather Trim, Heated Seats, Media Connectivity, Panoramic Roof, Privacy Glass, Radio CD, Rear Parking Sensors, Sat Nav Functioning, Traction Control, CO2: 178",,"£21,500",https://www.manheim.co.uk/nama,"http://images.manheim.co.uk/images/units/zoom/ecab7cca-47fd-4a0f-b445-19c710f1cb6f_ext_7.jpg, http://images.manheim.co.uk/images/units/zoom/ecab7cca-47fd-4a0f-b445-19c710f1cb6f_ext_6.jpg, http://images.manheim.co.uk/images/units/zoom/ecab7cca-47fd-4a0f-b445-19c710f1cb6f_ext_1.jpg, http://images.manheim.co.uk/images/units/zoom/ecab7cca-47fd-4a0f-b445-19c710f1cb6f_5.jpg, http://images.manheim.co.uk/images/units/zoom/ecab7cca-47fd-4a0f-b445-19c710f1cb6f_4.jpg, http://images.manheim.co.uk/images/units/zoom/ecab7cca-47fd-4a0f-b445-19c710f1cb6f_11.jpg, http://images.manheim.co.uk/images/units/zoom/ecab7cca-47fd-4a0f-b445-19c710f1cb6f_10.jpg, http://images.manheim.co.uk/images/units/zoom/ecab7cca-47fd-4a0f-b445-19c710f1cb6f_9.jpg, http://images.manheim.co.uk/images/units/zoom/ecab7cca-47fd-4a0f-b445-19c710f1cb6f_ext_2.jpg, http://images.manheim.co.uk/images/units/zoom/ecab7cca-47fd-4a0f-b445-19c710f1cb6f_ext_5.jpg, http://images.manheim.co.uk/images/units/zoom/ecab7cca-47fd-4a0f-b445-19c710f1cb6f_ext_3.jpg, http://images.manheim.co.uk/images/units/zoom/ecab7cca-47fd-4a0f-b445-19c710f1cb6f_ext_4.jpg, http://images.manheim.co.uk/images/units/zoom/insp-0001-3998059-3994123-13.jpg, http://images.manheim.co.uk/images/units/zoom/insp-0001-3998059-3994123-1000.jpg, http://images.manheim.co.uk/images/units/zoom/insp-0001-3998059-3994123-1001.jpg, http://images.manheim.co.uk/images/units/zoom/insp-0001-3998059-3994123-1002.jpg, http://images.manheim.co.uk/images/units/zoom/insp-0001-3998059-3994123-1003.jpg, http://images.manheim.co.uk/images/units/zoom/insp-0001-3998059-3994123-1004.jpg, http://images.manheim.co.uk/images/units/zoom/insp-0001-3998059-3994123-1005.jpg, http://images.manheim.co.uk/images/units/zoom/insp-0001-3998059-3994123-1006.jpg, http://images.manheim.co.uk/images/units/zoom/insp-0001-3998059-3994123-1007.jpg, http://images.manheim.co.uk/images/units/zoom/insp-0001-3998059-3994123-1008.jpg, http://images.manheim.co.uk/images/units/zoom/insp-0001-3998059-3994123-1009.jpg, http://images.manheim.co.uk/images/units/zoom/insp-0001-3998059-3994123-1010.jpg, http://images.manheim.co.uk/images/units/zoom/insp-0001-3998059-3994123-1011.jpg, http://images.manheim.co.uk/images/units/zoom/insp-0001-3998059-3994123-1012.jpg, http://images.manheim.co.uk/images/units/zoom/insp-0001-3998059-3994123-1013.jpg, http://images.manheim.co.uk/images/units/zoom/insp-0001-3998059-3994123-1014.jpg, http://images.manheim.co.uk/images/units/zoom/insp-0001-3998059-3994123-1015.jpg, http://images.manheim.co.uk/images/units/zoom/insp-0001-3998059-3994123-1016.jpg, http://images.manheim.co.uk/images/units/zoom/insp-0001-3998059-3994123-1017.jpg, http://images.manheim.co.uk/images/units/zoom/insp-0001-3998059-3994123-1018.jpg, http://images.manheim.co.uk/images/units/zoom/insp-0001-3998059-3994123-1019.jpg, http://images.manheim.co.uk/images/units/zoom/insp-0001-3998059-3994123-1020.jpg, http://images.manheim.co.uk/images/units/zoom/insp-0001-3998059-3994123-1021.jpg, http://images.manheim.co.uk/images/units/zoom/insp-0001-3998059-3994123-1022.jpg, http://images.manheim.co.uk/images/units/zoom/insp-0001-3998059-3994123-1023.jpg, http://images.manheim.co.uk/images/units/zoom/insp-0001-3998059-3994123-1024.jpg, http://images.manheim.co.uk/images/units/zoom/insp-0001-3998059-3994123-1025.jpg, http://images.manheim.co.uk/images/units/zoom/insp-0001-3998059-3994123-1026.jpg, http://images.manheim.co.uk/images/units/zoom/insp-0001-3998059-3994123-1027.jpg, http://images.manheim.co.uk/images/units/zoom/insp-0001-3998059-3994123-1028.jpg",http://ecr.manheim.co.uk/pdf/MOL-0003998059-01978902-003.pdf,2,0,,,,,,,,Dec-25,AUDI,Q7,50 TDI Quattro Black Edition 5dr Tiptronic,0,18/12/2025, 
KY72UUN,"KIA
NIRO
150kW 3 65kWh 5dr Auto",SIMULCAST AND PHYSICAL - ...,Automatic,Electric,,,£16850,£15500,£19200,4,,CP GREEN,2022,Sep 2022,29922,ORANGE,ORANGE,Pearl,GREY,Part Leather,5,2,With Manheim,Qualifying,No,No,No,Santander Consumer,Manchester,"Auto Climate Control, Automatic Lights, Automatic Wipers, Bluetooth, Cruise Control, DAB, Dual Zone Climate, Front Parking Sensors, Heated Seats, Media Connectivity, Rear Parking Sensors, Reversing camera, Sat Nav Functioning, Traction Control, Air Conditioning, Part Leather, CO2: 0",,"£16,850",https://www.manheim.co.uk/nama,"http://images.manheim.co.uk/images/units/zoom/eb13fe5d-66e0-400c-9407-c6673f64c01b_ext_7.jpg, http://images.manheim.co.uk/images/units/zoom/eb13fe5d-66e0-400c-9407-c6673f64c01b_ext_6.jpg, http://images.manheim.co.uk/images/units/zoom/eb13fe5d-66e0-400c-9407-c6673f64c01b_ext_1.jpg, http://images.manheim.co.uk/images/units/zoom/eb13fe5d-66e0-400c-9407-c6673f64c01b_5.jpg, http://images.manheim.co.uk/images/units/zoom/eb13fe5d-66e0-400c-9407-c6673f64c01b_4.jpg, http://images.manheim.co.uk/images/units/zoom/eb13fe5d-66e0-400c-9407-c6673f64c01b_11.jpg, http://images.manheim.co.uk/images/units/zoom/eb13fe5d-66e0-400c-9407-c6673f64c01b_10.jpg, http://images.manheim.co.uk/images/units/zoom/eb13fe5d-66e0-400c-9407-c6673f64c01b_9.jpg, http://images.manheim.co.uk/images/units/zoom/eb13fe5d-66e0-400c-9407-c6673f64c01b_ext_2.jpg, http://images.manheim.co.uk/images/units/zoom/eb13fe5d-66e0-400c-9407-c6673f64c01b_ext_5.jpg, http://images.manheim.co.uk/images/units/zoom/eb13fe5d-66e0-400c-9407-c6673f64c01b_ext_3.jpg, http://images.manheim.co.uk/images/units/zoom/eb13fe5d-66e0-400c-9407-c6673f64c01b_ext_4.jpg, http://images.manheim.co.uk/images/units/zoom/insp-0001-4006694-4012619-13.jpg, http://images.manheim.co.uk/images/units/zoom/insp-0001-4006694-4012619-1000.jpg, http://images.manheim.co.uk/images/units/zoom/insp-0001-4006694-4012619-1001.jpg, http://images.manheim.co.uk/images/units/zoom/insp-0001-4006694-4012619-1002.jpg, http://images.manheim.co.uk/images/units/zoom/insp-0001-4006694-4012619-1003.jpg, http://images.manheim.co.uk/images/units/zoom/insp-0001-4006694-4012619-1004.jpg, http://images.manheim.co.uk/images/units/zoom/insp-0001-4006694-4012619-1005.jpg, http://images.manheim.co.uk/images/units/zoom/insp-0001-4006694-4012619-1006.jpg, http://images.manheim.co.uk/images/units/zoom/insp-0001-4006694-4012619-1007.jpg, http://images.manheim.co.uk/images/units/zoom/insp-0001-4006694-4012619-1008.jpg, http://images.manheim.co.uk/images/units/zoom/insp-0001-4006694-4012619-1009.jpg, http://images.manheim.co.uk/images/units/zoom/insp-0001-4006694-4012619-1010.jpg, http://images.manheim.co.uk/images/units/zoom/insp-0001-4006694-4012619-1011.jpg, http://images.manheim.co.uk/images/units/zoom/insp-0001-4006694-4012619-1012.jpg, http://images.manheim.co.uk/images/units/zoom/insp-0001-4006694-4012619-1013.jpg, http://images.manheim.co.uk/images/units/zoom/insp-0001-4006694-4012619-1014.jpg, http://images.manheim.co.uk/images/units/zoom/insp-0001-4006694-4012619-1015.jpg, http://images.manheim.co.uk/images/units/zoom/insp-0001-4006694-4012619-1016.jpg, http://images.manheim.co.uk/images/units/zoom/insp-0001-4006694-4012619-1017.jpg, http://images.manheim.co.uk/images/units/zoom/insp-0001-4006694-4012619-1018.jpg, http://images.manheim.co.uk/images/units/zoom/insp-0001-4006694-4012619-1019.jpg, http://images.manheim.co.uk/images/units/zoom/insp-0001-4006694-4012619-1020.jpg, http://images.manheim.co.uk/images/units/zoom/insp-0001-4006694-4012619-1021.jpg, http://images.manheim.co.uk/images/units/zoom/insp-0001-4006694-4012619-1022.jpg, http://images.manheim.co.uk/images/units/zoom/insp-0001-4006694-4012619-1023.jpg, http://images.manheim.co.uk/images/units/zoom/insp-0001-4006694-4012619-1024.jpg, http://images.manheim.co.uk/images/units/zoom/insp-0001-4006694-4012619-1025.jpg, http://images.manheim.co.uk/images/units/zoom/insp-0001-4006694-4012619-1026.jpg, http://images.manheim.co.uk/images/units/zoom/insp-0001-4006694-4012619-1027.jpg, http://images.manheim.co.uk/images/units/zoom/insp-0001-4006694-4012619-1028.jpg",http://ecr.manheim.co.uk/pdf/MOL-0004006694-01992885-005.pdf,1,1,12/11/2025,24489,12/11/2025,24489,* Milton Keynes Kia,Book,,,KIA,NIRO,150kW 3 65kWh 5dr Auto,0,18/12/2025, 
L3DFS,"MERCEDES-BENZ
A CLASS
A180 Sport 5dr",Lane 1 - Motor Dough / Ke...,Manual,Petrol,1.6,5.0,£7800,£6825,£9995,4,HatchbackGRADE 4CP GREENSC SilverView Report,CP GREEN,2016,Jan 2016,37452,RED,RED,Solid,GREY,LEATHER,5,2,With Manheim,Margin,No,No,No,Motor Dough,Leeds,"6 Speed, Air Conditioning, Automatic Lights, Aux In, Bluetooth, Cruise Control, Full Leather Trim, Ipod Connectivity, Media Connectivity, Radio CD, Reversing camera, Sat Nav Functioning, Traction Control, CO2: 131",,"£6,600",https://www.manheim.co.uk/nama,"http://images.manheim.co.uk/images/units/zoom/ea939726-b78a-499b-8c20-d5de804ec3d2_ext_7.jpg, http://images.manheim.co.uk/images/units/zoom/ea939726-b78a-499b-8c20-d5de804ec3d2_ext_6.jpg, http://images.manheim.co.uk/images/units/zoom/ea939726-b78a-499b-8c20-d5de804ec3d2_ext_1.jpg, http://images.manheim.co.uk/images/units/zoom/ea939726-b78a-499b-8c20-d5de804ec3d2_5.jpg, http://images.manheim.co.uk/images/units/zoom/ea939726-b78a-499b-8c20-d5de804ec3d2_4.jpg, http://images.manheim.co.uk/images/units/zoom/ea939726-b78a-499b-8c20-d5de804ec3d2_11.jpg, http://images.manheim.co.uk/images/units/zoom/ea939726-b78a-499b-8c20-d5de804ec3d2_10.jpg, http://images.manheim.co.uk/images/units/zoom/ea939726-b78a-499b-8c20-d5de804ec3d2_9.jpg, http://images.manheim.co.uk/images/units/zoom/ea939726-b78a-499b-8c20-d5de804ec3d2_ext_2.jpg, http://images.manheim.co.uk/images/units/zoom/ea939726-b78a-499b-8c20-d5de804ec3d2_ext_5.jpg, http://images.manheim.co.uk/images/units/zoom/ea939726-b78a-499b-8c20-d5de804ec3d2_ext_3.jpg, http://images.manheim.co.uk/images/units/zoom/ea939726-b78a-499b-8c20-d5de804ec3d2_ext_4.jpg, http://images.manheim.co.uk/images/units/zoom/insp-0001-3993573-3987437-13.jpg, http://images.manheim.co.uk/images/units/zoom/insp-0001-3993573-3987437-1000.jpg, http://images.manheim.co.uk/images/units/zoom/insp-0001-3993573-3987437-1001.jpg, http://images.manheim.co.uk/images/units/zoom/insp-0001-3993573-3987437-1002.jpg, http://images.manheim.co.uk/images/units/zoom/insp-0001-3993573-3987437-1003.jpg, http://images.manheim.co.uk/images/units/zoom/insp-0001-3993573-3987437-1004.jpg, http://images.manheim.co.uk/images/units/zoom/insp-0001-3993573-3987437-1005.jpg, http://images.manheim.co.uk/images/units/zoom/insp-0001-3993573-3987437-1006.jpg, http://images.manheim.co.uk/images/units/zoom/insp-0001-3993573-3987437-1007.jpg, http://images.manheim.co.uk/images/units/zoom/insp-0001-3993573-3987437-1008.jpg, http://images.manheim.co.uk/images/units/zoom/insp-0001-3993573-3987437-1009.jpg, http://images.manheim.co.uk/images/units/zoom/insp-0001-3993573-3987437-1010.jpg, http://images.manheim.co.uk/images/units/zoom/insp-0001-3993573-3987437-1011.jpg",http://ecr.manheim.co.uk/pdf/MOL-0003993573-01974583-005.pdf,3,4,10/01/2017,3622,"29/01/2020, 17/01/2019, 10/01/2018, 10/01/2017","14505, 10199, 6894, 3622","Deutschtek, Arnold Clark, Arnold Clark, Arnold Clark","Print, Print, Print, Print",,Jan-26,MERCEDES-BENZ,A CLASS,A180 Sport 5dr,0,18/12/2025, 
LA10FWR,"KIA
CEED
1.6 2 5dr","Available Car, Pulman Gro...",Manual,Petrol,1.6,5.0,£990,£590,£1895,5,HatchbackGRADE 5SC BronzeView Report,SC Bronze,2010,Jul 2010,109940,RED,RED,Metallic,BLACK,CLOTH,5,2,With Manheim,Margin,No,No,No,S G Petch,Washington,"Aux In, Media Connectivity, Radio CD, CO2: 146",,"£1,000",https://www.manheim.co.uk/nama,"http://images.manheim.co.uk/images/units/zoom/4011941-9999999-339134556-004.jpg, http://images.manheim.co.uk/images/units/zoom/4011941-9999999-339134556-008.jpg, http://images.manheim.co.uk/images/units/zoom/4011941-9999999-339134556-001.jpg, http://images.manheim.co.uk/images/units/zoom/4011941-9999999-339134556-002.jpg, http://images.manheim.co.uk/images/units/zoom/4011941-9999999-339134556-003.jpg, http://images.manheim.co.uk/images/units/zoom/4011941-9999999-339134556-005.jpg, http://images.manheim.co.uk/images/units/zoom/4011941-9999999-339134556-006.jpg, http://images.manheim.co.uk/images/units/zoom/4011941-9999999-339134556-007.jpg, http://images.manheim.co.uk/images/units/zoom/4011941-9999999-339134556-009.jpg, http://images.manheim.co.uk/images/units/zoom/4011941-9999999-339134556-010.jpg, http://images.manheim.co.uk/images/units/zoom/4011941-9999999-339134556-011.jpg, http://images.manheim.co.uk/images/units/zoom/4011941-9999999-339134556-012.jpg, http://images.manheim.co.uk/images/units/zoom/insp-0001-4011941-4009980-13.jpg, http://images.manheim.co.uk/images/units/zoom/insp-0001-4011941-4009980-1000.jpg, http://images.manheim.co.uk/images/units/zoom/insp-0001-4011941-4009980-1001.jpg, http://images.manheim.co.uk/images/units/zoom/insp-0001-4011941-4009980-1002.jpg, http://images.manheim.co.uk/images/units/zoom/insp-0001-4011941-4009980-1003.jpg, http://images.manheim.co.uk/images/units/zoom/insp-0001-4011941-4009980-1004.jpg, http://images.manheim.co.uk/images/units/zoom/insp-0001-4011941-4009980-1005.jpg, http://images.manheim.co.uk/images/units/zoom/insp-0001-4011941-4009980-1006.jpg, http://images.manheim.co.uk/images/units/zoom/insp-0001-4011941-4009980-1007.jpg, http://images.manheim.co.uk/images/units/zoom/insp-0001-4011941-4009980-1008.jpg, http://images.manheim.co.uk/images/units/zoom/insp-0001-4011941-4009980-1009.jpg, http://images.manheim.co.uk/images/units/zoom/insp-0001-4011941-4009980-1010.jpg, http://images.manheim.co.uk/images/units/zoom/insp-0001-4011941-4009980-1011.jpg, http://images.manheim.co.uk/images/units/zoom/insp-0001-4011941-4009980-1012.jpg, http://images.manheim.co.uk/images/units/zoom/insp-0001-4011941-4009980-1013.jpg, http://images.manheim.co.uk/images/units/zoom/insp-0001-4011941-4009980-1014.jpg, http://images.manheim.co.uk/images/units/zoom/insp-0001-4011941-4009980-1015.jpg, http://images.manheim.co.uk/images/units/zoom/insp-0001-4011941-4009980-1016.jpg, http://images.manheim.co.uk/images/units/zoom/insp-0001-4011941-4009980-1017.jpg, http://images.manheim.co.uk/images/units/zoom/insp-0001-4011941-4009980-1018.jpg, http://images.manheim.co.uk/images/units/zoom/insp-0001-4011941-4009980-1019.jpg, http://images.manheim.co.uk/images/units/zoom/insp-0001-4011941-4009980-1020.jpg, http://images.manheim.co.uk/images/units/zoom/insp-0001-4011941-4009980-1021.jpg, http://images.manheim.co.uk/images/units/zoom/insp-0001-4011941-4009980-1022.jpg, http://images.manheim.co.uk/images/units/zoom/insp-0001-4011941-4009980-1023.jpg",http://ecr.manheim.co.uk/pdf/MOL-0004011941-01994693-003.pdf,4,9,01/08/2011,11190,"29/07/2019, 27/07/2018, 24/07/2017, 29/07/2016, 30/07/2015, 08/07/2014, 22/07/2013, 30/07/2012, 01/08/2011","75045, 61937, 49866, 85219, 33430, 26942, 21958, 16937, 11190","visar garage thirsk, visar garage thirsk, kia motors, kia motors, kia motors, jennings kia, sg petch durham, sg petch durham, sg petch durham","Book, Book, Book, Book, Book, Book, Book, Book, Book",,Nov-26,KIA,CEED,1.6 2 5dr,0,19/12/2025, 
LA18UKT,"BMW
1 SERIES
118i [1.5] SE 5dr [Nav/Servotronic]",Lane 1 - D M Keith / Sytn...,Manual,Petrol,1.5,5.0,£8500,£7450,£10650,5,HatchbackGRADE 5CP GREENSC SilverView Report,CP GREEN,2018,Aug 2018,47462,BLACK,BLACK,Metallic,BLACK,CLOTH,5,2,With Manheim,Margin,No,No,No,Lloyd Motor Group,Leeds,"Air Conditioning, Auto Climate Control, Automatic Lights, Automatic Wipers, DAB, Radio CD, Sat Nav Functioning, CO2: 134",,"£6,500",https://www.manheim.co.uk/nama,"http://images.manheim.co.uk/images/units/zoom/2af29d00-8297-4807-abaa-95c8f0b77299_ext_7.jpg, http://images.manheim.co.uk/images/units/zoom/2af29d00-8297-4807-abaa-95c8f0b77299_ext_6.jpg, http://images.manheim.co.uk/images/units/zoom/2af29d00-8297-4807-abaa-95c8f0b77299_ext_1.jpg, http://images.manheim.co.uk/images/units/zoom/2af29d00-8297-4807-abaa-95c8f0b77299_5.jpg, http://images.manheim.co.uk/images/units/zoom/2af29d00-8297-4807-abaa-95c8f0b77299_4.jpg, http://images.manheim.co.uk/images/units/zoom/2af29d00-8297-4807-abaa-95c8f0b77299_11.jpg, http://images.manheim.co.uk/images/units/zoom/2af29d00-8297-4807-abaa-95c8f0b77299_10.jpg, http://images.manheim.co.uk/images/units/zoom/2af29d00-8297-4807-abaa-95c8f0b77299_9.jpg, http://images.manheim.co.uk/images/units/zoom/2af29d00-8297-4807-abaa-95c8f0b77299_ext_2.jpg, http://images.manheim.co.uk/images/units/zoom/2af29d00-8297-4807-abaa-95c8f0b77299_ext_5.jpg, http://images.manheim.co.uk/images/units/zoom/2af29d00-8297-4807-abaa-95c8f0b77299_ext_3.jpg, http://images.manheim.co.uk/images/units/zoom/2af29d00-8297-4807-abaa-95c8f0b77299_ext_4.jpg, http://images.manheim.co.uk/images/units/zoom/insp-0001-3996382-3998652-13.jpg, http://images.manheim.co.uk/images/units/zoom/insp-0001-3996382-3998652-1000.jpg, http://images.manheim.co.uk/images/units/zoom/insp-0001-3996382-3998652-1001.jpg, http://images.manheim.co.uk/images/units/zoom/insp-0001-3996382-3998652-1002.jpg, http://images.manheim.co.uk/images/units/zoom/insp-0001-3996382-3998652-1003.jpg, http://images.manheim.co.uk/images/units/zoom/insp-0001-3996382-3998652-1004.jpg, http://images.manheim.co.uk/images/units/zoom/insp-0001-3996382-3998652-1005.jpg, http://images.manheim.co.uk/images/units/zoom/insp-0001-3996382-3998652-1006.jpg, http://images.manheim.co.uk/images/units/zoom/insp-0001-3996382-3998652-1007.jpg, http://images.manheim.co.uk/images/units/zoom/insp-0001-3996382-3998652-1008.jpg, http://images.manheim.co.uk/images/units/zoom/insp-0001-3996382-3998652-1009.jpg, http://images.manheim.co.uk/images/units/zoom/insp-0001-3996382-3998652-1010.jpg, http://images.manheim.co.uk/images/units/zoom/insp-0001-3996382-3998652-1011.jpg, http://images.manheim.co.uk/images/units/zoom/insp-0001-3996382-3998652-1012.jpg, http://images.manheim.co.uk/images/units/zoom/insp-0001-3996382-3998652-1013.jpg, http://images.manheim.co.uk/images/units/zoom/insp-0001-3996382-3998652-1014.jpg, http://images.manheim.co.uk/images/units/zoom/insp-0001-3996382-3998652-1015.jpg, http://images.manheim.co.uk/images/units/zoom/insp-0001-3996382-3998652-1016.jpg",http://ecr.manheim.co.uk/pdf/MOL-0003996382-01976752-005.pdf,2,5,25/08/2020,7384,"30/04/2025, 01/11/2024, 15/01/2024, 12/10/2022, 25/08/2020","37876, 30326, 17464, 13964, 7384","WILKINSON & WHITLEY BINGLEY, iDRIVE, iDRIVE, iDRIVE, iDRIVE","Print, Digital, Digital, Digital, Digital",,Jan-26,BMW,1 SERIES,118i [1.5] SE 5dr [Nav/Servotronic],0,07/01/2026, 
LA21UHN,"AUDI
Q5
45 TFSI Quattro Sport 5dr S Tronic",SIMULCAST AND PHYSICAL - ...,Semi-Automatic,Petrol,2.0,5.0,£23050,£21650,£26000,3,EstateGRADE 3CP GREENSC SilverView Report,CP GREEN,2021,Jul 2021,38326,BLACK,BLACK,Metallic,BLACK,LEATHER,5,1,With Manheim,Margin,No,No,No,LSH Auto Group,Manchester,"Air Conditioning, Auto Climate Control, Automatic Lights, Automatic Wipers, Bluetooth, DAB, Dual Zone Climate, Front Parking Sensors, Full Leather Trim, Heated Seats, Media Connectivity, Rear Parking Sensors, Reversing camera, Sat Nav Functioning, Traction Control, CO2: 191",,"£23,500",https://www.manheim.co.uk/nama,"http://images.manheim.co.uk/images/units/zoom/1308dbb5-9953-440e-b707-eb5a5e8eea59_ext_7.jpg, http://images.manheim.co.uk/images/units/zoom/1308dbb5-9953-440e-b707-eb5a5e8eea59_ext_6.jpg, http://images.manheim.co.uk/images/units/zoom/1308dbb5-9953-440e-b707-eb5a5e8eea59_ext_1.jpg, http://images.manheim.co.uk/images/units/zoom/1308dbb5-9953-440e-b707-eb5a5e8eea59_5.jpg, http://images.manheim.co.uk/images/units/zoom/1308dbb5-9953-440e-b707-eb5a5e8eea59_4.jpg, http://images.manheim.co.uk/images/units/zoom/1308dbb5-9953-440e-b707-eb5a5e8eea59_11.jpg, http://images.manheim.co.uk/images/units/zoom/1308dbb5-9953-440e-b707-eb5a5e8eea59_10.jpg, http://images.manheim.co.uk/images/units/zoom/1308dbb5-9953-440e-b707-eb5a5e8eea59_9.jpg, http://images.manheim.co.uk/images/units/zoom/1308dbb5-9953-440e-b707-eb5a5e8eea59_ext_2.jpg, http://images.manheim.co.uk/images/units/zoom/1308dbb5-9953-440e-b707-eb5a5e8eea59_ext_5.jpg, http://images.manheim.co.uk/images/units/zoom/1308dbb5-9953-440e-b707-eb5a5e8eea59_ext_3.jpg, http://images.manheim.co.uk/images/units/zoom/1308dbb5-9953-440e-b707-eb5a5e8eea59_ext_4.jpg, http://images.manheim.co.uk/images/units/zoom/insp-0001-3986631-3978464-13.jpg, http://images.manheim.co.uk/images/units/zoom/insp-0001-3986631-3978464-1000.jpg, http://images.manheim.co.uk/images/units/zoom/insp-0001-3986631-3978464-1001.jpg, http://images.manheim.co.uk/images/units/zoom/insp-0001-3986631-3978464-1002.jpg, http://images.manheim.co.uk/images/units/zoom/insp-0001-3986631-3978464-1003.jpg, http://images.manheim.co.uk/images/units/zoom/insp-0001-3986631-3978464-1004.jpg, http://images.manheim.co.uk/images/units/zoom/insp-0001-3986631-3978464-1005.jpg, http://images.manheim.co.uk/images/units/zoom/insp-0001-3986631-3978464-1006.jpg, http://images.manheim.co.uk/images/units/zoom/insp-0001-3986631-3978464-1007.jpg, http://images.manheim.co.uk/images/units/zoom/insp-0001-3986631-3978464-1008.jpg, http://images.manheim.co.uk/images/units/zoom/insp-0001-3986631-3978464-1009.jpg, http://images.manheim.co.uk/images/units/zoom/insp-0001-3986631-3978464-1010.jpg, http://images.manheim.co.uk/images/units/zoom/insp-0001-3986631-3978464-1011.jpg, http://images.manheim.co.uk/images/units/zoom/insp-0001-3986631-3978464-1012.jpg, http://images.manheim.co.uk/images/units/zoom/insp-0001-3986631-3978464-1013.jpg, http://images.manheim.co.uk/images/units/zoom/insp-0001-3986631-3978464-1014.jpg, http://images.manheim.co.uk/images/units/zoom/insp-0001-3986631-3978464-1015.jpg, http://images.manheim.co.uk/images/units/zoom/insp-0001-3986631-3978464-1016.jpg",http://ecr.manheim.co.uk/pdf/MOL-0003986631-01967550-003.pdf,2,2,19/07/2024,PASSED,"26/07/2025, 19/07/2024","PASSED, PASSED","35247, 23517","30/07/2026, 30/07/2025",,Jul-26,AUDI,Q5,45 TFSI Quattro Sport 5dr S Tronic,0,18/12/2025, 
LC18WUM,"LAND ROVER
RANGE ROVER SPORT
2.0 SD4 HSE 5dr Auto",SIMULCAST AND PHYSICAL - ...,Semi-Automatic,Diesel,2.0,5.0,£19500,£18150,£22250,2,EstateGRADE 2CP GREENSC SilverView Report,CP GREEN,2018,Jun 2018,51234,WHITE,WHITE,Solid,BEIGE,LEATHER,5,1,With Manheim,Margin,No,No,No,Santander Consumer,Manchester,"Air Conditioning, Auto Climate Control, Automatic Lights, Automatic Wipers, Bluetooth, Cruise Control, DAB, Dual Zone Climate, Front Parking Sensors, Full Leather Trim, Heated Front Screen, Heated Seats, Media Connectivity, Privacy Glass, Radio CD, Rear Parking Sensors, Reversing camera, Sat Nav Functioning, Traction Control, CO2: 164",,"£19,500",https://www.manheim.co.uk/nama,"http://images.manheim.co.uk/images/units/zoom/bd59e414-6c59-4968-8d62-3b044a119770_ext_7.jpg, http://images.manheim.co.uk/images/units/zoom/bd59e414-6c59-4968-8d62-3b044a119770_ext_6.jpg, http://images.manheim.co.uk/images/units/zoom/bd59e414-6c59-4968-8d62-3b044a119770_ext_1.jpg, http://images.manheim.co.uk/images/units/zoom/bd59e414-6c59-4968-8d62-3b044a119770_5.jpg, http://images.manheim.co.uk/images/units/zoom/bd59e414-6c59-4968-8d62-3b044a119770_4.jpg, http://images.manheim.co.uk/images/units/zoom/bd59e414-6c59-4968-8d62-3b044a119770_11.jpg, http://images.manheim.co.uk/images/units/zoom/bd59e414-6c59-4968-8d62-3b044a119770_10.jpg, http://images.manheim.co.uk/images/units/zoom/bd59e414-6c59-4968-8d62-3b044a119770_9.jpg, http://images.manheim.co.uk/images/units/zoom/bd59e414-6c59-4968-8d62-3b044a119770_ext_2.jpg, http://images.manheim.co.uk/images/units/zoom/bd59e414-6c59-4968-8d62-3b044a119770_ext_5.jpg, http://images.manheim.co.uk/images/units/zoom/bd59e414-6c59-4968-8d62-3b044a119770_ext_3.jpg, http://images.manheim.co.uk/images/units/zoom/bd59e414-6c59-4968-8d62-3b044a119770_ext_4.jpg, http://images.manheim.co.uk/images/units/zoom/insp-0001-2729252-4011957-13.jpg, http://images.manheim.co.uk/images/units/zoom/insp-0001-2729252-4011957-1000.jpg, http://images.manheim.co.uk/images/units/zoom/insp-0001-2729252-4011957-1001.jpg, http://images.manheim.co.uk/images/units/zoom/insp-0001-2729252-4011957-1002.jpg, http://images.manheim.co.uk/images/units/zoom/insp-0001-2729252-4011957-1003.jpg, http://images.manheim.co.uk/images/units/zoom/insp-0001-2729252-4011957-1004.jpg, http://images.manheim.co.uk/images/units/zoom/insp-0001-2729252-4011957-1005.jpg, http://images.manheim.co.uk/images/units/zoom/insp-0001-2729252-4011957-1006.jpg, http://images.manheim.co.uk/images/units/zoom/insp-0001-2729252-4011957-1007.jpg, http://images.manheim.co.uk/images/units/zoom/insp-0001-2729252-4011957-1008.jpg, http://images.manheim.co.uk/images/units/zoom/insp-0001-2729252-4011957-1009.jpg, http://images.manheim.co.uk/images/units/zoom/insp-0001-2729252-4011957-1010.jpg, http://images.manheim.co.uk/images/units/zoom/insp-0001-2729252-4011957-1011.jpg, http://images.manheim.co.uk/images/units/zoom/insp-0001-2729252-4011957-1012.jpg, http://images.manheim.co.uk/images/units/zoom/insp-0001-2729252-4011957-1013.jpg, http://images.manheim.co.uk/images/units/zoom/insp-0001-2729252-4011957-1014.jpg, http://images.manheim.co.uk/images/units/zoom/insp-0001-2729252-4011957-1015.jpg, http://images.manheim.co.uk/images/units/zoom/insp-0001-2729252-4011957-1016.jpg, http://images.manheim.co.uk/images/units/zoom/insp-0001-2729252-4011957-1017.jpg, http://images.manheim.co.uk/images/units/zoom/insp-0001-2729252-4011957-1018.jpg",http://ecr.manheim.co.uk/pdf/MOL-0002729252-01993374-005.pdf,2,1,14/10/2020,18715,14/10/2020,18715,"LOOKERS LAND ROVER, LONDON",Print,,Nov-25,LAND ROVER,RANGE ROVER SPORT,2.0 SD4 HSE 5dr Auto,0,18/12/2025, 
LC20UHT,"LAND ROVER
DEFENDER
2.0 D240 First Edition 110 5dr Auto",SIMULCAST AND PHYSICAL - ...,Automatic,Diesel,2.0,5.0,£38200,£36800,£41750,2,EstateGRADE 2CP GREENSC SilverView Report,CP GREEN,2020,Jul 2020,43748,BROWN,BROWN,Metallic,BLACK,Part Leather,5,2,With Manheim,Margin,No,No,No,LSH Auto Group,Manchester,"Air Conditioning, Auto Climate Control, Automatic Lights, Automatic Wipers, Bluetooth, DAB, Dual Zone Climate, Electric Sun Roof, Front Parking Sensors, Heated Front Screen, Heated Seats, Media Connectivity, Panoramic Roof, Part Leather, Privacy Glass, Rear Parking Sensors, Reversing camera, Sat Nav Functioning, Traction Control, CO2: 238",GHOST IMMOBILISER,"£38,000",https://www.manheim.co.uk/nama,"http://images.manheim.co.uk/images/units/zoom/13456871-be35-412f-80a8-4a1e72931957_ext_7.jpg, http://images.manheim.co.uk/images/units/zoom/13456871-be35-412f-80a8-4a1e72931957_ext_6.jpg, http://images.manheim.co.uk/images/units/zoom/13456871-be35-412f-80a8-4a1e72931957_ext_1.jpg, http://images.manheim.co.uk/images/units/zoom/13456871-be35-412f-80a8-4a1e72931957_5.jpg, http://images.manheim.co.uk/images/units/zoom/13456871-be35-412f-80a8-4a1e72931957_4.jpg, http://images.manheim.co.uk/images/units/zoom/13456871-be35-412f-80a8-4a1e72931957_11.jpg, http://images.manheim.co.uk/images/units/zoom/13456871-be35-412f-80a8-4a1e72931957_10.jpg, http://images.manheim.co.uk/images/units/zoom/13456871-be35-412f-80a8-4a1e72931957_9.jpg, http://images.manheim.co.uk/images/units/zoom/13456871-be35-412f-80a8-4a1e72931957_ext_2.jpg, http://images.manheim.co.uk/images/units/zoom/13456871-be35-412f-80a8-4a1e72931957_ext_5.jpg, http://images.manheim.co.uk/images/units/zoom/13456871-be35-412f-80a8-4a1e72931957_ext_3.jpg, http://images.manheim.co.uk/images/units/zoom/13456871-be35-412f-80a8-4a1e72931957_ext_4.jpg, http://images.manheim.co.uk/images/units/zoom/insp-0001-3986644-3983502-13.jpg, http://images.manheim.co.uk/images/units/zoom/insp-0001-3986644-3983502-1000.jpg, http://images.manheim.co.uk/images/units/zoom/insp-0001-3986644-3983502-1001.jpg, http://images.manheim.co.uk/images/units/zoom/insp-0001-3986644-3983502-1002.jpg, http://images.manheim.co.uk/images/units/zoom/insp-0001-3986644-3983502-1003.jpg, http://images.manheim.co.uk/images/units/zoom/insp-0001-3986644-3983502-1004.jpg, http://images.manheim.co.uk/images/units/zoom/insp-0001-3986644-3983502-1005.jpg, http://images.manheim.co.uk/images/units/zoom/insp-0001-3986644-3983502-1006.jpg, http://images.manheim.co.uk/images/units/zoom/insp-0001-3986644-3983502-1007.jpg, http://images.manheim.co.uk/images/units/zoom/insp-0001-3986644-3983502-1008.jpg, http://images.manheim.co.uk/images/units/zoom/insp-0001-3986644-3983502-1009.jpg, http://images.manheim.co.uk/images/units/zoom/insp-0001-3986644-3983502-1010.jpg, http://images.manheim.co.uk/images/units/zoom/insp-0001-3986644-3983502-1011.jpg, http://images.manheim.co.uk/images/units/zoom/insp-0001-3986644-3983502-1012.jpg, http://images.manheim.co.uk/images/units/zoom/insp-0001-3986644-3983502-1013.jpg, http://images.manheim.co.uk/images/units/zoom/insp-0001-3986644-3983502-1014.jpg, http://images.manheim.co.uk/images/units/zoom/insp-0001-3986644-3983502-1015.jpg, http://images.manheim.co.uk/images/units/zoom/insp-0001-3986644-3983502-1016.jpg, http://images.manheim.co.uk/images/units/zoom/insp-0001-3986644-3983502-1017.jpg, http://images.manheim.co.uk/images/units/zoom/insp-0001-3986644-3983502-1018.jpg",http://ecr.manheim.co.uk/pdf/MOL-0003986644-01967565-004.pdf,3,3,06/03/2021,2354,"06/05/2025, 09/10/2023, 06/03/2021","43107, 39895, 2354","SPECIALIST VEHICLE, CHERTSEY SERVICES, GUY SALMON","Book, Print, Print",,Oct-26,LAND ROVER,DEFENDER,2.0 D240 First Edition 110 5dr Auto,0,18/12/2025, 
LC21VZH,"BMW
1 SERIES
118i [136] M Sport 5dr Step Auto",SIMULCAST AND PHYSICAL - ...,Semi-Automatic,Petrol,1.5,5.0,£17400,£16200,£19550,4,HatchbackGRADE 4CP GREENSC SilverView Report,CP GREEN,2021,Jul 2021,26139,BLACK,BLACK,Metallic,BLACK,LEATHER,5,1,With Manheim,Margin,No,No,No,Paragon Motor Finance,Manchester,"Air Conditioning, Auto Climate Control, Automatic Lights, Automatic Wipers, Bluetooth, Cruise Control, DAB, Dual Zone Climate, Front Parking Sensors, Full Leather Trim, Heated Seats, Media Connectivity, Privacy Glass, Rear Parking Sensors, Reversing camera, Sat Nav Functioning, Traction Control, CO2: 134",,"£15,050",https://www.manheim.co.uk/nama,"http://images.manheim.co.uk/images/units/zoom/9224b951-f0dc-490f-a17e-27f45555c63c_ext_7.jpg, http://images.manheim.co.uk/images/units/zoom/9224b951-f0dc-490f-a17e-27f45555c63c_ext_6.jpg, http://images.manheim.co.uk/images/units/zoom/9224b951-f0dc-490f-a17e-27f45555c63c_ext_1.jpg, http://images.manheim.co.uk/images/units/zoom/9224b951-f0dc-490f-a17e-27f45555c63c_5.jpg, http://images.manheim.co.uk/images/units/zoom/9224b951-f0dc-490f-a17e-27f45555c63c_4.jpg, http://images.manheim.co.uk/images/units/zoom/9224b951-f0dc-490f-a17e-27f45555c63c_11.jpg, http://images.manheim.co.uk/images/units/zoom/9224b951-f0dc-490f-a17e-27f45555c63c_10.jpg, http://images.manheim.co.uk/images/units/zoom/9224b951-f0dc-490f-a17e-27f45555c63c_9.jpg, http://images.manheim.co.uk/images/units/zoom/9224b951-f0dc-490f-a17e-27f45555c63c_ext_2.jpg, http://images.manheim.co.uk/images/units/zoom/9224b951-f0dc-490f-a17e-27f45555c63c_ext_5.jpg, http://images.manheim.co.uk/images/units/zoom/9224b951-f0dc-490f-a17e-27f45555c63c_ext_3.jpg, http://images.manheim.co.uk/images/units/zoom/9224b951-f0dc-490f-a17e-27f45555c63c_ext_4.jpg, http://images.manheim.co.uk/images/units/zoom/insp-0001-4007777-4003402-13.jpg, http://images.manheim.co.uk/images/units/zoom/insp-0001-4007777-4003402-1000.jpg, http://images.manheim.co.uk/images/units/zoom/insp-0001-4007777-4003402-1001.jpg, http://images.manheim.co.uk/images/units/zoom/insp-0001-4007777-4003402-1002.jpg, http://images.manheim.co.uk/images/units/zoom/insp-0001-4007777-4003402-1003.jpg, http://images.manheim.co.uk/images/units/zoom/insp-0001-4007777-4003402-1004.jpg, http://images.manheim.co.uk/images/units/zoom/insp-0001-4007777-4003402-1005.jpg, http://images.manheim.co.uk/images/units/zoom/insp-0001-4007777-4003402-1006.jpg, http://images.manheim.co.uk/images/units/zoom/insp-0001-4007777-4003402-1007.jpg, http://images.manheim.co.uk/images/units/zoom/insp-0001-4007777-4003402-1008.jpg, http://images.manheim.co.uk/images/units/zoom/insp-0001-4007777-4003402-1009.jpg, http://images.manheim.co.uk/images/units/zoom/insp-0001-4007777-4003402-1010.jpg, http://images.manheim.co.uk/images/units/zoom/insp-0001-4007777-4003402-1011.jpg, http://images.manheim.co.uk/images/units/zoom/insp-0001-4007777-4003402-1012.jpg, http://images.manheim.co.uk/images/units/zoom/insp-0001-4007777-4003402-1013.jpg, http://images.manheim.co.uk/images/units/zoom/insp-0001-4007777-4003402-1014.jpg, http://images.manheim.co.uk/images/units/zoom/insp-0001-4007777-4003402-1015.jpg, http://images.manheim.co.uk/images/units/zoom/insp-0001-4007777-4003402-1016.jpg, http://images.manheim.co.uk/images/units/zoom/insp-0001-4007777-4003402-1017.jpg, http://images.manheim.co.uk/images/units/zoom/insp-0001-4007777-4003402-1018.jpg, http://images.manheim.co.uk/images/units/zoom/insp-0001-4007777-4003402-1019.jpg, http://images.manheim.co.uk/images/units/zoom/insp-0001-4007777-4003402-1020.jpg, http://images.manheim.co.uk/images/units/zoom/insp-0001-4007777-4003402-1021.jpg, http://images.manheim.co.uk/images/units/zoom/insp-0001-4007777-4003402-1022.jpg, http://images.manheim.co.uk/images/units/zoom/insp-0001-4007777-4003402-1023.jpg, http://images.manheim.co.uk/images/units/zoom/insp-0001-4007777-4003402-1024.jpg, http://images.manheim.co.uk/images/units/zoom/insp-0001-4007777-4003402-1025.jpg, http://images.manheim.co.uk/images/units/zoom/insp-0001-4007777-4003402-1026.jpg, http://images.manheim.co.uk/images/units/zoom/insp-0001-4007777-4003402-1027.jpg, http://images.manheim.co.uk/images/units/zoom/insp-0001-4007777-4003402-1028.jpg, http://images.manheim.co.uk/images/units/zoom/insp-0001-4007777-4003402-1029.jpg, http://images.manheim.co.uk/images/units/zoom/insp-0001-4007777-4003402-1030.jpg, http://images.manheim.co.uk/images/units/zoom/insp-0001-4007777-4003402-1031.jpg, http://images.manheim.co.uk/images/units/zoom/insp-0001-4007777-4003402-1032.jpg, http://images.manheim.co.uk/images/units/zoom/insp-0001-4007777-4003402-1033.jpg, http://images.manheim.co.uk/images/units/zoom/insp-0001-4007777-4003402-1034.jpg, http://images.manheim.co.uk/images/units/zoom/insp-0001-4007777-4003402-1035.jpg",http://ecr.manheim.co.uk/pdf/MOL-0004007777-01989881-005.pdf,2,3,07/10/2022,8618,"30/04/2025, 05/07/2024, 07/10/2022","22224, 17052, 8618","IDRIVE, IDRIVE, IDRIVE","Digital, Digital, Digital",,Aug-26,BMW,1 SERIES,118i [136] M Sport 5dr Step Auto,0,18/12/2025, 
LC60LEO,"LAND ROVER
DISCOVERY
3.0 SDV6 HSE Luxury 5dr Auto",SIMULCAST AND PHYSICAL - ...,Semi-Automatic,Diesel,3.0,5.0,£22100,£20700,£25000,3,EstateGRADE 3CP GREENSC SilverView Report,CP GREEN,2018,Sep 2018,77059,BLACK,BLACK,Metallic,BLACK,LEATHER,7,2,With Manheim,Margin,No,No,No,Santander Consumer,Manchester,"7 Seats, Air Conditioning, Auto Climate Control, Automatic Lights, Automatic Wipers, Bluetooth, Cruise Control, DAB, Dual Zone Climate, Electric Sun Roof, Front Parking Sensors, Full Leather Trim, Heated Front Screen, Heated Seats, Media Connectivity, Panoramic Roof, Privacy Glass, Rear Parking Sensors, Rear Seat Entertainment, Reversing camera, Sat Nav Functioning, Traction Control, CO2: 202",,"£22,100",https://www.manheim.co.uk/nama,"http://images.manheim.co.uk/images/units/zoom/eb6e82a2-1d45-4569-99f5-66c394e90d91_ext_7.jpg, http://images.manheim.co.uk/images/units/zoom/eb6e82a2-1d45-4569-99f5-66c394e90d91_ext_6.jpg, http://images.manheim.co.uk/images/units/zoom/eb6e82a2-1d45-4569-99f5-66c394e90d91_ext_1.jpg, http://images.manheim.co.uk/images/units/zoom/eb6e82a2-1d45-4569-99f5-66c394e90d91_5.jpg, http://images.manheim.co.uk/images/units/zoom/eb6e82a2-1d45-4569-99f5-66c394e90d91_4.jpg, http://images.manheim.co.uk/images/units/zoom/eb6e82a2-1d45-4569-99f5-66c394e90d91_11.jpg, http://images.manheim.co.uk/images/units/zoom/eb6e82a2-1d45-4569-99f5-66c394e90d91_10.jpg, http://images.manheim.co.uk/images/units/zoom/eb6e82a2-1d45-4569-99f5-66c394e90d91_9.jpg, http://images.manheim.co.uk/images/units/zoom/eb6e82a2-1d45-4569-99f5-66c394e90d91_ext_2.jpg, http://images.manheim.co.uk/images/units/zoom/eb6e82a2-1d45-4569-99f5-66c394e90d91_ext_5.jpg, http://images.manheim.co.uk/images/units/zoom/eb6e82a2-1d45-4569-99f5-66c394e90d91_ext_3.jpg, http://images.manheim.co.uk/images/units/zoom/eb6e82a2-1d45-4569-99f5-66c394e90d91_ext_4.jpg, http://images.manheim.co.uk/images/units/zoom/insp-0001-4005924-4005008-13.jpg, http://images.manheim.co.uk/images/units/zoom/insp-0001-4005924-4005008-1000.jpg, http://images.manheim.co.uk/images/units/zoom/insp-0001-4005924-4005008-1001.jpg, http://images.manheim.co.uk/images/units/zoom/insp-0001-4005924-4005008-1002.jpg, http://images.manheim.co.uk/images/units/zoom/insp-0001-4005924-4005008-1003.jpg, http://images.manheim.co.uk/images/units/zoom/insp-0001-4005924-4005008-1004.jpg, http://images.manheim.co.uk/images/units/zoom/insp-0001-4005924-4005008-1005.jpg, http://images.manheim.co.uk/images/units/zoom/insp-0001-4005924-4005008-1006.jpg, http://images.manheim.co.uk/images/units/zoom/insp-0001-4005924-4005008-1007.jpg, http://images.manheim.co.uk/images/units/zoom/insp-0001-4005924-4005008-1008.jpg, http://images.manheim.co.uk/images/units/zoom/insp-0001-4005924-4005008-1009.jpg, http://images.manheim.co.uk/images/units/zoom/insp-0001-4005924-4005008-1010.jpg, http://images.manheim.co.uk/images/units/zoom/insp-0001-4005924-4005008-1011.jpg, http://images.manheim.co.uk/images/units/zoom/insp-0001-4005924-4005008-1012.jpg, http://images.manheim.co.uk/images/units/zoom/insp-0001-4005924-4005008-1013.jpg, http://images.manheim.co.uk/images/units/zoom/insp-0001-4005924-4005008-1014.jpg, http://images.manheim.co.uk/images/units/zoom/insp-0001-4005924-4005008-1015.jpg, http://images.manheim.co.uk/images/units/zoom/insp-0001-4005924-4005008-1016.jpg, http://images.manheim.co.uk/images/units/zoom/insp-0001-4005924-4005008-1017.jpg, http://images.manheim.co.uk/images/units/zoom/insp-0001-4005924-4005008-1018.jpg, http://images.manheim.co.uk/images/units/zoom/insp-0001-4005924-4005008-1019.jpg, http://images.manheim.co.uk/images/units/zoom/insp-0001-4005924-4005008-1020.jpg, http://images.manheim.co.uk/images/units/zoom/insp-0001-4005924-4005008-1021.jpg, http://images.manheim.co.uk/images/units/zoom/insp-0001-4005924-4005008-1022.jpg, http://images.manheim.co.uk/images/units/zoom/insp-0001-4005924-4005008-1023.jpg, http://images.manheim.co.uk/images/units/zoom/insp-0001-4005924-4005008-1024.jpg, http://images.manheim.co.uk/images/units/zoom/insp-0001-4005924-4005008-1025.jpg, http://images.manheim.co.uk/images/units/zoom/insp-0001-4005924-4005008-1026.jpg, http://images.manheim.co.uk/images/units/zoom/insp-0001-4005924-4005008-1027.jpg, http://images.manheim.co.uk/images/units/zoom/insp-0001-4005924-4005008-1028.jpg, http://images.manheim.co.uk/images/units/zoom/insp-0001-4005924-4005008-1029.jpg, http://images.manheim.co.uk/images/units/zoom/insp-0001-4005924-4005008-1030.jpg, http://images.manheim.co.uk/images/units/zoom/insp-0001-4005924-4005008-1031.jpg, http://images.manheim.co.uk/images/units/zoom/insp-0001-4005924-4005008-1032.jpg, http://images.manheim.co.uk/images/units/zoom/insp-0001-4005924-4005008-1033.jpg, http://images.manheim.co.uk/images/units/zoom/insp-0001-4005924-4005008-1034.jpg",http://ecr.manheim.co.uk/pdf/MOL-0004005924-01988302-002.pdf,2,1,07/01/2020,10773,07/01/2020,10773,GUY SALMON,Print,,Sep-26,LAND ROVER,DISCOVERY,3.0 SDV6 HSE Luxury 5dr Auto,0,18/12/2025, 
LC72YMK,"CITROEN
C3
1.2 PureTech Sense 5dr",Lane 1 - Arval / Novuna /...,Manual,Petrol,1.2,5.0,£8600,£7575,£10600,3,HatchbackGRADE 3CP GREENSC GoldView Report,CP GREEN,2022,Oct 2022,11451,BLUE,BLUE,Solid,BLACK,CLOTH,5,2,With Manheim,Qualifying,No,No,No,Leasys,Leeds,"Air Conditioning, Bluetooth, Cruise Control, DAB, Media Connectivity, Traction Control, CO2: 123",,"£8,000",https://www.manheim.co.uk/nama,"http://images.manheim.co.uk/images/units/zoom/c211ee1b-7844-4b22-ac1b-c01e48524f6f_ext_7.jpg, http://images.manheim.co.uk/images/units/zoom/c211ee1b-7844-4b22-ac1b-c01e48524f6f_ext_6.jpg, http://images.manheim.co.uk/images/units/zoom/c211ee1b-7844-4b22-ac1b-c01e48524f6f_ext_1.jpg, http://images.manheim.co.uk/images/units/zoom/c211ee1b-7844-4b22-ac1b-c01e48524f6f_5.jpg, http://images.manheim.co.uk/images/units/zoom/c211ee1b-7844-4b22-ac1b-c01e48524f6f_4.jpg, http://images.manheim.co.uk/images/units/zoom/c211ee1b-7844-4b22-ac1b-c01e48524f6f_11.jpg, http://images.manheim.co.uk/images/units/zoom/c211ee1b-7844-4b22-ac1b-c01e48524f6f_10.jpg, http://images.manheim.co.uk/images/units/zoom/c211ee1b-7844-4b22-ac1b-c01e48524f6f_9.jpg, http://images.manheim.co.uk/images/units/zoom/c211ee1b-7844-4b22-ac1b-c01e48524f6f_ext_2.jpg, http://images.manheim.co.uk/images/units/zoom/c211ee1b-7844-4b22-ac1b-c01e48524f6f_ext_5.jpg, http://images.manheim.co.uk/images/units/zoom/c211ee1b-7844-4b22-ac1b-c01e48524f6f_ext_3.jpg, http://images.manheim.co.uk/images/units/zoom/c211ee1b-7844-4b22-ac1b-c01e48524f6f_ext_4.jpg, http://images.manheim.co.uk/images/units/zoom/insp-0001-3951190-3995258-13.jpg, http://images.manheim.co.uk/images/units/zoom/insp-0001-3951190-3995258-1000.jpg, http://images.manheim.co.uk/images/units/zoom/insp-0001-3951190-3995258-1001.jpg, http://images.manheim.co.uk/images/units/zoom/insp-0001-3951190-3995258-1002.jpg, http://images.manheim.co.uk/images/units/zoom/insp-0001-3951190-3995258-1003.jpg, http://images.manheim.co.uk/images/units/zoom/insp-0001-3951190-3995258-1004.jpg, http://images.manheim.co.uk/images/units/zoom/insp-0001-3951190-3995258-1005.jpg, http://images.manheim.co.uk/images/units/zoom/insp-0001-3951190-3995258-1006.jpg, http://images.manheim.co.uk/images/units/zoom/insp-0001-3951190-3995258-1007.jpg, http://images.manheim.co.uk/images/units/zoom/insp-0001-3951190-3995258-1008.jpg, http://images.manheim.co.uk/images/units/zoom/insp-0001-3951190-3995258-1009.jpg, http://images.manheim.co.uk/images/units/zoom/insp-0001-3951190-3995258-1010.jpg, http://images.manheim.co.uk/images/units/zoom/insp-0001-3951190-3995258-1011.jpg, http://images.manheim.co.uk/images/units/zoom/insp-0001-3951190-3995258-1012.jpg, http://images.manheim.co.uk/images/units/zoom/insp-0001-3951190-3995258-1013.jpg, http://images.manheim.co.uk/images/units/zoom/insp-0001-3951190-3995258-1014.jpg, http://images.manheim.co.uk/images/units/zoom/insp-0001-3951190-3995258-1015.jpg, http://images.manheim.co.uk/images/units/zoom/insp-0001-3951190-3995258-1016.jpg, http://images.manheim.co.uk/images/units/zoom/insp-0001-3951190-3995258-1017.jpg, http://images.manheim.co.uk/images/units/zoom/insp-0001-3951190-3995258-1018.jpg",http://ecr.manheim.co.uk/pdf/MOL-0003951190-01977213-004.pdf,1,5,10/01/2023,2117,"15/09/2025, 17/01/2025, 17/04/2024, 17/11/2023, 10/01/2023","11447, 9876, 6623, 4861, 2117","ACTIVATE ACCIDENT REPAIR, ACTIVATE ACCIDENT REPAIR, ACTIVATE ACCIDENT REPAIR, ACTIVATE ACCIDENT REPAIR, ACTIVATE ACCIDENT REPAIR","Book, Book, Book, Book, Book",,Oct-26,CITROEN,C3,1.2 PureTech Sense 5dr,0,05/01/2026, 
LC72YMP,"CITROEN
C3
1.2 PureTech Sense 5dr",Lane 1 - Arval / Novuna /...,Manual,Petrol,1.2,5.0,£8175,£7150,£10200,4,HatchbackGRADE 4CP GREENSC GoldView Report,CP GREEN,2022,Oct 2022,20502,GREY,GREY,Metallic,GREY,CLOTH,5,2,With Manheim,Qualifying,No,No,No,Leasys,Leeds,"Air Conditioning, Auto Climate Control, Automatic Lights, Automatic Wipers, Aux In, Bluetooth, DAB, Ipod Connectivity, Media Connectivity, Reversing camera, Traction Control, CO2: 123",,"£7,900",https://www.manheim.co.uk/nama,"http://images.manheim.co.uk/images/units/zoom/836afd99-c098-455d-899f-874db560bd19_ext_7.jpg, http://images.manheim.co.uk/images/units/zoom/836afd99-c098-455d-899f-874db560bd19_ext_6.jpg, http://images.manheim.co.uk/images/units/zoom/836afd99-c098-455d-899f-874db560bd19_ext_1.jpg, http://images.manheim.co.uk/images/units/zoom/836afd99-c098-455d-899f-874db560bd19_5.jpg, http://images.manheim.co.uk/images/units/zoom/836afd99-c098-455d-899f-874db560bd19_4.jpg, http://images.manheim.co.uk/images/units/zoom/836afd99-c098-455d-899f-874db560bd19_11.jpg, http://images.manheim.co.uk/images/units/zoom/836afd99-c098-455d-899f-874db560bd19_10.jpg, http://images.manheim.co.uk/images/units/zoom/836afd99-c098-455d-899f-874db560bd19_9.jpg, http://images.manheim.co.uk/images/units/zoom/836afd99-c098-455d-899f-874db560bd19_ext_2.jpg, http://images.manheim.co.uk/images/units/zoom/836afd99-c098-455d-899f-874db560bd19_ext_5.jpg, http://images.manheim.co.uk/images/units/zoom/836afd99-c098-455d-899f-874db560bd19_ext_3.jpg, http://images.manheim.co.uk/images/units/zoom/836afd99-c098-455d-899f-874db560bd19_ext_4.jpg, http://images.manheim.co.uk/images/units/zoom/insp-0001-3951191-3990321-13.jpg, http://images.manheim.co.uk/images/units/zoom/insp-0001-3951191-3990321-1000.jpg, http://images.manheim.co.uk/images/units/zoom/insp-0001-3951191-3990321-1001.jpg, http://images.manheim.co.uk/images/units/zoom/insp-0001-3951191-3990321-1002.jpg, http://images.manheim.co.uk/images/units/zoom/insp-0001-3951191-3990321-1003.jpg, http://images.manheim.co.uk/images/units/zoom/insp-0001-3951191-3990321-1004.jpg, http://images.manheim.co.uk/images/units/zoom/insp-0001-3951191-3990321-1005.jpg, http://images.manheim.co.uk/images/units/zoom/insp-0001-3951191-3990321-1006.jpg, http://images.manheim.co.uk/images/units/zoom/insp-0001-3951191-3990321-1007.jpg, http://images.manheim.co.uk/images/units/zoom/insp-0001-3951191-3990321-1008.jpg",http://ecr.manheim.co.uk/pdf/MOL-0003951191-01977608-002.pdf,1,1,23/10/2025,PASSED,23/10/2025,PASSED,20453,30/10/2026,,Oct-26,CITROEN,C3,1.2 PureTech Sense 5dr,0,05/01/2026, 
LC72YMW,"CITROEN
C3
1.2 PureTech Sense 5dr",Lane 1 - Arval / Novuna /...,Manual,Petrol,1.2,5.0,£8400,£7375,£10400,3,HatchbackGRADE 3CP GREENSC GoldView Report,CP GREEN,2022,Oct 2022,15991,GREY,GREY,Solid,GREY,CLOTH,5,2,With Manheim,Qualifying,No,No,No,Leasys,Leeds,"Air Conditioning, Automatic Lights, Automatic Wipers, Aux In, Bluetooth, DAB, Ipod Connectivity, Media Connectivity, Traction Control, CO2: 123",,"£8,000",https://www.manheim.co.uk/nama,"http://images.manheim.co.uk/images/units/zoom/85c3f9ac-c368-455f-a7e9-404fd4856d71_ext_7.jpg, http://images.manheim.co.uk/images/units/zoom/85c3f9ac-c368-455f-a7e9-404fd4856d71_ext_6.jpg, http://images.manheim.co.uk/images/units/zoom/85c3f9ac-c368-455f-a7e9-404fd4856d71_ext_1.jpg, http://images.manheim.co.uk/images/units/zoom/85c3f9ac-c368-455f-a7e9-404fd4856d71_5.jpg, http://images.manheim.co.uk/images/units/zoom/85c3f9ac-c368-455f-a7e9-404fd4856d71_4.jpg, http://images.manheim.co.uk/images/units/zoom/85c3f9ac-c368-455f-a7e9-404fd4856d71_11.jpg, http://images.manheim.co.uk/images/units/zoom/85c3f9ac-c368-455f-a7e9-404fd4856d71_10.jpg, http://images.manheim.co.uk/images/units/zoom/85c3f9ac-c368-455f-a7e9-404fd4856d71_9.jpg, http://images.manheim.co.uk/images/units/zoom/85c3f9ac-c368-455f-a7e9-404fd4856d71_ext_2.jpg, http://images.manheim.co.uk/images/units/zoom/85c3f9ac-c368-455f-a7e9-404fd4856d71_ext_5.jpg, http://images.manheim.co.uk/images/units/zoom/85c3f9ac-c368-455f-a7e9-404fd4856d71_ext_3.jpg, http://images.manheim.co.uk/images/units/zoom/85c3f9ac-c368-455f-a7e9-404fd4856d71_ext_4.jpg, http://images.manheim.co.uk/images/units/zoom/insp-0001-3951194-3990042-13.jpg, http://images.manheim.co.uk/images/units/zoom/insp-0001-3951194-3990042-1000.jpg, http://images.manheim.co.uk/images/units/zoom/insp-0001-3951194-3990042-1001.jpg, http://images.manheim.co.uk/images/units/zoom/insp-0001-3951194-3990042-1002.jpg, http://images.manheim.co.uk/images/units/zoom/insp-0001-3951194-3990042-1003.jpg, http://images.manheim.co.uk/images/units/zoom/insp-0001-3951194-3990042-1004.jpg, http://images.manheim.co.uk/images/units/zoom/insp-0001-3951194-3990042-1005.jpg, http://images.manheim.co.uk/images/units/zoom/insp-0001-3951194-3990042-1006.jpg, http://images.manheim.co.uk/images/units/zoom/insp-0001-3951194-3990042-1007.jpg, http://images.manheim.co.uk/images/units/zoom/insp-0001-3951194-3990042-1008.jpg, http://images.manheim.co.uk/images/units/zoom/insp-0001-3951194-3990042-1009.jpg, http://images.manheim.co.uk/images/units/zoom/insp-0001-3951194-3990042-1010.jpg, http://images.manheim.co.uk/images/units/zoom/insp-0001-3951194-3990042-1011.jpg, http://images.manheim.co.uk/images/units/zoom/insp-0001-3951194-3990042-1012.jpg, http://images.manheim.co.uk/images/units/zoom/insp-0001-3951194-3990042-1013.jpg, http://images.manheim.co.uk/images/units/zoom/insp-0001-3951194-3990042-1014.jpg, http://images.manheim.co.uk/images/units/zoom/insp-0001-3951194-3990042-1015.jpg, http://images.manheim.co.uk/images/units/zoom/insp-0001-3951194-3990042-1016.jpg",http://ecr.manheim.co.uk/pdf/MOL-0003951194-01977321-004.pdf,1,4,17/08/2023,4112,"09/10/2025, 10/11/2024, 13/05/2024, 17/08/2023","15987, 11308, 8322, 4112","ACTIVATE ACCIDENT REPAIR, ACTIVATE ACCIDENT REPAIR, ACTIVATE ACCIDENT REPAIR, ACTIVATE ACCIDENT REPAIR","Book, Book, Book, Book",,Oct-26,CITROEN,C3,1.2 PureTech Sense 5dr,0,05/01/2026, 
LC72YMY,"CITROEN
C3
1.2 PureTech Sense 5dr",Lane 1 - Arval / Novuna /...,Manual,Petrol,1.2,5.0,£8325,£7300,£10350,1,HatchbackGRADE 1SC GoldView Report,SC Gold,2022,Oct 2022,18069,GREY,GREY,Solid,GREY,CLOTH,5,2,With Manheim,Qualifying,No,No,No,Leasys,Leeds,"Cruise Control, Bluetooth, Air Conditioning, CO2: 123",,"£8,300",https://www.manheim.co.uk/nama,"http://images.manheim.co.uk/images/units/zoom/bd5c6f6b-f1bf-4a04-8db0-22661d87c56f_ext_7.jpg, http://images.manheim.co.uk/images/units/zoom/bd5c6f6b-f1bf-4a04-8db0-22661d87c56f_ext_6.jpg, http://images.manheim.co.uk/images/units/zoom/bd5c6f6b-f1bf-4a04-8db0-22661d87c56f_ext_1.jpg, http://images.manheim.co.uk/images/units/zoom/bd5c6f6b-f1bf-4a04-8db0-22661d87c56f_5.jpg, http://images.manheim.co.uk/images/units/zoom/bd5c6f6b-f1bf-4a04-8db0-22661d87c56f_4.jpg, http://images.manheim.co.uk/images/units/zoom/bd5c6f6b-f1bf-4a04-8db0-22661d87c56f_11.jpg, http://images.manheim.co.uk/images/units/zoom/bd5c6f6b-f1bf-4a04-8db0-22661d87c56f_10.jpg, http://images.manheim.co.uk/images/units/zoom/bd5c6f6b-f1bf-4a04-8db0-22661d87c56f_9.jpg, http://images.manheim.co.uk/images/units/zoom/bd5c6f6b-f1bf-4a04-8db0-22661d87c56f_ext_2.jpg, http://images.manheim.co.uk/images/units/zoom/bd5c6f6b-f1bf-4a04-8db0-22661d87c56f_ext_5.jpg, http://images.manheim.co.uk/images/units/zoom/bd5c6f6b-f1bf-4a04-8db0-22661d87c56f_ext_3.jpg, http://images.manheim.co.uk/images/units/zoom/bd5c6f6b-f1bf-4a04-8db0-22661d87c56f_ext_4.jpg, http://images.manheim.co.uk/images/units/zoom/insp-0001-3951196-3989917-13.jpg, http://images.manheim.co.uk/images/units/zoom/insp-0001-3951196-3989917-1000.jpg, http://images.manheim.co.uk/images/units/zoom/insp-0001-3951196-3989917-1001.jpg",http://ecr.manheim.co.uk/pdf/MOL-0003951196-01979891-003.pdf,1,3,01/04/2023,4992,"15/09/2025, 10/11/2024, 01/04/2023","18064, 12497, 4992","ACTIVATE ACCIDENT REPAIR, ACTIVATE ACCIDENT REPAIR, ACTIVATE ACCIDENT REPAIR","Book, Book, Book",,Oct-26,CITROEN,C3,1.2 PureTech Sense 5dr,0,05/01/2026, 
LC72YNE,"CITROEN
C3
1.2 PureTech Sense 5dr",Lane 1 - Arval / Novuna /...,Manual,Petrol,1.2,5.0,£8350,£7325,£10350,3,HatchbackGRADE 3CP GREENSC GoldView Report,CP GREEN,2022,Oct 2022,16504,GREY,GREY,Metallic,BLACK,CLOTH,5,2,With Manheim,Qualifying,No,No,No,Leasys,Leeds,"Air Conditioning, Bluetooth, Cruise Control, DAB, CO2: 123",,"£8,000",https://www.manheim.co.uk/nama,"http://images.manheim.co.uk/images/units/zoom/a041d5c5-fdac-45a7-8542-ac4502beed50_ext_7.jpg, http://images.manheim.co.uk/images/units/zoom/a041d5c5-fdac-45a7-8542-ac4502beed50_ext_6.jpg, http://images.manheim.co.uk/images/units/zoom/a041d5c5-fdac-45a7-8542-ac4502beed50_ext_1.jpg, http://images.manheim.co.uk/images/units/zoom/a041d5c5-fdac-45a7-8542-ac4502beed50_5.jpg, http://images.manheim.co.uk/images/units/zoom/a041d5c5-fdac-45a7-8542-ac4502beed50_4.jpg, http://images.manheim.co.uk/images/units/zoom/a041d5c5-fdac-45a7-8542-ac4502beed50_11.jpg, http://images.manheim.co.uk/images/units/zoom/a041d5c5-fdac-45a7-8542-ac4502beed50_10.jpg, http://images.manheim.co.uk/images/units/zoom/a041d5c5-fdac-45a7-8542-ac4502beed50_9.jpg, http://images.manheim.co.uk/images/units/zoom/a041d5c5-fdac-45a7-8542-ac4502beed50_ext_2.jpg, http://images.manheim.co.uk/images/units/zoom/a041d5c5-fdac-45a7-8542-ac4502beed50_ext_5.jpg, http://images.manheim.co.uk/images/units/zoom/a041d5c5-fdac-45a7-8542-ac4502beed50_ext_3.jpg, http://images.manheim.co.uk/images/units/zoom/a041d5c5-fdac-45a7-8542-ac4502beed50_ext_4.jpg, http://images.manheim.co.uk/images/units/zoom/insp-0001-3951198-3989959-13.jpg, http://images.manheim.co.uk/images/units/zoom/insp-0001-3951198-3989959-1000.jpg, http://images.manheim.co.uk/images/units/zoom/insp-0001-3951198-3989959-1001.jpg, http://images.manheim.co.uk/images/units/zoom/insp-0001-3951198-3989959-1002.jpg, http://images.manheim.co.uk/images/units/zoom/insp-0001-3951198-3989959-1003.jpg, http://images.manheim.co.uk/images/units/zoom/insp-0001-3951198-3989959-1004.jpg, http://images.manheim.co.uk/images/units/zoom/insp-0001-3951198-3989959-1005.jpg, http://images.manheim.co.uk/images/units/zoom/insp-0001-3951198-3989959-1006.jpg, http://images.manheim.co.uk/images/units/zoom/insp-0001-3951198-3989959-1007.jpg, http://images.manheim.co.uk/images/units/zoom/insp-0001-3951198-3989959-1008.jpg, http://images.manheim.co.uk/images/units/zoom/insp-0001-3951198-3989959-1009.jpg",http://ecr.manheim.co.uk/pdf/MOL-0003951198-01977254-003.pdf,1,3,16/10/2023,4622,"09/10/2025, 04/02/2025, 16/10/2023","16500, 13606, 4622","ACTIVATE ACCIDENT REPAIR, ACTIVATE ACCIDENT REPAIR, ACTIVATE ACCIDENT REPAIR","Book, Book, Book",,Oct-26,CITROEN,C3,1.2 PureTech Sense 5dr,0,05/01/2026, 
LC72YNJ,"CITROEN
C3
1.2 PureTech Sense 5dr",Lane 1 - Arval / Novuna /...,Manual,Petrol,1.2,5.0,£8175,£7150,£10200,3,HatchbackGRADE 3CP GREENSC GoldView Report,CP GREEN,2022,Oct 2022,21168,GREY,GREY,Solid,GREY,CLOTH,5,2,With Manheim,Qualifying,No,No,No,Leasys,Leeds,"Air Conditioning, Automatic Lights, Automatic Wipers, Aux In, Bluetooth, DAB, Ipod Connectivity, Media Connectivity, Rear Parking Sensors, Reversing camera, Traction Control, CO2: 123",,"£8,000",https://www.manheim.co.uk/nama,"http://images.manheim.co.uk/images/units/zoom/f324c4a3-4e72-4f3a-9207-485f04bcb5ca_ext_7.jpg, http://images.manheim.co.uk/images/units/zoom/f324c4a3-4e72-4f3a-9207-485f04bcb5ca_ext_6.jpg, http://images.manheim.co.uk/images/units/zoom/f324c4a3-4e72-4f3a-9207-485f04bcb5ca_ext_1.jpg, http://images.manheim.co.uk/images/units/zoom/f324c4a3-4e72-4f3a-9207-485f04bcb5ca_5.jpg, http://images.manheim.co.uk/images/units/zoom/f324c4a3-4e72-4f3a-9207-485f04bcb5ca_4.jpg, http://images.manheim.co.uk/images/units/zoom/f324c4a3-4e72-4f3a-9207-485f04bcb5ca_11.jpg, http://images.manheim.co.uk/images/units/zoom/f324c4a3-4e72-4f3a-9207-485f04bcb5ca_10.jpg, http://images.manheim.co.uk/images/units/zoom/f324c4a3-4e72-4f3a-9207-485f04bcb5ca_9.jpg, http://images.manheim.co.uk/images/units/zoom/f324c4a3-4e72-4f3a-9207-485f04bcb5ca_ext_2.jpg, http://images.manheim.co.uk/images/units/zoom/f324c4a3-4e72-4f3a-9207-485f04bcb5ca_ext_5.jpg, http://images.manheim.co.uk/images/units/zoom/f324c4a3-4e72-4f3a-9207-485f04bcb5ca_ext_3.jpg, http://images.manheim.co.uk/images/units/zoom/f324c4a3-4e72-4f3a-9207-485f04bcb5ca_ext_4.jpg, http://images.manheim.co.uk/images/units/zoom/insp-0001-3951201-3995126-13.jpg, http://images.manheim.co.uk/images/units/zoom/insp-0001-3951201-3995126-1000.jpg, http://images.manheim.co.uk/images/units/zoom/insp-0001-3951201-3995126-1001.jpg, http://images.manheim.co.uk/images/units/zoom/insp-0001-3951201-3995126-1002.jpg, http://images.manheim.co.uk/images/units/zoom/insp-0001-3951201-3995126-1003.jpg, http://images.manheim.co.uk/images/units/zoom/insp-0001-3951201-3995126-1004.jpg, http://images.manheim.co.uk/images/units/zoom/insp-0001-3951201-3995126-1005.jpg, http://images.manheim.co.uk/images/units/zoom/insp-0001-3951201-3995126-1006.jpg, http://images.manheim.co.uk/images/units/zoom/insp-0001-3951201-3995126-1007.jpg, http://images.manheim.co.uk/images/units/zoom/insp-0001-3951201-3995126-1008.jpg",http://ecr.manheim.co.uk/pdf/MOL-0003951201-01977184-004.pdf,1,4,14/02/2023,3717,"16/10/2025, 07/11/2024, 23/01/2024, 14/02/2023","21164, 11871, 9502, 3717","ACTIVATE ACCIDENT REPAIR, ACTIVATE ACCIDENT REPAIR, ACTIVATE ACCIDENT REPAIR, ACTIVATE ACCIDENT REPAIR","Book, Book, Book, Book",,Oct-26,CITROEN,C3,1.2 PureTech Sense 5dr,0,05/01/2026, 
LC72YNL,"CITROEN
C3
1.2 PureTech Sense 5dr",Lane 1 - Arval / Novuna /...,Manual,Petrol,1.2,5.0,£8475,£7450,£10500,1,HatchbackGRADE 1CP GREENSC GoldView Report,CP GREEN,2022,Oct 2022,13876,GREY,GREY,Solid,BLACK,CLOTH,5,2,With Manheim,Qualifying,No,No,No,Leasys,Leeds,"Air Conditioning, Bluetooth, DAB, CO2: 123",,"£8,300",https://www.manheim.co.uk/nama,"http://images.manheim.co.uk/images/units/zoom/3e790a00-90af-40af-b30a-d5140fba5acb_ext_7.jpg, http://images.manheim.co.uk/images/units/zoom/3e790a00-90af-40af-b30a-d5140fba5acb_ext_6.jpg, http://images.manheim.co.uk/images/units/zoom/3e790a00-90af-40af-b30a-d5140fba5acb_ext_1.jpg, http://images.manheim.co.uk/images/units/zoom/3e790a00-90af-40af-b30a-d5140fba5acb_5.jpg, http://images.manheim.co.uk/images/units/zoom/3e790a00-90af-40af-b30a-d5140fba5acb_4.jpg, http://images.manheim.co.uk/images/units/zoom/3e790a00-90af-40af-b30a-d5140fba5acb_11.jpg, http://images.manheim.co.uk/images/units/zoom/3e790a00-90af-40af-b30a-d5140fba5acb_10.jpg, http://images.manheim.co.uk/images/units/zoom/3e790a00-90af-40af-b30a-d5140fba5acb_9.jpg, http://images.manheim.co.uk/images/units/zoom/3e790a00-90af-40af-b30a-d5140fba5acb_ext_2.jpg, http://images.manheim.co.uk/images/units/zoom/3e790a00-90af-40af-b30a-d5140fba5acb_ext_5.jpg, http://images.manheim.co.uk/images/units/zoom/3e790a00-90af-40af-b30a-d5140fba5acb_ext_3.jpg, http://images.manheim.co.uk/images/units/zoom/3e790a00-90af-40af-b30a-d5140fba5acb_ext_4.jpg, http://images.manheim.co.uk/images/units/zoom/insp-0001-3951200-3990193-13.jpg, http://images.manheim.co.uk/images/units/zoom/insp-0001-3951200-3990193-1000.jpg, http://images.manheim.co.uk/images/units/zoom/insp-0001-3951200-3990193-1001.jpg, http://images.manheim.co.uk/images/units/zoom/insp-0001-3951200-3990193-1002.jpg, http://images.manheim.co.uk/images/units/zoom/insp-0001-3951200-3990193-1003.jpg, http://images.manheim.co.uk/images/units/zoom/insp-0001-3951200-3990193-1004.jpg, http://images.manheim.co.uk/images/units/zoom/insp-0001-3951200-3990193-1005.jpg, http://images.manheim.co.uk/images/units/zoom/insp-0001-3951200-3990193-1006.jpg, http://images.manheim.co.uk/images/units/zoom/insp-0001-3951200-3990193-1007.jpg, http://images.manheim.co.uk/images/units/zoom/insp-0001-3951200-3990193-1008.jpg",http://ecr.manheim.co.uk/pdf/MOL-0003951200-01977350-002.pdf,1,3,14/02/2023,3819,"16/10/2025, 07/11/2024, 14/02/2023","13870, 9176, 3819","Activate Accident Repair, Activate Accident Repair, Activate Accident Repair","Book, Book, Book",,Oct-26,CITROEN,C3,1.2 PureTech Sense 5dr,0,05/01/2026, 
LC73ZKO,"CITROEN
C3
1.2 PureTech C-Series Edition 5dr",Lane 1 - Arval / Novuna /...,Manual,Petrol,1.2,5.0,£9750,£8725,£11750,1,HatchbackGRADE 1CP GREENSC GoldView Report,CP GREEN,2023,Oct 2023,14240,GREY,GREY,Metallic,GREY,CLOTH,5,2,With Manheim,Qualifying,No,No,No,Leasys,Leeds,"Rear Parking Sensors, Reversing camera, Traction Control, Air Conditioning, Automatic Lights, Automatic Wipers, Aux In, Bluetooth, Cruise Control, Ipod Connectivity, Media Connectivity, CO2: 124",,"£9,600",https://www.manheim.co.uk/nama,"http://images.manheim.co.uk/images/units/zoom/d2ceddac-956a-4f65-a87b-3e0423bd60d7_ext_7.jpg, http://images.manheim.co.uk/images/units/zoom/d2ceddac-956a-4f65-a87b-3e0423bd60d7_ext_6.jpg, http://images.manheim.co.uk/images/units/zoom/d2ceddac-956a-4f65-a87b-3e0423bd60d7_ext_1.jpg, http://images.manheim.co.uk/images/units/zoom/d2ceddac-956a-4f65-a87b-3e0423bd60d7_5.jpg, http://images.manheim.co.uk/images/units/zoom/d2ceddac-956a-4f65-a87b-3e0423bd60d7_4.jpg, http://images.manheim.co.uk/images/units/zoom/d2ceddac-956a-4f65-a87b-3e0423bd60d7_11.jpg, http://images.manheim.co.uk/images/units/zoom/d2ceddac-956a-4f65-a87b-3e0423bd60d7_10.jpg, http://images.manheim.co.uk/images/units/zoom/d2ceddac-956a-4f65-a87b-3e0423bd60d7_9.jpg, http://images.manheim.co.uk/images/units/zoom/d2ceddac-956a-4f65-a87b-3e0423bd60d7_ext_2.jpg, http://images.manheim.co.uk/images/units/zoom/d2ceddac-956a-4f65-a87b-3e0423bd60d7_ext_5.jpg, http://images.manheim.co.uk/images/units/zoom/d2ceddac-956a-4f65-a87b-3e0423bd60d7_ext_3.jpg, http://images.manheim.co.uk/images/units/zoom/d2ceddac-956a-4f65-a87b-3e0423bd60d7_ext_4.jpg, http://images.manheim.co.uk/images/units/zoom/insp-0001-3943434-3995187-13.jpg, http://images.manheim.co.uk/images/units/zoom/insp-0001-3943434-3995187-1000.jpg, http://images.manheim.co.uk/images/units/zoom/insp-0001-3943434-3995187-1001.jpg",http://ecr.manheim.co.uk/pdf/MOL-0003943434-01966003-002.pdf,1,1,08/11/2024,6405,08/11/2024,6405,SHERWOODS,Print,,,CITROEN,C3,1.2 PureTech C-Series Edition 5dr,0,05/01/2026, 
LL73EWA,"PEUGEOT
2008
1.2 PureTech 130 GT 5dr EAT8",Lane 1 - Arval / Novuna /...,Automatic,Petrol,1.2,5.0,£15850,£14550,£18250,1,HatchbackGRADE 1CP GREENSC GoldView Report,CP GREEN,2023,Nov 2023,21449,BLACK,BLACK,Metallic,BLACK,Part Leather,5,2,With Manheim,Qualifying,No,No,No,Leasys,Leeds,"Air Conditioning, Auto Climate Control, Automatic Lights, Automatic Wipers, Bluetooth, Cruise Control, DAB, Front Parking Sensors, Ipod Connectivity, Media Connectivity, Part Leather, Rear Parking Sensors, Reversing camera, Sat Nav Functioning, Traction Control, CO2: 133",,"£15,700",https://www.manheim.co.uk/nama,"http://images.manheim.co.uk/images/units/zoom/6114333a-69a0-44c4-818c-d1c67adf7291_ext_7.jpg, http://images.manheim.co.uk/images/units/zoom/6114333a-69a0-44c4-818c-d1c67adf7291_ext_6.jpg, http://images.manheim.co.uk/images/units/zoom/6114333a-69a0-44c4-818c-d1c67adf7291_ext_1.jpg, http://images.manheim.co.uk/images/units/zoom/6114333a-69a0-44c4-818c-d1c67adf7291_5.jpg, http://images.manheim.co.uk/images/units/zoom/6114333a-69a0-44c4-818c-d1c67adf7291_4.jpg, http://images.manheim.co.uk/images/units/zoom/6114333a-69a0-44c4-818c-d1c67adf7291_11.jpg, http://images.manheim.co.uk/images/units/zoom/6114333a-69a0-44c4-818c-d1c67adf7291_10.jpg, http://images.manheim.co.uk/images/units/zoom/6114333a-69a0-44c4-818c-d1c67adf7291_9.jpg, http://images.manheim.co.uk/images/units/zoom/6114333a-69a0-44c4-818c-d1c67adf7291_ext_2.jpg, http://images.manheim.co.uk/images/units/zoom/6114333a-69a0-44c4-818c-d1c67adf7291_ext_5.jpg, http://images.manheim.co.uk/images/units/zoom/6114333a-69a0-44c4-818c-d1c67adf7291_ext_3.jpg, http://images.manheim.co.uk/images/units/zoom/6114333a-69a0-44c4-818c-d1c67adf7291_ext_4.jpg, http://images.manheim.co.uk/images/units/zoom/insp-0001-3949908-3989873-13.jpg, http://images.manheim.co.uk/images/units/zoom/insp-0001-3949908-3989873-1000.jpg, http://images.manheim.co.uk/images/units/zoom/insp-0001-3949908-3989873-1001.jpg, http://images.manheim.co.uk/images/units/zoom/insp-0001-3949908-3989873-1002.jpg",http://ecr.manheim.co.uk/pdf/MOL-0003949908-01977386-003.pdf,1,1,12/11/2024,10262,12/11/2024,10262,STONEACRE,Book,,,PEUGEOT,2008,1.2 PureTech 130 GT 5dr EAT8,0,05/01/2026, 
LO18KLA,"MINI
HATCHBACK
2.0 Cooper S II 5dr Auto",Lane 2 - Available Car / ...,Automatic,Petrol,2.0,5.0,£10050,£9000,£11995,2,HatchbackGRADE 2CP GREENSC SilverView Report,CP GREEN,2018,Jun 2018,73675,BLACK,BLACK,Solid,BLACK,,5,1,With Manheim,Margin,No,No,No,Lloyd Motor Group,Leeds,"Air Conditioning, Bluetooth, Cruise Control, DAB, Sat Nav Functioning, Traction Control, CO2: 123","Midnight Black, Navigation Plus Package, John Cooper Works Kit, 17 Track Spoke Alloy Wheels, LED Headlights, Cruise Control.","£9,500",https://www.manheim.co.uk/nama,"http://images.manheim.co.uk/images/units/zoom/f8f73917-e613-4db5-8158-db66bdc6db1e_ext_7.jpg, http://images.manheim.co.uk/images/units/zoom/f8f73917-e613-4db5-8158-db66bdc6db1e_ext_6.jpg, http://images.manheim.co.uk/images/units/zoom/f8f73917-e613-4db5-8158-db66bdc6db1e_ext_1.jpg, http://images.manheim.co.uk/images/units/zoom/f8f73917-e613-4db5-8158-db66bdc6db1e_5.jpg, http://images.manheim.co.uk/images/units/zoom/f8f73917-e613-4db5-8158-db66bdc6db1e_4.jpg, http://images.manheim.co.uk/images/units/zoom/f8f73917-e613-4db5-8158-db66bdc6db1e_11.jpg, http://images.manheim.co.uk/images/units/zoom/f8f73917-e613-4db5-8158-db66bdc6db1e_10.jpg, http://images.manheim.co.uk/images/units/zoom/f8f73917-e613-4db5-8158-db66bdc6db1e_9.jpg, http://images.manheim.co.uk/images/units/zoom/f8f73917-e613-4db5-8158-db66bdc6db1e_ext_2.jpg, http://images.manheim.co.uk/images/units/zoom/f8f73917-e613-4db5-8158-db66bdc6db1e_ext_5.jpg, http://images.manheim.co.uk/images/units/zoom/f8f73917-e613-4db5-8158-db66bdc6db1e_ext_3.jpg, http://images.manheim.co.uk/images/units/zoom/f8f73917-e613-4db5-8158-db66bdc6db1e_ext_4.jpg, http://images.manheim.co.uk/images/units/zoom/insp-0001-4010877-4017061-13.jpg, http://images.manheim.co.uk/images/units/zoom/insp-0001-4010877-4017061-1000.jpg, http://images.manheim.co.uk/images/units/zoom/insp-0001-4010877-4017061-1001.jpg, http://images.manheim.co.uk/images/units/zoom/insp-0001-4010877-4017061-1002.jpg, http://images.manheim.co.uk/images/units/zoom/insp-0001-4010877-4017061-1003.jpg, http://images.manheim.co.uk/images/units/zoom/insp-0001-4010877-4017061-1004.jpg, http://images.manheim.co.uk/images/units/zoom/insp-0001-4010877-4017061-1005.jpg, http://images.manheim.co.uk/images/units/zoom/insp-0001-4010877-4017061-1006.jpg, http://images.manheim.co.uk/images/units/zoom/insp-0001-4010877-4017061-1007.jpg, http://images.manheim.co.uk/images/units/zoom/insp-0001-4010877-4017061-1008.jpg, http://images.manheim.co.uk/images/units/zoom/insp-0001-4010877-4017061-1009.jpg, http://images.manheim.co.uk/images/units/zoom/insp-0001-4010877-4017061-1010.jpg",http://ecr.manheim.co.uk/pdf/MOL-0004010877-01993027-003.pdf,2,1,02/09/2025,71136,02/09/2025,71136,Lloyd Carlisle,Print,,Jun-26,MINI,HATCHBACK,2.0 Cooper S II 5dr Auto,0,05/01/2026, 
LO21YBZ,"JAGUAR
XE
2.0 P250 S 4dr Auto",SIMULCAST AND PHYSICAL - ...,Semi-Automatic,Petrol,2.0,4.0,£16350,£15150,£19095,4,SaloonGRADE 4CP GREENSC SilverView Report,CP GREEN,2021,Mar 2021,32355,RED,RED,Metallic,BLACK,LEATHER,5,1,With Manheim,Margin,No,No,No,LSH Auto Group,Manchester,"Air Conditioning, Auto Climate Control, Automatic Lights, Automatic Wipers, Bluetooth, DAB, Dual Zone Climate, Front Parking Sensors, Full Leather Trim, Heated Seats, Media Connectivity, Rear Parking Sensors, Reversing camera, Sat Nav Functioning, Traction Control, CO2: 179",,"£15,700",https://www.manheim.co.uk/nama,"http://images.manheim.co.uk/images/units/zoom/4c90b542-e57a-4aa3-8ee4-c34108d46213_ext_7.jpg, http://images.manheim.co.uk/images/units/zoom/4c90b542-e57a-4aa3-8ee4-c34108d46213_ext_6.jpg, http://images.manheim.co.uk/images/units/zoom/4c90b542-e57a-4aa3-8ee4-c34108d46213_ext_1.jpg, http://images.manheim.co.uk/images/units/zoom/4c90b542-e57a-4aa3-8ee4-c34108d46213_5.jpg, http://images.manheim.co.uk/images/units/zoom/4c90b542-e57a-4aa3-8ee4-c34108d46213_4.jpg, http://images.manheim.co.uk/images/units/zoom/4c90b542-e57a-4aa3-8ee4-c34108d46213_11.jpg, http://images.manheim.co.uk/images/units/zoom/4c90b542-e57a-4aa3-8ee4-c34108d46213_10.jpg, http://images.manheim.co.uk/images/units/zoom/4c90b542-e57a-4aa3-8ee4-c34108d46213_9.jpg, http://images.manheim.co.uk/images/units/zoom/4c90b542-e57a-4aa3-8ee4-c34108d46213_ext_2.jpg, http://images.manheim.co.uk/images/units/zoom/4c90b542-e57a-4aa3-8ee4-c34108d46213_ext_5.jpg, http://images.manheim.co.uk/images/units/zoom/4c90b542-e57a-4aa3-8ee4-c34108d46213_ext_3.jpg, http://images.manheim.co.uk/images/units/zoom/4c90b542-e57a-4aa3-8ee4-c34108d46213_ext_4.jpg, http://images.manheim.co.uk/images/units/zoom/insp-0001-3988006-4011834-13.jpg, http://images.manheim.co.uk/images/units/zoom/insp-0001-3988006-4011834-1000.jpg, http://images.manheim.co.uk/images/units/zoom/insp-0001-3988006-4011834-1001.jpg, http://images.manheim.co.uk/images/units/zoom/insp-0001-3988006-4011834-1002.jpg, http://images.manheim.co.uk/images/units/zoom/insp-0001-3988006-4011834-1003.jpg, http://images.manheim.co.uk/images/units/zoom/insp-0001-3988006-4011834-1004.jpg, http://images.manheim.co.uk/images/units/zoom/insp-0001-3988006-4011834-1005.jpg, http://images.manheim.co.uk/images/units/zoom/insp-0001-3988006-4011834-1006.jpg, http://images.manheim.co.uk/images/units/zoom/insp-0001-3988006-4011834-1007.jpg, http://images.manheim.co.uk/images/units/zoom/insp-0001-3988006-4011834-1008.jpg, http://images.manheim.co.uk/images/units/zoom/insp-0001-3988006-4011834-1009.jpg, http://images.manheim.co.uk/images/units/zoom/insp-0001-3988006-4011834-1010.jpg, http://images.manheim.co.uk/images/units/zoom/insp-0001-3988006-4011834-1011.jpg, http://images.manheim.co.uk/images/units/zoom/insp-0001-3988006-4011834-1012.jpg",http://ecr.manheim.co.uk/pdf/MOL-0003988006-01993440-004.pdf,2,3,09/02/2023,13708,"25/02/2025, 05/03/2024, 09/02/2023","28382, 21452, 13708","HEALD GREEN GARAGE, HEALD GREEN GARAGE, HEALD GREEN GARAGE","Print, Print, Print",,Mar-26,JAGUAR,XE,2.0 P250 S 4dr Auto,0,18/12/2025, 
LS24RZN,"PEUGEOT
2008
1.2 PureTech 130 Allure 5dr",Lane 1 - Arval / Novuna /...,Manual,Petrol,1.2,5.0,£15150,£13800,£17550,3,HatchbackGRADE 3CP GREENSC GoldView Report,CP GREEN,2024,Apr 2024,17758,BLACK,BLACK,Solid,BLACK,,5,2,With Manheim,Qualifying,No,No,No,Leasys,Leeds,"DAB, Cruise Control, Air Conditioning, 6 Speed, CO2: 129",,"£15,000",https://www.manheim.co.uk/nama,"http://images.manheim.co.uk/images/units/zoom/0a89455a-bcb7-4a29-900a-694ccd833b97_ext_7.jpg, http://images.manheim.co.uk/images/units/zoom/0a89455a-bcb7-4a29-900a-694ccd833b97_ext_6.jpg, http://images.manheim.co.uk/images/units/zoom/0a89455a-bcb7-4a29-900a-694ccd833b97_ext_1.jpg, http://images.manheim.co.uk/images/units/zoom/0a89455a-bcb7-4a29-900a-694ccd833b97_5.jpg, http://images.manheim.co.uk/images/units/zoom/0a89455a-bcb7-4a29-900a-694ccd833b97_4.jpg, http://images.manheim.co.uk/images/units/zoom/0a89455a-bcb7-4a29-900a-694ccd833b97_11.jpg, http://images.manheim.co.uk/images/units/zoom/0a89455a-bcb7-4a29-900a-694ccd833b97_10.jpg, http://images.manheim.co.uk/images/units/zoom/0a89455a-bcb7-4a29-900a-694ccd833b97_9.jpg, http://images.manheim.co.uk/images/units/zoom/0a89455a-bcb7-4a29-900a-694ccd833b97_ext_2.jpg, http://images.manheim.co.uk/images/units/zoom/0a89455a-bcb7-4a29-900a-694ccd833b97_ext_5.jpg, http://images.manheim.co.uk/images/units/zoom/0a89455a-bcb7-4a29-900a-694ccd833b97_ext_3.jpg, http://images.manheim.co.uk/images/units/zoom/0a89455a-bcb7-4a29-900a-694ccd833b97_ext_4.jpg, http://images.manheim.co.uk/images/units/zoom/insp-0001-3942169-3994953-13.jpg, http://images.manheim.co.uk/images/units/zoom/insp-0001-3942169-3994953-1000.jpg, http://images.manheim.co.uk/images/units/zoom/insp-0001-3942169-3994953-1001.jpg, http://images.manheim.co.uk/images/units/zoom/insp-0001-3942169-3994953-1002.jpg, http://images.manheim.co.uk/images/units/zoom/insp-0001-3942169-3994953-1003.jpg, http://images.manheim.co.uk/images/units/zoom/insp-0001-3942169-3994953-1004.jpg, http://images.manheim.co.uk/images/units/zoom/insp-0001-3942169-3994953-1005.jpg, http://images.manheim.co.uk/images/units/zoom/insp-0001-3942169-3994953-1006.jpg",http://ecr.manheim.co.uk/pdf/MOL-0003942169-01972842-002.pdf,1,1,28/07/2025,14735,28/07/2025,14735,AUTO LUXE,Book,,,PEUGEOT,2008,1.2 PureTech 130 Allure 5dr,0,05/01/2026, 
MD73VXC,"BMW
X1
xDrive 25e xLine 5dr Step Auto",SIMULCAST AND PHYSICAL - ...,Automatic,Petrol PHEV,1.5,5.0,£26900,£25600,£30750,2,EstateGRADE 2CP GREENSC SilverView Report,CP GREEN,2023,Dec 2023,22894,GREEN,GREEN,Metallic,BEIGE,LEATHER,5,2,With Manheim,Margin,No,No,No,LSH Auto Group,Manchester,"Air Conditioning, Auto Climate Control, Automatic Lights, Automatic Wipers, Bluetooth, DAB, Dual Zone Climate, Front Parking Sensors, Full Leather Trim, Heated Seats, Media Connectivity, Rear Parking Sensors, Reversing camera, Sat Nav Functioning, CO2: 17",V5 PHOTOCOPY ONLY - NO FIRST PAGE,"£25,600",https://www.manheim.co.uk/nama,"http://images.manheim.co.uk/images/units/zoom/ad7481bb-4b98-4dd2-b057-1f97fb434162_ext_7.jpg, http://images.manheim.co.uk/images/units/zoom/ad7481bb-4b98-4dd2-b057-1f97fb434162_ext_6.jpg, http://images.manheim.co.uk/images/units/zoom/ad7481bb-4b98-4dd2-b057-1f97fb434162_ext_1.jpg, http://images.manheim.co.uk/images/units/zoom/ad7481bb-4b98-4dd2-b057-1f97fb434162_5.jpg, http://images.manheim.co.uk/images/units/zoom/ad7481bb-4b98-4dd2-b057-1f97fb434162_4.jpg, http://images.manheim.co.uk/images/units/zoom/ad7481bb-4b98-4dd2-b057-1f97fb434162_11.jpg, http://images.manheim.co.uk/images/units/zoom/ad7481bb-4b98-4dd2-b057-1f97fb434162_10.jpg, http://images.manheim.co.uk/images/units/zoom/ad7481bb-4b98-4dd2-b057-1f97fb434162_9.jpg, http://images.manheim.co.uk/images/units/zoom/ad7481bb-4b98-4dd2-b057-1f97fb434162_ext_2.jpg, http://images.manheim.co.uk/images/units/zoom/ad7481bb-4b98-4dd2-b057-1f97fb434162_ext_5.jpg, http://images.manheim.co.uk/images/units/zoom/ad7481bb-4b98-4dd2-b057-1f97fb434162_ext_3.jpg, http://images.manheim.co.uk/images/units/zoom/ad7481bb-4b98-4dd2-b057-1f97fb434162_ext_4.jpg, http://images.manheim.co.uk/images/units/zoom/insp-0001-3989960-3979649-13.jpg, http://images.manheim.co.uk/images/units/zoom/insp-0001-3989960-3979649-1000.jpg, http://images.manheim.co.uk/images/units/zoom/insp-0001-3989960-3979649-1001.jpg, http://images.manheim.co.uk/images/units/zoom/insp-0001-3989960-3979649-1002.jpg, http://images.manheim.co.uk/images/units/zoom/insp-0001-3989960-3979649-1003.jpg, http://images.manheim.co.uk/images/units/zoom/insp-0001-3989960-3979649-1004.jpg, http://images.manheim.co.uk/images/units/zoom/insp-0001-3989960-3979649-1005.jpg, http://images.manheim.co.uk/images/units/zoom/insp-0001-3989960-3979649-1006.jpg",http://ecr.manheim.co.uk/pdf/MOL-0003989960-01970720-007.pdf,1,0,,,,,,,,,BMW,X1,xDrive 25e xLine 5dr Step Auto,0,18/12/2025, 
MF20ZYT,"MINI
HATCHBACK
1.5 Cooper Classic II 5dr",Lane 2 - Stellantis & You...,Manual,Petrol,1.5,5.0,£6825,£5975,£8525,4,HatchbackGRADE 4CP GREENSC SilverView Report,CP GREEN,2020,Jun 2020,94052,WHITE,WHITE,Solid,BLACK,CLOTH,5,1,With Manheim,Margin,No,No,No,Lloyd Motor Group,Leeds,"6 Speed, Air Conditioning, Bluetooth, Cruise Control, CO2: 134","Tyre Repair Kit, Black Roof and Mirror Caps, Darkened Rear Glass, Front LED Foglights, LED Headlights","£4,250",https://www.manheim.co.uk/nama,"http://images.manheim.co.uk/images/units/zoom/fea5fb5d-ca06-49ec-bfc3-e4cb4fe2655c_ext_7.jpg, http://images.manheim.co.uk/images/units/zoom/fea5fb5d-ca06-49ec-bfc3-e4cb4fe2655c_ext_6.jpg, http://images.manheim.co.uk/images/units/zoom/fea5fb5d-ca06-49ec-bfc3-e4cb4fe2655c_ext_1.jpg, http://images.manheim.co.uk/images/units/zoom/fea5fb5d-ca06-49ec-bfc3-e4cb4fe2655c_5.jpg, http://images.manheim.co.uk/images/units/zoom/fea5fb5d-ca06-49ec-bfc3-e4cb4fe2655c_4.jpg, http://images.manheim.co.uk/images/units/zoom/fea5fb5d-ca06-49ec-bfc3-e4cb4fe2655c_11.jpg, http://images.manheim.co.uk/images/units/zoom/fea5fb5d-ca06-49ec-bfc3-e4cb4fe2655c_10.jpg, http://images.manheim.co.uk/images/units/zoom/fea5fb5d-ca06-49ec-bfc3-e4cb4fe2655c_9.jpg, http://images.manheim.co.uk/images/units/zoom/fea5fb5d-ca06-49ec-bfc3-e4cb4fe2655c_ext_2.jpg, http://images.manheim.co.uk/images/units/zoom/fea5fb5d-ca06-49ec-bfc3-e4cb4fe2655c_ext_5.jpg, http://images.manheim.co.uk/images/units/zoom/fea5fb5d-ca06-49ec-bfc3-e4cb4fe2655c_ext_3.jpg, http://images.manheim.co.uk/images/units/zoom/fea5fb5d-ca06-49ec-bfc3-e4cb4fe2655c_ext_4.jpg, http://images.manheim.co.uk/images/units/zoom/insp-0001-3992490-3988893-13.jpg, http://images.manheim.co.uk/images/units/zoom/insp-0001-3992490-3988893-1000.jpg, http://images.manheim.co.uk/images/units/zoom/insp-0001-3992490-3988893-1001.jpg, http://images.manheim.co.uk/images/units/zoom/insp-0001-3992490-3988893-1002.jpg, http://images.manheim.co.uk/images/units/zoom/insp-0001-3992490-3988893-1003.jpg, http://images.manheim.co.uk/images/units/zoom/insp-0001-3992490-3988893-1004.jpg, http://images.manheim.co.uk/images/units/zoom/insp-0001-3992490-3988893-1005.jpg, http://images.manheim.co.uk/images/units/zoom/insp-0001-3992490-3988893-1006.jpg",http://ecr.manheim.co.uk/pdf/MOL-0003992490-01973485-002.pdf,1,7,29/10/2021,18561,"05/11/2025, 10/01/2025, 29/01/2024, 01/06/2023, 20/12/2022, 01/02/2022, 29/10/2021","93678, 68635, 54077, 44829, 37037, 22418, 18561","LLOYD, HALFORDS, WILLIAMS BOLTON, WILLIAMS, WILLIAMS, WILLIAMS, WILLIAMS","Print, Print, Print, Print, Print, Print, Print",,Nov-26,MINI,HATCHBACK,1.5 Cooper Classic II 5dr,0,05/01/2026, 
MJ22DCX,"NISSAN
QASHQAI
1.3 DiG-T MH 158 Tekna+ 5dr 4WD Xtronic",Lane 2 - Available Car / ...,Automatic,Petrol/Hybrid,1.3,5.0,£18800,£17450,£21250,1,HatchbackGRADE 1CP GREENSC SilverView Report,CP GREEN,2022,Mar 2022,24956,GREY,GREY,Metallic,BLACK,LEATHER,5,2,With Manheim,Margin,No,No,No,Lloyd Motor Group,Leeds,"Air Conditioning, Auto Climate Control, Automatic Lights, Automatic Wipers, Bluetooth, Cruise Control, DAB, Dual Zone Climate, Front Parking Sensors, Full Leather Trim, Heated Seats, Media Connectivity, Panoramic Roof, Rear Parking Sensors, Reversing camera, Sat Nav Functioning, CO2: 157",Tekna+,"£18,200",https://www.manheim.co.uk/nama,"http://images.manheim.co.uk/images/units/zoom/eee0bf47-4f1a-4133-92b5-1dc5584d3b65_ext_7.jpg, http://images.manheim.co.uk/images/units/zoom/eee0bf47-4f1a-4133-92b5-1dc5584d3b65_ext_6.jpg, http://images.manheim.co.uk/images/units/zoom/eee0bf47-4f1a-4133-92b5-1dc5584d3b65_ext_1.jpg, http://images.manheim.co.uk/images/units/zoom/eee0bf47-4f1a-4133-92b5-1dc5584d3b65_5.jpg, http://images.manheim.co.uk/images/units/zoom/eee0bf47-4f1a-4133-92b5-1dc5584d3b65_4.jpg, http://images.manheim.co.uk/images/units/zoom/eee0bf47-4f1a-4133-92b5-1dc5584d3b65_11.jpg, http://images.manheim.co.uk/images/units/zoom/eee0bf47-4f1a-4133-92b5-1dc5584d3b65_10.jpg, http://images.manheim.co.uk/images/units/zoom/eee0bf47-4f1a-4133-92b5-1dc5584d3b65_9.jpg, http://images.manheim.co.uk/images/units/zoom/eee0bf47-4f1a-4133-92b5-1dc5584d3b65_ext_2.jpg, http://images.manheim.co.uk/images/units/zoom/eee0bf47-4f1a-4133-92b5-1dc5584d3b65_ext_5.jpg, http://images.manheim.co.uk/images/units/zoom/eee0bf47-4f1a-4133-92b5-1dc5584d3b65_ext_3.jpg, http://images.manheim.co.uk/images/units/zoom/eee0bf47-4f1a-4133-92b5-1dc5584d3b65_ext_4.jpg, http://images.manheim.co.uk/images/units/zoom/insp-0001-4001790-4009179-13.jpg, http://images.manheim.co.uk/images/units/zoom/insp-0001-4001790-4009179-1000.jpg, http://images.manheim.co.uk/images/units/zoom/insp-0001-4001790-4009179-1001.jpg, http://images.manheim.co.uk/images/units/zoom/insp-0001-4001790-4009179-1002.jpg, http://images.manheim.co.uk/images/units/zoom/insp-0001-4001790-4009179-1003.jpg",http://ecr.manheim.co.uk/pdf/MOL-0004001790-01983172-004.pdf,1,2,04/03/2023,5121,"07/03/2024, 04/03/2023","13832, 5121","WEST WAY NISSAN, WEST WAY NISSAN","Book, Book",,Mar-26,NISSAN,QASHQAI,1.3 DiG-T MH 158 Tekna+ 5dr 4WD Xtronic,0,05/01/2026, 
MJ22VZO,"AUDI
A1
25 TFSI S Line 5dr S Tronic",SIMULCAST AND PHYSICAL - ...,Semi-Automatic,Petrol,1.0,5.0,£16000,£14800,£17995,2,HatchbackGRADE 2CP GREENSC SilverView Report,CP GREEN,2022,Apr 2022,29151,GREY,GREY,Metallic,BLACK,Part Leather,5,2,With Manheim,Margin,No,No,No,LSH Auto Group,Manchester,"Air Conditioning, Automatic Lights, Automatic Wipers, Bluetooth, Cruise Control, DAB, Media Connectivity, Part Leather, Privacy Glass, Rear Parking Sensors, Traction Control, CO2: 137",,"£15,000",https://www.manheim.co.uk/nama,"http://images.manheim.co.uk/images/units/zoom/8af5f678-ead1-4e80-900b-96c6e850d626_ext_7.jpg, http://images.manheim.co.uk/images/units/zoom/8af5f678-ead1-4e80-900b-96c6e850d626_ext_6.jpg, http://images.manheim.co.uk/images/units/zoom/8af5f678-ead1-4e80-900b-96c6e850d626_ext_1.jpg, http://images.manheim.co.uk/images/units/zoom/8af5f678-ead1-4e80-900b-96c6e850d626_5.jpg, http://images.manheim.co.uk/images/units/zoom/8af5f678-ead1-4e80-900b-96c6e850d626_4.jpg, http://images.manheim.co.uk/images/units/zoom/8af5f678-ead1-4e80-900b-96c6e850d626_11.jpg, http://images.manheim.co.uk/images/units/zoom/8af5f678-ead1-4e80-900b-96c6e850d626_10.jpg, http://images.manheim.co.uk/images/units/zoom/8af5f678-ead1-4e80-900b-96c6e850d626_9.jpg, http://images.manheim.co.uk/images/units/zoom/8af5f678-ead1-4e80-900b-96c6e850d626_ext_2.jpg, http://images.manheim.co.uk/images/units/zoom/8af5f678-ead1-4e80-900b-96c6e850d626_ext_5.jpg, http://images.manheim.co.uk/images/units/zoom/8af5f678-ead1-4e80-900b-96c6e850d626_ext_3.jpg, http://images.manheim.co.uk/images/units/zoom/8af5f678-ead1-4e80-900b-96c6e850d626_ext_4.jpg, http://images.manheim.co.uk/images/units/zoom/insp-0001-4010326-4008769-13.jpg, http://images.manheim.co.uk/images/units/zoom/insp-0001-4010326-4008769-1000.jpg, http://images.manheim.co.uk/images/units/zoom/insp-0001-4010326-4008769-1001.jpg, http://images.manheim.co.uk/images/units/zoom/insp-0001-4010326-4008769-1002.jpg, http://images.manheim.co.uk/images/units/zoom/insp-0001-4010326-4008769-1003.jpg, http://images.manheim.co.uk/images/units/zoom/insp-0001-4010326-4008769-1004.jpg, http://images.manheim.co.uk/images/units/zoom/insp-0001-4010326-4008769-1005.jpg, http://images.manheim.co.uk/images/units/zoom/insp-0001-4010326-4008769-1006.jpg, http://images.manheim.co.uk/images/units/zoom/insp-0001-4010326-4008769-1007.jpg, http://images.manheim.co.uk/images/units/zoom/insp-0001-4010326-4008769-1008.jpg, http://images.manheim.co.uk/images/units/zoom/insp-0001-4010326-4008769-1009.jpg, http://images.manheim.co.uk/images/units/zoom/insp-0001-4010326-4008769-1010.jpg, http://images.manheim.co.uk/images/units/zoom/insp-0001-4010326-4008769-1011.jpg, http://images.manheim.co.uk/images/units/zoom/insp-0001-4010326-4008769-1012.jpg",http://ecr.manheim.co.uk/pdf/MOL-0004010326-01992449-004.pdf,1,3,14/04/2023,8861,"29/03/2025, 26/04/2024, 14/04/2023","24253, 16272, 8861","STOCKPORT AUDI, STOCKPORT AUDI, STOCKPORT AUDI","Print, Print, Print",,Apr-26,AUDI,A1,25 TFSI S Line 5dr S Tronic,0,18/12/2025, 
MJ71SXD,"PEUGEOT
2008
1.2 PureTech 130 GT 5dr",Lane 1 - Arval / Novuna /...,Manual,Petrol,1.2,5.0,£11650,£10500,£14095,4,HatchbackGRADE 4CP GREENSC GoldView Report,CP GREEN,2021,Nov 2021,37823,ORANGE,ORANGE,Metallic,BLACK,Part Leather,5,2,With Manheim,Qualifying,No,No,No,Leasys,Leeds,"6 Speed, Air Conditioning, Auto Climate Control, Automatic Wipers, Bluetooth, Cruise Control, DAB, Heated Seats, Part Leather, Privacy Glass, Rear Parking Sensors, Reversing camera, Sat Nav Functioning, CO2: 127",,"£10,500",https://www.manheim.co.uk/nama,"http://images.manheim.co.uk/images/units/zoom/09b2ccda-b5c7-415e-a313-82a90540b355_ext_7.jpg, http://images.manheim.co.uk/images/units/zoom/09b2ccda-b5c7-415e-a313-82a90540b355_ext_6.jpg, http://images.manheim.co.uk/images/units/zoom/09b2ccda-b5c7-415e-a313-82a90540b355_ext_1.jpg, http://images.manheim.co.uk/images/units/zoom/09b2ccda-b5c7-415e-a313-82a90540b355_5.jpg, http://images.manheim.co.uk/images/units/zoom/09b2ccda-b5c7-415e-a313-82a90540b355_4.jpg, http://images.manheim.co.uk/images/units/zoom/09b2ccda-b5c7-415e-a313-82a90540b355_11.jpg, http://images.manheim.co.uk/images/units/zoom/09b2ccda-b5c7-415e-a313-82a90540b355_10.jpg, http://images.manheim.co.uk/images/units/zoom/09b2ccda-b5c7-415e-a313-82a90540b355_9.jpg, http://images.manheim.co.uk/images/units/zoom/09b2ccda-b5c7-415e-a313-82a90540b355_ext_2.jpg, http://images.manheim.co.uk/images/units/zoom/09b2ccda-b5c7-415e-a313-82a90540b355_ext_5.jpg, http://images.manheim.co.uk/images/units/zoom/09b2ccda-b5c7-415e-a313-82a90540b355_ext_3.jpg, http://images.manheim.co.uk/images/units/zoom/09b2ccda-b5c7-415e-a313-82a90540b355_ext_4.jpg, http://images.manheim.co.uk/images/units/zoom/insp-0001-3368334-3991267-13.jpg, http://images.manheim.co.uk/images/units/zoom/insp-0001-3368334-3977971-15.jpg, http://images.manheim.co.uk/images/units/zoom/insp-0001-3368334-3977971-16.jpg, http://images.manheim.co.uk/images/units/zoom/insp-0001-3368334-3977971-28.jpg, http://images.manheim.co.uk/images/units/zoom/insp-0001-3368334-3977971-42.jpg, http://images.manheim.co.uk/images/units/zoom/insp-0001-3368334-3977971-43.jpg, http://images.manheim.co.uk/images/units/zoom/insp-0001-3368334-3977971-44.jpg, http://images.manheim.co.uk/images/units/zoom/insp-0001-3368334-3991267-1000.jpg, http://images.manheim.co.uk/images/units/zoom/insp-0001-3368334-3991267-1001.jpg, http://images.manheim.co.uk/images/units/zoom/insp-0001-3368334-3991267-1002.jpg, http://images.manheim.co.uk/images/units/zoom/insp-0001-3368334-3991267-1003.jpg, http://images.manheim.co.uk/images/units/zoom/insp-0001-3368334-3991267-1004.jpg, http://images.manheim.co.uk/images/units/zoom/insp-0001-3368334-3991267-1005.jpg, http://images.manheim.co.uk/images/units/zoom/insp-0001-3368334-3991267-1006.jpg, http://images.manheim.co.uk/images/units/zoom/insp-0001-3368334-3991267-1007.jpg, http://images.manheim.co.uk/images/units/zoom/insp-0001-3368334-3991267-1008.jpg, http://images.manheim.co.uk/images/units/zoom/insp-0001-3368334-3991267-1009.jpg, http://images.manheim.co.uk/images/units/zoom/insp-0001-3368334-3991267-1010.jpg, http://images.manheim.co.uk/images/units/zoom/insp-0001-3368334-3991267-1011.jpg, http://images.manheim.co.uk/images/units/zoom/insp-0001-3368334-3991267-1012.jpg, http://images.manheim.co.uk/images/units/zoom/insp-0001-3368334-3991267-1013.jpg, http://images.manheim.co.uk/images/units/zoom/insp-0001-3368334-3991267-1014.jpg, http://images.manheim.co.uk/images/units/zoom/insp-0001-3368334-3991267-1015.jpg, http://images.manheim.co.uk/images/units/zoom/insp-0001-3368334-3991267-1016.jpg, http://images.manheim.co.uk/images/units/zoom/insp-0001-3368334-3991267-1017.jpg, http://images.manheim.co.uk/images/units/zoom/insp-0001-3368334-3991267-1018.jpg",http://ecr.manheim.co.uk/pdf/MOL-0003368334-01974566-001.pdf,1,4,07/11/2022,10808,"03/10/2025, 28/10/2024, 25/10/2023, 07/11/2022","36708, 27114, 18698, 10808","SIMON BAILES, SIMON BAILES, SIMON BAILES, SHERWOODS GATESHEAD","Book, Book, Book, Book",,Nov-25,PEUGEOT,2008,1.2 PureTech 130 GT 5dr,0,05/01/2026, 
MK21YMR,"HYUNDAI
KONA
1.0 TGDi 48V MHEV N Line 5dr",SIMULCAST AND PHYSICAL - ...,Manual,Petrol/Hybrid,1.0,5.0,£10100,£8950,£12500,3,HatchbackGRADE 3CP GREENSC SilverView Report,CP GREEN,2021,Apr 2021,69908,BLUE,BLUE,Metallic,,CLOTH,5,2,With Manheim,Margin,No,No,No,LSH Auto Group,Manchester,"6 Speed, Air Conditioning, Auto Climate Control, Automatic Lights, Automatic Wipers, Bluetooth, Cruise Control, DAB, Media Connectivity, Privacy Glass, Rear Parking Sensors, Reversing camera, Sat Nav Functioning, Traction Control, CO2: 138",,"£9,500",https://www.manheim.co.uk/nama,"http://images.manheim.co.uk/images/units/zoom/9b8dd445-0b47-40b1-b57d-ce13aede3928_ext_7.jpg, http://images.manheim.co.uk/images/units/zoom/9b8dd445-0b47-40b1-b57d-ce13aede3928_ext_6.jpg, http://images.manheim.co.uk/images/units/zoom/9b8dd445-0b47-40b1-b57d-ce13aede3928_ext_1.jpg, http://images.manheim.co.uk/images/units/zoom/9b8dd445-0b47-40b1-b57d-ce13aede3928_5.jpg, http://images.manheim.co.uk/images/units/zoom/9b8dd445-0b47-40b1-b57d-ce13aede3928_4.jpg, http://images.manheim.co.uk/images/units/zoom/9b8dd445-0b47-40b1-b57d-ce13aede3928_11.jpg, http://images.manheim.co.uk/images/units/zoom/9b8dd445-0b47-40b1-b57d-ce13aede3928_10.jpg, http://images.manheim.co.uk/images/units/zoom/9b8dd445-0b47-40b1-b57d-ce13aede3928_9.jpg, http://images.manheim.co.uk/images/units/zoom/9b8dd445-0b47-40b1-b57d-ce13aede3928_ext_2.jpg, http://images.manheim.co.uk/images/units/zoom/9b8dd445-0b47-40b1-b57d-ce13aede3928_ext_5.jpg, http://images.manheim.co.uk/images/units/zoom/9b8dd445-0b47-40b1-b57d-ce13aede3928_ext_3.jpg, http://images.manheim.co.uk/images/units/zoom/9b8dd445-0b47-40b1-b57d-ce13aede3928_ext_4.jpg, http://images.manheim.co.uk/images/units/zoom/insp-0001-4002202-3999454-13.jpg, http://images.manheim.co.uk/images/units/zoom/insp-0001-4002202-3999454-1000.jpg, http://images.manheim.co.uk/images/units/zoom/insp-0001-4002202-3999454-1001.jpg, http://images.manheim.co.uk/images/units/zoom/insp-0001-4002202-3999454-1002.jpg, http://images.manheim.co.uk/images/units/zoom/insp-0001-4002202-3999454-1003.jpg, http://images.manheim.co.uk/images/units/zoom/insp-0001-4002202-3999454-1004.jpg, http://images.manheim.co.uk/images/units/zoom/insp-0001-4002202-3999454-1005.jpg, http://images.manheim.co.uk/images/units/zoom/insp-0001-4002202-3999454-1006.jpg, http://images.manheim.co.uk/images/units/zoom/insp-0001-4002202-3999454-1007.jpg, http://images.manheim.co.uk/images/units/zoom/insp-0001-4002202-3999454-1008.jpg, http://images.manheim.co.uk/images/units/zoom/insp-0001-4002202-3999454-1009.jpg, http://images.manheim.co.uk/images/units/zoom/insp-0001-4002202-3999454-1010.jpg, http://images.manheim.co.uk/images/units/zoom/insp-0001-4002202-3999454-1011.jpg, http://images.manheim.co.uk/images/units/zoom/insp-0001-4002202-3999454-1012.jpg, http://images.manheim.co.uk/images/units/zoom/insp-0001-4002202-3999454-1013.jpg",http://ecr.manheim.co.uk/pdf/MOL-0004002202-01983794-005.pdf,2,7,08/10/2021,13080,"12/05/2025, 19/04/2024, 05/12/2023, 05/04/2023, 23/11/2022, 16/06/2022, 08/10/2021","68269, 57680, 54722, 45477, 36870, 29510, 13080","ARNOLD CLARK, ARNOLD CLARK, D&M MOTORCARE, D&M MOTORCARE, D&M MOTORCARE, D&M MOTORCARE, D&M MOTORCARE","Book, Book, Book, Book, Book, Book, Book",,Aug-26,HYUNDAI,KONA,1.0 TGDi 48V MHEV N Line 5dr,0,18/12/2025, 
MK24ZFH,"PEUGEOT
408
1.2 PureTech GT 5dr EAT8",Lane 1 - Arval / Novuna /...,Automatic,Petrol,1.2,5.0,£18900,£17750,£21750,1,HatchbackGRADE 1CP GREENSC GoldView Report,CP GREEN,2024,Mar 2024,7686,RED,RED,Metallic,GREY,,5,2,With Manheim,Qualifying,No,No,No,Leasys,Leeds,"Air Conditioning, Auto Climate Control, Automatic Lights, Automatic Wipers, Aux In, Bluetooth, Cruise Control, DAB, Dual Zone Climate, Ipod Connectivity, Media Connectivity, Part Leather, Rear Parking Sensors, Reversing camera, Sat Nav Functioning, Traction Control, CO2: 136",,"£18,600",https://www.manheim.co.uk/nama,"http://images.manheim.co.uk/images/units/zoom/98d53796-bf90-4886-8a98-90c50df131cf_ext_7.jpg, http://images.manheim.co.uk/images/units/zoom/98d53796-bf90-4886-8a98-90c50df131cf_ext_6.jpg, http://images.manheim.co.uk/images/units/zoom/98d53796-bf90-4886-8a98-90c50df131cf_ext_1.jpg, http://images.manheim.co.uk/images/units/zoom/98d53796-bf90-4886-8a98-90c50df131cf_5.jpg, http://images.manheim.co.uk/images/units/zoom/98d53796-bf90-4886-8a98-90c50df131cf_4.jpg, http://images.manheim.co.uk/images/units/zoom/98d53796-bf90-4886-8a98-90c50df131cf_11.jpg, http://images.manheim.co.uk/images/units/zoom/98d53796-bf90-4886-8a98-90c50df131cf_10.jpg, http://images.manheim.co.uk/images/units/zoom/98d53796-bf90-4886-8a98-90c50df131cf_9.jpg, http://images.manheim.co.uk/images/units/zoom/98d53796-bf90-4886-8a98-90c50df131cf_ext_2.jpg, http://images.manheim.co.uk/images/units/zoom/98d53796-bf90-4886-8a98-90c50df131cf_ext_5.jpg, http://images.manheim.co.uk/images/units/zoom/98d53796-bf90-4886-8a98-90c50df131cf_ext_3.jpg, http://images.manheim.co.uk/images/units/zoom/98d53796-bf90-4886-8a98-90c50df131cf_ext_4.jpg, http://images.manheim.co.uk/images/units/zoom/insp-0001-3920845-3989545-13.jpg, http://images.manheim.co.uk/images/units/zoom/insp-0001-3920845-3989545-1000.jpg, http://images.manheim.co.uk/images/units/zoom/insp-0001-3920845-3989545-1001.jpg, http://images.manheim.co.uk/images/units/zoom/insp-0001-3920845-3989545-1002.jpg, http://images.manheim.co.uk/images/units/zoom/insp-0001-3920845-3989545-1003.jpg, http://images.manheim.co.uk/images/units/zoom/insp-0001-3920845-3989545-1004.jpg, http://images.manheim.co.uk/images/units/zoom/insp-0001-3920845-3989545-1005.jpg, http://images.manheim.co.uk/images/units/zoom/insp-0001-3920845-3989545-1006.jpg, http://images.manheim.co.uk/images/units/zoom/insp-0001-3920845-3989545-1007.jpg",http://ecr.manheim.co.uk/pdf/MOL-0003920845-01974706-002.pdf,1,0,,,,,,,,,PEUGEOT,408,1.2 PureTech GT 5dr EAT8,0,05/01/2026, 
MK64YRD,"FORD
FOCUS
1.6 TDCi 115 Titanium Navigator 5dr","Available Car, Pulman Gro...",Manual,Diesel,1.6,5.0,£2125,£1750,£3500,5,HatchbackGRADE 5SC SilverView Report,SC Silver,2014,Sep 2014,102591,GREY,GREY,Metallic,BLACK,CLOTH,5,1,With Manheim,Margin,No,No,No,S G Petch,Washington,"6 Speed, Air Conditioning, Auto Climate Control, Automatic Lights, Aux In, Bluetooth, Cruise Control, DAB, Dual Zone Climate, Front Parking Sensors, Heated Front Screen, Media Connectivity, Park Assist, Radio CD, Rear Parking Sensors, Traction Control, Sat Nav Functioning, CO2: 109",,"£1,900",https://www.manheim.co.uk/nama,"http://images.manheim.co.uk/images/units/zoom/3992622-9999999-318113930-004.jpg, http://images.manheim.co.uk/images/units/zoom/3992622-9999999-318113930-008.jpg, http://images.manheim.co.uk/images/units/zoom/3992622-9999999-318113930-001.jpg, http://images.manheim.co.uk/images/units/zoom/3992622-9999999-318113930-002.jpg, http://images.manheim.co.uk/images/units/zoom/3992622-9999999-318113930-003.jpg, http://images.manheim.co.uk/images/units/zoom/3992622-9999999-318113930-005.jpg, http://images.manheim.co.uk/images/units/zoom/3992622-9999999-318113930-006.jpg, http://images.manheim.co.uk/images/units/zoom/3992622-9999999-318113930-007.jpg, http://images.manheim.co.uk/images/units/zoom/3992622-9999999-318113930-009.jpg, http://images.manheim.co.uk/images/units/zoom/3992622-9999999-318113930-010.jpg, http://images.manheim.co.uk/images/units/zoom/3992622-9999999-318113930-011.jpg, http://images.manheim.co.uk/images/units/zoom/3992622-9999999-318113930-012.jpg, http://images.manheim.co.uk/images/units/zoom/insp-0001-3992622-3985177-13.jpg, http://images.manheim.co.uk/images/units/zoom/insp-0001-3992622-3985177-1000.jpg, http://images.manheim.co.uk/images/units/zoom/insp-0001-3992622-3985177-1001.jpg, http://images.manheim.co.uk/images/units/zoom/insp-0001-3992622-3985177-1002.jpg, http://images.manheim.co.uk/images/units/zoom/insp-0001-3992622-3985177-1003.jpg, http://images.manheim.co.uk/images/units/zoom/insp-0001-3992622-3985177-1004.jpg, http://images.manheim.co.uk/images/units/zoom/insp-0001-3992622-3985177-1005.jpg, http://images.manheim.co.uk/images/units/zoom/insp-0001-3992622-3985177-1006.jpg, http://images.manheim.co.uk/images/units/zoom/insp-0001-3992622-3985177-1007.jpg, http://images.manheim.co.uk/images/units/zoom/insp-0001-3992622-3985177-1008.jpg, http://images.manheim.co.uk/images/units/zoom/insp-0001-3992622-3985177-1009.jpg, http://images.manheim.co.uk/images/units/zoom/insp-0001-3992622-3985177-1010.jpg, http://images.manheim.co.uk/images/units/zoom/insp-0001-3992622-3985177-1011.jpg, http://images.manheim.co.uk/images/units/zoom/insp-0001-3992622-3985177-1012.jpg, http://images.manheim.co.uk/images/units/zoom/insp-0001-3992622-3985177-1013.jpg, http://images.manheim.co.uk/images/units/zoom/insp-0001-3992622-3985177-1014.jpg, http://images.manheim.co.uk/images/units/zoom/insp-0001-3992622-3985177-1015.jpg, http://images.manheim.co.uk/images/units/zoom/insp-0001-3992622-3985177-1016.jpg, http://images.manheim.co.uk/images/units/zoom/insp-0001-3992622-3985177-1017.jpg, http://images.manheim.co.uk/images/units/zoom/insp-0001-3992622-3985177-1018.jpg",http://ecr.manheim.co.uk/pdf/MOL-0003992622-01973634-003.pdf,5,0,,,,,,,,Nov-26,FORD,FOCUS,1.6 TDCi 115 Titanium Navigator 5dr,0,19/12/2025, 
ML73XEG,"PEUGEOT
2008
1.2 PureTech 130 GT 5dr EAT8",Lane 1 - Arval / Novuna /...,Automatic,Petrol,1.2,5.0,£14700,£13450,£17100,4,HatchbackGRADE 4CP GREENSC GoldView Report,CP GREEN,2023,Sep 2023,35907,GREY,GREY,Solid,BLACK,,5,2,With Manheim,Qualifying,No,No,No,Leasys,Leeds,"Air Conditioning, Cruise Control, DAB, Sat Nav Functioning, CO2: 133",,"£14,000",https://www.manheim.co.uk/nama,"http://images.manheim.co.uk/images/units/zoom/f8b6b66b-03e3-4f09-abe3-8eddef782b8c_ext_7.jpg, http://images.manheim.co.uk/images/units/zoom/f8b6b66b-03e3-4f09-abe3-8eddef782b8c_ext_6.jpg, http://images.manheim.co.uk/images/units/zoom/f8b6b66b-03e3-4f09-abe3-8eddef782b8c_ext_1.jpg, http://images.manheim.co.uk/images/units/zoom/f8b6b66b-03e3-4f09-abe3-8eddef782b8c_5.jpg, http://images.manheim.co.uk/images/units/zoom/f8b6b66b-03e3-4f09-abe3-8eddef782b8c_4.jpg, http://images.manheim.co.uk/images/units/zoom/f8b6b66b-03e3-4f09-abe3-8eddef782b8c_11.jpg, http://images.manheim.co.uk/images/units/zoom/f8b6b66b-03e3-4f09-abe3-8eddef782b8c_10.jpg, http://images.manheim.co.uk/images/units/zoom/f8b6b66b-03e3-4f09-abe3-8eddef782b8c_9.jpg, http://images.manheim.co.uk/images/units/zoom/f8b6b66b-03e3-4f09-abe3-8eddef782b8c_ext_2.jpg, http://images.manheim.co.uk/images/units/zoom/f8b6b66b-03e3-4f09-abe3-8eddef782b8c_ext_5.jpg, http://images.manheim.co.uk/images/units/zoom/f8b6b66b-03e3-4f09-abe3-8eddef782b8c_ext_3.jpg, http://images.manheim.co.uk/images/units/zoom/f8b6b66b-03e3-4f09-abe3-8eddef782b8c_ext_4.jpg, http://images.manheim.co.uk/images/units/zoom/insp-0001-3903042-3990961-13.jpg, http://images.manheim.co.uk/images/units/zoom/insp-0001-3903042-3990961-1000.jpg, http://images.manheim.co.uk/images/units/zoom/insp-0001-3903042-3990961-1001.jpg, http://images.manheim.co.uk/images/units/zoom/insp-0001-3903042-3990961-1002.jpg, http://images.manheim.co.uk/images/units/zoom/insp-0001-3903042-3990961-1003.jpg, http://images.manheim.co.uk/images/units/zoom/insp-0001-3903042-3990961-1004.jpg, http://images.manheim.co.uk/images/units/zoom/insp-0001-3903042-3990961-1005.jpg, http://images.manheim.co.uk/images/units/zoom/insp-0001-3903042-3990961-1006.jpg, http://images.manheim.co.uk/images/units/zoom/insp-0001-3903042-3990961-1007.jpg, http://images.manheim.co.uk/images/units/zoom/insp-0001-3903042-3990961-1008.jpg",http://ecr.manheim.co.uk/pdf/MOL-0003903042-01975331-002.pdf,1,0,,,,,,,,,PEUGEOT,2008,1.2 PureTech 130 GT 5dr EAT8,0,05/01/2026, 
MP19LVY,"LAND ROVER
DISCOVERY SPORT
2.0 D180 SE 5dr Auto",Lane 2 - Available Car / ...,Automatic,Diesel,2.0,5.0,£16850,£15500,£19300,3,EstateGRADE 3CP GREENSC SilverView Report,CP GREEN,2019,Aug 2019,30966,RED,RED,Metallic,BLACK,VINYL,7,2,With Manheim,Margin,No,No,No,Lloyd Motor Group,Leeds,"7 Seats, Air Conditioning, Auto Climate Control, Bluetooth, DAB, Dual Zone Climate, Front Parking Sensors, Heated Seats, Panoramic Roof, Rear Parking Sensors, Reversing camera, Sat Nav Functioning, Traction Control, CO2: 150","20 Silver Alloys, Panoramic Roof, Privacy Glass, Parking Sensors","£15,850",https://www.manheim.co.uk/nama,"http://images.manheim.co.uk/images/units/zoom/b5098fac-b520-4d95-91ef-48d076f5237e_ext_7.jpg, http://images.manheim.co.uk/images/units/zoom/b5098fac-b520-4d95-91ef-48d076f5237e_ext_6.jpg, http://images.manheim.co.uk/images/units/zoom/b5098fac-b520-4d95-91ef-48d076f5237e_ext_1.jpg, http://images.manheim.co.uk/images/units/zoom/b5098fac-b520-4d95-91ef-48d076f5237e_5.jpg, http://images.manheim.co.uk/images/units/zoom/b5098fac-b520-4d95-91ef-48d076f5237e_4.jpg, http://images.manheim.co.uk/images/units/zoom/b5098fac-b520-4d95-91ef-48d076f5237e_11.jpg, http://images.manheim.co.uk/images/units/zoom/b5098fac-b520-4d95-91ef-48d076f5237e_10.jpg, http://images.manheim.co.uk/images/units/zoom/b5098fac-b520-4d95-91ef-48d076f5237e_9.jpg, http://images.manheim.co.uk/images/units/zoom/b5098fac-b520-4d95-91ef-48d076f5237e_ext_2.jpg, http://images.manheim.co.uk/images/units/zoom/b5098fac-b520-4d95-91ef-48d076f5237e_ext_5.jpg, http://images.manheim.co.uk/images/units/zoom/b5098fac-b520-4d95-91ef-48d076f5237e_ext_3.jpg, http://images.manheim.co.uk/images/units/zoom/b5098fac-b520-4d95-91ef-48d076f5237e_ext_4.jpg, http://images.manheim.co.uk/images/units/zoom/insp-0001-3992435-4001302-13.jpg, http://images.manheim.co.uk/images/units/zoom/insp-0001-3992435-4001302-1000.jpg, http://images.manheim.co.uk/images/units/zoom/insp-0001-3992435-4001302-1001.jpg, http://images.manheim.co.uk/images/units/zoom/insp-0001-3992435-4001302-1002.jpg, http://images.manheim.co.uk/images/units/zoom/insp-0001-3992435-4001302-1003.jpg, http://images.manheim.co.uk/images/units/zoom/insp-0001-3992435-4001302-1004.jpg, http://images.manheim.co.uk/images/units/zoom/insp-0001-3992435-4001302-1005.jpg, http://images.manheim.co.uk/images/units/zoom/insp-0001-3992435-4001302-1006.jpg, http://images.manheim.co.uk/images/units/zoom/insp-0001-3992435-4001302-1007.jpg, http://images.manheim.co.uk/images/units/zoom/insp-0001-3992435-4001302-1008.jpg, http://images.manheim.co.uk/images/units/zoom/insp-0001-3992435-4001302-1009.jpg, http://images.manheim.co.uk/images/units/zoom/insp-0001-3992435-4001302-1010.jpg, http://images.manheim.co.uk/images/units/zoom/insp-0001-3992435-4001302-1011.jpg, http://images.manheim.co.uk/images/units/zoom/insp-0001-3992435-4001302-1012.jpg, http://images.manheim.co.uk/images/units/zoom/insp-0001-3992435-4001302-1013.jpg, http://images.manheim.co.uk/images/units/zoom/insp-0001-3992435-4001302-1014.jpg, http://images.manheim.co.uk/images/units/zoom/insp-0001-3992435-4001302-1015.jpg, http://images.manheim.co.uk/images/units/zoom/insp-0001-3992435-4001302-1016.jpg, http://images.manheim.co.uk/images/units/zoom/insp-0001-3992435-4001302-1017.jpg, http://images.manheim.co.uk/images/units/zoom/insp-0001-3992435-4001302-1018.jpg, http://images.manheim.co.uk/images/units/zoom/insp-0001-3992435-4001302-1019.jpg, http://images.manheim.co.uk/images/units/zoom/insp-0001-3992435-4001302-1020.jpg",http://ecr.manheim.co.uk/pdf/MOL-0003992435-01973426-002.pdf,3,3,20/03/2020,5600,"07/10/2025, 27/10/2021, 20/03/2020","30940, 12298, 5600","Lloyd Land Rover, Lloyd Land Rover, Guy Salmon Land Rover","Print, Print, Print",,Nov-26,LAND ROVER,DISCOVERY SPORT,2.0 D180 SE 5dr Auto,0,05/01/2026, 
MP73XNC,"KIA
SPORTAGE
1.6T GDi 48V ISG GT-Line S 5dr DCT AWD",SIMULCAST AND PHYSICAL - ...,Semi-Automatic,Petrol/Hybrid,1.6,5.0,£26650,£25350,£29750,3,EstateGRADE 3CP GREENSC SilverView Report,CP GREEN,2023,Oct 2023,16549,BLACK,BLACK,Metallic,BLACK,Part Leather,5,2,With Manheim,Margin,No,No,No,LSH Auto Group,Manchester,"Air Conditioning, Auto Climate Control, Automatic Lights, Automatic Wipers, Bluetooth, DAB, Dual Zone Climate, Electric Sun Roof, Front Parking Sensors, Heated Seats, Panoramic Roof, Park Assist, Part Leather, Rear Parking Sensors, Reversing camera, Sat Nav Functioning, Traction Control, CO2: 158",,"£25,500",https://www.manheim.co.uk/nama,"http://images.manheim.co.uk/images/units/zoom/f83e17f1-b3a9-4a98-8af6-be669d5890fb_ext_7.jpg, http://images.manheim.co.uk/images/units/zoom/f83e17f1-b3a9-4a98-8af6-be669d5890fb_ext_6.jpg, http://images.manheim.co.uk/images/units/zoom/f83e17f1-b3a9-4a98-8af6-be669d5890fb_ext_1.jpg, http://images.manheim.co.uk/images/units/zoom/f83e17f1-b3a9-4a98-8af6-be669d5890fb_5.jpg, http://images.manheim.co.uk/images/units/zoom/f83e17f1-b3a9-4a98-8af6-be669d5890fb_4.jpg, http://images.manheim.co.uk/images/units/zoom/f83e17f1-b3a9-4a98-8af6-be669d5890fb_11.jpg, http://images.manheim.co.uk/images/units/zoom/f83e17f1-b3a9-4a98-8af6-be669d5890fb_10.jpg, http://images.manheim.co.uk/images/units/zoom/f83e17f1-b3a9-4a98-8af6-be669d5890fb_9.jpg, http://images.manheim.co.uk/images/units/zoom/f83e17f1-b3a9-4a98-8af6-be669d5890fb_ext_2.jpg, http://images.manheim.co.uk/images/units/zoom/f83e17f1-b3a9-4a98-8af6-be669d5890fb_ext_5.jpg, http://images.manheim.co.uk/images/units/zoom/f83e17f1-b3a9-4a98-8af6-be669d5890fb_ext_3.jpg, http://images.manheim.co.uk/images/units/zoom/f83e17f1-b3a9-4a98-8af6-be669d5890fb_ext_4.jpg, http://images.manheim.co.uk/images/units/zoom/insp-0001-4010321-4010178-13.jpg, http://images.manheim.co.uk/images/units/zoom/insp-0001-4010321-4010178-1000.jpg, http://images.manheim.co.uk/images/units/zoom/insp-0001-4010321-4010178-1001.jpg, http://images.manheim.co.uk/images/units/zoom/insp-0001-4010321-4010178-1002.jpg, http://images.manheim.co.uk/images/units/zoom/insp-0001-4010321-4010178-1003.jpg, http://images.manheim.co.uk/images/units/zoom/insp-0001-4010321-4010178-1004.jpg, http://images.manheim.co.uk/images/units/zoom/insp-0001-4010321-4010178-1005.jpg, http://images.manheim.co.uk/images/units/zoom/insp-0001-4010321-4010178-1006.jpg, http://images.manheim.co.uk/images/units/zoom/insp-0001-4010321-4010178-1007.jpg, http://images.manheim.co.uk/images/units/zoom/insp-0001-4010321-4010178-1008.jpg, http://images.manheim.co.uk/images/units/zoom/insp-0001-4010321-4010178-1009.jpg, http://images.manheim.co.uk/images/units/zoom/insp-0001-4010321-4010178-1010.jpg",http://ecr.manheim.co.uk/pdf/MOL-0004010321-01992443-003.pdf,1,2,30/10/2024,8581,"29/10/2025, 30/10/2024","15821, 8581","PREMIER AUTOMOTIVE, PREMIER AUTOMOTIVE","Book, Book",,,KIA,SPORTAGE,1.6T GDi 48V ISG GT-Line S 5dr DCT AWD,0,18/12/2025, 
MT69UGJ,"BMW
1 SERIES
118i Sport 5dr Step Auto",SIMULCAST AND PHYSICAL - ...,Automatic,Petrol,1.5,5.0,£10350,£9275,£12550,4,HatchbackGRADE 4CP GREENSC SilverView Report,CP GREEN,2019,Nov 2019,93856,BLACK,BLACK,Metallic,,Part Leather,5,2,With Manheim,Margin,No,No,No,Santander Consumer,Manchester,"Air Conditioning, Auto Climate Control, Automatic Lights, Automatic Wipers, Bluetooth, Cruise Control, DAB, Dual Zone Climate, Front Parking Sensors, Media Connectivity, Part Leather, Privacy Glass, Rear Parking Sensors, Sat Nav Functioning, Traction Control, CO2: 113",,"£10,350",https://www.manheim.co.uk/nama,"http://images.manheim.co.uk/images/units/zoom/d415989a-ed59-4ff6-bdb7-cbb724c656f5_ext_7.jpg, http://images.manheim.co.uk/images/units/zoom/d415989a-ed59-4ff6-bdb7-cbb724c656f5_ext_6.jpg, http://images.manheim.co.uk/images/units/zoom/d415989a-ed59-4ff6-bdb7-cbb724c656f5_ext_1.jpg, http://images.manheim.co.uk/images/units/zoom/d415989a-ed59-4ff6-bdb7-cbb724c656f5_5.jpg, http://images.manheim.co.uk/images/units/zoom/d415989a-ed59-4ff6-bdb7-cbb724c656f5_4.jpg, http://images.manheim.co.uk/images/units/zoom/d415989a-ed59-4ff6-bdb7-cbb724c656f5_11.jpg, http://images.manheim.co.uk/images/units/zoom/d415989a-ed59-4ff6-bdb7-cbb724c656f5_10.jpg, http://images.manheim.co.uk/images/units/zoom/d415989a-ed59-4ff6-bdb7-cbb724c656f5_9.jpg, http://images.manheim.co.uk/images/units/zoom/d415989a-ed59-4ff6-bdb7-cbb724c656f5_ext_2.jpg, http://images.manheim.co.uk/images/units/zoom/d415989a-ed59-4ff6-bdb7-cbb724c656f5_ext_5.jpg, http://images.manheim.co.uk/images/units/zoom/d415989a-ed59-4ff6-bdb7-cbb724c656f5_ext_3.jpg, http://images.manheim.co.uk/images/units/zoom/d415989a-ed59-4ff6-bdb7-cbb724c656f5_ext_4.jpg, http://images.manheim.co.uk/images/units/zoom/insp-0001-4003130-3997278-13.jpg, http://images.manheim.co.uk/images/units/zoom/insp-0001-4003130-3997278-1000.jpg, http://images.manheim.co.uk/images/units/zoom/insp-0001-4003130-3997278-1001.jpg, http://images.manheim.co.uk/images/units/zoom/insp-0001-4003130-3997278-1002.jpg, http://images.manheim.co.uk/images/units/zoom/insp-0001-4003130-3997278-1003.jpg, http://images.manheim.co.uk/images/units/zoom/insp-0001-4003130-3997278-1004.jpg, http://images.manheim.co.uk/images/units/zoom/insp-0001-4003130-3997278-1005.jpg, http://images.manheim.co.uk/images/units/zoom/insp-0001-4003130-3997278-1006.jpg, http://images.manheim.co.uk/images/units/zoom/insp-0001-4003130-3997278-1007.jpg, http://images.manheim.co.uk/images/units/zoom/insp-0001-4003130-3997278-1008.jpg, http://images.manheim.co.uk/images/units/zoom/insp-0001-4003130-3997278-1009.jpg, http://images.manheim.co.uk/images/units/zoom/insp-0001-4003130-3997278-1010.jpg, http://images.manheim.co.uk/images/units/zoom/insp-0001-4003130-3997278-1011.jpg, http://images.manheim.co.uk/images/units/zoom/insp-0001-4003130-3997278-1012.jpg, http://images.manheim.co.uk/images/units/zoom/insp-0001-4003130-3997278-1013.jpg, http://images.manheim.co.uk/images/units/zoom/insp-0001-4003130-3997278-1014.jpg, http://images.manheim.co.uk/images/units/zoom/insp-0001-4003130-3997278-1015.jpg, http://images.manheim.co.uk/images/units/zoom/insp-0001-4003130-3997278-1016.jpg, http://images.manheim.co.uk/images/units/zoom/insp-0001-4003130-3997278-1017.jpg, http://images.manheim.co.uk/images/units/zoom/insp-0001-4003130-3997278-1018.jpg, http://images.manheim.co.uk/images/units/zoom/insp-0001-4003130-3997278-1019.jpg, http://images.manheim.co.uk/images/units/zoom/insp-0001-4003130-3997278-1020.jpg, http://images.manheim.co.uk/images/units/zoom/insp-0001-4003130-3997278-1021.jpg, http://images.manheim.co.uk/images/units/zoom/insp-0001-4003130-3997278-1022.jpg, http://images.manheim.co.uk/images/units/zoom/insp-0001-4003130-3997278-1023.jpg, http://images.manheim.co.uk/images/units/zoom/insp-0001-4003130-3997278-1024.jpg, http://images.manheim.co.uk/images/units/zoom/insp-0001-4003130-3997278-1025.jpg, http://images.manheim.co.uk/images/units/zoom/insp-0001-4003130-3997278-1026.jpg, http://images.manheim.co.uk/images/units/zoom/insp-0001-4003130-3997278-1027.jpg, http://images.manheim.co.uk/images/units/zoom/insp-0001-4003130-3997278-1028.jpg, http://images.manheim.co.uk/images/units/zoom/insp-0001-4003130-3997278-1029.jpg, http://images.manheim.co.uk/images/units/zoom/insp-0001-4003130-3997278-1030.jpg",http://ecr.manheim.co.uk/pdf/MOL-0004003130-01984609-004.pdf,2,2,24/05/2021,13861,"27/10/2022, 24/05/2021","25940, 13861","IDRIVE, IDRIVE","Digital, Digital",,Feb-26,BMW,1 SERIES,118i Sport 5dr Step Auto,0,18/12/2025, 
MT70VLA,"MERCEDES-BENZ
CLA
CLA 220d AMG Line Premium Plus 5dr Tip Auto",SIMULCAST AND PHYSICAL - ...,Semi-Automatic,Diesel,2.0,5.0,£19200,£18000,£21500,3,EstateGRADE 3CP GREENSC SilverView Report,CP GREEN,2020,Nov 2020,51296,GREY,GREY,Metallic,BLACK,LEATHER,5,2,With Manheim,Margin,No,No,No,LSH Auto Group,Manchester,"Air Conditioning, Auto Climate Control, Automatic Lights, Bluetooth, DAB, Dual Zone Climate, Electric Sun Roof, Front Parking Sensors, Full Leather Trim, Heated Seats, Media Connectivity, Rear Parking Sensors, Reversing camera, Sat Nav Functioning, CO2: 136",,"£19,000",https://www.manheim.co.uk/nama,"http://images.manheim.co.uk/images/units/zoom/3992200-9999999-317153149-004.jpg, http://images.manheim.co.uk/images/units/zoom/3992200-9999999-317153149-008.jpg, http://images.manheim.co.uk/images/units/zoom/3992200-9999999-317153149-001.jpg, http://images.manheim.co.uk/images/units/zoom/3992200-9999999-317153149-002.jpg, http://images.manheim.co.uk/images/units/zoom/3992200-9999999-317153149-003.jpg, http://images.manheim.co.uk/images/units/zoom/3992200-9999999-317153149-005.jpg, http://images.manheim.co.uk/images/units/zoom/3992200-9999999-317153149-006.jpg, http://images.manheim.co.uk/images/units/zoom/3992200-9999999-317153149-007.jpg, http://images.manheim.co.uk/images/units/zoom/3992200-9999999-317153149-009.jpg, http://images.manheim.co.uk/images/units/zoom/3992200-9999999-317153149-010.jpg, http://images.manheim.co.uk/images/units/zoom/3992200-9999999-317153149-011.jpg, http://images.manheim.co.uk/images/units/zoom/3992200-9999999-317153149-012.jpg, http://images.manheim.co.uk/images/units/zoom/insp-0001-3992200-3984352-13.jpg, http://images.manheim.co.uk/images/units/zoom/insp-0001-3992200-3984352-1000.jpg, http://images.manheim.co.uk/images/units/zoom/insp-0001-3992200-3984352-1001.jpg, http://images.manheim.co.uk/images/units/zoom/insp-0001-3992200-3984352-1002.jpg, http://images.manheim.co.uk/images/units/zoom/insp-0001-3992200-3984352-1003.jpg, http://images.manheim.co.uk/images/units/zoom/insp-0001-3992200-3984352-1004.jpg, http://images.manheim.co.uk/images/units/zoom/insp-0001-3992200-3984352-1005.jpg, http://images.manheim.co.uk/images/units/zoom/insp-0001-3992200-3984352-1006.jpg, http://images.manheim.co.uk/images/units/zoom/insp-0001-3992200-3984352-1007.jpg, http://images.manheim.co.uk/images/units/zoom/insp-0001-3992200-3984352-1008.jpg",http://ecr.manheim.co.uk/pdf/MOL-0003992200-01973167-005.pdf,2,3,11/12/2021,11417,"24/04/2025, 23/12/2022, 11/12/2021","46502, 24190, 11417","HULLEY ROAD, LSH AUTO, GERARD MANN","Print, Print, Print",,Aug-26,MERCEDES-BENZ,CLA,CLA 220d AMG Line Premium Plus 5dr Tip Auto,0,18/12/2025, 
MW72XZV,"AUDI
Q3
35 TFSI S Line 5dr",SIMULCAST AND PHYSICAL - ...,Manual,Petrol,1.5,5.0,£23600,£22200,£26750,2,EstateGRADE 2CP GREENSC SilverView Report,CP GREEN,2023,Jan 2023,23469,BLACK,BLACK,Metallic,BLACK,Part Leather,5,2,With Manheim,Margin,No,No,No,LSH Auto Group,Manchester,"6 Speed, Air Conditioning, Auto Climate Control, Automatic Lights, Automatic Wipers, Bluetooth, DAB, Dual Zone Climate, Media Connectivity, Part Leather, Privacy Glass, Rear Parking Sensors, Sat Nav Functioning, Traction Control, CO2: 152",,"£22,500",https://www.manheim.co.uk/nama,"http://images.manheim.co.uk/images/units/zoom/7b107d0d-d189-4e00-bd13-0ae5d9adba70_ext_7.jpg, http://images.manheim.co.uk/images/units/zoom/7b107d0d-d189-4e00-bd13-0ae5d9adba70_ext_6.jpg, http://images.manheim.co.uk/images/units/zoom/7b107d0d-d189-4e00-bd13-0ae5d9adba70_ext_1.jpg, http://images.manheim.co.uk/images/units/zoom/7b107d0d-d189-4e00-bd13-0ae5d9adba70_5.jpg, http://images.manheim.co.uk/images/units/zoom/7b107d0d-d189-4e00-bd13-0ae5d9adba70_4.jpg, http://images.manheim.co.uk/images/units/zoom/7b107d0d-d189-4e00-bd13-0ae5d9adba70_11.jpg, http://images.manheim.co.uk/images/units/zoom/7b107d0d-d189-4e00-bd13-0ae5d9adba70_10.jpg, http://images.manheim.co.uk/images/units/zoom/7b107d0d-d189-4e00-bd13-0ae5d9adba70_9.jpg, http://images.manheim.co.uk/images/units/zoom/7b107d0d-d189-4e00-bd13-0ae5d9adba70_ext_2.jpg, http://images.manheim.co.uk/images/units/zoom/7b107d0d-d189-4e00-bd13-0ae5d9adba70_ext_5.jpg, http://images.manheim.co.uk/images/units/zoom/7b107d0d-d189-4e00-bd13-0ae5d9adba70_ext_3.jpg, http://images.manheim.co.uk/images/units/zoom/7b107d0d-d189-4e00-bd13-0ae5d9adba70_ext_4.jpg, http://images.manheim.co.uk/images/units/zoom/insp-0001-4009486-4008456-13.jpg, http://images.manheim.co.uk/images/units/zoom/insp-0001-4009486-4008456-1000.jpg, http://images.manheim.co.uk/images/units/zoom/insp-0001-4009486-4008456-1001.jpg, http://images.manheim.co.uk/images/units/zoom/insp-0001-4009486-4008456-1002.jpg, http://images.manheim.co.uk/images/units/zoom/insp-0001-4009486-4008456-1003.jpg, http://images.manheim.co.uk/images/units/zoom/insp-0001-4009486-4008456-1004.jpg, http://images.manheim.co.uk/images/units/zoom/insp-0001-4009486-4008456-1005.jpg, http://images.manheim.co.uk/images/units/zoom/insp-0001-4009486-4008456-1006.jpg, http://images.manheim.co.uk/images/units/zoom/insp-0001-4009486-4008456-1007.jpg, http://images.manheim.co.uk/images/units/zoom/insp-0001-4009486-4008456-1008.jpg, http://images.manheim.co.uk/images/units/zoom/insp-0001-4009486-4008456-1009.jpg",http://ecr.manheim.co.uk/pdf/MOL-0004009486-01991671-003.pdf,1,1,27/01/2025,14913,27/01/2025,14913,MBM GARAGE SERVICES,Print,,,AUDI,Q3,35 TFSI S Line 5dr,0,18/12/2025, 
NA14RCU,"NISSAN
QASHQAI
1.6 dCi Premier Limited Edition 5dr 4WD","Available Car, Pulman Gro...",Manual,Diesel,1.6,5.0,£2825,£2350,£4475,3,HatchbackGRADE 3SC BronzeView Report,SC Bronze,2014,Mar 2014,129235,BLACK,BLACK,Metallic,GREY,Part Leather,5,1,With Manheim,Margin,No,No,No,Pulman Group Direct,Washington,"6 Speed, Air Conditioning, Auto Climate Control, Automatic Lights, Automatic Wipers, Bluetooth, Cruise Control, DAB, Dual Zone Climate, Front Parking Sensors, Heated Seats, Panoramic Roof, Part Leather, Radio CD, Rear Parking Sensors, Reversing camera, Sat Nav Functioning, Traction Control, CO2: 129",,"£1,800",https://www.manheim.co.uk/nama,"http://images.manheim.co.uk/images/units/zoom/3996222-9999999-322085912-004.jpg, http://images.manheim.co.uk/images/units/zoom/3996222-9999999-322085912-008.jpg, http://images.manheim.co.uk/images/units/zoom/3996222-9999999-322085912-001.jpg, http://images.manheim.co.uk/images/units/zoom/3996222-9999999-322085912-002.jpg, http://images.manheim.co.uk/images/units/zoom/3996222-9999999-322085912-003.jpg, http://images.manheim.co.uk/images/units/zoom/3996222-9999999-322085912-005.jpg, http://images.manheim.co.uk/images/units/zoom/3996222-9999999-322085912-006.jpg, http://images.manheim.co.uk/images/units/zoom/3996222-9999999-322085912-007.jpg, http://images.manheim.co.uk/images/units/zoom/3996222-9999999-322085912-009.jpg, http://images.manheim.co.uk/images/units/zoom/3996222-9999999-322085912-010.jpg, http://images.manheim.co.uk/images/units/zoom/3996222-9999999-322085912-011.jpg, http://images.manheim.co.uk/images/units/zoom/3996222-9999999-322085912-012.jpg, http://images.manheim.co.uk/images/units/zoom/insp-0001-3996222-3987842-13.jpg, http://images.manheim.co.uk/images/units/zoom/insp-0001-3996222-3987842-1000.jpg, http://images.manheim.co.uk/images/units/zoom/insp-0001-3996222-3987842-1001.jpg, http://images.manheim.co.uk/images/units/zoom/insp-0001-3996222-3987842-1002.jpg, http://images.manheim.co.uk/images/units/zoom/insp-0001-3996222-3987842-1003.jpg, http://images.manheim.co.uk/images/units/zoom/insp-0001-3996222-3987842-1004.jpg, http://images.manheim.co.uk/images/units/zoom/insp-0001-3996222-3987842-1005.jpg, http://images.manheim.co.uk/images/units/zoom/insp-0001-3996222-3987842-1006.jpg, http://images.manheim.co.uk/images/units/zoom/insp-0001-3996222-3987842-1007.jpg, http://images.manheim.co.uk/images/units/zoom/insp-0001-3996222-3987842-1008.jpg, http://images.manheim.co.uk/images/units/zoom/insp-0001-3996222-3987842-1009.jpg, http://images.manheim.co.uk/images/units/zoom/insp-0001-3996222-3987842-1010.jpg, http://images.manheim.co.uk/images/units/zoom/insp-0001-3996222-3987842-1011.jpg, http://images.manheim.co.uk/images/units/zoom/insp-0001-3996222-3987842-1012.jpg, http://images.manheim.co.uk/images/units/zoom/insp-0001-3996222-3987842-1013.jpg, http://images.manheim.co.uk/images/units/zoom/insp-0001-3996222-3987842-1014.jpg, http://images.manheim.co.uk/images/units/zoom/insp-0001-3996222-3987842-1015.jpg, http://images.manheim.co.uk/images/units/zoom/insp-0001-3996222-3987842-1016.jpg, http://images.manheim.co.uk/images/units/zoom/insp-0001-3996222-3987842-1017.jpg, http://images.manheim.co.uk/images/units/zoom/insp-0001-3996222-3987842-1018.jpg",http://ecr.manheim.co.uk/pdf/MOL-0003996222-01976603-004.pdf,2,10,05/03/2015,7015,"17/09/2025, 18/07/2024, 20/07/2023, 22/08/2022, 09/07/2021, 02/12/2019, 22/06/2018, 24/05/2017, 14/03/2016, 05/03/2015","127606, 110659, 94610, 79103, 62961, 45865, 28600, 18682, 12162, 7015","SUNTER & MORRIS LTD, SUNTER & MORRIS LTD, SUNTER & MORRIS LTD, SUNTER & MORRIS LTD, SUNTER & MORRIS LTD, SUNTER & MORRIS LTD, EVANS HALSHAW SUNDERLAND, EVANS HALSHAW SUNDERLAND, EVANS HALSHAW SUNDERLAND, EVANS HALSHAW SUNDERLAND","Book, Book, Book, Book, Book, Book, Print, Print, Print, Book",,Jun-26,NISSAN,QASHQAI,1.6 dCi Premier Limited Edition 5dr 4WD,0,19/12/2025, 
NA16OSC,"SUZUKI
VITARA
1.4 Boosterjet S ALLGRIP 5dr",Lane 2 - Stellantis & You...,Manual,Petrol,1.4,5.0,£5425,£4725,£7500,4,HatchbackGRADE 4CP GREENSC SilverView Report,CP GREEN,2016,Apr 2016,102819,WHITE,WHITE,Metallic,BLACK,,5,2,With Manheim,Margin,No,No,No,Lloyd Motor Group,Leeds,"6 Speed, Air Conditioning, Auto Climate Control, Automatic Lights, Bluetooth, Cruise Control, DAB, Reversing camera, Sat Nav Functioning, Traction Control, CO2: 127",SD CARD,"£3,875",https://www.manheim.co.uk/nama,"http://images.manheim.co.uk/images/units/zoom/1fe20b88-c6d7-46e4-a89f-80f84c148bbb_ext_7.jpg, http://images.manheim.co.uk/images/units/zoom/1fe20b88-c6d7-46e4-a89f-80f84c148bbb_ext_6.jpg, http://images.manheim.co.uk/images/units/zoom/1fe20b88-c6d7-46e4-a89f-80f84c148bbb_ext_1.jpg, http://images.manheim.co.uk/images/units/zoom/1fe20b88-c6d7-46e4-a89f-80f84c148bbb_5.jpg, http://images.manheim.co.uk/images/units/zoom/1fe20b88-c6d7-46e4-a89f-80f84c148bbb_4.jpg, http://images.manheim.co.uk/images/units/zoom/1fe20b88-c6d7-46e4-a89f-80f84c148bbb_11.jpg, http://images.manheim.co.uk/images/units/zoom/1fe20b88-c6d7-46e4-a89f-80f84c148bbb_10.jpg, http://images.manheim.co.uk/images/units/zoom/1fe20b88-c6d7-46e4-a89f-80f84c148bbb_9.jpg, http://images.manheim.co.uk/images/units/zoom/1fe20b88-c6d7-46e4-a89f-80f84c148bbb_ext_2.jpg, http://images.manheim.co.uk/images/units/zoom/1fe20b88-c6d7-46e4-a89f-80f84c148bbb_ext_5.jpg, http://images.manheim.co.uk/images/units/zoom/1fe20b88-c6d7-46e4-a89f-80f84c148bbb_ext_3.jpg, http://images.manheim.co.uk/images/units/zoom/1fe20b88-c6d7-46e4-a89f-80f84c148bbb_ext_4.jpg, http://images.manheim.co.uk/images/units/zoom/insp-0001-3984439-3984232-13.jpg, http://images.manheim.co.uk/images/units/zoom/insp-0001-3984439-3984232-1000.jpg, http://images.manheim.co.uk/images/units/zoom/insp-0001-3984439-3984232-1001.jpg, http://images.manheim.co.uk/images/units/zoom/insp-0001-3984439-3984232-1002.jpg, http://images.manheim.co.uk/images/units/zoom/insp-0001-3984439-3984232-1003.jpg, http://images.manheim.co.uk/images/units/zoom/insp-0001-3984439-3984232-1004.jpg, http://images.manheim.co.uk/images/units/zoom/insp-0001-3984439-3984232-1005.jpg, http://images.manheim.co.uk/images/units/zoom/insp-0001-3984439-3984232-1006.jpg, http://images.manheim.co.uk/images/units/zoom/insp-0001-3984439-3984232-1007.jpg, http://images.manheim.co.uk/images/units/zoom/insp-0001-3984439-3984232-1008.jpg, http://images.manheim.co.uk/images/units/zoom/insp-0001-3984439-3984232-1009.jpg, http://images.manheim.co.uk/images/units/zoom/insp-0001-3984439-3984232-1010.jpg, http://images.manheim.co.uk/images/units/zoom/insp-0001-3984439-3984232-1011.jpg, http://images.manheim.co.uk/images/units/zoom/insp-0001-3984439-3984232-1012.jpg, http://images.manheim.co.uk/images/units/zoom/insp-0001-3984439-3984232-1013.jpg, http://images.manheim.co.uk/images/units/zoom/insp-0001-3984439-3984232-1014.jpg, http://images.manheim.co.uk/images/units/zoom/insp-0001-3984439-3984232-1015.jpg, http://images.manheim.co.uk/images/units/zoom/insp-0001-3984439-3984232-1016.jpg, http://images.manheim.co.uk/images/units/zoom/insp-0001-3984439-3984232-1017.jpg, http://images.manheim.co.uk/images/units/zoom/insp-0001-3984439-3984232-1018.jpg, http://images.manheim.co.uk/images/units/zoom/insp-0001-3984439-3984232-1019.jpg, http://images.manheim.co.uk/images/units/zoom/insp-0001-3984439-3984232-1020.jpg, http://images.manheim.co.uk/images/units/zoom/insp-0001-3984439-3984232-1021.jpg, http://images.manheim.co.uk/images/units/zoom/insp-0001-3984439-3984232-1022.jpg, http://images.manheim.co.uk/images/units/zoom/insp-0001-3984439-3984232-1023.jpg, http://images.manheim.co.uk/images/units/zoom/insp-0001-3984439-3984232-1024.jpg, http://images.manheim.co.uk/images/units/zoom/insp-0001-3984439-3984232-1025.jpg, http://images.manheim.co.uk/images/units/zoom/insp-0001-3984439-3984232-1026.jpg, http://images.manheim.co.uk/images/units/zoom/insp-0001-3984439-3984232-1027.jpg, http://images.manheim.co.uk/images/units/zoom/insp-0001-3984439-3984232-1028.jpg, http://images.manheim.co.uk/images/units/zoom/insp-0001-3984439-3984232-1029.jpg, http://images.manheim.co.uk/images/units/zoom/insp-0001-3984439-3984232-1030.jpg, http://images.manheim.co.uk/images/units/zoom/insp-0001-3984439-3984232-1031.jpg, http://images.manheim.co.uk/images/units/zoom/insp-0001-3984439-3984232-1032.jpg",http://ecr.manheim.co.uk/pdf/MOL-0003984439-01964956-006.pdf,2,7,23/12/2016,9497,"07/09/2023, 11/11/2020, 18/12/2019, 04/01/2019, 19/03/2018, 18/07/2017, 23/12/2016","89786, 53284, 45698, 35906, 27791, 18647, 9497","COLIN APPLEYARD, HODGSON SUZUKI, HODGSON SUZUKI, HODGSON SUZUKI, HODGSON SUZUKI, HODGSON SUZUKI, HODGSON SUZUKI","Book, Book, Book, Book, Book, Book, Book",,Jan-26,SUZUKI,VITARA,1.4 Boosterjet S ALLGRIP 5dr,0,05/01/2026, 
NA67WNO,"HYUNDAI
KONA
1.0T GDi Blue Drive Premium SE 5dr","Available Car, Pulman Gro...",Manual,Petrol,1.0,5.0,£7975,£7000,£10400,2,HatchbackGRADE 2CP GREENSC SilverView Report,CP GREEN,2017,Nov 2017,38600,GREY,GREY,Metallic,BLACK,LEATHER,5,1,With Manheim,Margin,No,No,No,S G Petch,Washington,"6 Speed, Air Conditioning, Auto Climate Control, Automatic Lights, Automatic Wipers, Aux In, Bluetooth, Cruise Control, DAB, Front Parking Sensors, Full Leather Trim, Heated Seats, Media Connectivity, Rear Parking Sensors, Reversing camera, Traction Control, Sat Nav Inoperative, CO2: 125",,"£8,500",https://www.manheim.co.uk/nama,"http://images.manheim.co.uk/images/units/zoom/3977834-9999999-345144804-004.jpg, http://images.manheim.co.uk/images/units/zoom/3977834-9999999-345144804-008.jpg, http://images.manheim.co.uk/images/units/zoom/3977834-9999999-345144804-001.jpg, http://images.manheim.co.uk/images/units/zoom/3977834-9999999-345144804-002.jpg, http://images.manheim.co.uk/images/units/zoom/3977834-9999999-345144804-003.jpg, http://images.manheim.co.uk/images/units/zoom/3977834-9999999-345144804-005.jpg, http://images.manheim.co.uk/images/units/zoom/3977834-9999999-345144804-006.jpg, http://images.manheim.co.uk/images/units/zoom/3977834-9999999-345144804-007.jpg, http://images.manheim.co.uk/images/units/zoom/3977834-9999999-345144804-009.jpg, http://images.manheim.co.uk/images/units/zoom/3977834-9999999-345144804-010.jpg, http://images.manheim.co.uk/images/units/zoom/3977834-9999999-345144804-011.jpg, http://images.manheim.co.uk/images/units/zoom/3977834-9999999-345144804-012.jpg, http://images.manheim.co.uk/images/units/zoom/insp-0001-3977834-4016794-13.jpg, http://images.manheim.co.uk/images/units/zoom/insp-0001-3977834-4016794-1000.jpg, http://images.manheim.co.uk/images/units/zoom/insp-0001-3977834-4016794-1001.jpg, http://images.manheim.co.uk/images/units/zoom/insp-0001-3977834-4016794-1002.jpg, http://images.manheim.co.uk/images/units/zoom/insp-0001-3977834-4016794-1003.jpg, http://images.manheim.co.uk/images/units/zoom/insp-0001-3977834-4016794-1004.jpg, http://images.manheim.co.uk/images/units/zoom/insp-0001-3977834-4016794-1005.jpg, http://images.manheim.co.uk/images/units/zoom/insp-0001-3977834-4016794-1006.jpg, http://images.manheim.co.uk/images/units/zoom/insp-0001-3977834-4016794-1007.jpg, http://images.manheim.co.uk/images/units/zoom/insp-0001-3977834-4016794-1008.jpg",http://ecr.manheim.co.uk/pdf/MOL-0003977834-01997909-003.pdf,2,4,16/11/2018,6166,"08/09/2023, 29/04/2022, 30/11/2019, 16/11/2018","25948, 15618, 12295, 6166","kingsway garage, hyundai gateshead, hyundai gateshead, hyundai gateshead","Book, Book, Book, Book",,Aug-26,HYUNDAI,KONA,1.0T GDi Blue Drive Premium SE 5dr,0,19/12/2025, 
ND22UXH,"AUDI
Q3
35 TFSI Sport 5dr",Lane 2 - Available Car / ...,Manual,Petrol,1.5,5.0,£16950,£15600,£19650,2,EstateGRADE 2CP GREENSC SilverView Report,CP GREEN,2022,Jun 2022,40852,RED,RED,Metallic,BLACK,CLOTH,5,2,With Manheim,Margin,No,No,No,Lloyd Motor Group,Leeds,"6 Speed, Air Conditioning, Auto Climate Control, Automatic Lights, Automatic Wipers, Aux In, Bluetooth, Cruise Control, DAB, Dual Zone Climate, Electric Sun Roof, Front Parking Sensors, Privacy Glass, Radio CD, Rear Parking Sensors, Sat Nav Functioning, Traction Control, CO2: 147",,"£15,950",https://www.manheim.co.uk/nama,"http://images.manheim.co.uk/images/units/zoom/5c2ab8ba-2bd6-4b3c-84bb-7ebc2ef1a773_ext_7.jpg, http://images.manheim.co.uk/images/units/zoom/5c2ab8ba-2bd6-4b3c-84bb-7ebc2ef1a773_ext_6.jpg, http://images.manheim.co.uk/images/units/zoom/5c2ab8ba-2bd6-4b3c-84bb-7ebc2ef1a773_ext_1.jpg, http://images.manheim.co.uk/images/units/zoom/5c2ab8ba-2bd6-4b3c-84bb-7ebc2ef1a773_5.jpg, http://images.manheim.co.uk/images/units/zoom/5c2ab8ba-2bd6-4b3c-84bb-7ebc2ef1a773_4.jpg, http://images.manheim.co.uk/images/units/zoom/5c2ab8ba-2bd6-4b3c-84bb-7ebc2ef1a773_11.jpg, http://images.manheim.co.uk/images/units/zoom/5c2ab8ba-2bd6-4b3c-84bb-7ebc2ef1a773_10.jpg, http://images.manheim.co.uk/images/units/zoom/5c2ab8ba-2bd6-4b3c-84bb-7ebc2ef1a773_9.jpg, http://images.manheim.co.uk/images/units/zoom/5c2ab8ba-2bd6-4b3c-84bb-7ebc2ef1a773_ext_2.jpg, http://images.manheim.co.uk/images/units/zoom/5c2ab8ba-2bd6-4b3c-84bb-7ebc2ef1a773_ext_5.jpg, http://images.manheim.co.uk/images/units/zoom/5c2ab8ba-2bd6-4b3c-84bb-7ebc2ef1a773_ext_3.jpg, http://images.manheim.co.uk/images/units/zoom/5c2ab8ba-2bd6-4b3c-84bb-7ebc2ef1a773_ext_4.jpg, http://images.manheim.co.uk/images/units/zoom/insp-0001-3988814-3992261-13.jpg, http://images.manheim.co.uk/images/units/zoom/insp-0001-3988814-3992261-1000.jpg, http://images.manheim.co.uk/images/units/zoom/insp-0001-3988814-3992261-1001.jpg, http://images.manheim.co.uk/images/units/zoom/insp-0001-3988814-3992261-1002.jpg, http://images.manheim.co.uk/images/units/zoom/insp-0001-3988814-3992261-1003.jpg, http://images.manheim.co.uk/images/units/zoom/insp-0001-3988814-3992261-1004.jpg",http://ecr.manheim.co.uk/pdf/MOL-0003988814-01969673-002.pdf,1,3,16/02/2023,9906,"03/03/2025, 06/11/2023, 16/02/2023","34694, 20172, 9906","Audi Service, Audi Service, Audi Service","Print, Print, Print",,Jun-26,AUDI,Q3,35 TFSI Sport 5dr,0,05/01/2026, 
NG18EEP,"JAGUAR
F-PACE
2.0 R-Sport 5dr Auto AWD",Lane 1 - D M Keith / Sytn...,Automatic,Petrol,2.0,5.0,£14150,£12850,£16750,2,EstateGRADE 2CP GREENSC SilverView Report,CP GREEN,2018,Aug 2018,66452,GREY,GREY,Metallic,,LEATHER,5,1,With Manheim,Margin,No,No,No,Lloyd Motor Group,Leeds,"Air Conditioning, Auto Climate Control, Automatic Lights, Automatic Wipers, Aux In, Bluetooth, Cruise Control, DAB, Dual Zone Climate, Front Parking Sensors, Full Leather Trim, Heated Seats, Ipod Connectivity, Media Connectivity, Rear Parking Sensors, Reversing camera, Sat Nav Functioning, Traction Control, CO2: 170","Black Gloss Roof Rails (B16D), Taurus Leather Sports Perforation (B41T), Rear View Camera (C14A), 19 Wheel: Style 5038 (Bionic) - 5 twin spoke - Grey DT (C54V),Xenon Headlamps+LED Signature(excL405) (D90L), Side Door Treadplate-R Sport (F28N), Grained Black Grille with Noble Chrome Surround (G12R), Jet Headliner colour (HPDB), Veneer-Etched Aluminium (VSAS)","£12,850",https://www.manheim.co.uk/nama,"http://images.manheim.co.uk/images/units/zoom/adb3ead5-d5c3-41f3-882e-7d7f738c2180_ext_7.jpg, http://images.manheim.co.uk/images/units/zoom/adb3ead5-d5c3-41f3-882e-7d7f738c2180_ext_6.jpg, http://images.manheim.co.uk/images/units/zoom/adb3ead5-d5c3-41f3-882e-7d7f738c2180_ext_1.jpg, http://images.manheim.co.uk/images/units/zoom/adb3ead5-d5c3-41f3-882e-7d7f738c2180_5.jpg, http://images.manheim.co.uk/images/units/zoom/adb3ead5-d5c3-41f3-882e-7d7f738c2180_4.jpg, http://images.manheim.co.uk/images/units/zoom/adb3ead5-d5c3-41f3-882e-7d7f738c2180_11.jpg, http://images.manheim.co.uk/images/units/zoom/adb3ead5-d5c3-41f3-882e-7d7f738c2180_10.jpg, http://images.manheim.co.uk/images/units/zoom/adb3ead5-d5c3-41f3-882e-7d7f738c2180_9.jpg, http://images.manheim.co.uk/images/units/zoom/adb3ead5-d5c3-41f3-882e-7d7f738c2180_ext_2.jpg, http://images.manheim.co.uk/images/units/zoom/adb3ead5-d5c3-41f3-882e-7d7f738c2180_ext_5.jpg, http://images.manheim.co.uk/images/units/zoom/adb3ead5-d5c3-41f3-882e-7d7f738c2180_ext_3.jpg, http://images.manheim.co.uk/images/units/zoom/adb3ead5-d5c3-41f3-882e-7d7f738c2180_ext_4.jpg, http://images.manheim.co.uk/images/units/zoom/insp-0001-3979903-3977991-13.jpg, http://images.manheim.co.uk/images/units/zoom/insp-0001-3979903-3977991-1000.jpg, http://images.manheim.co.uk/images/units/zoom/insp-0001-3979903-3977991-1001.jpg, http://images.manheim.co.uk/images/units/zoom/insp-0001-3979903-3977991-1002.jpg, http://images.manheim.co.uk/images/units/zoom/insp-0001-3979903-3977991-1003.jpg, http://images.manheim.co.uk/images/units/zoom/insp-0001-3979903-3977991-1004.jpg, http://images.manheim.co.uk/images/units/zoom/insp-0001-3979903-3977991-1005.jpg, http://images.manheim.co.uk/images/units/zoom/insp-0001-3979903-3977991-1006.jpg, http://images.manheim.co.uk/images/units/zoom/insp-0001-3979903-3977991-1007.jpg, http://images.manheim.co.uk/images/units/zoom/insp-0001-3979903-3977991-1008.jpg, http://images.manheim.co.uk/images/units/zoom/insp-0001-3979903-3977991-1009.jpg",http://ecr.manheim.co.uk/pdf/MOL-0003979903-01960861-004.pdf,2,6,02/11/2019,9604,"07/10/2024, 18/07/2023, 09/09/2022, 22/04/2022, 17/04/2021, 02/11/2019","52622, 35601, 26446, 23628, 15998, 9604","Coquet Motor Company, Coquet Motor Company, Stratstone Service Centre, HALFORDS AUTOCENTRE, Stratstone Land Rover, Stratstone Land Rover","Print, Print, Print, Print, Book, Print",,Oct-25,JAGUAR,F-PACE,2.0 R-Sport 5dr Auto AWD,0,07/01/2026, 
NJ14CDE,"SEAT
LEON
1.4 TSI FR 5dr [Technology Pack]","Available Car, Pulman Gro...",Manual,Petrol,1.4,5.0,£3250,£2725,£5150,5,HatchbackGRADE 5SC BronzeView Report,SC Bronze,2014,Mar 2014,132483,RED,RED,Solid,BLACK,Part Leather,5,2,With Manheim,Margin,No,No,No,S G Petch,Washington,"6 Speed, Air Conditioning, Auto Climate Control, Bluetooth, Cruise Control, DAB, Dual Zone Climate, Part Leather, Radio CD, Sat Nav Functioning, CO2: 119",,"£3,000",https://www.manheim.co.uk/nama,"http://images.manheim.co.uk/images/units/zoom/4011911-9999999-339130405-004.jpg, http://images.manheim.co.uk/images/units/zoom/4011911-9999999-339130405-008.jpg, http://images.manheim.co.uk/images/units/zoom/4011911-9999999-339130405-001.jpg, http://images.manheim.co.uk/images/units/zoom/4011911-9999999-339130405-002.jpg, http://images.manheim.co.uk/images/units/zoom/4011911-9999999-339130405-003.jpg, http://images.manheim.co.uk/images/units/zoom/4011911-9999999-339130405-005.jpg, http://images.manheim.co.uk/images/units/zoom/4011911-9999999-339130405-006.jpg, http://images.manheim.co.uk/images/units/zoom/4011911-9999999-339130405-007.jpg, http://images.manheim.co.uk/images/units/zoom/4011911-9999999-339130405-009.jpg, http://images.manheim.co.uk/images/units/zoom/4011911-9999999-339130405-010.jpg, http://images.manheim.co.uk/images/units/zoom/4011911-9999999-339130405-011.jpg, http://images.manheim.co.uk/images/units/zoom/4011911-9999999-339130405-012.jpg, http://images.manheim.co.uk/images/units/zoom/insp-0001-4011911-4009858-13.jpg, http://images.manheim.co.uk/images/units/zoom/insp-0001-4011911-4009858-1000.jpg, http://images.manheim.co.uk/images/units/zoom/insp-0001-4011911-4009858-1001.jpg, http://images.manheim.co.uk/images/units/zoom/insp-0001-4011911-4009858-1002.jpg, http://images.manheim.co.uk/images/units/zoom/insp-0001-4011911-4009858-1003.jpg, http://images.manheim.co.uk/images/units/zoom/insp-0001-4011911-4009858-1004.jpg, http://images.manheim.co.uk/images/units/zoom/insp-0001-4011911-4009858-1005.jpg, http://images.manheim.co.uk/images/units/zoom/insp-0001-4011911-4009858-1006.jpg, http://images.manheim.co.uk/images/units/zoom/insp-0001-4011911-4009858-1007.jpg, http://images.manheim.co.uk/images/units/zoom/insp-0001-4011911-4009858-1008.jpg, http://images.manheim.co.uk/images/units/zoom/insp-0001-4011911-4009858-1009.jpg, http://images.manheim.co.uk/images/units/zoom/insp-0001-4011911-4009858-1010.jpg, http://images.manheim.co.uk/images/units/zoom/insp-0001-4011911-4009858-1011.jpg, http://images.manheim.co.uk/images/units/zoom/insp-0001-4011911-4009858-1012.jpg, http://images.manheim.co.uk/images/units/zoom/insp-0001-4011911-4009858-1013.jpg, http://images.manheim.co.uk/images/units/zoom/insp-0001-4011911-4009858-1014.jpg, http://images.manheim.co.uk/images/units/zoom/insp-0001-4011911-4009858-1015.jpg, http://images.manheim.co.uk/images/units/zoom/insp-0001-4011911-4009858-1016.jpg, http://images.manheim.co.uk/images/units/zoom/insp-0001-4011911-4009858-1017.jpg, http://images.manheim.co.uk/images/units/zoom/insp-0001-4011911-4009858-1018.jpg, http://images.manheim.co.uk/images/units/zoom/insp-0001-4011911-4009858-1019.jpg, http://images.manheim.co.uk/images/units/zoom/insp-0001-4011911-4009858-1020.jpg, http://images.manheim.co.uk/images/units/zoom/insp-0001-4011911-4009858-1021.jpg, http://images.manheim.co.uk/images/units/zoom/insp-0001-4011911-4009858-1022.jpg, http://images.manheim.co.uk/images/units/zoom/insp-0001-4011911-4009858-1023.jpg, http://images.manheim.co.uk/images/units/zoom/insp-0001-4011911-4009858-1024.jpg, http://images.manheim.co.uk/images/units/zoom/insp-0001-4011911-4009858-1025.jpg, http://images.manheim.co.uk/images/units/zoom/insp-0001-4011911-4009858-1026.jpg, http://images.manheim.co.uk/images/units/zoom/insp-0001-4011911-4009858-1027.jpg, http://images.manheim.co.uk/images/units/zoom/insp-0001-4011911-4009858-1028.jpg, http://images.manheim.co.uk/images/units/zoom/insp-0001-4011911-4009858-1029.jpg, http://images.manheim.co.uk/images/units/zoom/insp-0001-4011911-4009858-1030.jpg, http://images.manheim.co.uk/images/units/zoom/insp-0001-4011911-4009858-1031.jpg, http://images.manheim.co.uk/images/units/zoom/insp-0001-4011911-4009858-1032.jpg, http://images.manheim.co.uk/images/units/zoom/insp-0001-4011911-4009858-1033.jpg, http://images.manheim.co.uk/images/units/zoom/insp-0001-4011911-4009858-1034.jpg, http://images.manheim.co.uk/images/units/zoom/insp-0001-4011911-4009858-1035.jpg, http://images.manheim.co.uk/images/units/zoom/insp-0001-4011911-4009858-1036.jpg, http://images.manheim.co.uk/images/units/zoom/insp-0001-4011911-4009858-1037.jpg, http://images.manheim.co.uk/images/units/zoom/insp-0001-4011911-4009858-1038.jpg, http://images.manheim.co.uk/images/units/zoom/insp-0001-4011911-4009858-1039.jpg, http://images.manheim.co.uk/images/units/zoom/insp-0001-4011911-4009858-1040.jpg, http://images.manheim.co.uk/images/units/zoom/insp-0001-4011911-4009858-1041.jpg",http://ecr.manheim.co.uk/pdf/MOL-0004011911-01994039-003.pdf,2,4,09/02/2015,9734,"27/02/2018, 11/04/2017, 08/02/2016, 09/02/2015","43719, 29287, 19270, 9734","S G PETCH DURHAM, S G PETCH DURHAM, ARNOLD CLARK SEAT, WESTERN SEAT NEWCASTLE","Book, Book, Book, Book",,Mar-26,SEAT,LEON,1.4 TSI FR 5dr [Technology Pack],0,19/12/2025, 
NJ69XCE,"MERCEDES-BENZ
C CLASS
C200d SE 4dr",SIMULCAST AND PHYSICAL - ...,Manual,Diesel,1.6,4.0,£11300,£10200,£13950,3,SaloonGRADE 3CP GREENSC SilverView Report,CP GREEN,2019,Sep 2019,56810,GREY,GREY,Metallic,BLACK,LEATHER,5,2,Copy with Manheim,Margin,No,No,No,LSH Auto Group,Manchester,"6 Speed, Air Conditioning, Auto Climate Control, Bluetooth, DAB, Dual Zone Climate, Front Parking Sensors, Full Leather Trim, Heated Seats, Media Connectivity, Rear Parking Sensors, Reversing camera, Sat Nav Functioning, CO2: 113",COPY OF FRONT PAGE OF V5 ONLY,"£11,200",https://www.manheim.co.uk/nama,"http://images.manheim.co.uk/images/units/zoom/b8874014-79f1-435f-a01f-ebd22c0e129a_ext_7.jpg, http://images.manheim.co.uk/images/units/zoom/b8874014-79f1-435f-a01f-ebd22c0e129a_ext_6.jpg, http://images.manheim.co.uk/images/units/zoom/b8874014-79f1-435f-a01f-ebd22c0e129a_ext_1.jpg, http://images.manheim.co.uk/images/units/zoom/b8874014-79f1-435f-a01f-ebd22c0e129a_5.jpg, http://images.manheim.co.uk/images/units/zoom/b8874014-79f1-435f-a01f-ebd22c0e129a_4.jpg, http://images.manheim.co.uk/images/units/zoom/b8874014-79f1-435f-a01f-ebd22c0e129a_11.jpg, http://images.manheim.co.uk/images/units/zoom/b8874014-79f1-435f-a01f-ebd22c0e129a_10.jpg, http://images.manheim.co.uk/images/units/zoom/b8874014-79f1-435f-a01f-ebd22c0e129a_9.jpg, http://images.manheim.co.uk/images/units/zoom/b8874014-79f1-435f-a01f-ebd22c0e129a_ext_2.jpg, http://images.manheim.co.uk/images/units/zoom/b8874014-79f1-435f-a01f-ebd22c0e129a_ext_5.jpg, http://images.manheim.co.uk/images/units/zoom/b8874014-79f1-435f-a01f-ebd22c0e129a_ext_3.jpg, http://images.manheim.co.uk/images/units/zoom/b8874014-79f1-435f-a01f-ebd22c0e129a_ext_4.jpg, http://images.manheim.co.uk/images/units/zoom/insp-0001-3997801-3993240-13.jpg, http://images.manheim.co.uk/images/units/zoom/insp-0001-3997801-3993240-1000.jpg, http://images.manheim.co.uk/images/units/zoom/insp-0001-3997801-3993240-1001.jpg, http://images.manheim.co.uk/images/units/zoom/insp-0001-3997801-3993240-1002.jpg, http://images.manheim.co.uk/images/units/zoom/insp-0001-3997801-3993240-1003.jpg, http://images.manheim.co.uk/images/units/zoom/insp-0001-3997801-3993240-1004.jpg, http://images.manheim.co.uk/images/units/zoom/insp-0001-3997801-3993240-1005.jpg, http://images.manheim.co.uk/images/units/zoom/insp-0001-3997801-3993240-1006.jpg, http://images.manheim.co.uk/images/units/zoom/insp-0001-3997801-3993240-1007.jpg, http://images.manheim.co.uk/images/units/zoom/insp-0001-3997801-3993240-1008.jpg, http://images.manheim.co.uk/images/units/zoom/insp-0001-3997801-3993240-1009.jpg, http://images.manheim.co.uk/images/units/zoom/insp-0001-3997801-3993240-1010.jpg, http://images.manheim.co.uk/images/units/zoom/insp-0001-3997801-3993240-1011.jpg",http://ecr.manheim.co.uk/pdf/MOL-0003997801-01978492-002.pdf,2,0,,,,,,,,Nov-26,MERCEDES-BENZ,C CLASS,C200d SE 4dr,0,18/12/2025, 
NK18YVV,"SUZUKI
CELERIO
1.0 SZ3 5dr","Available Car, Pulman Gro...",Manual,Petrol,1.0,5.0,£3425,£2900,£4925,4,HatchbackGRADE 4CP GREENSC SilverView Report,CP GREEN,2018,Mar 2018,40619,RED,RED,Metallic,BLACK,CLOTH,5,2,With Manheim,Margin,No,No,No,Vic Young MG,Washington,"Air Conditioning, Bluetooth, DAB, Media Connectivity, Radio CD, CO2: 99",,"£3,500",https://www.manheim.co.uk/nama,"http://images.manheim.co.uk/images/units/zoom/4018152-9999999-346125632-004.jpg, http://images.manheim.co.uk/images/units/zoom/4018152-9999999-346125632-008.jpg, http://images.manheim.co.uk/images/units/zoom/4018152-9999999-346125632-001.jpg, http://images.manheim.co.uk/images/units/zoom/4018152-9999999-346125632-002.jpg, http://images.manheim.co.uk/images/units/zoom/4018152-9999999-346125632-003.jpg, http://images.manheim.co.uk/images/units/zoom/4018152-9999999-346125632-005.jpg, http://images.manheim.co.uk/images/units/zoom/4018152-9999999-346125632-006.jpg, http://images.manheim.co.uk/images/units/zoom/4018152-9999999-346125632-007.jpg, http://images.manheim.co.uk/images/units/zoom/4018152-9999999-346125632-009.jpg, http://images.manheim.co.uk/images/units/zoom/4018152-9999999-346125632-010.jpg, http://images.manheim.co.uk/images/units/zoom/4018152-9999999-346125632-011.jpg, http://images.manheim.co.uk/images/units/zoom/4018152-9999999-346125632-012.jpg, http://images.manheim.co.uk/images/units/zoom/insp-0001-4018152-4018007-13.jpg, http://images.manheim.co.uk/images/units/zoom/insp-0001-4018152-4018007-1000.jpg, http://images.manheim.co.uk/images/units/zoom/insp-0001-4018152-4018007-1001.jpg, http://images.manheim.co.uk/images/units/zoom/insp-0001-4018152-4018007-1002.jpg, http://images.manheim.co.uk/images/units/zoom/insp-0001-4018152-4018007-1003.jpg, http://images.manheim.co.uk/images/units/zoom/insp-0001-4018152-4018007-1004.jpg, http://images.manheim.co.uk/images/units/zoom/insp-0001-4018152-4018007-1005.jpg, http://images.manheim.co.uk/images/units/zoom/insp-0001-4018152-4018007-1006.jpg, http://images.manheim.co.uk/images/units/zoom/insp-0001-4018152-4018007-1007.jpg, http://images.manheim.co.uk/images/units/zoom/insp-0001-4018152-4018007-1008.jpg, http://images.manheim.co.uk/images/units/zoom/insp-0001-4018152-4018007-1009.jpg, http://images.manheim.co.uk/images/units/zoom/insp-0001-4018152-4018007-1010.jpg, http://images.manheim.co.uk/images/units/zoom/insp-0001-4018152-4018007-1011.jpg, http://images.manheim.co.uk/images/units/zoom/insp-0001-4018152-4018007-1012.jpg",http://ecr.manheim.co.uk/pdf/MOL-0004018152-02000128-003.pdf,2,2,20/03/2024,28712,"14/03/2025, 20/03/2024","36236, 28712","PRESTIGE AND SPECIALIST SERVICING BY DAVID JAMES LTD, SHERWOODS GATESHEAD","Book, Book",,Mar-26,SUZUKI,CELERIO,1.0 SZ3 5dr,0,19/12/2025, 
NK23WZG,"SUZUKI
S-CROSS
1.4 Boosterjet 48V Hybrid Motion 5dr",Lane 1 - D M Keith / Sytn...,Manual,Petrol/Hybrid,1.4,5.0,£12150,£10950,£14550,3,HatchbackGRADE 3CP GREENSC SilverView Report,CP GREEN,2023,Jun 2023,17847,BLACK,BLACK,Metallic,BLACK,CLOTH,5,2,With Manheim,Margin,No,No,No,Lloyd Motor Group,Leeds,"6 Speed, Air Conditioning, Automatic Lights, Automatic Wipers, Bluetooth, Cruise Control, DAB, Front Parking Sensors, Media Connectivity, CO2: 120","6 Speed Manual, Heated Seats, Adaptive Cruise, Bluetooth, Radio, Dual Zone Climate Control, Auto Wipers, Auto Lights, Parking Sensors, Keyless entry, Keyless Start, Power Fold Mirrors","£10,650",https://www.manheim.co.uk/nama,"http://images.manheim.co.uk/images/units/zoom/44e14a03-9d47-44f6-9f31-08503781d575_ext_7.jpg, http://images.manheim.co.uk/images/units/zoom/44e14a03-9d47-44f6-9f31-08503781d575_ext_6.jpg, http://images.manheim.co.uk/images/units/zoom/44e14a03-9d47-44f6-9f31-08503781d575_ext_1.jpg, http://images.manheim.co.uk/images/units/zoom/44e14a03-9d47-44f6-9f31-08503781d575_5.jpg, http://images.manheim.co.uk/images/units/zoom/44e14a03-9d47-44f6-9f31-08503781d575_4.jpg, http://images.manheim.co.uk/images/units/zoom/44e14a03-9d47-44f6-9f31-08503781d575_11.jpg, http://images.manheim.co.uk/images/units/zoom/44e14a03-9d47-44f6-9f31-08503781d575_10.jpg, http://images.manheim.co.uk/images/units/zoom/44e14a03-9d47-44f6-9f31-08503781d575_9.jpg, http://images.manheim.co.uk/images/units/zoom/44e14a03-9d47-44f6-9f31-08503781d575_ext_2.jpg, http://images.manheim.co.uk/images/units/zoom/44e14a03-9d47-44f6-9f31-08503781d575_ext_5.jpg, http://images.manheim.co.uk/images/units/zoom/44e14a03-9d47-44f6-9f31-08503781d575_ext_3.jpg, http://images.manheim.co.uk/images/units/zoom/44e14a03-9d47-44f6-9f31-08503781d575_ext_4.jpg, http://images.manheim.co.uk/images/units/zoom/insp-0001-3975142-3970523-13.jpg, http://images.manheim.co.uk/images/units/zoom/insp-0001-3975142-3970523-1000.jpg, http://images.manheim.co.uk/images/units/zoom/insp-0001-3975142-3970523-1001.jpg, http://images.manheim.co.uk/images/units/zoom/insp-0001-3975142-3970523-1002.jpg, http://images.manheim.co.uk/images/units/zoom/insp-0001-3975142-3970523-1003.jpg, http://images.manheim.co.uk/images/units/zoom/insp-0001-3975142-3970523-1004.jpg, http://images.manheim.co.uk/images/units/zoom/insp-0001-3975142-3970523-1005.jpg, http://images.manheim.co.uk/images/units/zoom/insp-0001-3975142-3970523-1006.jpg, http://images.manheim.co.uk/images/units/zoom/insp-0001-3975142-3970523-1007.jpg",http://ecr.manheim.co.uk/pdf/MOL-0003975142-01956308-006.pdf,1,1,30/07/2024,7885,30/07/2024,7885,Blackshaws Garage Ltd,Book,,Jun-26,SUZUKI,S-CROSS,1.4 Boosterjet 48V Hybrid Motion 5dr,0,07/01/2026, 
NL15YXX,"FIAT
500X
1.4 Multiair Pop Star 5dr","Available Car, Pulman Gro...",Manual,Petrol,1.4,5.0,£2300,£1850,£3900,4,HatchbackGRADE 4CP GREENSC SilverView Report,CP GREEN,2015,Apr 2015,111773,GREY,GREY,Solid,BLACK,Part Leather,5,2,With Manheim,Margin,No,No,No,S G Petch,Washington,"6 Speed, Air Conditioning, Auto Climate Control, Aux In, Bluetooth, Cruise Control, Dual Zone Climate, Media Connectivity, Rear Parking Sensors, Reversing camera, CO2: 139",,"£3,000",https://www.manheim.co.uk/nama,"http://images.manheim.co.uk/images/units/zoom/4017564-9999999-346095526-004.jpg, http://images.manheim.co.uk/images/units/zoom/4017564-9999999-346095526-008.jpg, http://images.manheim.co.uk/images/units/zoom/4017564-9999999-346095526-001.jpg, http://images.manheim.co.uk/images/units/zoom/4017564-9999999-346095526-002.jpg, http://images.manheim.co.uk/images/units/zoom/4017564-9999999-346095526-003.jpg, http://images.manheim.co.uk/images/units/zoom/4017564-9999999-346095526-005.jpg, http://images.manheim.co.uk/images/units/zoom/4017564-9999999-346095526-006.jpg, http://images.manheim.co.uk/images/units/zoom/4017564-9999999-346095526-007.jpg, http://images.manheim.co.uk/images/units/zoom/4017564-9999999-346095526-009.jpg, http://images.manheim.co.uk/images/units/zoom/4017564-9999999-346095526-010.jpg, http://images.manheim.co.uk/images/units/zoom/4017564-9999999-346095526-011.jpg, http://images.manheim.co.uk/images/units/zoom/4017564-9999999-346095526-012.jpg, http://images.manheim.co.uk/images/units/zoom/insp-0001-4017564-4017430-13.jpg, http://images.manheim.co.uk/images/units/zoom/insp-0001-4017564-4017430-1000.jpg, http://images.manheim.co.uk/images/units/zoom/insp-0001-4017564-4017430-1001.jpg, http://images.manheim.co.uk/images/units/zoom/insp-0001-4017564-4017430-1002.jpg, http://images.manheim.co.uk/images/units/zoom/insp-0001-4017564-4017430-1003.jpg, http://images.manheim.co.uk/images/units/zoom/insp-0001-4017564-4017430-1004.jpg, http://images.manheim.co.uk/images/units/zoom/insp-0001-4017564-4017430-1005.jpg, http://images.manheim.co.uk/images/units/zoom/insp-0001-4017564-4017430-1006.jpg, http://images.manheim.co.uk/images/units/zoom/insp-0001-4017564-4017430-1007.jpg, http://images.manheim.co.uk/images/units/zoom/insp-0001-4017564-4017430-1008.jpg, http://images.manheim.co.uk/images/units/zoom/insp-0001-4017564-4017430-1009.jpg, http://images.manheim.co.uk/images/units/zoom/insp-0001-4017564-4017430-1010.jpg, http://images.manheim.co.uk/images/units/zoom/insp-0001-4017564-4017430-1011.jpg, http://images.manheim.co.uk/images/units/zoom/insp-0001-4017564-4017430-1012.jpg, http://images.manheim.co.uk/images/units/zoom/insp-0001-4017564-4017430-1013.jpg, http://images.manheim.co.uk/images/units/zoom/insp-0001-4017564-4017430-1014.jpg, http://images.manheim.co.uk/images/units/zoom/insp-0001-4017564-4017430-1015.jpg, http://images.manheim.co.uk/images/units/zoom/insp-0001-4017564-4017430-1016.jpg, http://images.manheim.co.uk/images/units/zoom/insp-0001-4017564-4017430-1017.jpg, http://images.manheim.co.uk/images/units/zoom/insp-0001-4017564-4017430-1018.jpg, http://images.manheim.co.uk/images/units/zoom/insp-0001-4017564-4017430-1019.jpg, http://images.manheim.co.uk/images/units/zoom/insp-0001-4017564-4017430-1020.jpg, http://images.manheim.co.uk/images/units/zoom/insp-0001-4017564-4017430-1021.jpg",http://ecr.manheim.co.uk/pdf/MOL-0004017564-01999850-003.pdf,5,6,22/04/2016,13284,"26/02/2024, 29/06/2023, 18/11/2019, 19/02/2018, 26/06/2017, 22/04/2016","87144, 77068, 43855, 37252, 31580, 13284","WILLIAMS CAR & COMMERCIAL, SG PETCH MIDDLESBROUGH, SG PETCH MIDDLESBROUGH, SG PETCH MIDDLESBROUGH, R BRAMLEY & SON RICHMOND, GMD CAR SALES","Book, Book, Book, Book, Book, Book",,Mar-26,FIAT,500X,1.4 Multiair Pop Star 5dr,0,19/12/2025, 
NL18LKM,"KIA
PICANTO
1.25 GT-line S 5dr","Available Car, Pulman Gro...",Manual,Petrol,1.2,5.0,£7025,£6100,£8725,3,HatchbackGRADE 3CP GREENSC SilverView Report,CP GREEN,2018,Mar 2018,44430,SILVER,SILVER,Metallic,BLACK,LEATHER,5,2,With Manheim,Margin,No,No,No,SG Petch Group Direct,Washington,"Automatic Lights, Aux In, Bluetooth, Cruise Control, DAB, Full Leather Trim, Heated Seats, Media Connectivity, Rear Parking Sensors, Reversing camera, Sat Nav Functioning, Traction Control, CO2: 106",,"£6,498",https://www.manheim.co.uk/nama,"http://images.manheim.co.uk/images/units/zoom/4010636-9999999-339091735-004.jpg, http://images.manheim.co.uk/images/units/zoom/4010636-9999999-339091735-008.jpg, http://images.manheim.co.uk/images/units/zoom/4010636-9999999-339091735-001.jpg, http://images.manheim.co.uk/images/units/zoom/4010636-9999999-339091735-002.jpg, http://images.manheim.co.uk/images/units/zoom/4010636-9999999-339091735-003.jpg, http://images.manheim.co.uk/images/units/zoom/4010636-9999999-339091735-005.jpg, http://images.manheim.co.uk/images/units/zoom/4010636-9999999-339091735-006.jpg, http://images.manheim.co.uk/images/units/zoom/4010636-9999999-339091735-007.jpg, http://images.manheim.co.uk/images/units/zoom/4010636-9999999-339091735-009.jpg, http://images.manheim.co.uk/images/units/zoom/4010636-9999999-339091735-010.jpg, http://images.manheim.co.uk/images/units/zoom/4010636-9999999-339091735-011.jpg, http://images.manheim.co.uk/images/units/zoom/4010636-9999999-339091735-012.jpg, http://images.manheim.co.uk/images/units/zoom/insp-0001-4010636-4009128-13.jpg, http://images.manheim.co.uk/images/units/zoom/insp-0001-4010636-4009128-1000.jpg, http://images.manheim.co.uk/images/units/zoom/insp-0001-4010636-4009128-1001.jpg, http://images.manheim.co.uk/images/units/zoom/insp-0001-4010636-4009128-1002.jpg, http://images.manheim.co.uk/images/units/zoom/insp-0001-4010636-4009128-1003.jpg, http://images.manheim.co.uk/images/units/zoom/insp-0001-4010636-4009128-1004.jpg, http://images.manheim.co.uk/images/units/zoom/insp-0001-4010636-4009128-1005.jpg, http://images.manheim.co.uk/images/units/zoom/insp-0001-4010636-4009128-1006.jpg, http://images.manheim.co.uk/images/units/zoom/insp-0001-4010636-4009128-1007.jpg, http://images.manheim.co.uk/images/units/zoom/insp-0001-4010636-4009128-1008.jpg, http://images.manheim.co.uk/images/units/zoom/insp-0001-4010636-4009128-1009.jpg, http://images.manheim.co.uk/images/units/zoom/insp-0001-4010636-4009128-1010.jpg, http://images.manheim.co.uk/images/units/zoom/insp-0001-4010636-4009128-1011.jpg, http://images.manheim.co.uk/images/units/zoom/insp-0001-4010636-4009128-1012.jpg, http://images.manheim.co.uk/images/units/zoom/insp-0001-4010636-4009128-1013.jpg, http://images.manheim.co.uk/images/units/zoom/insp-0001-4010636-4009128-1014.jpg, http://images.manheim.co.uk/images/units/zoom/insp-0001-4010636-4009128-1015.jpg, http://images.manheim.co.uk/images/units/zoom/insp-0001-4010636-4009128-1016.jpg, http://images.manheim.co.uk/images/units/zoom/insp-0001-4010636-4009128-1017.jpg, http://images.manheim.co.uk/images/units/zoom/insp-0001-4010636-4009128-1018.jpg",http://ecr.manheim.co.uk/pdf/MOL-0004010636-01992739-002.pdf,1,7,18/03/2019,9234,"25/03/2025, 12/04/2024, 25/03/2023, 22/03/2022, 29/03/2021, 23/06/2020, 18/03/2019","42326, 37909, 32130, 27091, 22248, 19745, 9234","SG PETCH SUNDERLAND, SG PETCH SUNDERLAND, LOOKERS KIA NEWCASTLE, LOOKERS KIA NEWCASTLE, LOOKERS KIA NEWCASTLE, LOOKERS KIA NEWCASTLE, LOOKERS KIA SUNDERLAND","Book, Book, Book, Book, Book, Book, Book",,Mar-26,KIA,PICANTO,1.25 GT-line S 5dr,0,19/12/2025, 
NL72GEY,"CITROEN
C5 AIRCROSS
1.2 PureTech Shine 5dr",Lane 2 - Available Car / ...,Manual,Petrol,1.2,5.0,£14700,£13450,£17100,2,HatchbackGRADE 2CP GREENSC SilverView Report,CP GREEN,2022,Sep 2022,20578,WHITE,WHITE,Metallic,BLACK,Part Leather,5,1,With Manheim,Margin,No,No,No,Lloyd Motor Group,Leeds,"6 Speed, Air Conditioning, Auto Climate Control, Automatic Lights, Automatic Wipers, Bluetooth, Cruise Control, DAB, Dual Zone Climate, Front Parking Sensors, Part Leather, Privacy Glass, Rear Parking Sensors, Reversing camera, Sat Nav Functioning, CO2: 141","Alloys, Nav, Rear Camera, Cruise","£14,000",https://www.manheim.co.uk/nama,"http://images.manheim.co.uk/images/units/zoom/1adaabe1-cf89-4647-9c50-d67dc389ac3d_ext_7.jpg, http://images.manheim.co.uk/images/units/zoom/1adaabe1-cf89-4647-9c50-d67dc389ac3d_ext_6.jpg, http://images.manheim.co.uk/images/units/zoom/1adaabe1-cf89-4647-9c50-d67dc389ac3d_ext_1.jpg, http://images.manheim.co.uk/images/units/zoom/1adaabe1-cf89-4647-9c50-d67dc389ac3d_5.jpg, http://images.manheim.co.uk/images/units/zoom/1adaabe1-cf89-4647-9c50-d67dc389ac3d_4.jpg, http://images.manheim.co.uk/images/units/zoom/1adaabe1-cf89-4647-9c50-d67dc389ac3d_11.jpg, http://images.manheim.co.uk/images/units/zoom/1adaabe1-cf89-4647-9c50-d67dc389ac3d_10.jpg, http://images.manheim.co.uk/images/units/zoom/1adaabe1-cf89-4647-9c50-d67dc389ac3d_9.jpg, http://images.manheim.co.uk/images/units/zoom/1adaabe1-cf89-4647-9c50-d67dc389ac3d_ext_2.jpg, http://images.manheim.co.uk/images/units/zoom/1adaabe1-cf89-4647-9c50-d67dc389ac3d_ext_5.jpg, http://images.manheim.co.uk/images/units/zoom/1adaabe1-cf89-4647-9c50-d67dc389ac3d_ext_3.jpg, http://images.manheim.co.uk/images/units/zoom/1adaabe1-cf89-4647-9c50-d67dc389ac3d_ext_4.jpg, http://images.manheim.co.uk/images/units/zoom/insp-0001-4011755-4016645-13.jpg, http://images.manheim.co.uk/images/units/zoom/insp-0001-4011755-4016645-1000.jpg, http://images.manheim.co.uk/images/units/zoom/insp-0001-4011755-4016645-1001.jpg, http://images.manheim.co.uk/images/units/zoom/insp-0001-4011755-4016645-1002.jpg, http://images.manheim.co.uk/images/units/zoom/insp-0001-4011755-4016645-1003.jpg, http://images.manheim.co.uk/images/units/zoom/insp-0001-4011755-4016645-1004.jpg, http://images.manheim.co.uk/images/units/zoom/insp-0001-4011755-4016645-1005.jpg, http://images.manheim.co.uk/images/units/zoom/insp-0001-4011755-4016645-1006.jpg, http://images.manheim.co.uk/images/units/zoom/insp-0001-4011755-4016645-1007.jpg, http://images.manheim.co.uk/images/units/zoom/insp-0001-4011755-4016645-1008.jpg",http://ecr.manheim.co.uk/pdf/MOL-0004011755-01993852-001.pdf,2,3,09/10/2023,5052,"23/09/2025, 25/09/2024, 09/10/2023","19197, 12435, 5052","Allingtons Motor Group, Allingtons Motor Group, Allingtons Motor Group","Book, Book, Book",,Sep-26,CITROEN,C5 AIRCROSS,1.2 PureTech Shine 5dr,0,05/01/2026, 
NU72YGT,"KIA
NIRO
150kW 2 65kWh 5dr Auto",SIMULCAST AND PHYSICAL - ...,Automatic,Electric,,,£15450,£14100,£17850,2,,CP GREEN,2022,Nov 2022,28407,BLUE,BLUE,Metallic,BLACK,CLOTH,5,2,With Manheim,Qualifying,No,No,No,Santander Consumer,Manchester,"Air Conditioning, Automatic Lights, Bluetooth, Cruise Control, DAB, Dual Zone Climate, Media Connectivity, Rear Parking Sensors, Reversing camera, Traction Control, CO2: 0",,"£15,450",https://www.manheim.co.uk/nama,"http://images.manheim.co.uk/images/units/zoom/daebc293-5f35-471e-a29c-8898a7cb63e1_ext_7.jpg, http://images.manheim.co.uk/images/units/zoom/daebc293-5f35-471e-a29c-8898a7cb63e1_ext_6.jpg, http://images.manheim.co.uk/images/units/zoom/daebc293-5f35-471e-a29c-8898a7cb63e1_ext_1.jpg, http://images.manheim.co.uk/images/units/zoom/daebc293-5f35-471e-a29c-8898a7cb63e1_5.jpg, http://images.manheim.co.uk/images/units/zoom/daebc293-5f35-471e-a29c-8898a7cb63e1_4.jpg, http://images.manheim.co.uk/images/units/zoom/daebc293-5f35-471e-a29c-8898a7cb63e1_11.jpg, http://images.manheim.co.uk/images/units/zoom/daebc293-5f35-471e-a29c-8898a7cb63e1_10.jpg, http://images.manheim.co.uk/images/units/zoom/daebc293-5f35-471e-a29c-8898a7cb63e1_9.jpg, http://images.manheim.co.uk/images/units/zoom/daebc293-5f35-471e-a29c-8898a7cb63e1_ext_2.jpg, http://images.manheim.co.uk/images/units/zoom/daebc293-5f35-471e-a29c-8898a7cb63e1_ext_5.jpg, http://images.manheim.co.uk/images/units/zoom/daebc293-5f35-471e-a29c-8898a7cb63e1_ext_3.jpg, http://images.manheim.co.uk/images/units/zoom/daebc293-5f35-471e-a29c-8898a7cb63e1_ext_4.jpg, http://images.manheim.co.uk/images/units/zoom/insp-0001-4003518-4002380-13.jpg, http://images.manheim.co.uk/images/units/zoom/insp-0001-4003518-4002380-1000.jpg, http://images.manheim.co.uk/images/units/zoom/insp-0001-4003518-4002380-1001.jpg, http://images.manheim.co.uk/images/units/zoom/insp-0001-4003518-4002380-1002.jpg, http://images.manheim.co.uk/images/units/zoom/insp-0001-4003518-4002380-1003.jpg, http://images.manheim.co.uk/images/units/zoom/insp-0001-4003518-4002380-1004.jpg, http://images.manheim.co.uk/images/units/zoom/insp-0001-4003518-4002380-1005.jpg, http://images.manheim.co.uk/images/units/zoom/insp-0001-4003518-4002380-1006.jpg",http://ecr.manheim.co.uk/pdf/MOL-0004003518-01985140-003.pdf,1,0,,,,,,,,,KIA,NIRO,150kW 2 65kWh 5dr Auto,0,18/12/2025, 
NV20MVC,"VOLVO
XC60
2.0 B4D Inscription Pro 5dr AWD Geartronic",Lane 2 - Available Car / ...,Automatic,Diesel,2.0,5.0,£18150,£16800,£21000,2,EstateGRADE 2CP GREENSC SilverView Report,CP GREEN,2020,Jun 2020,92551,BLACK,BLACK,Solid,BLACK,VINYL,5,1,With Manheim,Margin,No,No,No,Lloyd Motor Group,Leeds,"Air Conditioning, Auto Climate Control, Automatic Lights, Bluetooth, Cruise Control, DAB, Dual Zone Climate, Electric Sun Roof, Front Parking Sensors, Heated Seats, Rear Parking Sensors, Reversing camera, Sat Nav Functioning, CO2: 170","""20 Diamond Turned wheels
Privacy Glass
Pan Roof""

Both keys do not lock doors remotely. Had to use blade but only locks passenger door.","£17,500",https://www.manheim.co.uk/nama,"http://images.manheim.co.uk/images/units/zoom/4f55ffae-fb5d-4803-ba94-83e5e97d7b23_ext_7.jpg, http://images.manheim.co.uk/images/units/zoom/4f55ffae-fb5d-4803-ba94-83e5e97d7b23_ext_6.jpg, http://images.manheim.co.uk/images/units/zoom/4f55ffae-fb5d-4803-ba94-83e5e97d7b23_ext_1.jpg, http://images.manheim.co.uk/images/units/zoom/4f55ffae-fb5d-4803-ba94-83e5e97d7b23_5.jpg, http://images.manheim.co.uk/images/units/zoom/4f55ffae-fb5d-4803-ba94-83e5e97d7b23_4.jpg, http://images.manheim.co.uk/images/units/zoom/4f55ffae-fb5d-4803-ba94-83e5e97d7b23_11.jpg, http://images.manheim.co.uk/images/units/zoom/4f55ffae-fb5d-4803-ba94-83e5e97d7b23_10.jpg, http://images.manheim.co.uk/images/units/zoom/4f55ffae-fb5d-4803-ba94-83e5e97d7b23_9.jpg, http://images.manheim.co.uk/images/units/zoom/4f55ffae-fb5d-4803-ba94-83e5e97d7b23_ext_2.jpg, http://images.manheim.co.uk/images/units/zoom/4f55ffae-fb5d-4803-ba94-83e5e97d7b23_ext_5.jpg, http://images.manheim.co.uk/images/units/zoom/4f55ffae-fb5d-4803-ba94-83e5e97d7b23_ext_3.jpg, http://images.manheim.co.uk/images/units/zoom/4f55ffae-fb5d-4803-ba94-83e5e97d7b23_ext_4.jpg, http://images.manheim.co.uk/images/units/zoom/insp-0001-3997666-4002080-13.jpg, http://images.manheim.co.uk/images/units/zoom/insp-0001-3997666-4002080-1000.jpg, http://images.manheim.co.uk/images/units/zoom/insp-0001-3997666-4002080-1001.jpg, http://images.manheim.co.uk/images/units/zoom/insp-0001-3997666-4002080-1002.jpg, http://images.manheim.co.uk/images/units/zoom/insp-0001-3997666-4002080-1003.jpg, http://images.manheim.co.uk/images/units/zoom/insp-0001-3997666-4002080-1004.jpg, http://images.manheim.co.uk/images/units/zoom/insp-0001-3997666-4002080-1005.jpg, http://images.manheim.co.uk/images/units/zoom/insp-0001-3997666-4002080-1006.jpg",http://ecr.manheim.co.uk/pdf/MOL-0003997666-01978336-002.pdf,1,5,02/06/2021,17159,"19/05/2025, 10/06/2024, 02/06/2023, 30/05/2022, 02/06/2021","82392, 63423, 44611, 27166, 17159","Stoneacre Volvo Harrogate, Stoneacre Volvo Harrogate, Stoneacre Volvo Harrogate, Stoneacre Volvo Harrogate, Mill Service Harrogate","Book, Book, Book, Book, Book",,Jun-26,VOLVO,XC60,2.0 B4D Inscription Pro 5dr AWD Geartronic,0,05/01/2026, 
NX17OJA,"KIA
CEED
1.4 SR7 5dr","Available Car, Pulman Gro...",Manual,Petrol,1.4,5.0,£2950,£2475,£4675,4,HatchbackGRADE 4CP GREENSC SilverView Report,CP GREEN,2017,Mar 2017,110207,BLACK,BLACK,Metallic,BLACK,CLOTH,5,2,With Manheim,Margin,No,No,No,S G Petch,Washington,"6 Speed, Air Conditioning, Automatic Lights, Aux In, Bluetooth, Media Connectivity, Radio CD, Rear Parking Sensors, Traction Control, CO2: 138",,"£2,250",https://www.manheim.co.uk/nama,"http://images.manheim.co.uk/images/units/zoom/3997723-9999999-323143231-004.jpg, http://images.manheim.co.uk/images/units/zoom/3997723-9999999-323143231-008.jpg, http://images.manheim.co.uk/images/units/zoom/3997723-9999999-323143231-001.jpg, http://images.manheim.co.uk/images/units/zoom/3997723-9999999-323143231-002.jpg, http://images.manheim.co.uk/images/units/zoom/3997723-9999999-323143231-003.jpg, http://images.manheim.co.uk/images/units/zoom/3997723-9999999-323143231-005.jpg, http://images.manheim.co.uk/images/units/zoom/3997723-9999999-323143231-006.jpg, http://images.manheim.co.uk/images/units/zoom/3997723-9999999-323143231-007.jpg, http://images.manheim.co.uk/images/units/zoom/3997723-9999999-323143231-009.jpg, http://images.manheim.co.uk/images/units/zoom/3997723-9999999-323143231-010.jpg, http://images.manheim.co.uk/images/units/zoom/3997723-9999999-323143231-011.jpg, http://images.manheim.co.uk/images/units/zoom/3997723-9999999-323143231-012.jpg, http://images.manheim.co.uk/images/units/zoom/insp-0001-3997723-3990387-13.jpg, http://images.manheim.co.uk/images/units/zoom/insp-0001-3997723-3990387-1000.jpg, http://images.manheim.co.uk/images/units/zoom/insp-0001-3997723-3990387-1001.jpg, http://images.manheim.co.uk/images/units/zoom/insp-0001-3997723-3990387-1002.jpg, http://images.manheim.co.uk/images/units/zoom/insp-0001-3997723-3990387-1003.jpg, http://images.manheim.co.uk/images/units/zoom/insp-0001-3997723-3990387-1004.jpg, http://images.manheim.co.uk/images/units/zoom/insp-0001-3997723-3990387-1005.jpg, http://images.manheim.co.uk/images/units/zoom/insp-0001-3997723-3990387-1006.jpg, http://images.manheim.co.uk/images/units/zoom/insp-0001-3997723-3990387-1007.jpg, http://images.manheim.co.uk/images/units/zoom/insp-0001-3997723-3990387-1008.jpg, http://images.manheim.co.uk/images/units/zoom/insp-0001-3997723-3990387-1009.jpg, http://images.manheim.co.uk/images/units/zoom/insp-0001-3997723-3990387-1010.jpg, http://images.manheim.co.uk/images/units/zoom/insp-0001-3997723-3990387-1011.jpg, http://images.manheim.co.uk/images/units/zoom/insp-0001-3997723-3990387-1012.jpg, http://images.manheim.co.uk/images/units/zoom/insp-0001-3997723-3990387-1013.jpg",http://ecr.manheim.co.uk/pdf/MOL-0003997723-01978389-003.pdf,2,11,17/08/2017,10288,"08/08/2025, 11/10/2024, 11/10/2023, 11/10/2022, 15/09/2021, 04/11/2020, 06/03/2020, 17/07/2019, 07/08/2018, 26/03/2018, 17/08/2017","107123, 97079, 87098, 80022, 70874, 59317, 49158, 39010, 29087, 20813, 10288","CATTERICK SERVICE STATION, CATTERICK SERVICE STATION, SG PETCH RICHMOND, SG PETCH RICHMOND, SG PETCH RICHMOND, SG PETCH RICHMOND, SG PETCH RICHMOND, SG PETCH RICHMOND, SG PETCH DARLINGTON, JENNINGS KIA STOCKTON, JENNINGS KIA STOCKTON","Book, Book, Book, Book, Book, Book, Book, Book, Book, Book, Book",,Mar-26,KIA,CEED,1.4 SR7 5dr,0,19/12/2025, 
NY16EWF,"KIA
SPORTAGE
2.0 CRDi GT-Line 5dr [AWD]","Available Car, Pulman Gro...",Manual,Diesel,2.0,5.0,£5900,£5150,£8095,2,EstateGRADE 2CP GREENSC SilverView Report,CP GREEN,2016,Jun 2016,93102,WHITE,WHITE,Solid,,LEATHER,5,2,With Manheim,Margin,No,No,No,S G Petch,Washington,"6 Speed, Air Conditioning, Auto Climate Control, Automatic Lights, Automatic Wipers, Bluetooth, Cruise Control, DAB, Dual Zone Climate, Front Parking Sensors, Full Leather Trim, Heated Seats, Media Connectivity, Rear Parking Sensors, Reversing camera, Sat Nav Functioning, Traction Control, CO2: 139",,"£6,350",https://www.manheim.co.uk/nama,"http://images.manheim.co.uk/images/units/zoom/4011961-9999999-345130936-004.jpg, http://images.manheim.co.uk/images/units/zoom/4011961-9999999-345130936-008.jpg, http://images.manheim.co.uk/images/units/zoom/4011961-9999999-345130936-001.jpg, http://images.manheim.co.uk/images/units/zoom/4011961-9999999-345130936-002.jpg, http://images.manheim.co.uk/images/units/zoom/4011961-9999999-345130936-003.jpg, http://images.manheim.co.uk/images/units/zoom/4011961-9999999-345130936-005.jpg, http://images.manheim.co.uk/images/units/zoom/4011961-9999999-345130936-006.jpg, http://images.manheim.co.uk/images/units/zoom/4011961-9999999-345130936-007.jpg, http://images.manheim.co.uk/images/units/zoom/4011961-9999999-345130936-009.jpg, http://images.manheim.co.uk/images/units/zoom/4011961-9999999-345130936-010.jpg, http://images.manheim.co.uk/images/units/zoom/4011961-9999999-345130936-011.jpg, http://images.manheim.co.uk/images/units/zoom/4011961-9999999-345130936-012.jpg, http://images.manheim.co.uk/images/units/zoom/insp-0001-4011961-4016255-13.jpg, http://images.manheim.co.uk/images/units/zoom/insp-0001-4011961-4016255-1000.jpg, http://images.manheim.co.uk/images/units/zoom/insp-0001-4011961-4016255-1001.jpg, http://images.manheim.co.uk/images/units/zoom/insp-0001-4011961-4016255-1002.jpg, http://images.manheim.co.uk/images/units/zoom/insp-0001-4011961-4016255-1003.jpg, http://images.manheim.co.uk/images/units/zoom/insp-0001-4011961-4016255-1004.jpg, http://images.manheim.co.uk/images/units/zoom/insp-0001-4011961-4016255-1005.jpg",http://ecr.manheim.co.uk/pdf/MOL-0004011961-01998807-003.pdf,3,8,06/06/2017,7744,"20/05/2024, 06/06/2023, 14/06/2022, 21/05/2021, 03/06/2020, 19/06/2019, 17/07/2018, 06/06/2017","78625, 69284, 57567, 44236, 34560, 24142, 14267, 7744","TYRE EXCHANGE STOCKTON, KIA STOCKTON LTD, KIA STOCKTON LTD, KIA STOCKTON LTD, KIA STOCKTON LTD, LOOKERS SEAT MIDDLESBROUGH, PENDRAGON PLC, S G PETCH DARLINGTON","Book, Book, Book, Book, Book, Book, Book, Book",,Jun-26,KIA,SPORTAGE,2.0 CRDi GT-Line 5dr [AWD],0,19/12/2025, 
NY16FZX,"MAZDA
CX-3
2.0 Sport Nav 5dr","Available Car, Pulman Gro...",Manual,Petrol,2.0,5.0,£8475,£7425,£10850,4,HatchbackGRADE 4CP GREENSC SilverView Report,CP GREEN,2016,Apr 2016,16281,BLACK,BLACK,Metallic,BLACK,LEATHER,5,2,With Manheim,Margin,No,No,No,S G Petch,Washington,"Air Conditioning, Auto Climate Control, Automatic Lights, Automatic Wipers, Aux In, Bluetooth, Cruise Control, DAB, Full Leather Trim, Heated Seats, Media Connectivity, Radio CD, Sat Nav Functioning, CO2: 137",,"£8,775",https://www.manheim.co.uk/nama,"http://images.manheim.co.uk/images/units/zoom/3966283-9999999-290153425-004.jpg, http://images.manheim.co.uk/images/units/zoom/3966283-9999999-290153425-008.jpg, http://images.manheim.co.uk/images/units/zoom/3966283-9999999-290153425-001.jpg, http://images.manheim.co.uk/images/units/zoom/3966283-9999999-290153425-002.jpg, http://images.manheim.co.uk/images/units/zoom/3966283-9999999-290153425-003.jpg, http://images.manheim.co.uk/images/units/zoom/3966283-9999999-290153425-005.jpg, http://images.manheim.co.uk/images/units/zoom/3966283-9999999-290153425-006.jpg, http://images.manheim.co.uk/images/units/zoom/3966283-9999999-290153425-007.jpg, http://images.manheim.co.uk/images/units/zoom/3966283-9999999-290153425-009.jpg, http://images.manheim.co.uk/images/units/zoom/3966283-9999999-290153425-010.jpg, http://images.manheim.co.uk/images/units/zoom/3966283-9999999-290153425-011.jpg, http://images.manheim.co.uk/images/units/zoom/3966283-9999999-290153425-012.jpg, http://images.manheim.co.uk/images/units/zoom/insp-0001-3966283-3961338-13.jpg, http://images.manheim.co.uk/images/units/zoom/insp-0001-3966283-3961338-1000.jpg, http://images.manheim.co.uk/images/units/zoom/insp-0001-3966283-3961338-1001.jpg, http://images.manheim.co.uk/images/units/zoom/insp-0001-3966283-3961338-1002.jpg, http://images.manheim.co.uk/images/units/zoom/insp-0001-3966283-3961338-1003.jpg, http://images.manheim.co.uk/images/units/zoom/insp-0001-3966283-3961338-1004.jpg, http://images.manheim.co.uk/images/units/zoom/insp-0001-3966283-3961338-1005.jpg, http://images.manheim.co.uk/images/units/zoom/insp-0001-3966283-3961338-1006.jpg, http://images.manheim.co.uk/images/units/zoom/insp-0001-3966283-3961338-1007.jpg, http://images.manheim.co.uk/images/units/zoom/insp-0001-3966283-3961338-1008.jpg, http://images.manheim.co.uk/images/units/zoom/insp-0001-3966283-3961338-1009.jpg, http://images.manheim.co.uk/images/units/zoom/insp-0001-3966283-3961338-1010.jpg, http://images.manheim.co.uk/images/units/zoom/insp-0001-3966283-3961338-1011.jpg, http://images.manheim.co.uk/images/units/zoom/insp-0001-3966283-3961338-1012.jpg, http://images.manheim.co.uk/images/units/zoom/insp-0001-3966283-3961338-1013.jpg, http://images.manheim.co.uk/images/units/zoom/insp-0001-3966283-3953136-1014.jpg, http://images.manheim.co.uk/images/units/zoom/insp-0001-3966283-3953136-1015.jpg, http://images.manheim.co.uk/images/units/zoom/insp-0001-3966283-3953136-1016.jpg, http://images.manheim.co.uk/images/units/zoom/insp-0001-3966283-3953136-1017.jpg, http://images.manheim.co.uk/images/units/zoom/insp-0001-3966283-3953136-1018.jpg, http://images.manheim.co.uk/images/units/zoom/insp-0001-3966283-3953136-1019.jpg, http://images.manheim.co.uk/images/units/zoom/insp-0001-3966283-3953136-1020.jpg, http://images.manheim.co.uk/images/units/zoom/insp-0001-3966283-3953136-1021.jpg, http://images.manheim.co.uk/images/units/zoom/insp-0001-3966283-3953136-1022.jpg",http://ecr.manheim.co.uk/pdf/MOL-0003966283-01947120-006.pdf,1,6,07/04/2017,4681,"17/06/2022, 21/06/2021, 15/06/2020, 08/04/2019, 10/05/2018, 07/04/2017","15802, 14866, 13929, 11459, 8368, 4681","service print - 6th year service, service print - 5th year service, service print - 4th year service, service print - 3rd year service, service print - 2nd year service, service print - 1st year service","Print, Print, Print, Print, Print, Print",,,MAZDA,CX-3,2.0 Sport Nav 5dr,0,19/12/2025, 
NY19AAK,"ABARTH
595
1.4 T-Jet 165 Turismo 3dr","Available Car, Pulman Gro...",Manual,Petrol,1.4,3.0,£9600,£8575,£11300,2,HatchbackGRADE 2SC SilverView Report,SC Silver,2019,Jun 2019,21910,RED,RED,Metallic,BLACK,LEATHER,4,1,,Margin,No,No,No,S G Petch,Washington,"Air Conditioning, Auto Climate Control, Automatic Lights, Automatic Wipers, Bluetooth, DAB, Full Leather Trim, Media Connectivity, Rear Parking Sensors, Sat Nav Functioning, Traction Control, CO2: 155",,"£10,100",https://www.manheim.co.uk/nama,"http://images.manheim.co.uk/images/units/zoom/3998188-9999999-324115223-004.jpg, http://images.manheim.co.uk/images/units/zoom/3998188-9999999-324115223-008.jpg, http://images.manheim.co.uk/images/units/zoom/3998188-9999999-324115223-001.jpg, http://images.manheim.co.uk/images/units/zoom/3998188-9999999-324115223-002.jpg, http://images.manheim.co.uk/images/units/zoom/3998188-9999999-324115223-003.jpg, http://images.manheim.co.uk/images/units/zoom/3998188-9999999-324115223-005.jpg, http://images.manheim.co.uk/images/units/zoom/3998188-9999999-324115223-006.jpg, http://images.manheim.co.uk/images/units/zoom/3998188-9999999-324115223-007.jpg, http://images.manheim.co.uk/images/units/zoom/3998188-9999999-324115223-009.jpg, http://images.manheim.co.uk/images/units/zoom/3998188-9999999-324115223-010.jpg, http://images.manheim.co.uk/images/units/zoom/3998188-9999999-324115223-011.jpg, http://images.manheim.co.uk/images/units/zoom/3998188-9999999-324115223-012.jpg, http://images.manheim.co.uk/images/units/zoom/insp-0001-3998188-3991885-13.jpg, http://images.manheim.co.uk/images/units/zoom/insp-0001-3998188-3991885-1000.jpg, http://images.manheim.co.uk/images/units/zoom/insp-0001-3998188-3991885-1001.jpg, http://images.manheim.co.uk/images/units/zoom/insp-0001-3998188-3991885-1002.jpg, http://images.manheim.co.uk/images/units/zoom/insp-0001-3998188-3991885-1003.jpg, http://images.manheim.co.uk/images/units/zoom/insp-0001-3998188-3991885-1004.jpg, http://images.manheim.co.uk/images/units/zoom/insp-0001-3998188-3991885-1005.jpg, http://images.manheim.co.uk/images/units/zoom/insp-0001-3998188-3991885-1006.jpg, http://images.manheim.co.uk/images/units/zoom/insp-0001-3998188-3991885-1007.jpg, http://images.manheim.co.uk/images/units/zoom/insp-0001-3998188-3991885-1008.jpg, http://images.manheim.co.uk/images/units/zoom/insp-0001-3998188-3991885-1009.jpg, http://images.manheim.co.uk/images/units/zoom/insp-0001-3998188-3991885-1010.jpg, http://images.manheim.co.uk/images/units/zoom/insp-0001-3998188-3991885-1011.jpg",http://ecr.manheim.co.uk/pdf/MOL-0003998188-01979030-003.pdf,3,1,28/06/2021,5790,28/06/2021,5790,ALEXANDERS THORNABY ON TEES,Book,,Jan-26,ABARTH,595,1.4 T-Jet 165 Turismo 3dr,0,19/12/2025, 
NY21YRK,"NISSAN
NAVARA DIESEL
Double Cab Pick Up Tekna 2.3dCi 190 TT 4WD Auto",Lane 2 - Available Car / ...,Automatic,Diesel,2.3,5.0,£14850,£13450,£17500,3,Pick Up BodyGRADE 3SC LCVView Report,SC LCV,2021,Apr 2021,62568,WHITE,WHITE,Metallic,BLACK,LEATHER,5,2,With Manheim,Commercial,No,No,No,Lloyd Motor Group,Leeds,"Air Conditioning, Airbag - Passenger, Alloy Wheels, Automatic Lights, Cruise Control, Electric Mirrors, Satnav, CO2: 247",,"£14,000",https://www.manheim.co.uk/nama,"http://images.manheim.co.uk/images/units/zoom/1d9d52a8-d617-48c0-9f69-872bdd0da1aa_ext_7.jpg, http://images.manheim.co.uk/images/units/zoom/1d9d52a8-d617-48c0-9f69-872bdd0da1aa_ext_6.jpg, http://images.manheim.co.uk/images/units/zoom/1d9d52a8-d617-48c0-9f69-872bdd0da1aa_ext_1.jpg, http://images.manheim.co.uk/images/units/zoom/1d9d52a8-d617-48c0-9f69-872bdd0da1aa_5.jpg, http://images.manheim.co.uk/images/units/zoom/1d9d52a8-d617-48c0-9f69-872bdd0da1aa_4.jpg, http://images.manheim.co.uk/images/units/zoom/1d9d52a8-d617-48c0-9f69-872bdd0da1aa_11.jpg, http://images.manheim.co.uk/images/units/zoom/1d9d52a8-d617-48c0-9f69-872bdd0da1aa_10.jpg, http://images.manheim.co.uk/images/units/zoom/1d9d52a8-d617-48c0-9f69-872bdd0da1aa_9.jpg, http://images.manheim.co.uk/images/units/zoom/1d9d52a8-d617-48c0-9f69-872bdd0da1aa_ext_2.jpg, http://images.manheim.co.uk/images/units/zoom/1d9d52a8-d617-48c0-9f69-872bdd0da1aa_ext_5.jpg, http://images.manheim.co.uk/images/units/zoom/1d9d52a8-d617-48c0-9f69-872bdd0da1aa_ext_3.jpg, http://images.manheim.co.uk/images/units/zoom/1d9d52a8-d617-48c0-9f69-872bdd0da1aa_ext_4.jpg, http://images.manheim.co.uk/images/units/zoom/insp-0001-3987736-3984058-13.jpg, http://images.manheim.co.uk/images/units/zoom/insp-0001-3987736-3984058-1000.jpg, http://images.manheim.co.uk/images/units/zoom/insp-0001-3987736-3984058-1001.jpg, http://images.manheim.co.uk/images/units/zoom/insp-0001-3987736-3984058-1002.jpg, http://images.manheim.co.uk/images/units/zoom/insp-0001-3987736-3984058-1003.jpg, http://images.manheim.co.uk/images/units/zoom/insp-0001-3987736-3984058-1004.jpg, http://images.manheim.co.uk/images/units/zoom/insp-0001-3987736-3984058-1005.jpg, http://images.manheim.co.uk/images/units/zoom/insp-0001-3987736-3984058-1006.jpg, http://images.manheim.co.uk/images/units/zoom/insp-0001-3987736-3984058-1007.jpg, http://images.manheim.co.uk/images/units/zoom/insp-0001-3987736-3984058-1008.jpg, http://images.manheim.co.uk/images/units/zoom/insp-0001-3987736-3984058-1009.jpg, http://images.manheim.co.uk/images/units/zoom/insp-0001-3987736-3984058-1010.jpg, http://images.manheim.co.uk/images/units/zoom/insp-0001-3987736-3984058-1011.jpg, http://images.manheim.co.uk/images/units/zoom/insp-0001-3987736-3984058-1012.jpg, http://images.manheim.co.uk/images/units/zoom/insp-0001-3987736-3984058-1013.jpg, http://images.manheim.co.uk/images/units/zoom/insp-0001-3987736-3984058-1014.jpg, http://images.manheim.co.uk/images/units/zoom/insp-0001-3987736-3984058-1015.jpg, http://images.manheim.co.uk/images/units/zoom/insp-0001-3987736-3984058-1016.jpg, http://images.manheim.co.uk/images/units/zoom/insp-0001-3987736-3984058-1017.jpg, http://images.manheim.co.uk/images/units/zoom/insp-0001-3987736-3984058-1018.jpg",http://ecr.manheim.co.uk/pdf/MOL-0003987736-01968503-003.pdf,1,2,25/06/2022,14879,"09/02/2024, 25/06/2022","37342, 14879","Bristol Street Motors, Bristol Street Motors","Print, Print",,Apr-26,NISSAN,NAVARA DIESEL,Double Cab Pick Up Tekna 2.3dCi 190 TT 4WD Auto,0,05/01/2026, 
OE18KJO,"LAND ROVER
RANGE ROVER SPORT
3.0 SDV6 Autobiography Dynamic 5dr Auto [7 Seat]",Lane 2 - Available Car / ...,Automatic,Diesel,3.0,5.0,£21050,£19700,£24000,3,EstateGRADE 3CP AMBERSC SilverView Report,CP AMBER,2018,Jun 2018,107530,SILVER,SILVER,Metallic,BLACK,VINYL,7,2,With Manheim,Margin,No,No,No,Lloyd Motor Group,Leeds,"7 Seats, Air Conditioning, Auto Climate Control, Automatic Lights, Bluetooth, DAB, Dual Zone Climate, Electric Sun Roof, Front Parking Sensors, Heated Seats, Panoramic Roof, Rear Parking Sensors, Reversing camera, Sat Nav Functioning, Traction Control, CO2: 185","""Sliding Pan Roof
7 SEATS
Privacy Glass""
Mileage in KM on VOSA","£19,850",https://www.manheim.co.uk/nama,"http://images.manheim.co.uk/images/units/zoom/5cdab233-8a0a-47f3-ad50-fb75feb68eab_ext_7.jpg, http://images.manheim.co.uk/images/units/zoom/5cdab233-8a0a-47f3-ad50-fb75feb68eab_ext_6.jpg, http://images.manheim.co.uk/images/units/zoom/5cdab233-8a0a-47f3-ad50-fb75feb68eab_ext_1.jpg, http://images.manheim.co.uk/images/units/zoom/5cdab233-8a0a-47f3-ad50-fb75feb68eab_5.jpg, http://images.manheim.co.uk/images/units/zoom/5cdab233-8a0a-47f3-ad50-fb75feb68eab_4.jpg, http://images.manheim.co.uk/images/units/zoom/5cdab233-8a0a-47f3-ad50-fb75feb68eab_11.jpg, http://images.manheim.co.uk/images/units/zoom/5cdab233-8a0a-47f3-ad50-fb75feb68eab_10.jpg, http://images.manheim.co.uk/images/units/zoom/5cdab233-8a0a-47f3-ad50-fb75feb68eab_9.jpg, http://images.manheim.co.uk/images/units/zoom/5cdab233-8a0a-47f3-ad50-fb75feb68eab_ext_2.jpg, http://images.manheim.co.uk/images/units/zoom/5cdab233-8a0a-47f3-ad50-fb75feb68eab_ext_5.jpg, http://images.manheim.co.uk/images/units/zoom/5cdab233-8a0a-47f3-ad50-fb75feb68eab_ext_3.jpg, http://images.manheim.co.uk/images/units/zoom/5cdab233-8a0a-47f3-ad50-fb75feb68eab_ext_4.jpg, http://images.manheim.co.uk/images/units/zoom/insp-0001-4003191-4005468-13.jpg, http://images.manheim.co.uk/images/units/zoom/insp-0001-4003191-4005468-1000.jpg, http://images.manheim.co.uk/images/units/zoom/insp-0001-4003191-4005468-1001.jpg, http://images.manheim.co.uk/images/units/zoom/insp-0001-4003191-4005468-1002.jpg, http://images.manheim.co.uk/images/units/zoom/insp-0001-4003191-4005468-1003.jpg, http://images.manheim.co.uk/images/units/zoom/insp-0001-4003191-4005468-1004.jpg, http://images.manheim.co.uk/images/units/zoom/insp-0001-4003191-4005468-1005.jpg, http://images.manheim.co.uk/images/units/zoom/insp-0001-4003191-4005468-1006.jpg, http://images.manheim.co.uk/images/units/zoom/insp-0001-4003191-4005468-1007.jpg, http://images.manheim.co.uk/images/units/zoom/insp-0001-4003191-4005468-1008.jpg, http://images.manheim.co.uk/images/units/zoom/insp-0001-4003191-4005468-1009.jpg, http://images.manheim.co.uk/images/units/zoom/insp-0001-4003191-4005468-1010.jpg, http://images.manheim.co.uk/images/units/zoom/insp-0001-4003191-4005468-1011.jpg, http://images.manheim.co.uk/images/units/zoom/insp-0001-4003191-4005468-1012.jpg, http://images.manheim.co.uk/images/units/zoom/insp-0001-4003191-4005468-1013.jpg, http://images.manheim.co.uk/images/units/zoom/insp-0001-4003191-4005468-1014.jpg, http://images.manheim.co.uk/images/units/zoom/insp-0001-4003191-4005468-1015.jpg, http://images.manheim.co.uk/images/units/zoom/insp-0001-4003191-4005468-1016.jpg, http://images.manheim.co.uk/images/units/zoom/insp-0001-4003191-4005468-1017.jpg, http://images.manheim.co.uk/images/units/zoom/insp-0001-4003191-4005468-1018.jpg, http://images.manheim.co.uk/images/units/zoom/insp-0001-4003191-4005468-1019.jpg, http://images.manheim.co.uk/images/units/zoom/insp-0001-4003191-4005468-1020.jpg, http://images.manheim.co.uk/images/units/zoom/insp-0001-4003191-4005468-1021.jpg, http://images.manheim.co.uk/images/units/zoom/insp-0001-4003191-4005468-1022.jpg, http://images.manheim.co.uk/images/units/zoom/insp-0001-4003191-4005468-1023.jpg, http://images.manheim.co.uk/images/units/zoom/insp-0001-4003191-4005468-1024.jpg",http://ecr.manheim.co.uk/pdf/MOL-0004003191-01984677-003.pdf,3,5,23/12/2019,20843,"15/07/2025, 16/10/2024, 08/01/2024, 09/05/2023, 23/12/2019","97382, 79562, 62422, 46215, 20843","Team Valley Land Rover, Team Valley Land Rover, Team Valley Land Rover, Team Valley Land Rover, Stratstone","Print, Print, Print, Print, Print",,Aug-26,LAND ROVER,RANGE ROVER SPORT,3.0 SDV6 Autobiography Dynamic 5dr Auto [7 Seat],0,05/01/2026, 
OO09ORE,"FORD
RANGER DIESEL
Pick Up Double Cab Raptor 2.0 EcoBlue 213 Auto",Lane 2 - Available Car / ...,Automatic,Diesel,2.0,4.0,£21400,£19450,£23500,1,Pick Up BodyGRADE 1SC LCVView Report,SC LCV,2021,Jul 2021,76816,BLACK,BLACK,Metallic,BLACK,Part Leather,5,2,With Manheim,Margin,No,No,No,Lloyd Motor Group,Leeds,"Air Conditioning, Airbag - Passenger, Alloy Wheels, Automatic Lights, Automatic Wipers, Bluetooth, Cruise Control, DAB, Electric Mirrors, Electric Windows, Heated Front Screen, Heated Seats, Parking sensors - Rear, Pick Up - Rear Load Shutter, Reversing camera, Satnav, Seats - PVC/All, Towbar, Traction Control, CO2: 277",,"£21,400",https://www.manheim.co.uk/nama,"http://images.manheim.co.uk/images/units/zoom/babab339-4378-440e-9d90-3b84e864038f_ext_7.jpg, http://images.manheim.co.uk/images/units/zoom/babab339-4378-440e-9d90-3b84e864038f_ext_6.jpg, http://images.manheim.co.uk/images/units/zoom/babab339-4378-440e-9d90-3b84e864038f_ext_1.jpg, http://images.manheim.co.uk/images/units/zoom/babab339-4378-440e-9d90-3b84e864038f_5.jpg, http://images.manheim.co.uk/images/units/zoom/babab339-4378-440e-9d90-3b84e864038f_4.jpg, http://images.manheim.co.uk/images/units/zoom/babab339-4378-440e-9d90-3b84e864038f_11.jpg, http://images.manheim.co.uk/images/units/zoom/babab339-4378-440e-9d90-3b84e864038f_10.jpg, http://images.manheim.co.uk/images/units/zoom/babab339-4378-440e-9d90-3b84e864038f_9.jpg, http://images.manheim.co.uk/images/units/zoom/babab339-4378-440e-9d90-3b84e864038f_ext_2.jpg, http://images.manheim.co.uk/images/units/zoom/babab339-4378-440e-9d90-3b84e864038f_ext_5.jpg, http://images.manheim.co.uk/images/units/zoom/babab339-4378-440e-9d90-3b84e864038f_ext_3.jpg, http://images.manheim.co.uk/images/units/zoom/babab339-4378-440e-9d90-3b84e864038f_ext_4.jpg, http://images.manheim.co.uk/images/units/zoom/insp-0001-4007834-4017851-13.jpg",http://ecr.manheim.co.uk/pdf/MOL-0004007834-01989966-002.pdf,2,2,08/12/2021,12474,"21/02/2025, 08/12/2021","63940, 12474","TRUST FORD, TRUST FORD","Print, Print",,May-26,FORD,RANGER DIESEL,Pick Up Double Cab Raptor 2.0 EcoBlue 213 Auto,0,05/01/2026, 
OX19FLA,"MERCEDES-BENZ
GLC COUPE
GLC 220d 4Matic AMG Line 5dr 9G-Tronic",SIMULCAST AND PHYSICAL - ...,Semi-Automatic,Diesel,2.0,4.0,£20700,£19350,£23250,4,EstateGRADE 4CP GREENSC SilverView Report,CP GREEN,2019,Jul 2019,60703,BLACK,BLACK,Metallic,BLACK,Part Leather,5,1,With Manheim,Margin,No,No,No,Santander Consumer,Manchester,"Air Conditioning, Auto Climate Control, Automatic Lights, Bluetooth, Cruise Control, DAB, Dual Zone Climate, Front Parking Sensors, Heated Seats, Media Connectivity, Part Leather, Privacy Glass, Rear Parking Sensors, Reversing camera, Sat Nav Functioning, Traction Control, CO2: 145",,"£20,700",https://www.manheim.co.uk/nama,"http://images.manheim.co.uk/images/units/zoom/893e5cbd-0f31-4b1b-8eae-33c8aa3e6a8f_ext_7.jpg, http://images.manheim.co.uk/images/units/zoom/893e5cbd-0f31-4b1b-8eae-33c8aa3e6a8f_ext_6.jpg, http://images.manheim.co.uk/images/units/zoom/893e5cbd-0f31-4b1b-8eae-33c8aa3e6a8f_ext_1.jpg, http://images.manheim.co.uk/images/units/zoom/893e5cbd-0f31-4b1b-8eae-33c8aa3e6a8f_5.jpg, http://images.manheim.co.uk/images/units/zoom/893e5cbd-0f31-4b1b-8eae-33c8aa3e6a8f_4.jpg, http://images.manheim.co.uk/images/units/zoom/893e5cbd-0f31-4b1b-8eae-33c8aa3e6a8f_11.jpg, http://images.manheim.co.uk/images/units/zoom/893e5cbd-0f31-4b1b-8eae-33c8aa3e6a8f_10.jpg, http://images.manheim.co.uk/images/units/zoom/893e5cbd-0f31-4b1b-8eae-33c8aa3e6a8f_9.jpg, http://images.manheim.co.uk/images/units/zoom/893e5cbd-0f31-4b1b-8eae-33c8aa3e6a8f_ext_2.jpg, http://images.manheim.co.uk/images/units/zoom/893e5cbd-0f31-4b1b-8eae-33c8aa3e6a8f_ext_5.jpg, http://images.manheim.co.uk/images/units/zoom/893e5cbd-0f31-4b1b-8eae-33c8aa3e6a8f_ext_3.jpg, http://images.manheim.co.uk/images/units/zoom/893e5cbd-0f31-4b1b-8eae-33c8aa3e6a8f_ext_4.jpg, http://images.manheim.co.uk/images/units/zoom/insp-0001-3919959-3898184-13.jpg, http://images.manheim.co.uk/images/units/zoom/insp-0001-3919959-3898184-1000.jpg, http://images.manheim.co.uk/images/units/zoom/insp-0001-3919959-3898184-1001.jpg, http://images.manheim.co.uk/images/units/zoom/insp-0001-3919959-3898184-1002.jpg, http://images.manheim.co.uk/images/units/zoom/insp-0001-3919959-3898184-1003.jpg, http://images.manheim.co.uk/images/units/zoom/insp-0001-3919959-3898184-1004.jpg, http://images.manheim.co.uk/images/units/zoom/insp-0001-3919959-3898184-1005.jpg, http://images.manheim.co.uk/images/units/zoom/insp-0001-3919959-3898184-1006.jpg, http://images.manheim.co.uk/images/units/zoom/insp-0001-3919959-3898184-1007.jpg, http://images.manheim.co.uk/images/units/zoom/insp-0001-3919959-3898184-1008.jpg, http://images.manheim.co.uk/images/units/zoom/insp-0001-3919959-3898184-1009.jpg, http://images.manheim.co.uk/images/units/zoom/insp-0001-3919959-3898184-1010.jpg, http://images.manheim.co.uk/images/units/zoom/insp-0001-3919959-3898184-1011.jpg, http://images.manheim.co.uk/images/units/zoom/insp-0001-3919959-3898184-1012.jpg, http://images.manheim.co.uk/images/units/zoom/insp-0001-3919959-3898184-1013.jpg, http://images.manheim.co.uk/images/units/zoom/insp-0001-3919959-3898184-1014.jpg, http://images.manheim.co.uk/images/units/zoom/insp-0001-3919959-3898184-1015.jpg, http://images.manheim.co.uk/images/units/zoom/insp-0001-3919959-3898184-1016.jpg, http://images.manheim.co.uk/images/units/zoom/insp-0001-3919959-3898184-1017.jpg, http://images.manheim.co.uk/images/units/zoom/insp-0001-3919959-3898184-1018.jpg, http://images.manheim.co.uk/images/units/zoom/insp-0001-3919959-3898184-1019.jpg, http://images.manheim.co.uk/images/units/zoom/insp-0001-3919959-3898184-1020.jpg, http://images.manheim.co.uk/images/units/zoom/insp-0001-3919959-3898184-1021.jpg, http://images.manheim.co.uk/images/units/zoom/insp-0001-3919959-3898184-1022.jpg, http://images.manheim.co.uk/images/units/zoom/insp-0001-3919959-3898184-1023.jpg, http://images.manheim.co.uk/images/units/zoom/insp-0001-3919959-3898184-1024.jpg, http://images.manheim.co.uk/images/units/zoom/insp-0001-3919959-3898184-1025.jpg, http://images.manheim.co.uk/images/units/zoom/insp-0001-3919959-3898184-1026.jpg, http://images.manheim.co.uk/images/units/zoom/insp-0001-3919959-3898184-1027.jpg, http://images.manheim.co.uk/images/units/zoom/insp-0001-3919959-3898184-1028.jpg, http://images.manheim.co.uk/images/units/zoom/insp-0001-3919959-3898184-1029.jpg, http://images.manheim.co.uk/images/units/zoom/insp-0001-3919959-3898184-1030.jpg, http://images.manheim.co.uk/images/units/zoom/insp-0001-3919959-3898184-1031.jpg, http://images.manheim.co.uk/images/units/zoom/insp-0001-3919959-3898184-1032.jpg, http://images.manheim.co.uk/images/units/zoom/insp-0001-3919959-3898184-1033.jpg, http://images.manheim.co.uk/images/units/zoom/insp-0001-3919959-3898184-1034.jpg, http://images.manheim.co.uk/images/units/zoom/insp-0001-3919959-3898184-1035.jpg, http://images.manheim.co.uk/images/units/zoom/insp-0001-3919959-3898184-1036.jpg, http://images.manheim.co.uk/images/units/zoom/insp-0001-3919959-3898184-1037.jpg, http://images.manheim.co.uk/images/units/zoom/insp-0001-3919959-3898184-1038.jpg, http://images.manheim.co.uk/images/units/zoom/insp-0001-3919959-3898184-1039.jpg, http://images.manheim.co.uk/images/units/zoom/insp-0001-3919959-3898184-1040.jpg, http://images.manheim.co.uk/images/units/zoom/insp-0001-3919959-3898184-1041.jpg, http://images.manheim.co.uk/images/units/zoom/insp-0001-3919959-3898184-1042.jpg, http://images.manheim.co.uk/images/units/zoom/insp-0001-3919959-3898184-1043.jpg",http://ecr.manheim.co.uk/pdf/MOL-0003919959-01903031-007.pdf,6,3,15/09/2020,10399,"25/03/2022, 10/08/2021, 15/09/2020","20172, 13319, 10399","CENTRAL GARAGE ARC LTD, CENTRAL GARAGE ARC LTD, MERCEDES AYLESBURY","Print, Print, Print",,Jul-25,MERCEDES-BENZ,GLC COUPE,GLC 220d 4Matic AMG Line 5dr 9G-Tronic,0,18/12/2025, 
OY67UYA,"LAND ROVER
DISCOVERY
2.0 SD4 HSE 5dr Auto",SIMULCAST AND PHYSICAL - ...,Semi-Automatic,Diesel,2.0,5.0,£11950,£10800,£14400,3,EstateGRADE 3CP GREENView Report,CP GREEN,2017,Sep 2017,108252,GREY,GREY,Metallic,BLACK,LEATHER,7,1,With Manheim,Margin,No,No,No,C.R.F Wheel & Body Repairs LTD,Manchester,"Traction Control, Sat Nav Functioning, Reversing camera, Rear Parking Sensors, Radio CD, Privacy Glass, Panoramic Roof, Media Connectivity, Heated Front Screen, Full Leather Trim, Front Parking Sensors, Dual Zone Climate, DAB, Cruise Control, Bluetooth, Automatic Wipers, Automatic Lights, Auto Climate Control, Air Conditioning, 7 Seats, CO2: 171",,"£9,000",https://www.manheim.co.uk/nama,"http://images.manheim.co.uk/images/units/zoom/Img-0b2e9ab7-790f-47b9-85a0-c8ff82c16023.jpg, http://images.manheim.co.uk/images/units/zoom/Img-52bbaaad-e2ba-44e0-b945-cbd5a801b916.jpg, http://images.manheim.co.uk/images/units/zoom/Img-d6aa3025-7908-4c29-a162-a9ce6991ab05.jpg, http://images.manheim.co.uk/images/units/zoom/Img-3d1ad9e6-54b9-4125-ae96-6168f54f39cb.jpg, http://images.manheim.co.uk/images/units/zoom/Img-a505be54-617d-4e98-9136-64d035a1f36e.jpg, http://images.manheim.co.uk/images/units/zoom/Img-012969e0-c865-4f9e-a2f8-da2313c2a40f.jpg, http://images.manheim.co.uk/images/units/zoom/Img-39e2ef91-3989-4e75-bb4f-46c84984295e.jpg, http://images.manheim.co.uk/images/units/zoom/Img-06a7d38b-37ee-456b-a8ae-a105ab4bcfb6.jpg, http://images.manheim.co.uk/images/units/zoom/Img-ca08b851-155e-414f-a67a-f9f1df133488.jpg, http://images.manheim.co.uk/images/units/zoom/Img-c719c63f-3372-4304-a7d2-8868cdbb5911.jpg, http://images.manheim.co.uk/images/units/zoom/Img-1c901ed3-835a-41d3-88db-843e1d360722.jpg, http://images.manheim.co.uk/images/units/zoom/Img-e070d2ab-3448-447c-a482-a6f50c038083.jpg, http://images.manheim.co.uk/images/units/zoom/insp-0001-1856565-3981352-13.jpg, http://images.manheim.co.uk/images/units/zoom/insp-0001-1856565-3981352-1000.jpg, http://images.manheim.co.uk/images/units/zoom/insp-0001-1856565-3981352-1001.jpg, http://images.manheim.co.uk/images/units/zoom/insp-0001-1856565-3981352-1002.jpg, http://images.manheim.co.uk/images/units/zoom/insp-0001-1856565-3981352-1003.jpg, http://images.manheim.co.uk/images/units/zoom/insp-0001-1856565-3981352-1004.jpg, http://images.manheim.co.uk/images/units/zoom/insp-0001-1856565-3981352-1005.jpg, http://images.manheim.co.uk/images/units/zoom/insp-0001-1856565-3981352-1006.jpg, http://images.manheim.co.uk/images/units/zoom/insp-0001-1856565-3981352-1007.jpg, http://images.manheim.co.uk/images/units/zoom/insp-0001-1856565-3981352-1008.jpg, http://images.manheim.co.uk/images/units/zoom/insp-0001-1856565-3981352-1009.jpg, http://images.manheim.co.uk/images/units/zoom/insp-0001-1856565-3981352-1010.jpg, http://images.manheim.co.uk/images/units/zoom/insp-0001-1856565-3981352-1011.jpg, http://images.manheim.co.uk/images/units/zoom/insp-0001-1856565-3981352-1012.jpg, http://images.manheim.co.uk/images/units/zoom/insp-0001-1856565-3981352-1013.jpg, http://images.manheim.co.uk/images/units/zoom/insp-0001-1856565-3981352-1014.jpg, http://images.manheim.co.uk/images/units/zoom/insp-0001-1856565-3981352-1015.jpg, http://images.manheim.co.uk/images/units/zoom/insp-0001-1856565-3981352-1016.jpg, http://images.manheim.co.uk/images/units/zoom/insp-0001-1856565-3981352-1017.jpg, http://images.manheim.co.uk/images/units/zoom/insp-0001-1856565-3981352-1018.jpg, http://images.manheim.co.uk/images/units/zoom/insp-0001-1856565-3981352-1019.jpg, http://images.manheim.co.uk/images/units/zoom/insp-0001-1856565-3981352-1020.jpg, http://images.manheim.co.uk/images/units/zoom/insp-0001-1856565-3981352-1021.jpg, http://images.manheim.co.uk/images/units/zoom/insp-0001-1856565-3981352-1022.jpg, http://images.manheim.co.uk/images/units/zoom/insp-0001-1856565-3981352-1023.jpg",http://ecr.manheim.co.uk/pdf/MOL-0001856565-01972455-005.pdf,5,4,24/01/2019,19025,"14/03/2023, 05/12/2022, 02/03/2021, 24/01/2019","53354, 51724, 37226, 19025","MARSHALL LAND ROVER, GRANGE LAND ROVER, GRANGE LAND ROVER, GRANGE LAND ROVER","Print, Print, Print, Print",,Apr-26,LAND ROVER,DISCOVERY,2.0 SD4 HSE 5dr Auto,0,18/12/2025, 
OY69UCO,"LAND ROVER
DISCOVERY
2.0 SD4 HSE Luxury 5dr Auto",Lane 2 - Available Car / ...,Automatic,Diesel,2.0,5.0,£16900,£15550,£19600,3,EstateGRADE 3CP GREENSC SilverView Report,CP GREEN,2019,Sep 2019,76650,BLACK,BLACK,Metallic,BLACK,LEATHER,7,2,With Manheim,Margin,No,No,No,Lloyd Motor Group,Leeds,"7 Seats, Air Conditioning, Auto Climate Control, Automatic Lights, Automatic Wipers, Bluetooth, Cruise Control, DAB, Dual Zone Climate, Electric Sun Roof, Front Parking Sensors, Full Leather Trim, Heated Front Screen, Heated Seats, Privacy Glass, Rear Parking Sensors, Reversing camera, Sat Nav Functioning, CO2: 194","""FRONT FOG LAMPS
HEATED FRONT WINDSCREEN
HEATED AND COOLED FRONT SEATS
KEYLESS ENTRY
PRIVACY GLASS
SLIDING FRONT AND FIXED PAN ROOF
CD/DVD PLAYER
""
HEADPHONES","£15,900",https://www.manheim.co.uk/nama,"http://images.manheim.co.uk/images/units/zoom/5cef679b-31f9-418e-baff-d291fcc223f1_ext_7.jpg, http://images.manheim.co.uk/images/units/zoom/5cef679b-31f9-418e-baff-d291fcc223f1_ext_6.jpg, http://images.manheim.co.uk/images/units/zoom/5cef679b-31f9-418e-baff-d291fcc223f1_ext_1.jpg, http://images.manheim.co.uk/images/units/zoom/5cef679b-31f9-418e-baff-d291fcc223f1_5.jpg, http://images.manheim.co.uk/images/units/zoom/5cef679b-31f9-418e-baff-d291fcc223f1_4.jpg, http://images.manheim.co.uk/images/units/zoom/5cef679b-31f9-418e-baff-d291fcc223f1_11.jpg, http://images.manheim.co.uk/images/units/zoom/5cef679b-31f9-418e-baff-d291fcc223f1_10.jpg, http://images.manheim.co.uk/images/units/zoom/5cef679b-31f9-418e-baff-d291fcc223f1_9.jpg, http://images.manheim.co.uk/images/units/zoom/5cef679b-31f9-418e-baff-d291fcc223f1_ext_2.jpg, http://images.manheim.co.uk/images/units/zoom/5cef679b-31f9-418e-baff-d291fcc223f1_ext_5.jpg, http://images.manheim.co.uk/images/units/zoom/5cef679b-31f9-418e-baff-d291fcc223f1_ext_3.jpg, http://images.manheim.co.uk/images/units/zoom/5cef679b-31f9-418e-baff-d291fcc223f1_ext_4.jpg, http://images.manheim.co.uk/images/units/zoom/insp-0001-4007810-4017910-13.jpg, http://images.manheim.co.uk/images/units/zoom/insp-0001-4007810-4017910-1000.jpg, http://images.manheim.co.uk/images/units/zoom/insp-0001-4007810-4017910-1001.jpg, http://images.manheim.co.uk/images/units/zoom/insp-0001-4007810-4017910-1002.jpg, http://images.manheim.co.uk/images/units/zoom/insp-0001-4007810-4017910-1003.jpg, http://images.manheim.co.uk/images/units/zoom/insp-0001-4007810-4017910-1004.jpg, http://images.manheim.co.uk/images/units/zoom/insp-0001-4007810-4017910-1005.jpg, http://images.manheim.co.uk/images/units/zoom/insp-0001-4007810-4017910-1006.jpg, http://images.manheim.co.uk/images/units/zoom/insp-0001-4007810-4017910-1007.jpg, http://images.manheim.co.uk/images/units/zoom/insp-0001-4007810-4017910-1008.jpg, http://images.manheim.co.uk/images/units/zoom/insp-0001-4007810-4017910-1009.jpg, http://images.manheim.co.uk/images/units/zoom/insp-0001-4007810-4017910-1010.jpg, http://images.manheim.co.uk/images/units/zoom/insp-0001-4007810-4017910-1011.jpg, http://images.manheim.co.uk/images/units/zoom/insp-0001-4007810-4017910-1012.jpg",http://ecr.manheim.co.uk/pdf/MOL-0004007810-01989932-002.pdf,2,2,19/04/2021,20209,"21/03/2024, 19/04/2021","54277, 20209","Robertson Gemini Ltd, Sturgess Land Rover","Print, Print",,Jan-26,LAND ROVER,DISCOVERY,2.0 SD4 HSE Luxury 5dr Auto,0,05/01/2026, 
OY70UEU,"LAND ROVER
DEFENDER
2.0 D240 SE 110 5dr Auto",Lane 2 - Available Car / ...,Automatic,Diesel,2.0,5.0,£39200,£37900,£42500,3,EstateGRADE 3CP GREENSC SilverView Report,CP GREEN,2020,Sep 2020,33556,WHITE,WHITE,Solid,BLACK,Part Leather,5,2,With Manheim,Margin,No,No,No,Lloyd Motor Group,Leeds,"Air Conditioning, Auto Climate Control, Automatic Lights, Automatic Wipers, Bluetooth, Cruise Control, DAB, Dual Zone Climate, Electric Sun Roof, Front Parking Sensors, Heated Front Screen, Heated Seats, Part Leather, Privacy Glass, Rear Parking Sensors, Reversing camera, Sat Nav Functioning, CO2: 250",,"£38,200",https://www.manheim.co.uk/nama,"http://images.manheim.co.uk/images/units/zoom/4c709157-40a0-4dec-8ae9-860198570ec6_ext_7.jpg, http://images.manheim.co.uk/images/units/zoom/4c709157-40a0-4dec-8ae9-860198570ec6_ext_6.jpg, http://images.manheim.co.uk/images/units/zoom/4c709157-40a0-4dec-8ae9-860198570ec6_ext_1.jpg, http://images.manheim.co.uk/images/units/zoom/4c709157-40a0-4dec-8ae9-860198570ec6_5.jpg, http://images.manheim.co.uk/images/units/zoom/4c709157-40a0-4dec-8ae9-860198570ec6_4.jpg, http://images.manheim.co.uk/images/units/zoom/4c709157-40a0-4dec-8ae9-860198570ec6_11.jpg, http://images.manheim.co.uk/images/units/zoom/4c709157-40a0-4dec-8ae9-860198570ec6_10.jpg, http://images.manheim.co.uk/images/units/zoom/4c709157-40a0-4dec-8ae9-860198570ec6_9.jpg, http://images.manheim.co.uk/images/units/zoom/4c709157-40a0-4dec-8ae9-860198570ec6_ext_2.jpg, http://images.manheim.co.uk/images/units/zoom/4c709157-40a0-4dec-8ae9-860198570ec6_ext_5.jpg, http://images.manheim.co.uk/images/units/zoom/4c709157-40a0-4dec-8ae9-860198570ec6_ext_3.jpg, http://images.manheim.co.uk/images/units/zoom/4c709157-40a0-4dec-8ae9-860198570ec6_ext_4.jpg, http://images.manheim.co.uk/images/units/zoom/insp-0001-3171741-3993211-13.jpg, http://images.manheim.co.uk/images/units/zoom/insp-0001-3171741-3993211-1000.jpg, http://images.manheim.co.uk/images/units/zoom/insp-0001-3171741-3993211-1001.jpg, http://images.manheim.co.uk/images/units/zoom/insp-0001-3171741-3993211-1002.jpg, http://images.manheim.co.uk/images/units/zoom/insp-0001-3171741-3993211-1003.jpg, http://images.manheim.co.uk/images/units/zoom/insp-0001-3171741-3993211-1004.jpg, http://images.manheim.co.uk/images/units/zoom/insp-0001-3171741-3993211-1005.jpg, http://images.manheim.co.uk/images/units/zoom/insp-0001-3171741-3993211-1006.jpg",http://ecr.manheim.co.uk/pdf/MOL-0003171741-01974417-002.pdf,2,2,15/09/2022,11286,"10/09/2024, 15/09/2022","24097, 11286","PENTLAND LAND ROVER, LAND ROVER","Print, Print",,Mar-26,LAND ROVER,DEFENDER,2.0 D240 SE 110 5dr Auto,0,05/01/2026, 
PE68OCO,"BMW
X1
sDrive 18i M Sport 5dr Step Auto",SIMULCAST AND PHYSICAL - ...,Automatic,Petrol,1.5,5.0,£12050,£10850,£14450,2,EstateGRADE 2CP GREENSC SilverView Report,CP GREEN,2018,Sep 2018,51751,WHITE,WHITE,Metallic,BLACK,CLOTH,5,2,With Manheim,Margin,No,No,No,MotoNovo Finance,Manchester,"Air Conditioning, Auto Climate Control, Automatic Lights, Automatic Wipers, Aux In, Bluetooth, Cruise Control, DAB, Dual Zone Climate, Front Parking Sensors, Heated Seats, Media Connectivity, Privacy Glass, Radio CD, Rear Parking Sensors, Sat Nav Functioning, Traction Control, CO2: 133",,"£11,809",https://www.manheim.co.uk/nama,"http://images.manheim.co.uk/images/units/zoom/3fa3123f-2454-47e2-bde2-452d8592bcd3_ext_7.jpg, http://images.manheim.co.uk/images/units/zoom/3fa3123f-2454-47e2-bde2-452d8592bcd3_ext_6.jpg, http://images.manheim.co.uk/images/units/zoom/3fa3123f-2454-47e2-bde2-452d8592bcd3_ext_1.jpg, http://images.manheim.co.uk/images/units/zoom/3fa3123f-2454-47e2-bde2-452d8592bcd3_5.jpg, http://images.manheim.co.uk/images/units/zoom/3fa3123f-2454-47e2-bde2-452d8592bcd3_4.jpg, http://images.manheim.co.uk/images/units/zoom/3fa3123f-2454-47e2-bde2-452d8592bcd3_11.jpg, http://images.manheim.co.uk/images/units/zoom/3fa3123f-2454-47e2-bde2-452d8592bcd3_10.jpg, http://images.manheim.co.uk/images/units/zoom/3fa3123f-2454-47e2-bde2-452d8592bcd3_9.jpg, http://images.manheim.co.uk/images/units/zoom/3fa3123f-2454-47e2-bde2-452d8592bcd3_ext_2.jpg, http://images.manheim.co.uk/images/units/zoom/3fa3123f-2454-47e2-bde2-452d8592bcd3_ext_5.jpg, http://images.manheim.co.uk/images/units/zoom/3fa3123f-2454-47e2-bde2-452d8592bcd3_ext_3.jpg, http://images.manheim.co.uk/images/units/zoom/3fa3123f-2454-47e2-bde2-452d8592bcd3_ext_4.jpg, http://images.manheim.co.uk/images/units/zoom/insp-0001-4013771-4011661-13.jpg, http://images.manheim.co.uk/images/units/zoom/insp-0001-4013771-4011661-1000.jpg, http://images.manheim.co.uk/images/units/zoom/insp-0001-4013771-4011661-1001.jpg, http://images.manheim.co.uk/images/units/zoom/insp-0001-4013771-4011661-1002.jpg, http://images.manheim.co.uk/images/units/zoom/insp-0001-4013771-4011661-1003.jpg, http://images.manheim.co.uk/images/units/zoom/insp-0001-4013771-4011661-1004.jpg, http://images.manheim.co.uk/images/units/zoom/insp-0001-4013771-4011661-1005.jpg, http://images.manheim.co.uk/images/units/zoom/insp-0001-4013771-4011661-1006.jpg, http://images.manheim.co.uk/images/units/zoom/insp-0001-4013771-4011661-1007.jpg, http://images.manheim.co.uk/images/units/zoom/insp-0001-4013771-4011661-1008.jpg, http://images.manheim.co.uk/images/units/zoom/insp-0001-4013771-4011661-1009.jpg, http://images.manheim.co.uk/images/units/zoom/insp-0001-4013771-4011661-1010.jpg, http://images.manheim.co.uk/images/units/zoom/insp-0001-4013771-4011661-1011.jpg, http://images.manheim.co.uk/images/units/zoom/insp-0001-4013771-4011661-1012.jpg, http://images.manheim.co.uk/images/units/zoom/insp-0001-4013771-4011661-1013.jpg, http://images.manheim.co.uk/images/units/zoom/insp-0001-4013771-4011661-1014.jpg",http://ecr.manheim.co.uk/pdf/MOL-0004013771-01995776-004.pdf,2,6,20/03/2020,13368,"30/10/2023, 05/09/2023, 27/04/2022, 30/03/2022, 27/08/2021, 20/03/2020","41244, 40001, 28594, 27401, 22442, 13368","IDRIVE, IDRIVE, IDRIVE, IDRIVE, IDRIVE, IDRIVE","Digital, Digital, Digital, Digital, Digital, Digital",,Mar-26,BMW,X1,sDrive 18i M Sport 5dr Step Auto,0,18/12/2025, 
PF69HBY,"VAUXHALL
CORSA
1.5 Turbo D Elite Nav Premium 5dr",Lane 2 - Stellantis & You...,Manual,Diesel,1.3,5.0,£7125,£6250,£9150,2,HatchbackGRADE 2CP GREENSC SilverView Report,CP GREEN,2019,Nov 2019,66512,RED,RED,Metallic,BLACK,Part Leather,5,1,With Manheim,Margin,No,No,No,Lloyd Motor Group,Leeds,"6 Speed, Air Conditioning, Auto Climate Control, Automatic Lights, Automatic Wipers, Bluetooth, Cruise Control, DAB, Dual Zone Climate, Front Parking Sensors, Heated Seats, Media Connectivity, Part Leather, Privacy Glass, Rear Parking Sensors, Reversing camera, Sat Nav Functioning, Traction Control, CO2: 85",spare key inoperative,"£6,325",https://www.manheim.co.uk/nama,"http://images.manheim.co.uk/images/units/zoom/0fcc192d-8bd9-46ac-82f1-58f132e13b57_ext_7.jpg, http://images.manheim.co.uk/images/units/zoom/0fcc192d-8bd9-46ac-82f1-58f132e13b57_ext_6.jpg, http://images.manheim.co.uk/images/units/zoom/0fcc192d-8bd9-46ac-82f1-58f132e13b57_ext_1.jpg, http://images.manheim.co.uk/images/units/zoom/0fcc192d-8bd9-46ac-82f1-58f132e13b57_5.jpg, http://images.manheim.co.uk/images/units/zoom/0fcc192d-8bd9-46ac-82f1-58f132e13b57_4.jpg, http://images.manheim.co.uk/images/units/zoom/0fcc192d-8bd9-46ac-82f1-58f132e13b57_11.jpg, http://images.manheim.co.uk/images/units/zoom/0fcc192d-8bd9-46ac-82f1-58f132e13b57_10.jpg, http://images.manheim.co.uk/images/units/zoom/0fcc192d-8bd9-46ac-82f1-58f132e13b57_9.jpg, http://images.manheim.co.uk/images/units/zoom/0fcc192d-8bd9-46ac-82f1-58f132e13b57_ext_2.jpg, http://images.manheim.co.uk/images/units/zoom/0fcc192d-8bd9-46ac-82f1-58f132e13b57_ext_5.jpg, http://images.manheim.co.uk/images/units/zoom/0fcc192d-8bd9-46ac-82f1-58f132e13b57_ext_3.jpg, http://images.manheim.co.uk/images/units/zoom/0fcc192d-8bd9-46ac-82f1-58f132e13b57_ext_4.jpg, http://images.manheim.co.uk/images/units/zoom/insp-0001-4007795-4016017-13.jpg, http://images.manheim.co.uk/images/units/zoom/insp-0001-4007795-4016017-1000.jpg, http://images.manheim.co.uk/images/units/zoom/insp-0001-4007795-4016017-1001.jpg, http://images.manheim.co.uk/images/units/zoom/insp-0001-4007795-4016017-1002.jpg, http://images.manheim.co.uk/images/units/zoom/insp-0001-4007795-4016017-1003.jpg, http://images.manheim.co.uk/images/units/zoom/insp-0001-4007795-4016017-1004.jpg, http://images.manheim.co.uk/images/units/zoom/insp-0001-4007795-4016017-1005.jpg, http://images.manheim.co.uk/images/units/zoom/insp-0001-4007795-4016017-1006.jpg, http://images.manheim.co.uk/images/units/zoom/insp-0001-4007795-4016017-1007.jpg, http://images.manheim.co.uk/images/units/zoom/insp-0001-4007795-4016017-1008.jpg, http://images.manheim.co.uk/images/units/zoom/insp-0001-4007795-4016017-1009.jpg, http://images.manheim.co.uk/images/units/zoom/insp-0001-4007795-4016017-1010.jpg, http://images.manheim.co.uk/images/units/zoom/insp-0001-4007795-4016017-1011.jpg, http://images.manheim.co.uk/images/units/zoom/insp-0001-4007795-4016017-1012.jpg, http://images.manheim.co.uk/images/units/zoom/insp-0001-4007795-4016017-1013.jpg, http://images.manheim.co.uk/images/units/zoom/insp-0001-4007795-4016017-1014.jpg",http://ecr.manheim.co.uk/pdf/MOL-0004007795-01989904-003.pdf,4,5,05/05/2021,20974,"25/02/2025, 26/02/2024, 08/03/2023, 23/04/2022, 05/05/2021","55816, 43552, 34931, 25296, 20974","Balmoral Road Car Sales, Balmoral Road Car Sales, Lookers Carlisle, Arnold Clark, Arnold Clark","Book, Book, Book, Book, Book",,Mar-26,VAUXHALL,CORSA,1.5 Turbo D Elite Nav Premium 5dr,0,05/01/2026, 
PF72WDW,"KIA
STONIC
1.0T GDi 99 2 5dr",Lane 1 - D M Keith / Sytn...,Manual,Petrol,1.0,5.0,£11150,£9975,£13550,4,HatchbackGRADE 4CP GREENSC SilverView Report,CP GREEN,2023,Jan 2023,19912,GREY,GREY,Metallic,BLACK,CLOTH,5,2,With Manheim,Margin,No,No,No,Lloyd Motor Group,Leeds,"6 Speed, Air Conditioning, Automatic Lights, Bluetooth, Cruise Control, DAB, Media Connectivity, Rear Parking Sensors, Traction Control, CO2: 125",,"£9,975",https://www.manheim.co.uk/nama,"http://images.manheim.co.uk/images/units/zoom/317c7882-41d5-4298-a907-0d33d63eb45d_ext_7.jpg, http://images.manheim.co.uk/images/units/zoom/317c7882-41d5-4298-a907-0d33d63eb45d_ext_6.jpg, http://images.manheim.co.uk/images/units/zoom/317c7882-41d5-4298-a907-0d33d63eb45d_ext_1.jpg, http://images.manheim.co.uk/images/units/zoom/317c7882-41d5-4298-a907-0d33d63eb45d_5.jpg, http://images.manheim.co.uk/images/units/zoom/317c7882-41d5-4298-a907-0d33d63eb45d_4.jpg, http://images.manheim.co.uk/images/units/zoom/317c7882-41d5-4298-a907-0d33d63eb45d_11.jpg, http://images.manheim.co.uk/images/units/zoom/317c7882-41d5-4298-a907-0d33d63eb45d_10.jpg, http://images.manheim.co.uk/images/units/zoom/317c7882-41d5-4298-a907-0d33d63eb45d_9.jpg, http://images.manheim.co.uk/images/units/zoom/317c7882-41d5-4298-a907-0d33d63eb45d_ext_2.jpg, http://images.manheim.co.uk/images/units/zoom/317c7882-41d5-4298-a907-0d33d63eb45d_ext_5.jpg, http://images.manheim.co.uk/images/units/zoom/317c7882-41d5-4298-a907-0d33d63eb45d_ext_3.jpg, http://images.manheim.co.uk/images/units/zoom/317c7882-41d5-4298-a907-0d33d63eb45d_ext_4.jpg, http://images.manheim.co.uk/images/units/zoom/insp-0001-3992448-3996103-13.jpg, http://images.manheim.co.uk/images/units/zoom/insp-0001-3992448-3996103-1000.jpg, http://images.manheim.co.uk/images/units/zoom/insp-0001-3992448-3996103-1001.jpg, http://images.manheim.co.uk/images/units/zoom/insp-0001-3992448-3996103-1002.jpg, http://images.manheim.co.uk/images/units/zoom/insp-0001-3992448-3996103-1003.jpg, http://images.manheim.co.uk/images/units/zoom/insp-0001-3992448-3996103-1004.jpg, http://images.manheim.co.uk/images/units/zoom/insp-0001-3992448-3996103-1005.jpg, http://images.manheim.co.uk/images/units/zoom/insp-0001-3992448-3996103-1006.jpg, http://images.manheim.co.uk/images/units/zoom/insp-0001-3992448-3996103-1007.jpg, http://images.manheim.co.uk/images/units/zoom/insp-0001-3992448-3996103-1008.jpg, http://images.manheim.co.uk/images/units/zoom/insp-0001-3992448-3996103-1009.jpg, http://images.manheim.co.uk/images/units/zoom/insp-0001-3992448-3996103-1010.jpg, http://images.manheim.co.uk/images/units/zoom/insp-0001-3992448-3996103-1011.jpg, http://images.manheim.co.uk/images/units/zoom/insp-0001-3992448-3996103-1012.jpg, http://images.manheim.co.uk/images/units/zoom/insp-0001-3992448-3996103-1013.jpg, http://images.manheim.co.uk/images/units/zoom/insp-0001-3992448-3996103-1014.jpg, http://images.manheim.co.uk/images/units/zoom/insp-0001-3992448-3996103-1015.jpg, http://images.manheim.co.uk/images/units/zoom/insp-0001-3992448-3996103-1016.jpg, http://images.manheim.co.uk/images/units/zoom/insp-0001-3992448-3996103-1017.jpg",http://ecr.manheim.co.uk/pdf/MOL-0003992448-01973440-004.pdf,1,2,22/03/2024,8117,"11/06/2025, 22/03/2024","16155, 8117","Cleator Moor Auto Body Repairs, J D Autos","Book, Book",,Jan-26,KIA,STONIC,1.0T GDi 99 2 5dr,0,07/01/2026, 
PG23KWH,"HYUNDAI
I10
1.0 MPi SE Connect 5dr",Lane 1 - D M Keith / Sytn...,Manual,Petrol,1.0,5.0,£10400,£9325,£12150,1,HatchbackGRADE 1CP GREENSC SilverView Report,CP GREEN,2023,Mar 2023,9251,BLACK,BLACK,Metallic,BLACK,CLOTH,5,2,With Manheim,Margin,No,No,No,Lloyd Motor Group,Leeds,"Air Conditioning, Automatic Lights, Bluetooth, Cruise Control, DAB, Media Connectivity, Rear Parking Sensors, Reversing camera, Sat Nav Functioning, Traction Control, CO2: 119",,"£10,100",https://www.manheim.co.uk/nama,"http://images.manheim.co.uk/images/units/zoom/ec686d76-5ed0-461e-b98c-8b4ee1fedab7_ext_7.jpg, http://images.manheim.co.uk/images/units/zoom/ec686d76-5ed0-461e-b98c-8b4ee1fedab7_ext_6.jpg, http://images.manheim.co.uk/images/units/zoom/ec686d76-5ed0-461e-b98c-8b4ee1fedab7_ext_1.jpg, http://images.manheim.co.uk/images/units/zoom/ec686d76-5ed0-461e-b98c-8b4ee1fedab7_5.jpg, http://images.manheim.co.uk/images/units/zoom/ec686d76-5ed0-461e-b98c-8b4ee1fedab7_4.jpg, http://images.manheim.co.uk/images/units/zoom/ec686d76-5ed0-461e-b98c-8b4ee1fedab7_11.jpg, http://images.manheim.co.uk/images/units/zoom/ec686d76-5ed0-461e-b98c-8b4ee1fedab7_10.jpg, http://images.manheim.co.uk/images/units/zoom/ec686d76-5ed0-461e-b98c-8b4ee1fedab7_9.jpg, http://images.manheim.co.uk/images/units/zoom/ec686d76-5ed0-461e-b98c-8b4ee1fedab7_ext_2.jpg, http://images.manheim.co.uk/images/units/zoom/ec686d76-5ed0-461e-b98c-8b4ee1fedab7_ext_5.jpg, http://images.manheim.co.uk/images/units/zoom/ec686d76-5ed0-461e-b98c-8b4ee1fedab7_ext_3.jpg, http://images.manheim.co.uk/images/units/zoom/ec686d76-5ed0-461e-b98c-8b4ee1fedab7_ext_4.jpg, http://images.manheim.co.uk/images/units/zoom/insp-0001-4004230-4012768-13.jpg, http://images.manheim.co.uk/images/units/zoom/insp-0001-4004230-4012768-1000.jpg, http://images.manheim.co.uk/images/units/zoom/insp-0001-4004230-4012768-1001.jpg, http://images.manheim.co.uk/images/units/zoom/insp-0001-4004230-4012768-1002.jpg",http://ecr.manheim.co.uk/pdf/MOL-0004004230-01985667-002.pdf,1,1,14/02/2024,3694,14/02/2024,3694,Brimelows Service & MOT Centre,Book,,Mar-26,HYUNDAI,I10,1.0 MPi SE Connect 5dr,0,07/01/2026, 
PJ71KFR,"NISSAN
JUKE
1.0 DiG-T 114 Tekna 5dr DCT",Lane 2 - Available Car / ...,Semi-Automatic,Petrol,1.0,5.0,£14000,£12750,£16450,1,HatchbackGRADE 1CP GREENSC SilverView Report,CP GREEN,2022,Jan 2022,10266,WHITE,WHITE,Metallic,BLACK,Part Leather,5,2,With Manheim,Margin,No,No,No,Lloyd Motor Group,Leeds,"Sat Nav Functioning, Reversing camera, Rear Parking Sensors, Part Leather, Media Connectivity, Heated Seats, Heated Front Screen, DAB, Bluetooth, Aux In, Automatic Wipers, Automatic Lights, Auto Climate Control, Air Conditioning, CO2: 140",,"£11,800",https://www.manheim.co.uk/nama,"http://images.manheim.co.uk/images/units/zoom/bcd9db55-c24e-4ccb-a9d4-5201d6db2057_ext_7.jpg, http://images.manheim.co.uk/images/units/zoom/bcd9db55-c24e-4ccb-a9d4-5201d6db2057_ext_6.jpg, http://images.manheim.co.uk/images/units/zoom/bcd9db55-c24e-4ccb-a9d4-5201d6db2057_ext_1.jpg, http://images.manheim.co.uk/images/units/zoom/bcd9db55-c24e-4ccb-a9d4-5201d6db2057_5.jpg, http://images.manheim.co.uk/images/units/zoom/bcd9db55-c24e-4ccb-a9d4-5201d6db2057_4.jpg, http://images.manheim.co.uk/images/units/zoom/bcd9db55-c24e-4ccb-a9d4-5201d6db2057_11.jpg, http://images.manheim.co.uk/images/units/zoom/bcd9db55-c24e-4ccb-a9d4-5201d6db2057_10.jpg, http://images.manheim.co.uk/images/units/zoom/bcd9db55-c24e-4ccb-a9d4-5201d6db2057_9.jpg, http://images.manheim.co.uk/images/units/zoom/bcd9db55-c24e-4ccb-a9d4-5201d6db2057_ext_2.jpg, http://images.manheim.co.uk/images/units/zoom/bcd9db55-c24e-4ccb-a9d4-5201d6db2057_ext_5.jpg, http://images.manheim.co.uk/images/units/zoom/bcd9db55-c24e-4ccb-a9d4-5201d6db2057_ext_3.jpg, http://images.manheim.co.uk/images/units/zoom/bcd9db55-c24e-4ccb-a9d4-5201d6db2057_ext_4.jpg, http://images.manheim.co.uk/images/units/zoom/insp-0001-3996458-3996840-13.jpg, http://images.manheim.co.uk/images/units/zoom/insp-0001-3996458-3996840-1000.jpg, http://images.manheim.co.uk/images/units/zoom/insp-0001-3996458-3996840-1001.jpg, http://images.manheim.co.uk/images/units/zoom/insp-0001-3996458-3996840-1002.jpg",http://ecr.manheim.co.uk/pdf/MOL-0003996458-01976826-005.pdf,1,2,13/08/2024,6441,"31/01/2025, 13/08/2024","8251, 6441","Chorley Nissan, Chorley Group Burnley","Book, Book",,Jan-26,NISSAN,JUKE,1.0 DiG-T 114 Tekna 5dr DCT,0,05/01/2026, 
PJ72BFL,"NISSAN
QASHQAI
1.3 DiG-T MH Tekna 5dr",Lane 2 - Available Car / ...,Manual,Petrol,1.3,5.0,£16650,£15300,£19095,1,HatchbackGRADE 1CP GREENSC SilverView Report,CP GREEN,2022,Oct 2022,18092,SILVER,SILVER,Solid,BLACK,,5,2,With Manheim,Margin,No,No,No,Lloyd Motor Group,Leeds,"6 Speed, Air Conditioning, Cruise Control, DAB, Dual Zone Climate, Heated Seats, Panoramic Roof, Sat Nav Functioning, CO2: 145",,"£15,500",https://www.manheim.co.uk/nama,"http://images.manheim.co.uk/images/units/zoom/53f96c20-9055-432f-a9de-351638958000_ext_7.jpg, http://images.manheim.co.uk/images/units/zoom/53f96c20-9055-432f-a9de-351638958000_ext_6.jpg, http://images.manheim.co.uk/images/units/zoom/53f96c20-9055-432f-a9de-351638958000_ext_1.jpg, http://images.manheim.co.uk/images/units/zoom/53f96c20-9055-432f-a9de-351638958000_5.jpg, http://images.manheim.co.uk/images/units/zoom/53f96c20-9055-432f-a9de-351638958000_4.jpg, http://images.manheim.co.uk/images/units/zoom/53f96c20-9055-432f-a9de-351638958000_11.jpg, http://images.manheim.co.uk/images/units/zoom/53f96c20-9055-432f-a9de-351638958000_10.jpg, http://images.manheim.co.uk/images/units/zoom/53f96c20-9055-432f-a9de-351638958000_9.jpg, http://images.manheim.co.uk/images/units/zoom/53f96c20-9055-432f-a9de-351638958000_ext_2.jpg, http://images.manheim.co.uk/images/units/zoom/53f96c20-9055-432f-a9de-351638958000_ext_5.jpg, http://images.manheim.co.uk/images/units/zoom/53f96c20-9055-432f-a9de-351638958000_ext_3.jpg, http://images.manheim.co.uk/images/units/zoom/53f96c20-9055-432f-a9de-351638958000_ext_4.jpg, http://images.manheim.co.uk/images/units/zoom/insp-0001-3966058-3959427-13.jpg, http://images.manheim.co.uk/images/units/zoom/insp-0001-3966058-3959427-1000.jpg",http://ecr.manheim.co.uk/pdf/MOL-0003966058-01946834-005.pdf,1,2,15/11/2023,6356,"16/11/2024, 15/11/2023","12268, 6356","CHORLEY NISSAN, CHORLEY NISSAN","Book, Book",,Oct-26,NISSAN,QASHQAI,1.3 DiG-T MH Tekna 5dr,0,05/01/2026, 
PJ72JVL,"AUDI
Q3
35 TFSI Technik 5dr S Tronic",Lane 2 - Available Car / ...,Semi-Automatic,Petrol,1.5,5.0,£20950,£19550,£24000,1,EstateGRADE 1CP GREENSC SilverView Report,CP GREEN,2022,Nov 2022,20493,RED,RED,Metallic,BLACK,CLOTH,5,2,With Manheim,Margin,No,No,No,Lloyd Motor Group,Leeds,"Air Conditioning, Auto Climate Control, Automatic Lights, Automatic Wipers, Aux In, Bluetooth, Cruise Control, DAB, Dual Zone Climate, Front Parking Sensors, Heated Front Screen, Privacy Glass, Rear Parking Sensors, Sat Nav Functioning, Traction Control, CO2: 146",,"£19,750",https://www.manheim.co.uk/nama,"http://images.manheim.co.uk/images/units/zoom/a4bfdf2f-bbe0-4d18-b8b2-fdd8794816ce_ext_7.jpg, http://images.manheim.co.uk/images/units/zoom/a4bfdf2f-bbe0-4d18-b8b2-fdd8794816ce_ext_6.jpg, http://images.manheim.co.uk/images/units/zoom/a4bfdf2f-bbe0-4d18-b8b2-fdd8794816ce_ext_1.jpg, http://images.manheim.co.uk/images/units/zoom/a4bfdf2f-bbe0-4d18-b8b2-fdd8794816ce_5.jpg, http://images.manheim.co.uk/images/units/zoom/a4bfdf2f-bbe0-4d18-b8b2-fdd8794816ce_4.jpg, http://images.manheim.co.uk/images/units/zoom/a4bfdf2f-bbe0-4d18-b8b2-fdd8794816ce_11.jpg, http://images.manheim.co.uk/images/units/zoom/a4bfdf2f-bbe0-4d18-b8b2-fdd8794816ce_10.jpg, http://images.manheim.co.uk/images/units/zoom/a4bfdf2f-bbe0-4d18-b8b2-fdd8794816ce_9.jpg, http://images.manheim.co.uk/images/units/zoom/a4bfdf2f-bbe0-4d18-b8b2-fdd8794816ce_ext_2.jpg, http://images.manheim.co.uk/images/units/zoom/a4bfdf2f-bbe0-4d18-b8b2-fdd8794816ce_ext_5.jpg, http://images.manheim.co.uk/images/units/zoom/a4bfdf2f-bbe0-4d18-b8b2-fdd8794816ce_ext_3.jpg, http://images.manheim.co.uk/images/units/zoom/a4bfdf2f-bbe0-4d18-b8b2-fdd8794816ce_ext_4.jpg, http://images.manheim.co.uk/images/units/zoom/insp-0001-3990061-3991731-13.jpg, http://images.manheim.co.uk/images/units/zoom/insp-0001-3990061-3991731-1000.jpg",http://ecr.manheim.co.uk/pdf/MOL-0003990061-01970853-002.pdf,1,2,05/12/2023,7318,"05/12/2024, 05/12/2023","14843, 7318","Preston Audi, Preston Audi","Print, Print",,,AUDI,Q3,35 TFSI Technik 5dr S Tronic,0,05/01/2026, 
PJ73FKB,"VOLKSWAGEN
T-ROC
2.0 TSI 300 4MOTION R 5dr DSG",Lane 2 - Available Car / ...,Semi-Automatic,Petrol,2.0,5.0,£27700,£26400,£30750,2,HatchbackGRADE 2CP GREENSC SilverView Report,CP GREEN,2023,Nov 2023,18270,BLUE,BLUE,Solid,GREY,,5,2,With Manheim,Margin,No,No,No,Lloyd Motor Group,Leeds,"Air Conditioning, Cruise Control, DAB, Dual Zone Climate, Heated Seats, Sat Nav Functioning, CO2: 202",,"£27,300",https://www.manheim.co.uk/nama,"http://images.manheim.co.uk/images/units/zoom/a799ada8-5a67-42b0-84a3-c1013f86673d_ext_7.jpg, http://images.manheim.co.uk/images/units/zoom/a799ada8-5a67-42b0-84a3-c1013f86673d_ext_6.jpg, http://images.manheim.co.uk/images/units/zoom/a799ada8-5a67-42b0-84a3-c1013f86673d_ext_1.jpg, http://images.manheim.co.uk/images/units/zoom/a799ada8-5a67-42b0-84a3-c1013f86673d_5.jpg, http://images.manheim.co.uk/images/units/zoom/a799ada8-5a67-42b0-84a3-c1013f86673d_4.jpg, http://images.manheim.co.uk/images/units/zoom/a799ada8-5a67-42b0-84a3-c1013f86673d_11.jpg, http://images.manheim.co.uk/images/units/zoom/a799ada8-5a67-42b0-84a3-c1013f86673d_10.jpg, http://images.manheim.co.uk/images/units/zoom/a799ada8-5a67-42b0-84a3-c1013f86673d_9.jpg, http://images.manheim.co.uk/images/units/zoom/a799ada8-5a67-42b0-84a3-c1013f86673d_ext_2.jpg, http://images.manheim.co.uk/images/units/zoom/a799ada8-5a67-42b0-84a3-c1013f86673d_ext_5.jpg, http://images.manheim.co.uk/images/units/zoom/a799ada8-5a67-42b0-84a3-c1013f86673d_ext_3.jpg, http://images.manheim.co.uk/images/units/zoom/a799ada8-5a67-42b0-84a3-c1013f86673d_ext_4.jpg, http://images.manheim.co.uk/images/units/zoom/insp-0001-4000541-4001044-13.jpg, http://images.manheim.co.uk/images/units/zoom/insp-0001-4000541-4001044-1000.jpg, http://images.manheim.co.uk/images/units/zoom/insp-0001-4000541-4001044-1001.jpg",http://ecr.manheim.co.uk/pdf/MOL-0004000541-01981850-005.pdf,2,1,21/03/2025,10927,21/03/2025,10927,HADWINS VOLKSWAGEN,Print,,Nov-26,VOLKSWAGEN,T-ROC,2.0 TSI 300 4MOTION R 5dr DSG,0,05/01/2026, 
PK13ORJ,"AUDI
A1
1.4 TFSI Sport 5dr","Available Car, Pulman Gro...",Manual,Petrol,1.4,5.0,£2775,£2325,£4550,5,HatchbackGRADE 5SC BronzeView Report,SC Bronze,2013,Apr 2013,116668,BLUE,BLUE,Metallic,BLACK,CLOTH,5,1,With Manheim,Margin,No,No,No,S G Petch,Washington,"Air Conditioning, Radio CD, Traction Control, CO2: 126",,"£2,250",https://www.manheim.co.uk/nama,"http://images.manheim.co.uk/images/units/zoom/4011908-9999999-339132218-004.jpg, http://images.manheim.co.uk/images/units/zoom/4011908-9999999-339132218-008.jpg, http://images.manheim.co.uk/images/units/zoom/4011908-9999999-339132218-001.jpg, http://images.manheim.co.uk/images/units/zoom/4011908-9999999-339132218-002.jpg, http://images.manheim.co.uk/images/units/zoom/4011908-9999999-339132218-003.jpg, http://images.manheim.co.uk/images/units/zoom/4011908-9999999-339132218-005.jpg, http://images.manheim.co.uk/images/units/zoom/4011908-9999999-339132218-006.jpg, http://images.manheim.co.uk/images/units/zoom/4011908-9999999-339132218-007.jpg, http://images.manheim.co.uk/images/units/zoom/4011908-9999999-339132218-009.jpg, http://images.manheim.co.uk/images/units/zoom/4011908-9999999-339132218-010.jpg, http://images.manheim.co.uk/images/units/zoom/4011908-9999999-339132218-011.jpg, http://images.manheim.co.uk/images/units/zoom/4011908-9999999-339132218-012.jpg, http://images.manheim.co.uk/images/units/zoom/insp-0001-4011908-4009970-13.jpg, http://images.manheim.co.uk/images/units/zoom/insp-0001-4011908-4009970-1000.jpg, http://images.manheim.co.uk/images/units/zoom/insp-0001-4011908-4009970-1001.jpg, http://images.manheim.co.uk/images/units/zoom/insp-0001-4011908-4009970-1002.jpg, http://images.manheim.co.uk/images/units/zoom/insp-0001-4011908-4009970-1003.jpg, http://images.manheim.co.uk/images/units/zoom/insp-0001-4011908-4009970-1004.jpg, http://images.manheim.co.uk/images/units/zoom/insp-0001-4011908-4009970-1005.jpg, http://images.manheim.co.uk/images/units/zoom/insp-0001-4011908-4009970-1006.jpg, http://images.manheim.co.uk/images/units/zoom/insp-0001-4011908-4009970-1007.jpg, http://images.manheim.co.uk/images/units/zoom/insp-0001-4011908-4009970-1008.jpg, http://images.manheim.co.uk/images/units/zoom/insp-0001-4011908-4009970-1009.jpg, http://images.manheim.co.uk/images/units/zoom/insp-0001-4011908-4009970-1010.jpg, http://images.manheim.co.uk/images/units/zoom/insp-0001-4011908-4009970-1011.jpg, http://images.manheim.co.uk/images/units/zoom/insp-0001-4011908-4009970-1012.jpg, http://images.manheim.co.uk/images/units/zoom/insp-0001-4011908-4009970-1013.jpg, http://images.manheim.co.uk/images/units/zoom/insp-0001-4011908-4009970-1014.jpg, http://images.manheim.co.uk/images/units/zoom/insp-0001-4011908-4009970-1015.jpg, http://images.manheim.co.uk/images/units/zoom/insp-0001-4011908-4009970-1016.jpg, http://images.manheim.co.uk/images/units/zoom/insp-0001-4011908-4009970-1017.jpg, http://images.manheim.co.uk/images/units/zoom/insp-0001-4011908-4009970-1018.jpg, http://images.manheim.co.uk/images/units/zoom/insp-0001-4011908-4009970-1019.jpg, http://images.manheim.co.uk/images/units/zoom/insp-0001-4011908-4009970-1020.jpg",http://ecr.manheim.co.uk/pdf/MOL-0004011908-01994037-004.pdf,3,2,03/05/2014,11688,"09/08/2023, 03/05/2014","94914, 11688","CONSETT CAR AND COMMERCIAL LTD, BLACKBURN AUDI","Print, Print",,Oct-26,AUDI,A1,1.4 TFSI Sport 5dr,0,19/12/2025, 
PK19TDX,"MERCEDES-BENZ
A CLASS
A220 AMG Line Premium 5dr Auto",Lane 1 - D M Keith / Sytn...,Automatic,Petrol,2.0,5.0,£14550,£13400,£16750,2,HatchbackGRADE 2CP GREENSC SilverView Report,CP GREEN,2019,Mar 2019,44353,BLACK,BLACK,Solid,BLACK,,5,2,With Manheim,Margin,No,No,No,Lloyd Motor Group,Leeds,"Air Conditioning, Cruise Control, DAB, Dual Zone Climate, Heated Seats, Sat Nav Functioning, CO2: 141",,"£14,150",https://www.manheim.co.uk/nama,"http://images.manheim.co.uk/images/units/zoom/1bac5cdf-aae8-4115-bc1e-efcbeb78e72a_ext_7.jpg, http://images.manheim.co.uk/images/units/zoom/1bac5cdf-aae8-4115-bc1e-efcbeb78e72a_ext_6.jpg, http://images.manheim.co.uk/images/units/zoom/1bac5cdf-aae8-4115-bc1e-efcbeb78e72a_ext_1.jpg, http://images.manheim.co.uk/images/units/zoom/1bac5cdf-aae8-4115-bc1e-efcbeb78e72a_5.jpg, http://images.manheim.co.uk/images/units/zoom/1bac5cdf-aae8-4115-bc1e-efcbeb78e72a_4.jpg, http://images.manheim.co.uk/images/units/zoom/1bac5cdf-aae8-4115-bc1e-efcbeb78e72a_11.jpg, http://images.manheim.co.uk/images/units/zoom/1bac5cdf-aae8-4115-bc1e-efcbeb78e72a_10.jpg, http://images.manheim.co.uk/images/units/zoom/1bac5cdf-aae8-4115-bc1e-efcbeb78e72a_9.jpg, http://images.manheim.co.uk/images/units/zoom/1bac5cdf-aae8-4115-bc1e-efcbeb78e72a_ext_2.jpg, http://images.manheim.co.uk/images/units/zoom/1bac5cdf-aae8-4115-bc1e-efcbeb78e72a_ext_5.jpg, http://images.manheim.co.uk/images/units/zoom/1bac5cdf-aae8-4115-bc1e-efcbeb78e72a_ext_3.jpg, http://images.manheim.co.uk/images/units/zoom/1bac5cdf-aae8-4115-bc1e-efcbeb78e72a_ext_4.jpg, http://images.manheim.co.uk/images/units/zoom/insp-0001-4001785-4005376-13.jpg, http://images.manheim.co.uk/images/units/zoom/insp-0001-4001785-4005376-1000.jpg, http://images.manheim.co.uk/images/units/zoom/insp-0001-4001785-4005376-1001.jpg, http://images.manheim.co.uk/images/units/zoom/insp-0001-4001785-4005376-1002.jpg, http://images.manheim.co.uk/images/units/zoom/insp-0001-4001785-4005376-1003.jpg, http://images.manheim.co.uk/images/units/zoom/insp-0001-4001785-4005376-1004.jpg, http://images.manheim.co.uk/images/units/zoom/insp-0001-4001785-4005376-1005.jpg",http://ecr.manheim.co.uk/pdf/MOL-0004001785-01983165-002.pdf,2,4,06/03/2020,6594,"11/01/2023, 07/01/2022, 05/02/2021, 06/03/2020","22051, 16590, 10883, 6594","Marshall North West Limited, Marshall North West Limited, Marshall North West Limited, Marshall North West Limited","Print, Print, Print, Print",,Feb-26,MERCEDES-BENZ,A CLASS,A220 AMG Line Premium 5dr Auto,0,07/01/2026, 
PK19UWD,"TOYOTA
HILUX DIESEL
Invincible D/Cab Pick Up 2.4 D-4D",Lane 1 - D M Keith / Sytn...,Manual,Diesel,2.4,5.0,£14500,£12750,£16850,5,Pick Up BodyGRADE 5SC LCVView Report,SC LCV,2019,Mar 2019,88177,GREY,GREY,Metallic,BLACK,CLOTH,5,1,With Manheim,Commercial,No,No,No,Lloyd Motor Group,Leeds,"6 Speed, Air Conditioning, Airbag - Passenger, Alloy Wheels, Automatic Lights, Bluetooth, Cruise Control, DAB, Electric Mirrors, Electric Windows, Privacy Glass, Reversing camera, Seats - Fabric/All, Towbar, CO2: 178","Tow Bar, Privacy Glass, Side Steps, 18 Alloys, Mud Flaps","£12,900",https://www.manheim.co.uk/nama,"http://images.manheim.co.uk/images/units/zoom/d84c29e2-cb36-4788-aa49-e0ed8f42aa6d_ext_7.jpg, http://images.manheim.co.uk/images/units/zoom/d84c29e2-cb36-4788-aa49-e0ed8f42aa6d_ext_6.jpg, http://images.manheim.co.uk/images/units/zoom/d84c29e2-cb36-4788-aa49-e0ed8f42aa6d_ext_1.jpg, http://images.manheim.co.uk/images/units/zoom/d84c29e2-cb36-4788-aa49-e0ed8f42aa6d_5.jpg, http://images.manheim.co.uk/images/units/zoom/d84c29e2-cb36-4788-aa49-e0ed8f42aa6d_4.jpg, http://images.manheim.co.uk/images/units/zoom/d84c29e2-cb36-4788-aa49-e0ed8f42aa6d_11.jpg, http://images.manheim.co.uk/images/units/zoom/d84c29e2-cb36-4788-aa49-e0ed8f42aa6d_10.jpg, http://images.manheim.co.uk/images/units/zoom/d84c29e2-cb36-4788-aa49-e0ed8f42aa6d_9.jpg, http://images.manheim.co.uk/images/units/zoom/d84c29e2-cb36-4788-aa49-e0ed8f42aa6d_ext_2.jpg, http://images.manheim.co.uk/images/units/zoom/d84c29e2-cb36-4788-aa49-e0ed8f42aa6d_ext_5.jpg, http://images.manheim.co.uk/images/units/zoom/d84c29e2-cb36-4788-aa49-e0ed8f42aa6d_ext_3.jpg, http://images.manheim.co.uk/images/units/zoom/d84c29e2-cb36-4788-aa49-e0ed8f42aa6d_ext_4.jpg, http://images.manheim.co.uk/images/units/zoom/insp-0001-3991166-3988546-13.jpg, http://images.manheim.co.uk/images/units/zoom/insp-0001-3991166-3988546-1000.jpg, http://images.manheim.co.uk/images/units/zoom/insp-0001-3991166-3988546-1001.jpg, http://images.manheim.co.uk/images/units/zoom/insp-0001-3991166-3988546-1002.jpg, http://images.manheim.co.uk/images/units/zoom/insp-0001-3991166-3988546-1003.jpg, http://images.manheim.co.uk/images/units/zoom/insp-0001-3991166-3988546-1004.jpg, http://images.manheim.co.uk/images/units/zoom/insp-0001-3991166-3988546-1005.jpg, http://images.manheim.co.uk/images/units/zoom/insp-0001-3991166-3988546-1006.jpg, http://images.manheim.co.uk/images/units/zoom/insp-0001-3991166-3988546-1007.jpg, http://images.manheim.co.uk/images/units/zoom/insp-0001-3991166-3988546-1008.jpg, http://images.manheim.co.uk/images/units/zoom/insp-0001-3991166-3988546-1009.jpg, http://images.manheim.co.uk/images/units/zoom/insp-0001-3991166-3988546-1010.jpg, http://images.manheim.co.uk/images/units/zoom/insp-0001-3991166-3988546-1011.jpg, http://images.manheim.co.uk/images/units/zoom/insp-0001-3991166-3988546-1012.jpg, http://images.manheim.co.uk/images/units/zoom/insp-0001-3991166-3988546-1013.jpg, http://images.manheim.co.uk/images/units/zoom/insp-0001-3991166-3988546-1014.jpg, http://images.manheim.co.uk/images/units/zoom/insp-0001-3991166-3988546-1015.jpg, http://images.manheim.co.uk/images/units/zoom/insp-0001-3991166-3988546-1016.jpg, http://images.manheim.co.uk/images/units/zoom/insp-0001-3991166-3988546-1017.jpg, http://images.manheim.co.uk/images/units/zoom/insp-0001-3991166-3988546-1018.jpg, http://images.manheim.co.uk/images/units/zoom/insp-0001-3991166-3988546-1019.jpg, http://images.manheim.co.uk/images/units/zoom/insp-0001-3991166-3988546-1020.jpg, http://images.manheim.co.uk/images/units/zoom/insp-0001-3991166-3988546-1021.jpg, http://images.manheim.co.uk/images/units/zoom/insp-0001-3991166-3988546-1022.jpg, http://images.manheim.co.uk/images/units/zoom/insp-0001-3991166-3988546-1023.jpg, http://images.manheim.co.uk/images/units/zoom/insp-0001-3991166-3988546-1024.jpg, http://images.manheim.co.uk/images/units/zoom/insp-0001-3991166-3988546-1025.jpg, http://images.manheim.co.uk/images/units/zoom/insp-0001-3991166-3988546-1026.jpg, http://images.manheim.co.uk/images/units/zoom/insp-0001-3991166-3988546-1027.jpg, http://images.manheim.co.uk/images/units/zoom/insp-0001-3991166-3988546-1028.jpg, http://images.manheim.co.uk/images/units/zoom/insp-0001-3991166-3988546-1029.jpg, http://images.manheim.co.uk/images/units/zoom/insp-0001-3991166-3988546-1030.jpg, http://images.manheim.co.uk/images/units/zoom/insp-0001-3991166-3988546-1031.jpg, http://images.manheim.co.uk/images/units/zoom/insp-0001-3991166-3988546-1032.jpg, http://images.manheim.co.uk/images/units/zoom/insp-0001-3991166-3988546-1033.jpg, http://images.manheim.co.uk/images/units/zoom/insp-0001-3991166-3988546-1034.jpg, http://images.manheim.co.uk/images/units/zoom/insp-0001-3991166-3988546-1035.jpg, http://images.manheim.co.uk/images/units/zoom/insp-0001-3991166-3988546-1036.jpg",http://ecr.manheim.co.uk/pdf/MOL-0003991166-01972002-004.pdf,3,3,07/01/2020,13914,"10/11/2021, 17/11/2020, 07/01/2020","42944, 27258, 13914","VANTAGE, VANTAGE, VANTAGE","Book, Book, Book",,Feb-26,TOYOTA,HILUX DIESEL,Invincible D/Cab Pick Up 2.4 D-4D,0,07/01/2026, 
PL17DNN,"RENAULT
MEGANE
1.5 dCi Dynamique S Nav 5dr",Lane 1 - Motor Dough / Ke...,Manual,Diesel,1.5,5.0,£2875,£2400,£4600,4,HatchbackGRADE 4CP GREENSC SilverView Report,CP GREEN,2017,Jun 2017,117659,BLUE,BLUE,Metallic,BLACK,Part Leather,5,1,,Margin,No,No,No,Startline Motor Finance,Leeds,"6 Speed, Air Conditioning, Auto Climate Control, Automatic Lights, Automatic Wipers, Bluetooth, Cruise Control, DAB, Dual Zone Climate, Front Parking Sensors, Media Connectivity, Part Leather, Privacy Glass, Rear Parking Sensors, Reversing camera, Sat Nav Functioning, Traction Control, CO2: 95",,"£2,400",https://www.manheim.co.uk/nama,"http://images.manheim.co.uk/images/units/zoom/e5c5a11c-19f4-415a-8bdd-c7d062f62ed0_ext_7.jpg, http://images.manheim.co.uk/images/units/zoom/e5c5a11c-19f4-415a-8bdd-c7d062f62ed0_ext_6.jpg, http://images.manheim.co.uk/images/units/zoom/e5c5a11c-19f4-415a-8bdd-c7d062f62ed0_ext_1.jpg, http://images.manheim.co.uk/images/units/zoom/e5c5a11c-19f4-415a-8bdd-c7d062f62ed0_5.jpg, http://images.manheim.co.uk/images/units/zoom/e5c5a11c-19f4-415a-8bdd-c7d062f62ed0_4.jpg, http://images.manheim.co.uk/images/units/zoom/e5c5a11c-19f4-415a-8bdd-c7d062f62ed0_11.jpg, http://images.manheim.co.uk/images/units/zoom/e5c5a11c-19f4-415a-8bdd-c7d062f62ed0_10.jpg, http://images.manheim.co.uk/images/units/zoom/e5c5a11c-19f4-415a-8bdd-c7d062f62ed0_9.jpg, http://images.manheim.co.uk/images/units/zoom/e5c5a11c-19f4-415a-8bdd-c7d062f62ed0_ext_2.jpg, http://images.manheim.co.uk/images/units/zoom/e5c5a11c-19f4-415a-8bdd-c7d062f62ed0_ext_5.jpg, http://images.manheim.co.uk/images/units/zoom/e5c5a11c-19f4-415a-8bdd-c7d062f62ed0_ext_3.jpg, http://images.manheim.co.uk/images/units/zoom/e5c5a11c-19f4-415a-8bdd-c7d062f62ed0_ext_4.jpg, http://images.manheim.co.uk/images/units/zoom/insp-0001-4011353-4012289-13.jpg, http://images.manheim.co.uk/images/units/zoom/insp-0001-4011353-4012289-1000.jpg, http://images.manheim.co.uk/images/units/zoom/insp-0001-4011353-4012289-1001.jpg, http://images.manheim.co.uk/images/units/zoom/insp-0001-4011353-4012289-1002.jpg, http://images.manheim.co.uk/images/units/zoom/insp-0001-4011353-4012289-1003.jpg, http://images.manheim.co.uk/images/units/zoom/insp-0001-4011353-4012289-1004.jpg, http://images.manheim.co.uk/images/units/zoom/insp-0001-4011353-4012289-1005.jpg, http://images.manheim.co.uk/images/units/zoom/insp-0001-4011353-4012289-1006.jpg, http://images.manheim.co.uk/images/units/zoom/insp-0001-4011353-4012289-1007.jpg, http://images.manheim.co.uk/images/units/zoom/insp-0001-4011353-4012289-1008.jpg, http://images.manheim.co.uk/images/units/zoom/insp-0001-4011353-4012289-1009.jpg, http://images.manheim.co.uk/images/units/zoom/insp-0001-4011353-4012289-1010.jpg, http://images.manheim.co.uk/images/units/zoom/insp-0001-4011353-4012289-1011.jpg, http://images.manheim.co.uk/images/units/zoom/insp-0001-4011353-4012289-1012.jpg, http://images.manheim.co.uk/images/units/zoom/insp-0001-4011353-4012289-1013.jpg, http://images.manheim.co.uk/images/units/zoom/insp-0001-4011353-4012289-1014.jpg, http://images.manheim.co.uk/images/units/zoom/insp-0001-4011353-4012289-1015.jpg, http://images.manheim.co.uk/images/units/zoom/insp-0001-4011353-4012289-1016.jpg, http://images.manheim.co.uk/images/units/zoom/insp-0001-4011353-4012289-1017.jpg, http://images.manheim.co.uk/images/units/zoom/insp-0001-4011353-4012289-1018.jpg, http://images.manheim.co.uk/images/units/zoom/insp-0001-4011353-4012289-1019.jpg, http://images.manheim.co.uk/images/units/zoom/insp-0001-4011353-4012289-1020.jpg, http://images.manheim.co.uk/images/units/zoom/insp-0001-4011353-4012289-1021.jpg, http://images.manheim.co.uk/images/units/zoom/insp-0001-4011353-4012289-1022.jpg, http://images.manheim.co.uk/images/units/zoom/insp-0001-4011353-4012289-1023.jpg, http://images.manheim.co.uk/images/units/zoom/insp-0001-4011353-4012289-1024.jpg",http://ecr.manheim.co.uk/pdf/MOL-0004011353-01993543-002.pdf,5,3,08/08/2018,16932,"17/08/2021, 28/09/2020, 08/08/2018","58132, 53451, 16932","Peter Fostons Autos, D & D Motors, Bury Motors","Book, Book, Book",,Sep-25,RENAULT,MEGANE,1.5 dCi Dynamique S Nav 5dr,0,18/12/2025, 
PL71NBF,"CITROEN
C4
100kW Shine Plus 50kWh 5dr Auto",Lane 2 - Available Car / ...,Automatic,Electric,,,£10200,£9125,£12400,2,,CP GREEN,2021,Dec 2021,29117,BLACK,BLACK,Metallic,BLACK,LEATHER,5,2,With Manheim,Margin,No,No,No,Lloyd Motor Group,Leeds,"Air Conditioning, Auto Climate Control, Automatic Lights, Automatic Wipers, Bluetooth, Cruise Control, DAB, Dual Zone Climate, Electric Sun Roof, Front Parking Sensors, Full Leather Trim, Heated Seats, Media Connectivity, Panoramic Roof, Rear Parking Sensors, Reversing camera, Sat Nav Functioning, Traction Control, CO2: 0",,"£8,800",https://www.manheim.co.uk/nama,"http://images.manheim.co.uk/images/units/zoom/bfea20a1-92d9-45f5-bdc9-e8403d5eb0e4_ext_7.jpg, http://images.manheim.co.uk/images/units/zoom/bfea20a1-92d9-45f5-bdc9-e8403d5eb0e4_ext_6.jpg, http://images.manheim.co.uk/images/units/zoom/bfea20a1-92d9-45f5-bdc9-e8403d5eb0e4_ext_1.jpg, http://images.manheim.co.uk/images/units/zoom/bfea20a1-92d9-45f5-bdc9-e8403d5eb0e4_5.jpg, http://images.manheim.co.uk/images/units/zoom/bfea20a1-92d9-45f5-bdc9-e8403d5eb0e4_4.jpg, http://images.manheim.co.uk/images/units/zoom/bfea20a1-92d9-45f5-bdc9-e8403d5eb0e4_11.jpg, http://images.manheim.co.uk/images/units/zoom/bfea20a1-92d9-45f5-bdc9-e8403d5eb0e4_10.jpg, http://images.manheim.co.uk/images/units/zoom/bfea20a1-92d9-45f5-bdc9-e8403d5eb0e4_9.jpg, http://images.manheim.co.uk/images/units/zoom/bfea20a1-92d9-45f5-bdc9-e8403d5eb0e4_ext_2.jpg, http://images.manheim.co.uk/images/units/zoom/bfea20a1-92d9-45f5-bdc9-e8403d5eb0e4_ext_5.jpg, http://images.manheim.co.uk/images/units/zoom/bfea20a1-92d9-45f5-bdc9-e8403d5eb0e4_ext_3.jpg, http://images.manheim.co.uk/images/units/zoom/bfea20a1-92d9-45f5-bdc9-e8403d5eb0e4_ext_4.jpg, http://images.manheim.co.uk/images/units/zoom/insp-0001-4008328-4010924-13.jpg, http://images.manheim.co.uk/images/units/zoom/insp-0001-4008328-4010924-1000.jpg, http://images.manheim.co.uk/images/units/zoom/insp-0001-4008328-4010924-1001.jpg, http://images.manheim.co.uk/images/units/zoom/insp-0001-4008328-4010924-1002.jpg, http://images.manheim.co.uk/images/units/zoom/insp-0001-4008328-4010924-1003.jpg, http://images.manheim.co.uk/images/units/zoom/insp-0001-4008328-4010924-1004.jpg, http://images.manheim.co.uk/images/units/zoom/insp-0001-4008328-4010924-1005.jpg",http://ecr.manheim.co.uk/pdf/MOL-0004008328-01990339-003.pdf,1,1,26/06/2025,26981,26/06/2025,26981,Chorley Group,Print,,Dec-25,CITROEN,C4,100kW Shine Plus 50kWh 5dr Auto,0,05/01/2026, 
PL71NBN,"HONDA
HR-V
1.5 eHEV Advance Style 5dr CVT",Lane 2 - Available Car / ...,Automatic,Petrol/Hybrid,1.5,5.0,£18450,£17100,£20750,2,HatchbackGRADE 2CP GREENSC SilverView Report,CP GREEN,2022,Feb 2022,33013,BLACK,BLACK,Metallic,,Part Leather,5,2,With Manheim,Margin,No,No,No,Lloyd Motor Group,Leeds,"Air Conditioning, Auto Climate Control, Automatic Lights, Automatic Wipers, Bluetooth, Cruise Control, DAB, Dual Zone Climate, Front Parking Sensors, Heated Seats, Media Connectivity, Part Leather, Rear Parking Sensors, Reversing camera, Sat Nav Functioning, Traction Control, CO2: 122",Spare key Inoperative,"£17,750",https://www.manheim.co.uk/nama,"http://images.manheim.co.uk/images/units/zoom/2d7f0697-b6fb-4ec2-b4ba-9bef9c9d325f_ext_7.jpg, http://images.manheim.co.uk/images/units/zoom/2d7f0697-b6fb-4ec2-b4ba-9bef9c9d325f_ext_6.jpg, http://images.manheim.co.uk/images/units/zoom/2d7f0697-b6fb-4ec2-b4ba-9bef9c9d325f_ext_1.jpg, http://images.manheim.co.uk/images/units/zoom/2d7f0697-b6fb-4ec2-b4ba-9bef9c9d325f_5.jpg, http://images.manheim.co.uk/images/units/zoom/2d7f0697-b6fb-4ec2-b4ba-9bef9c9d325f_4.jpg, http://images.manheim.co.uk/images/units/zoom/2d7f0697-b6fb-4ec2-b4ba-9bef9c9d325f_11.jpg, http://images.manheim.co.uk/images/units/zoom/2d7f0697-b6fb-4ec2-b4ba-9bef9c9d325f_10.jpg, http://images.manheim.co.uk/images/units/zoom/2d7f0697-b6fb-4ec2-b4ba-9bef9c9d325f_9.jpg, http://images.manheim.co.uk/images/units/zoom/2d7f0697-b6fb-4ec2-b4ba-9bef9c9d325f_ext_2.jpg, http://images.manheim.co.uk/images/units/zoom/2d7f0697-b6fb-4ec2-b4ba-9bef9c9d325f_ext_5.jpg, http://images.manheim.co.uk/images/units/zoom/2d7f0697-b6fb-4ec2-b4ba-9bef9c9d325f_ext_3.jpg, http://images.manheim.co.uk/images/units/zoom/2d7f0697-b6fb-4ec2-b4ba-9bef9c9d325f_ext_4.jpg, http://images.manheim.co.uk/images/units/zoom/insp-0001-4014432-4017167-13.jpg, http://images.manheim.co.uk/images/units/zoom/insp-0001-4014432-4017167-1000.jpg, http://images.manheim.co.uk/images/units/zoom/insp-0001-4014432-4017167-1001.jpg, http://images.manheim.co.uk/images/units/zoom/insp-0001-4014432-4017167-1002.jpg, http://images.manheim.co.uk/images/units/zoom/insp-0001-4014432-4017167-1003.jpg, http://images.manheim.co.uk/images/units/zoom/insp-0001-4014432-4017167-1004.jpg, http://images.manheim.co.uk/images/units/zoom/insp-0001-4014432-4017167-1005.jpg, http://images.manheim.co.uk/images/units/zoom/insp-0001-4014432-4017167-1006.jpg, http://images.manheim.co.uk/images/units/zoom/insp-0001-4014432-4017167-1007.jpg, http://images.manheim.co.uk/images/units/zoom/insp-0001-4014432-4017167-1008.jpg",http://ecr.manheim.co.uk/pdf/MOL-0004014432-01996597-002.pdf,3,4,01/02/2023,7805,"24/02/2025, 19/07/2024, 29/01/2024, 01/02/2023","27361, 17359, 17033, 7805","Blackpool Honda, Blackpool Honda, Blackpool Honda, Blackpool Honda","Print, Print, Print, Print",,Feb-26,HONDA,HR-V,1.5 eHEV Advance Style 5dr CVT,0,05/01/2026, 
PO69OLH,"MERCEDES-BENZ
A CLASS
A35 4Matic Executive 5dr Auto",Lane 2 - Available Car / ...,Automatic,Petrol,2.0,5.0,£18550,£17300,£20750,2,HatchbackGRADE 2CP GREENView Report,CP GREEN,2019,Oct 2019,31454,BLACK,BLACK,Metallic,BLACK,LEATHER,5,2,With Manheim,Margin,No,No,No,Lloyd Motor Group,Leeds,"Air Conditioning, Auto Climate Control, Automatic Lights, Bluetooth, Cruise Control, DAB, Dual Zone Climate, Front Parking Sensors, Full Leather Trim, Heated Seats, Privacy Glass, Rear Parking Sensors, Reversing camera, Sat Nav Functioning, CO2: 167",,"£18,550",https://www.manheim.co.uk/nama,"http://images.manheim.co.uk/images/units/zoom/20f5e8b5-de6a-4342-83c9-8d7cff8beacd_ext_7.jpg, http://images.manheim.co.uk/images/units/zoom/20f5e8b5-de6a-4342-83c9-8d7cff8beacd_ext_6.jpg, http://images.manheim.co.uk/images/units/zoom/20f5e8b5-de6a-4342-83c9-8d7cff8beacd_ext_1.jpg, http://images.manheim.co.uk/images/units/zoom/20f5e8b5-de6a-4342-83c9-8d7cff8beacd_5.jpg, http://images.manheim.co.uk/images/units/zoom/20f5e8b5-de6a-4342-83c9-8d7cff8beacd_4.jpg, http://images.manheim.co.uk/images/units/zoom/20f5e8b5-de6a-4342-83c9-8d7cff8beacd_11.jpg, http://images.manheim.co.uk/images/units/zoom/20f5e8b5-de6a-4342-83c9-8d7cff8beacd_10.jpg, http://images.manheim.co.uk/images/units/zoom/20f5e8b5-de6a-4342-83c9-8d7cff8beacd_9.jpg, http://images.manheim.co.uk/images/units/zoom/20f5e8b5-de6a-4342-83c9-8d7cff8beacd_ext_2.jpg, http://images.manheim.co.uk/images/units/zoom/20f5e8b5-de6a-4342-83c9-8d7cff8beacd_ext_5.jpg, http://images.manheim.co.uk/images/units/zoom/20f5e8b5-de6a-4342-83c9-8d7cff8beacd_ext_3.jpg, http://images.manheim.co.uk/images/units/zoom/20f5e8b5-de6a-4342-83c9-8d7cff8beacd_ext_4.jpg, http://images.manheim.co.uk/images/units/zoom/insp-0001-4000587-4005864-13.jpg, http://images.manheim.co.uk/images/units/zoom/insp-0001-4000587-4005864-1000.jpg, http://images.manheim.co.uk/images/units/zoom/insp-0001-4000587-4005864-1001.jpg, http://images.manheim.co.uk/images/units/zoom/insp-0001-4000587-4005864-1002.jpg, http://images.manheim.co.uk/images/units/zoom/insp-0001-4000587-4005864-1003.jpg, http://images.manheim.co.uk/images/units/zoom/insp-0001-4000587-4005864-1004.jpg, http://images.manheim.co.uk/images/units/zoom/insp-0001-4000587-4005864-1005.jpg, http://images.manheim.co.uk/images/units/zoom/insp-0001-4000587-4005864-1006.jpg, http://images.manheim.co.uk/images/units/zoom/insp-0001-4000587-4005864-1007.jpg, http://images.manheim.co.uk/images/units/zoom/insp-0001-4000587-4005864-1008.jpg, http://images.manheim.co.uk/images/units/zoom/insp-0001-4000587-4005864-1009.jpg, http://images.manheim.co.uk/images/units/zoom/insp-0001-4000587-4005864-1010.jpg",http://ecr.manheim.co.uk/pdf/MOL-0004000587-01981905-006.pdf,3,5,12/08/2020,3158,"11/07/2024, 11/07/2023, 28/07/2022, 22/07/2021, 12/08/2020","13269, 12592, 10624, 6351, 3158","West Coast Automotive, West Coast Automotive, Marshall North West, Marshall North West, Marshall North West","Print, Print, Print, Print, Print",,Nov-26,MERCEDES-BENZ,A CLASS,A35 4Matic Executive 5dr Auto,0,05/01/2026, 
PO71NXX,"MAZDA
CX-30
2.0 e-Skyactiv G MHEV SE-L Lux 5dr",SIMULCAST AND PHYSICAL - ...,Manual,Petrol/Hybrid,2.0,5.0,£11550,£10350,£13950,3,HatchbackGRADE 3CP GREENSC SilverView Report,CP GREEN,2021,Dec 2021,30004,RED,RED,Metallic,BLACK,CLOTH,5,2,With Manheim,Qualifying,No,No,No,Santander Consumer,Manchester,"6 Speed, Air Conditioning, Auto Climate Control, Automatic Lights, Automatic Wipers, Bluetooth, Cruise Control, DAB, Dual Zone Climate, Front Parking Sensors, Heated Seats, Media Connectivity, Rear Parking Sensors, Reversing camera, Sat Nav Functioning, Traction Control, CO2: 134",,"£11,550",https://www.manheim.co.uk/nama,"http://images.manheim.co.uk/images/units/zoom/b24946df-43ad-4b05-81ee-79683838e9c8_ext_7.jpg, http://images.manheim.co.uk/images/units/zoom/b24946df-43ad-4b05-81ee-79683838e9c8_ext_6.jpg, http://images.manheim.co.uk/images/units/zoom/b24946df-43ad-4b05-81ee-79683838e9c8_ext_1.jpg, http://images.manheim.co.uk/images/units/zoom/b24946df-43ad-4b05-81ee-79683838e9c8_5.jpg, http://images.manheim.co.uk/images/units/zoom/b24946df-43ad-4b05-81ee-79683838e9c8_4.jpg, http://images.manheim.co.uk/images/units/zoom/b24946df-43ad-4b05-81ee-79683838e9c8_11.jpg, http://images.manheim.co.uk/images/units/zoom/b24946df-43ad-4b05-81ee-79683838e9c8_10.jpg, http://images.manheim.co.uk/images/units/zoom/b24946df-43ad-4b05-81ee-79683838e9c8_9.jpg, http://images.manheim.co.uk/images/units/zoom/b24946df-43ad-4b05-81ee-79683838e9c8_ext_2.jpg, http://images.manheim.co.uk/images/units/zoom/b24946df-43ad-4b05-81ee-79683838e9c8_ext_5.jpg, http://images.manheim.co.uk/images/units/zoom/b24946df-43ad-4b05-81ee-79683838e9c8_ext_3.jpg, http://images.manheim.co.uk/images/units/zoom/b24946df-43ad-4b05-81ee-79683838e9c8_ext_4.jpg, http://images.manheim.co.uk/images/units/zoom/insp-0001-4003409-3998236-13.jpg, http://images.manheim.co.uk/images/units/zoom/insp-0001-4003409-3998236-1000.jpg, http://images.manheim.co.uk/images/units/zoom/insp-0001-4003409-3998236-1001.jpg, http://images.manheim.co.uk/images/units/zoom/insp-0001-4003409-3998236-1002.jpg, http://images.manheim.co.uk/images/units/zoom/insp-0001-4003409-3998236-1003.jpg, http://images.manheim.co.uk/images/units/zoom/insp-0001-4003409-3998236-1004.jpg, http://images.manheim.co.uk/images/units/zoom/insp-0001-4003409-3998236-1005.jpg",http://ecr.manheim.co.uk/pdf/MOL-0004003409-01985008-003.pdf,2,2,24/05/2024,18041,"14/12/2024, 24/05/2024","21784, 18041","PERRYS, PERRYS","Print, Print",,Dec-25,MAZDA,CX-30,2.0 e-Skyactiv G MHEV SE-L Lux 5dr,0,18/12/2025, 
PX20WAE,"LAND ROVER
DISCOVERY SPORT
2.0 D180 S 5dr Auto",Lane 1 - D M Keith / Sytn...,Automatic,Diesel,2.0,5.0,£13650,£12400,£16095,4,EstateGRADE 4CP GREENSC SilverView Report,CP GREEN,2020,Mar 2020,65119,RED,RED,Metallic,BLACK,VINYL,7,1,With Manheim,Margin,No,No,No,Lloyd Motor Group,Leeds,"7 Seats, Air Conditioning, Sat Nav Functioning, Reversing camera, Rear Parking Sensors, Heated Seats, Front Parking Sensors, Dual Zone Climate, DAB, Bluetooth, Auto Climate Control, CO2: 150","""REAR VIEW CAMERA
PRIVACY GLASS
HEATED FRONT WINDSCREEN
HEATED FRONT SEATS
""","£12,850",https://www.manheim.co.uk/nama,"http://images.manheim.co.uk/images/units/zoom/36a9b544-2cdd-4628-b06d-2a7264829218_ext_7.jpg, http://images.manheim.co.uk/images/units/zoom/36a9b544-2cdd-4628-b06d-2a7264829218_ext_6.jpg, http://images.manheim.co.uk/images/units/zoom/36a9b544-2cdd-4628-b06d-2a7264829218_ext_1.jpg, http://images.manheim.co.uk/images/units/zoom/36a9b544-2cdd-4628-b06d-2a7264829218_5.jpg, http://images.manheim.co.uk/images/units/zoom/36a9b544-2cdd-4628-b06d-2a7264829218_4.jpg, http://images.manheim.co.uk/images/units/zoom/36a9b544-2cdd-4628-b06d-2a7264829218_11.jpg, http://images.manheim.co.uk/images/units/zoom/36a9b544-2cdd-4628-b06d-2a7264829218_10.jpg, http://images.manheim.co.uk/images/units/zoom/36a9b544-2cdd-4628-b06d-2a7264829218_9.jpg, http://images.manheim.co.uk/images/units/zoom/36a9b544-2cdd-4628-b06d-2a7264829218_ext_2.jpg, http://images.manheim.co.uk/images/units/zoom/36a9b544-2cdd-4628-b06d-2a7264829218_ext_5.jpg, http://images.manheim.co.uk/images/units/zoom/36a9b544-2cdd-4628-b06d-2a7264829218_ext_3.jpg, http://images.manheim.co.uk/images/units/zoom/36a9b544-2cdd-4628-b06d-2a7264829218_ext_4.jpg, http://images.manheim.co.uk/images/units/zoom/insp-0001-4007814-4012731-13.jpg, http://images.manheim.co.uk/images/units/zoom/insp-0001-4007814-4012731-1000.jpg, http://images.manheim.co.uk/images/units/zoom/insp-0001-4007814-4012731-1001.jpg, http://images.manheim.co.uk/images/units/zoom/insp-0001-4007814-4012731-1002.jpg, http://images.manheim.co.uk/images/units/zoom/insp-0001-4007814-4012731-1003.jpg, http://images.manheim.co.uk/images/units/zoom/insp-0001-4007814-4012731-1004.jpg, http://images.manheim.co.uk/images/units/zoom/insp-0001-4007814-4012731-1005.jpg, http://images.manheim.co.uk/images/units/zoom/insp-0001-4007814-4012731-1006.jpg, http://images.manheim.co.uk/images/units/zoom/insp-0001-4007814-4012731-1007.jpg, http://images.manheim.co.uk/images/units/zoom/insp-0001-4007814-4012731-1008.jpg, http://images.manheim.co.uk/images/units/zoom/insp-0001-4007814-4012731-1009.jpg, http://images.manheim.co.uk/images/units/zoom/insp-0001-4007814-4012731-1010.jpg, http://images.manheim.co.uk/images/units/zoom/insp-0001-4007814-4012731-1011.jpg, http://images.manheim.co.uk/images/units/zoom/insp-0001-4007814-4012731-1012.jpg, http://images.manheim.co.uk/images/units/zoom/insp-0001-4007814-4012731-1013.jpg, http://images.manheim.co.uk/images/units/zoom/insp-0001-4007814-4012731-1014.jpg, http://images.manheim.co.uk/images/units/zoom/insp-0001-4007814-4012731-1015.jpg, http://images.manheim.co.uk/images/units/zoom/insp-0001-4007814-4012731-1016.jpg, http://images.manheim.co.uk/images/units/zoom/insp-0001-4007814-4012731-1017.jpg, http://images.manheim.co.uk/images/units/zoom/insp-0001-4007814-4012731-1018.jpg",http://ecr.manheim.co.uk/pdf/MOL-0004007814-01989941-002.pdf,2,3,08/02/2022,18706,"19/03/2025, 05/12/2023, 08/02/2022","55598, 38459, 18706","Kevin Thirnhill Motor Enginner Ltd, Lloyd Land Rover, Lloyd Land Rover","Print, Print, Print",,Dec-25,LAND ROVER,DISCOVERY SPORT,2.0 D180 S 5dr Auto,0,07/01/2026, 
PX21ZTW,"VOLKSWAGEN
TIGUAN
1.5 TSI 150 Life 5dr",Lane 2 - Available Car / ...,Manual,Petrol,1.5,5.0,£13600,£12350,£15950,4,EstateGRADE 4CP GREENSC SilverView Report,CP GREEN,2021,Apr 2021,46927,GREY,GREY,Solid,GREY,CLOTH,5,2,With Manheim,Margin,No,No,No,Lloyd Motor Group,Leeds,"Air Conditioning, Auto Climate Control, Automatic Lights, DAB, Dual Zone Climate, Privacy Glass, Rear Parking Sensors, Sat Nav Functioning, CO2: 151",Chrome Package inc roof rails and side window,"£12,700",https://www.manheim.co.uk/nama,"http://images.manheim.co.uk/images/units/zoom/b3f59d8e-e1cb-4a61-b3c7-ee212baf5529_ext_7.jpg, http://images.manheim.co.uk/images/units/zoom/b3f59d8e-e1cb-4a61-b3c7-ee212baf5529_ext_6.jpg, http://images.manheim.co.uk/images/units/zoom/b3f59d8e-e1cb-4a61-b3c7-ee212baf5529_ext_1.jpg, http://images.manheim.co.uk/images/units/zoom/b3f59d8e-e1cb-4a61-b3c7-ee212baf5529_5.jpg, http://images.manheim.co.uk/images/units/zoom/b3f59d8e-e1cb-4a61-b3c7-ee212baf5529_4.jpg, http://images.manheim.co.uk/images/units/zoom/b3f59d8e-e1cb-4a61-b3c7-ee212baf5529_11.jpg, http://images.manheim.co.uk/images/units/zoom/b3f59d8e-e1cb-4a61-b3c7-ee212baf5529_10.jpg, http://images.manheim.co.uk/images/units/zoom/b3f59d8e-e1cb-4a61-b3c7-ee212baf5529_9.jpg, http://images.manheim.co.uk/images/units/zoom/b3f59d8e-e1cb-4a61-b3c7-ee212baf5529_ext_2.jpg, http://images.manheim.co.uk/images/units/zoom/b3f59d8e-e1cb-4a61-b3c7-ee212baf5529_ext_5.jpg, http://images.manheim.co.uk/images/units/zoom/b3f59d8e-e1cb-4a61-b3c7-ee212baf5529_ext_3.jpg, http://images.manheim.co.uk/images/units/zoom/b3f59d8e-e1cb-4a61-b3c7-ee212baf5529_ext_4.jpg, http://images.manheim.co.uk/images/units/zoom/insp-0001-4010898-4014170-13.jpg, http://images.manheim.co.uk/images/units/zoom/insp-0001-4010898-4014170-1000.jpg, http://images.manheim.co.uk/images/units/zoom/insp-0001-4010898-4014170-1001.jpg, http://images.manheim.co.uk/images/units/zoom/insp-0001-4010898-4014170-1002.jpg, http://images.manheim.co.uk/images/units/zoom/insp-0001-4010898-4014170-1003.jpg, http://images.manheim.co.uk/images/units/zoom/insp-0001-4010898-4014170-1004.jpg, http://images.manheim.co.uk/images/units/zoom/insp-0001-4010898-4014170-1005.jpg, http://images.manheim.co.uk/images/units/zoom/insp-0001-4010898-4014170-1006.jpg, http://images.manheim.co.uk/images/units/zoom/insp-0001-4010898-4014170-1007.jpg, http://images.manheim.co.uk/images/units/zoom/insp-0001-4010898-4014170-1008.jpg, http://images.manheim.co.uk/images/units/zoom/insp-0001-4010898-4014170-1009.jpg, http://images.manheim.co.uk/images/units/zoom/insp-0001-4010898-4014170-1010.jpg, http://images.manheim.co.uk/images/units/zoom/insp-0001-4010898-4014170-1011.jpg, http://images.manheim.co.uk/images/units/zoom/insp-0001-4010898-4014170-1012.jpg, http://images.manheim.co.uk/images/units/zoom/insp-0001-4010898-4014170-1013.jpg, http://images.manheim.co.uk/images/units/zoom/insp-0001-4010898-4014170-1014.jpg, http://images.manheim.co.uk/images/units/zoom/insp-0001-4010898-4014170-1015.jpg, http://images.manheim.co.uk/images/units/zoom/insp-0001-4010898-4014170-1016.jpg, http://images.manheim.co.uk/images/units/zoom/insp-0001-4010898-4014170-1017.jpg",http://ecr.manheim.co.uk/pdf/MOL-0004010898-01993053-003.pdf,1,2,27/04/2022,4518,"05/05/2023, 27/04/2022","13286, 4518","Print, Print","Print, Print",,May-26,VOLKSWAGEN,TIGUAN,1.5 TSI 150 Life 5dr,0,05/01/2026, 
PX24MSO,"VOLKSWAGEN
T-ROC
2.0 TSI 4MOTION R-Line 5dr DSG",Lane 2 - Available Car / ...,Semi-Automatic,Petrol,2.0,5.0,£26750,£25450,£29750,1,HatchbackGRADE 1CP GREENSC SilverView Report,CP GREEN,2024,Mar 2024,5709,BLACK,BLACK,Metallic,BLACK,LEATHER,5,2,With Manheim,Margin,No,No,No,Lloyd Motor Group,Leeds,"Traction Control, Sat Nav Functioning, Reversing camera, Rear Parking Sensors, Privacy Glass, Media Connectivity, Heated Seats, Full Leather Trim, Front Parking Sensors, Dual Zone Climate, DAB, Cruise Control, Bluetooth, Automatic Lights, Auto Climate Control, Air Conditioning, CO2: 177","BIG SPEC inc Nappa leather, 19 Misano alloys, IQ Headlights and Dynamic chassis control.","£25,750",https://www.manheim.co.uk/nama,"http://images.manheim.co.uk/images/units/zoom/99c1cd28-10c6-4f63-86e4-0a2e34c12b47_ext_7.jpg, http://images.manheim.co.uk/images/units/zoom/99c1cd28-10c6-4f63-86e4-0a2e34c12b47_ext_6.jpg, http://images.manheim.co.uk/images/units/zoom/99c1cd28-10c6-4f63-86e4-0a2e34c12b47_ext_1.jpg, http://images.manheim.co.uk/images/units/zoom/99c1cd28-10c6-4f63-86e4-0a2e34c12b47_5.jpg, http://images.manheim.co.uk/images/units/zoom/99c1cd28-10c6-4f63-86e4-0a2e34c12b47_4.jpg, http://images.manheim.co.uk/images/units/zoom/99c1cd28-10c6-4f63-86e4-0a2e34c12b47_11.jpg, http://images.manheim.co.uk/images/units/zoom/99c1cd28-10c6-4f63-86e4-0a2e34c12b47_10.jpg, http://images.manheim.co.uk/images/units/zoom/99c1cd28-10c6-4f63-86e4-0a2e34c12b47_9.jpg, http://images.manheim.co.uk/images/units/zoom/99c1cd28-10c6-4f63-86e4-0a2e34c12b47_ext_2.jpg, http://images.manheim.co.uk/images/units/zoom/99c1cd28-10c6-4f63-86e4-0a2e34c12b47_ext_5.jpg, http://images.manheim.co.uk/images/units/zoom/99c1cd28-10c6-4f63-86e4-0a2e34c12b47_ext_3.jpg, http://images.manheim.co.uk/images/units/zoom/99c1cd28-10c6-4f63-86e4-0a2e34c12b47_ext_4.jpg, http://images.manheim.co.uk/images/units/zoom/insp-0001-4001763-4004169-13.jpg, http://images.manheim.co.uk/images/units/zoom/insp-0001-4001763-4004169-1000.jpg, http://images.manheim.co.uk/images/units/zoom/insp-0001-4001763-4004169-1001.jpg, http://images.manheim.co.uk/images/units/zoom/insp-0001-4001763-4004169-1002.jpg, http://images.manheim.co.uk/images/units/zoom/insp-0001-4001763-4004169-1003.jpg",http://ecr.manheim.co.uk/pdf/MOL-0004001763-01983118-003.pdf,1,1,20/02/2025,3605,20/02/2025,3605,DIGITAL,Print,,Feb-27,VOLKSWAGEN,T-ROC,2.0 TSI 4MOTION R-Line 5dr DSG,0,05/01/2026, 
PX71UJN,"CITROEN
C3 AIRCROSS
1.2 PureTech 110 C-Series 5dr",Lane 2 - Available Car / ...,Manual,Petrol,1.2,5.0,£9250,£8225,£11200,1,MPVGRADE 1CP GREENSC SilverView Report,CP GREEN,2021,Dec 2021,24062,WHITE,WHITE,Metallic,BLACK,CLOTH,5,2,With Manheim,Margin,No,No,No,Lloyd Motor Group,Leeds,"Traction Control, Rear Parking Sensors, Media Connectivity, Ipod Connectivity, DAB, Cruise Control, Bluetooth, Automatic Wipers, Automatic Lights, Auto Climate Control, Air Conditioning, 6 Speed, CO2: 134",,"£8,500",https://www.manheim.co.uk/nama,"http://images.manheim.co.uk/images/units/zoom/c0dceb99-4d39-42bf-8786-e2a6836f1951_ext_7.jpg, http://images.manheim.co.uk/images/units/zoom/c0dceb99-4d39-42bf-8786-e2a6836f1951_ext_6.jpg, http://images.manheim.co.uk/images/units/zoom/c0dceb99-4d39-42bf-8786-e2a6836f1951_ext_1.jpg, http://images.manheim.co.uk/images/units/zoom/c0dceb99-4d39-42bf-8786-e2a6836f1951_5.jpg, http://images.manheim.co.uk/images/units/zoom/c0dceb99-4d39-42bf-8786-e2a6836f1951_4.jpg, http://images.manheim.co.uk/images/units/zoom/c0dceb99-4d39-42bf-8786-e2a6836f1951_11.jpg, http://images.manheim.co.uk/images/units/zoom/c0dceb99-4d39-42bf-8786-e2a6836f1951_10.jpg, http://images.manheim.co.uk/images/units/zoom/c0dceb99-4d39-42bf-8786-e2a6836f1951_9.jpg, http://images.manheim.co.uk/images/units/zoom/c0dceb99-4d39-42bf-8786-e2a6836f1951_ext_2.jpg, http://images.manheim.co.uk/images/units/zoom/c0dceb99-4d39-42bf-8786-e2a6836f1951_ext_5.jpg, http://images.manheim.co.uk/images/units/zoom/c0dceb99-4d39-42bf-8786-e2a6836f1951_ext_3.jpg, http://images.manheim.co.uk/images/units/zoom/c0dceb99-4d39-42bf-8786-e2a6836f1951_ext_4.jpg, http://images.manheim.co.uk/images/units/zoom/insp-0001-4011735-4017328-13.jpg, http://images.manheim.co.uk/images/units/zoom/insp-0001-4011735-4017328-1000.jpg, http://images.manheim.co.uk/images/units/zoom/insp-0001-4011735-4017328-1001.jpg, http://images.manheim.co.uk/images/units/zoom/insp-0001-4011735-4017328-1002.jpg, http://images.manheim.co.uk/images/units/zoom/insp-0001-4011735-4017328-1003.jpg",http://ecr.manheim.co.uk/pdf/MOL-0004011735-01993822-004.pdf,1,3,06/01/2023,5737,"14/12/2024, 05/01/2024, 06/01/2023","18152, 12581, 5737","TELFORD CITROEN, TELFORD CITROEN, TELFORD CITREON","Book, Book, Book",,Dec-25,CITROEN,C3 AIRCROSS,1.2 PureTech 110 C-Series 5dr,0,05/01/2026, 
PX73YRS,"NISSAN
JUKE
1.6 Hybrid N-Connecta 5dr Auto",Lane 2 - Available Car / ...,Automatic,Petrol/Hybrid,1.6,5.0,£15550,£14200,£17950,1,HatchbackGRADE 1CP GREENSC SilverView Report,CP GREEN,2023,Sep 2023,3798,BLACK,BLACK,Metallic,BLACK,Part Leather,5,2,With Manheim,Margin,No,No,No,Lloyd Motor Group,Leeds,"Air Conditioning, Auto Climate Control, Automatic Lights, Automatic Wipers, Aux In, Bluetooth, Cruise Control, DAB, Front Parking Sensors, Media Connectivity, Part Leather, Rear Parking Sensors, Reversing camera, Sat Nav Functioning, CO2: 112",MILEAGE APPEARS TO BE TRANSPOSED IN SERVICE BOOK ON LAST ENTRY,"£14,950",https://www.manheim.co.uk/nama,"http://images.manheim.co.uk/images/units/zoom/4d1c7902-d961-4b42-b4d8-91db32f9bd9e_ext_7.jpg, http://images.manheim.co.uk/images/units/zoom/4d1c7902-d961-4b42-b4d8-91db32f9bd9e_ext_6.jpg, http://images.manheim.co.uk/images/units/zoom/4d1c7902-d961-4b42-b4d8-91db32f9bd9e_ext_1.jpg, http://images.manheim.co.uk/images/units/zoom/4d1c7902-d961-4b42-b4d8-91db32f9bd9e_5.jpg, http://images.manheim.co.uk/images/units/zoom/4d1c7902-d961-4b42-b4d8-91db32f9bd9e_4.jpg, http://images.manheim.co.uk/images/units/zoom/4d1c7902-d961-4b42-b4d8-91db32f9bd9e_11.jpg, http://images.manheim.co.uk/images/units/zoom/4d1c7902-d961-4b42-b4d8-91db32f9bd9e_10.jpg, http://images.manheim.co.uk/images/units/zoom/4d1c7902-d961-4b42-b4d8-91db32f9bd9e_9.jpg, http://images.manheim.co.uk/images/units/zoom/4d1c7902-d961-4b42-b4d8-91db32f9bd9e_ext_2.jpg, http://images.manheim.co.uk/images/units/zoom/4d1c7902-d961-4b42-b4d8-91db32f9bd9e_ext_5.jpg, http://images.manheim.co.uk/images/units/zoom/4d1c7902-d961-4b42-b4d8-91db32f9bd9e_ext_3.jpg, http://images.manheim.co.uk/images/units/zoom/4d1c7902-d961-4b42-b4d8-91db32f9bd9e_ext_4.jpg, http://images.manheim.co.uk/images/units/zoom/insp-0001-4011671-4015042-13.jpg",http://ecr.manheim.co.uk/pdf/MOL-0004011671-01993787-002.pdf,1,2,20/09/2024,1835,"24/09/2025, 20/09/2024","3862, 1835","Lookers, Lookers","Book, Book",,Sep-26,NISSAN,JUKE,1.6 Hybrid N-Connecta 5dr Auto,0,05/01/2026, 
PY15KKV,"SKODA
SUPERB
2.0 TDI CR 170 SE 4X4 5dr DSG",Lane 2 - Stellantis & You...,Semi-Automatic,Diesel,2.0,5.0,£6050,£5275,£8400,3,HatchbackGRADE 3CP GREENSC SilverView Report,CP GREEN,2015,Jun 2015,57443,SILVER,SILVER,Metallic,BLACK,Part Leather,5,2,With Manheim,Margin,No,No,No,Lloyd Motor Group,Leeds,"Air Conditioning, Auto Climate Control, Automatic Lights, Aux In, Bluetooth, Cruise Control, Dual Zone Climate, Part Leather, Radio CD, Rear Parking Sensors, CO2: 147",,"£4,775",https://www.manheim.co.uk/nama,"http://images.manheim.co.uk/images/units/zoom/86d6d2ce-764c-4e1b-995b-6d3e4e716bd4_ext_7.jpg, http://images.manheim.co.uk/images/units/zoom/86d6d2ce-764c-4e1b-995b-6d3e4e716bd4_ext_6.jpg, http://images.manheim.co.uk/images/units/zoom/86d6d2ce-764c-4e1b-995b-6d3e4e716bd4_ext_1.jpg, http://images.manheim.co.uk/images/units/zoom/86d6d2ce-764c-4e1b-995b-6d3e4e716bd4_5.jpg, http://images.manheim.co.uk/images/units/zoom/86d6d2ce-764c-4e1b-995b-6d3e4e716bd4_4.jpg, http://images.manheim.co.uk/images/units/zoom/86d6d2ce-764c-4e1b-995b-6d3e4e716bd4_11.jpg, http://images.manheim.co.uk/images/units/zoom/86d6d2ce-764c-4e1b-995b-6d3e4e716bd4_10.jpg, http://images.manheim.co.uk/images/units/zoom/86d6d2ce-764c-4e1b-995b-6d3e4e716bd4_9.jpg, http://images.manheim.co.uk/images/units/zoom/86d6d2ce-764c-4e1b-995b-6d3e4e716bd4_ext_2.jpg, http://images.manheim.co.uk/images/units/zoom/86d6d2ce-764c-4e1b-995b-6d3e4e716bd4_ext_5.jpg, http://images.manheim.co.uk/images/units/zoom/86d6d2ce-764c-4e1b-995b-6d3e4e716bd4_ext_3.jpg, http://images.manheim.co.uk/images/units/zoom/86d6d2ce-764c-4e1b-995b-6d3e4e716bd4_ext_4.jpg, http://images.manheim.co.uk/images/units/zoom/insp-0001-4011751-4018675-13.jpg, http://images.manheim.co.uk/images/units/zoom/insp-0001-4011751-4018675-1000.jpg, http://images.manheim.co.uk/images/units/zoom/insp-0001-4011751-4018675-1001.jpg, http://images.manheim.co.uk/images/units/zoom/insp-0001-4011751-4018675-1002.jpg, http://images.manheim.co.uk/images/units/zoom/insp-0001-4011751-4018675-1003.jpg, http://images.manheim.co.uk/images/units/zoom/insp-0001-4011751-4018675-1004.jpg, http://images.manheim.co.uk/images/units/zoom/insp-0001-4011751-4018675-1005.jpg, http://images.manheim.co.uk/images/units/zoom/insp-0001-4011751-4018675-1006.jpg, http://images.manheim.co.uk/images/units/zoom/insp-0001-4011751-4018675-1007.jpg, http://images.manheim.co.uk/images/units/zoom/insp-0001-4011751-4018675-1008.jpg, http://images.manheim.co.uk/images/units/zoom/insp-0001-4011751-4018675-1009.jpg, http://images.manheim.co.uk/images/units/zoom/insp-0001-4011751-4018675-1010.jpg, http://images.manheim.co.uk/images/units/zoom/insp-0001-4011751-4018675-1011.jpg, http://images.manheim.co.uk/images/units/zoom/insp-0001-4011751-4018675-1012.jpg, http://images.manheim.co.uk/images/units/zoom/insp-0001-4011751-4018675-1013.jpg",http://ecr.manheim.co.uk/pdf/MOL-0004011751-01993847-002.pdf,3,3,24/07/2018,31124,"06/08/2024, 03/07/2020, 24/07/2018","53219, 40673, 31124","Print, W Barry Mawson, Print","Print, Print, Print",,Aug-26,SKODA,SUPERB,2.0 TDI CR 170 SE 4X4 5dr DSG,0,05/01/2026, 
PY19WXK,"TOYOTA
RAV4
2.5 VVT-i Hybrid Dynamic 5dr CVT 2WD",Lane 2 - Available Car / ...,Automatic,Petrol/Hybrid,2.5,5.0,£19600,£18200,£22250,3,EstateGRADE 3CP GREENSC SilverView Report,CP GREEN,2019,Mar 2019,59592,BLUE,BLUE AND BLACK,Metallic,BLACK,Part Leather,5,2,With Manheim,Margin,No,No,No,Lloyd Motor Group,Leeds,"Air Conditioning, Auto Climate Control, Automatic Lights, Automatic Wipers, Aux In, Bluetooth, Cruise Control, DAB, Dual Zone Climate, Electric Sun Roof, Front Parking Sensors, Heated Seats, Ipod Connectivity, Media Connectivity, Panoramic Roof, Part Leather, Rear Parking Sensors, Reversing camera, Sat Nav Functioning, Traction Control, CO2: 105",,"£18,850",https://www.manheim.co.uk/nama,"http://images.manheim.co.uk/images/units/zoom/e0545224-bf58-4ff9-b357-ac62a4de85c0_ext_7.jpg, http://images.manheim.co.uk/images/units/zoom/e0545224-bf58-4ff9-b357-ac62a4de85c0_ext_6.jpg, http://images.manheim.co.uk/images/units/zoom/e0545224-bf58-4ff9-b357-ac62a4de85c0_ext_1.jpg, http://images.manheim.co.uk/images/units/zoom/e0545224-bf58-4ff9-b357-ac62a4de85c0_5.jpg, http://images.manheim.co.uk/images/units/zoom/e0545224-bf58-4ff9-b357-ac62a4de85c0_4.jpg, http://images.manheim.co.uk/images/units/zoom/e0545224-bf58-4ff9-b357-ac62a4de85c0_11.jpg, http://images.manheim.co.uk/images/units/zoom/e0545224-bf58-4ff9-b357-ac62a4de85c0_10.jpg, http://images.manheim.co.uk/images/units/zoom/e0545224-bf58-4ff9-b357-ac62a4de85c0_9.jpg, http://images.manheim.co.uk/images/units/zoom/e0545224-bf58-4ff9-b357-ac62a4de85c0_ext_2.jpg, http://images.manheim.co.uk/images/units/zoom/e0545224-bf58-4ff9-b357-ac62a4de85c0_ext_5.jpg, http://images.manheim.co.uk/images/units/zoom/e0545224-bf58-4ff9-b357-ac62a4de85c0_ext_3.jpg, http://images.manheim.co.uk/images/units/zoom/e0545224-bf58-4ff9-b357-ac62a4de85c0_ext_4.jpg, http://images.manheim.co.uk/images/units/zoom/insp-0001-4007793-4014551-13.jpg, http://images.manheim.co.uk/images/units/zoom/insp-0001-4007793-4014551-1000.jpg, http://images.manheim.co.uk/images/units/zoom/insp-0001-4007793-4014551-1001.jpg, http://images.manheim.co.uk/images/units/zoom/insp-0001-4007793-4014551-1002.jpg, http://images.manheim.co.uk/images/units/zoom/insp-0001-4007793-4014551-1003.jpg, http://images.manheim.co.uk/images/units/zoom/insp-0001-4007793-4014551-1004.jpg, http://images.manheim.co.uk/images/units/zoom/insp-0001-4007793-4014551-1005.jpg",http://ecr.manheim.co.uk/pdf/MOL-0004007793-01989902-006.pdf,3,5,04/12/2020,20266,"04/02/2025, 13/02/2024, 20/02/2023, 05/04/2022, 04/12/2020","54333, 45411, 37186, 34529, 20266","Park's Motor Group, Park's Motor Group, Park's Motor Group, Border Toyota, M & L Richardson","Book, Book, Book, Book, Book",,Feb-26,TOYOTA,RAV4,2.5 VVT-i Hybrid Dynamic 5dr CVT 2WD,0,05/01/2026, 
PY21ZLV,"SUZUKI
SWIFT
1.2 Dualjet 83 12V Hybrid SZ-L 5dr",Lane 1 - D M Keith / Sytn...,Manual,Petrol,1.2,5.0,£6900,£5975,£8600,4,HatchbackGRADE 4CP GREENSC SilverView Report,CP GREEN,2021,Mar 2021,56813,SILVER,SILVER,Metallic,BLACK,CLOTH,5,2,With Manheim,Margin,No,No,No,Lloyd Motor Group,Leeds,"Air Conditioning, Automatic Lights, Aux In, Bluetooth, Cruise Control, DAB, Media Connectivity, Reversing camera, Traction Control, CO2: 111","Bluetooth, sensors, Auto lights, 5 Speed manual, climate control","£6,200",https://www.manheim.co.uk/nama,"http://images.manheim.co.uk/images/units/zoom/awaiting-image-002.jpg, http://images.manheim.co.uk/images/units/zoom/awaiting-image-002.jpg, http://images.manheim.co.uk/images/units/zoom/insp-0001-4001825-4003798-3.jpg, http://images.manheim.co.uk/images/units/zoom/insp-0001-4001825-4003798-13.jpg, http://images.manheim.co.uk/images/units/zoom/insp-0001-4001825-4003798-1000.jpg, http://images.manheim.co.uk/images/units/zoom/insp-0001-4001825-4003798-1001.jpg, http://images.manheim.co.uk/images/units/zoom/insp-0001-4001825-4003798-1002.jpg, http://images.manheim.co.uk/images/units/zoom/insp-0001-4001825-4003798-1003.jpg, http://images.manheim.co.uk/images/units/zoom/insp-0001-4001825-4003798-1004.jpg, http://images.manheim.co.uk/images/units/zoom/insp-0001-4001825-4003798-1005.jpg, http://images.manheim.co.uk/images/units/zoom/insp-0001-4001825-4003798-1006.jpg, http://images.manheim.co.uk/images/units/zoom/insp-0001-4001825-4003798-1007.jpg, http://images.manheim.co.uk/images/units/zoom/insp-0001-4001825-4003798-1008.jpg, http://images.manheim.co.uk/images/units/zoom/insp-0001-4001825-4003798-1009.jpg, http://images.manheim.co.uk/images/units/zoom/insp-0001-4001825-4003798-1010.jpg",http://ecr.manheim.co.uk/pdf/MOL-0004001825-01983185-001.pdf,2,4,04/03/2022,12491,"21/01/2025, 19/01/2024, 24/03/2023, 04/03/2022","49315, 36863, 25679, 12491","PELICAN GARAGE CUMBRIA, PELICAN GARAGE CUMBRIA, PELICAN GARAGE CUMBRIA, PELICAN GARAGE CUMBRIA","Book, Book, Book, Book",,Jan-26,SUZUKI,SWIFT,1.2 Dualjet 83 12V Hybrid SZ-L 5dr,0,07/01/2026, 
PY23ABX,"SUZUKI
SWIFT
1.2 Dualjet 83 12V Hybrid SZ-L 5dr",Lane 2 - Available Car / ...,Manual,Petrol,1.2,5.0,£10750,£9675,£12450,4,HatchbackGRADE 4CP GREENSC SilverView Report,CP GREEN,2023,Apr 2023,10190,BLUE,BLUE,Metallic,BLACK,CLOTH,5,1,With Manheim,Margin,No,No,No,Lloyd Motor Group,Leeds,"Air Conditioning, Bluetooth, Cruise Control, DAB, Media Connectivity, Privacy Glass, Reversing camera, Sat Nav Functioning, Traction Control, CO2: 106","Sensors, Climate control, 5 Speed Manual, Climate control Auto lights
Sat Nav Chip","£9,750",https://www.manheim.co.uk/nama,"http://images.manheim.co.uk/images/units/zoom/a8a978c9-537d-4106-8b7e-1d1ffb1e2a2a_ext_7.jpg, http://images.manheim.co.uk/images/units/zoom/a8a978c9-537d-4106-8b7e-1d1ffb1e2a2a_ext_6.jpg, http://images.manheim.co.uk/images/units/zoom/a8a978c9-537d-4106-8b7e-1d1ffb1e2a2a_ext_1.jpg, http://images.manheim.co.uk/images/units/zoom/a8a978c9-537d-4106-8b7e-1d1ffb1e2a2a_5.jpg, http://images.manheim.co.uk/images/units/zoom/a8a978c9-537d-4106-8b7e-1d1ffb1e2a2a_4.jpg, http://images.manheim.co.uk/images/units/zoom/a8a978c9-537d-4106-8b7e-1d1ffb1e2a2a_11.jpg, http://images.manheim.co.uk/images/units/zoom/a8a978c9-537d-4106-8b7e-1d1ffb1e2a2a_10.jpg, http://images.manheim.co.uk/images/units/zoom/a8a978c9-537d-4106-8b7e-1d1ffb1e2a2a_9.jpg, http://images.manheim.co.uk/images/units/zoom/a8a978c9-537d-4106-8b7e-1d1ffb1e2a2a_ext_2.jpg, http://images.manheim.co.uk/images/units/zoom/a8a978c9-537d-4106-8b7e-1d1ffb1e2a2a_ext_5.jpg, http://images.manheim.co.uk/images/units/zoom/a8a978c9-537d-4106-8b7e-1d1ffb1e2a2a_ext_3.jpg, http://images.manheim.co.uk/images/units/zoom/a8a978c9-537d-4106-8b7e-1d1ffb1e2a2a_ext_4.jpg, http://images.manheim.co.uk/images/units/zoom/insp-0001-4006060-4010800-13.jpg, http://images.manheim.co.uk/images/units/zoom/insp-0001-4006060-4010800-1000.jpg, http://images.manheim.co.uk/images/units/zoom/insp-0001-4006060-4010800-1001.jpg, http://images.manheim.co.uk/images/units/zoom/insp-0001-4006060-4010800-1002.jpg, http://images.manheim.co.uk/images/units/zoom/insp-0001-4006060-4010800-1003.jpg, http://images.manheim.co.uk/images/units/zoom/insp-0001-4006060-4010800-1004.jpg, http://images.manheim.co.uk/images/units/zoom/insp-0001-4006060-4010800-1005.jpg, http://images.manheim.co.uk/images/units/zoom/insp-0001-4006060-4010800-1006.jpg, http://images.manheim.co.uk/images/units/zoom/insp-0001-4006060-4010800-1007.jpg, http://images.manheim.co.uk/images/units/zoom/insp-0001-4006060-4010800-1008.jpg, http://images.manheim.co.uk/images/units/zoom/insp-0001-4006060-4010800-1009.jpg, http://images.manheim.co.uk/images/units/zoom/insp-0001-4006060-4010800-1010.jpg, http://images.manheim.co.uk/images/units/zoom/insp-0001-4006060-4010800-1011.jpg, http://images.manheim.co.uk/images/units/zoom/insp-0001-4006060-4010800-1012.jpg",http://ecr.manheim.co.uk/pdf/MOL-0004006060-01988384-003.pdf,1,2,22/04/2024,3671,"08/05/2025, 22/04/2024","7964, 3671","J Edgar & Son, J Edgar & Son","Book, Book",,Apr-26,SUZUKI,SWIFT,1.2 Dualjet 83 12V Hybrid SZ-L 5dr,0,05/01/2026, 
PY23JOV,"VOLKSWAGEN
T-ROC
1.0 TSI Life 5dr",Lane 2 - Available Car / ...,Manual,Petrol,1.0,5.0,£15850,£14550,£18250,2,HatchbackGRADE 2CP GREENSC SilverView Report,CP GREEN,2023,Jun 2023,22699,RED,RED,Solid,BLACK,CLOTH,5,2,With Manheim,Margin,No,No,No,Lloyd Motor Group,Leeds,"6 Speed, Air Conditioning, Automatic Lights, Bluetooth, DAB, Dual Zone Climate, Front Parking Sensors, Park Assist, Rear Parking Sensors, CO2: 136",Optional extra - lumbar support on front seats,"£15,000",https://www.manheim.co.uk/nama,"http://images.manheim.co.uk/images/units/zoom/a170e2ac-5c2d-4ad2-92b3-1665af7dd36a_ext_7.jpg, http://images.manheim.co.uk/images/units/zoom/a170e2ac-5c2d-4ad2-92b3-1665af7dd36a_ext_6.jpg, http://images.manheim.co.uk/images/units/zoom/a170e2ac-5c2d-4ad2-92b3-1665af7dd36a_ext_1.jpg, http://images.manheim.co.uk/images/units/zoom/a170e2ac-5c2d-4ad2-92b3-1665af7dd36a_5.jpg, http://images.manheim.co.uk/images/units/zoom/a170e2ac-5c2d-4ad2-92b3-1665af7dd36a_4.jpg, http://images.manheim.co.uk/images/units/zoom/a170e2ac-5c2d-4ad2-92b3-1665af7dd36a_11.jpg, http://images.manheim.co.uk/images/units/zoom/a170e2ac-5c2d-4ad2-92b3-1665af7dd36a_10.jpg, http://images.manheim.co.uk/images/units/zoom/a170e2ac-5c2d-4ad2-92b3-1665af7dd36a_9.jpg, http://images.manheim.co.uk/images/units/zoom/a170e2ac-5c2d-4ad2-92b3-1665af7dd36a_ext_2.jpg, http://images.manheim.co.uk/images/units/zoom/a170e2ac-5c2d-4ad2-92b3-1665af7dd36a_ext_5.jpg, http://images.manheim.co.uk/images/units/zoom/a170e2ac-5c2d-4ad2-92b3-1665af7dd36a_ext_3.jpg, http://images.manheim.co.uk/images/units/zoom/a170e2ac-5c2d-4ad2-92b3-1665af7dd36a_ext_4.jpg, http://images.manheim.co.uk/images/units/zoom/insp-0001-4001773-4008403-13.jpg, http://images.manheim.co.uk/images/units/zoom/insp-0001-4001773-4008403-1000.jpg, http://images.manheim.co.uk/images/units/zoom/insp-0001-4001773-4008403-1001.jpg",http://ecr.manheim.co.uk/pdf/MOL-0004001773-01983127-003.pdf,1,2,24/06/2024,9907,"03/07/2025, 24/06/2024","18945, 9907","Print, DIGITAL","Print, Print",,Jun-26,VOLKSWAGEN,T-ROC,1.0 TSI Life 5dr,0,05/01/2026, 
PY72FUG,"FORD
RANGER DIESEL
Pick Up Double Cab Wildtrak 2.0 EcoBlue 213 Auto",Lane 2 - Available Car / ...,Automatic,Diesel,2.0,4.0,£20250,£18750,£23000,2,Pick Up BodyGRADE 2SC LCVView Report,SC LCV,2022,Nov 2022,22890,GREY,GREY,Metallic,BLACK,LEATHER,5,2,With Manheim,Commercial,No,No,No,Lloyd Motor Group,Leeds,"Air Conditioning, Airbag - Passenger, Alloy Wheels, Automatic Wipers, Bluetooth, Cruise Control, DAB, Electric Mirrors, Electric Windows, Heated Front Screen, Heated Seats, Parking sensors - Front, Parking sensors - Rear, Pick Up - Rear Load Shutter, Privacy Glass, Reversing camera, Satnav, Spot/Fog lights, Towbar, Traction Control, CO2: 256",+ VAT,"£18,950",https://www.manheim.co.uk/nama,"http://images.manheim.co.uk/images/units/zoom/1ebbf9ab-b912-41e4-947b-36b7dd7c9539_ext_7.jpg, http://images.manheim.co.uk/images/units/zoom/1ebbf9ab-b912-41e4-947b-36b7dd7c9539_ext_6.jpg, http://images.manheim.co.uk/images/units/zoom/1ebbf9ab-b912-41e4-947b-36b7dd7c9539_ext_1.jpg, http://images.manheim.co.uk/images/units/zoom/1ebbf9ab-b912-41e4-947b-36b7dd7c9539_5.jpg, http://images.manheim.co.uk/images/units/zoom/1ebbf9ab-b912-41e4-947b-36b7dd7c9539_4.jpg, http://images.manheim.co.uk/images/units/zoom/1ebbf9ab-b912-41e4-947b-36b7dd7c9539_11.jpg, http://images.manheim.co.uk/images/units/zoom/1ebbf9ab-b912-41e4-947b-36b7dd7c9539_10.jpg, http://images.manheim.co.uk/images/units/zoom/1ebbf9ab-b912-41e4-947b-36b7dd7c9539_9.jpg, http://images.manheim.co.uk/images/units/zoom/1ebbf9ab-b912-41e4-947b-36b7dd7c9539_ext_2.jpg, http://images.manheim.co.uk/images/units/zoom/1ebbf9ab-b912-41e4-947b-36b7dd7c9539_ext_5.jpg, http://images.manheim.co.uk/images/units/zoom/1ebbf9ab-b912-41e4-947b-36b7dd7c9539_ext_3.jpg, http://images.manheim.co.uk/images/units/zoom/1ebbf9ab-b912-41e4-947b-36b7dd7c9539_ext_4.jpg, http://images.manheim.co.uk/images/units/zoom/insp-0001-4007861-4017890-13.jpg, http://images.manheim.co.uk/images/units/zoom/insp-0001-4007861-4017890-1000.jpg, http://images.manheim.co.uk/images/units/zoom/insp-0001-4007861-4017890-1001.jpg, http://images.manheim.co.uk/images/units/zoom/insp-0001-4007861-4017890-1002.jpg, http://images.manheim.co.uk/images/units/zoom/insp-0001-4007861-4017890-1003.jpg, http://images.manheim.co.uk/images/units/zoom/insp-0001-4007861-4017890-1004.jpg, http://images.manheim.co.uk/images/units/zoom/insp-0001-4007861-4017890-1005.jpg, http://images.manheim.co.uk/images/units/zoom/insp-0001-4007861-4017890-1006.jpg, http://images.manheim.co.uk/images/units/zoom/insp-0001-4007861-4017890-1007.jpg, http://images.manheim.co.uk/images/units/zoom/insp-0001-4007861-4017890-1008.jpg, http://images.manheim.co.uk/images/units/zoom/insp-0001-4007861-4017890-1009.jpg, http://images.manheim.co.uk/images/units/zoom/insp-0001-4007861-4017890-1010.jpg",http://ecr.manheim.co.uk/pdf/MOL-0004007861-01990039-002.pdf,1,1,12/06/2024,13081,12/06/2024,13081,Johnstones Garage,Print,,,FORD,RANGER DIESEL,Pick Up Double Cab Wildtrak 2.0 EcoBlue 213 Auto,0,05/01/2026, 
RA68USP,"AUDI
A3
35 TFSI Sport 5dr","Available Car, Pulman Gro...",Manual,Petrol,1.5,5.0,£5975,£5175,£8095,4,HatchbackGRADE 4SC BronzeView Report,SC Bronze,2019,Feb 2019,134583,GREY,GREY,Metallic,BLACK,LEATHER,5,2,With Manheim,Margin,No,No,No,S G Petch,Washington,"6 Speed, Air Conditioning, Auto Climate Control, Automatic Lights, Automatic Wipers, Bluetooth, Cruise Control, DAB, Dual Zone Climate, Full Leather Trim, Media Connectivity, Rear Parking Sensors, Sat Nav Functioning, Traction Control, CO2: 124",,"£5,500",https://www.manheim.co.uk/nama,"http://images.manheim.co.uk/images/units/zoom/4011914-9999999-339132712-004.jpg, http://images.manheim.co.uk/images/units/zoom/4011914-9999999-339132712-008.jpg, http://images.manheim.co.uk/images/units/zoom/4011914-9999999-339132712-001.jpg, http://images.manheim.co.uk/images/units/zoom/4011914-9999999-339132712-002.jpg, http://images.manheim.co.uk/images/units/zoom/4011914-9999999-339132712-003.jpg, http://images.manheim.co.uk/images/units/zoom/4011914-9999999-339132712-005.jpg, http://images.manheim.co.uk/images/units/zoom/4011914-9999999-339132712-006.jpg, http://images.manheim.co.uk/images/units/zoom/4011914-9999999-339132712-007.jpg, http://images.manheim.co.uk/images/units/zoom/4011914-9999999-339132712-009.jpg, http://images.manheim.co.uk/images/units/zoom/4011914-9999999-339132712-010.jpg, http://images.manheim.co.uk/images/units/zoom/4011914-9999999-339132712-011.jpg, http://images.manheim.co.uk/images/units/zoom/4011914-9999999-339132712-012.jpg, http://images.manheim.co.uk/images/units/zoom/insp-0001-4011914-4009756-13.jpg, http://images.manheim.co.uk/images/units/zoom/insp-0001-4011914-4009756-1000.jpg, http://images.manheim.co.uk/images/units/zoom/insp-0001-4011914-4009756-1001.jpg, http://images.manheim.co.uk/images/units/zoom/insp-0001-4011914-4009756-1002.jpg, http://images.manheim.co.uk/images/units/zoom/insp-0001-4011914-4009756-1003.jpg, http://images.manheim.co.uk/images/units/zoom/insp-0001-4011914-4009756-1004.jpg, http://images.manheim.co.uk/images/units/zoom/insp-0001-4011914-4009756-1005.jpg, http://images.manheim.co.uk/images/units/zoom/insp-0001-4011914-4009756-1006.jpg, http://images.manheim.co.uk/images/units/zoom/insp-0001-4011914-4009756-1007.jpg, http://images.manheim.co.uk/images/units/zoom/insp-0001-4011914-4009756-1008.jpg, http://images.manheim.co.uk/images/units/zoom/insp-0001-4011914-4009756-1009.jpg, http://images.manheim.co.uk/images/units/zoom/insp-0001-4011914-4009756-1010.jpg, http://images.manheim.co.uk/images/units/zoom/insp-0001-4011914-4009756-1011.jpg, http://images.manheim.co.uk/images/units/zoom/insp-0001-4011914-4009756-1012.jpg, http://images.manheim.co.uk/images/units/zoom/insp-0001-4011914-4009756-1013.jpg, http://images.manheim.co.uk/images/units/zoom/insp-0001-4011914-4009756-1014.jpg, http://images.manheim.co.uk/images/units/zoom/insp-0001-4011914-4009756-1015.jpg, http://images.manheim.co.uk/images/units/zoom/insp-0001-4011914-4009756-1016.jpg, http://images.manheim.co.uk/images/units/zoom/insp-0001-4011914-4009756-1017.jpg, http://images.manheim.co.uk/images/units/zoom/insp-0001-4011914-4009756-1018.jpg, http://images.manheim.co.uk/images/units/zoom/insp-0001-4011914-4009756-1019.jpg, http://images.manheim.co.uk/images/units/zoom/insp-0001-4011914-4009756-1020.jpg, http://images.manheim.co.uk/images/units/zoom/insp-0001-4011914-4009756-1021.jpg, http://images.manheim.co.uk/images/units/zoom/insp-0001-4011914-4009756-1022.jpg, http://images.manheim.co.uk/images/units/zoom/insp-0001-4011914-4009756-1023.jpg, http://images.manheim.co.uk/images/units/zoom/insp-0001-4011914-4009756-1024.jpg, http://images.manheim.co.uk/images/units/zoom/insp-0001-4011914-4009756-1025.jpg, http://images.manheim.co.uk/images/units/zoom/insp-0001-4011914-4009756-1026.jpg, http://images.manheim.co.uk/images/units/zoom/insp-0001-4011914-4009756-1027.jpg, http://images.manheim.co.uk/images/units/zoom/insp-0001-4011914-4009756-1028.jpg",http://ecr.manheim.co.uk/pdf/MOL-0004011914-01994040-003.pdf,2,0,,,,,,,,Mar-26,AUDI,A3,35 TFSI Sport 5dr,0,19/12/2025, 
RE18BWY,"MERCEDES-BENZ
E CLASS
E220d AMG Line Premium Plus 2dr 9G-Tronic",SIMULCAST AND PHYSICAL - ...,Automatic,Diesel,2.0,2.0,£16100,£14900,£19300,5,CoupeGRADE 5SC SilverView Report,SC Silver,2018,Jun 2018,55226,GREY,GREY,Metallic,BLACK,Part Leather,4,1,With Manheim,Margin,No,No,No,Link Financial LTD,Manchester,"Air Conditioning, Auto Climate Control, Automatic Lights, Bluetooth, DAB, Dual Zone Climate, Electric Sun Roof, Front Parking Sensors, Heated Seats, Media Connectivity, Part Leather, Privacy Glass, Rear Parking Sensors, Reversing camera, Sat Nav Functioning, Traction Control, CO2: 132",,"£16,100",https://www.manheim.co.uk/nama,"http://images.manheim.co.uk/images/units/zoom/558a08d7-14b6-4f26-be2d-7c4707321829_ext_7.jpg, http://images.manheim.co.uk/images/units/zoom/558a08d7-14b6-4f26-be2d-7c4707321829_ext_6.jpg, http://images.manheim.co.uk/images/units/zoom/558a08d7-14b6-4f26-be2d-7c4707321829_ext_1.jpg, http://images.manheim.co.uk/images/units/zoom/558a08d7-14b6-4f26-be2d-7c4707321829_5.jpg, http://images.manheim.co.uk/images/units/zoom/558a08d7-14b6-4f26-be2d-7c4707321829_4.jpg, http://images.manheim.co.uk/images/units/zoom/558a08d7-14b6-4f26-be2d-7c4707321829_11.jpg, http://images.manheim.co.uk/images/units/zoom/558a08d7-14b6-4f26-be2d-7c4707321829_10.jpg, http://images.manheim.co.uk/images/units/zoom/558a08d7-14b6-4f26-be2d-7c4707321829_9.jpg, http://images.manheim.co.uk/images/units/zoom/558a08d7-14b6-4f26-be2d-7c4707321829_ext_2.jpg, http://images.manheim.co.uk/images/units/zoom/558a08d7-14b6-4f26-be2d-7c4707321829_ext_5.jpg, http://images.manheim.co.uk/images/units/zoom/558a08d7-14b6-4f26-be2d-7c4707321829_ext_3.jpg, http://images.manheim.co.uk/images/units/zoom/558a08d7-14b6-4f26-be2d-7c4707321829_ext_4.jpg, http://images.manheim.co.uk/images/units/zoom/insp-0001-4011760-4008671-13.jpg, http://images.manheim.co.uk/images/units/zoom/insp-0001-4011760-4008671-1000.jpg, http://images.manheim.co.uk/images/units/zoom/insp-0001-4011760-4008671-1001.jpg, http://images.manheim.co.uk/images/units/zoom/insp-0001-4011760-4008671-1002.jpg, http://images.manheim.co.uk/images/units/zoom/insp-0001-4011760-4008671-1003.jpg, http://images.manheim.co.uk/images/units/zoom/insp-0001-4011760-4008671-1004.jpg, http://images.manheim.co.uk/images/units/zoom/insp-0001-4011760-4008671-1005.jpg, http://images.manheim.co.uk/images/units/zoom/insp-0001-4011760-4008671-1006.jpg, http://images.manheim.co.uk/images/units/zoom/insp-0001-4011760-4008671-1007.jpg, http://images.manheim.co.uk/images/units/zoom/insp-0001-4011760-4008671-1008.jpg, http://images.manheim.co.uk/images/units/zoom/insp-0001-4011760-4008671-1009.jpg, http://images.manheim.co.uk/images/units/zoom/insp-0001-4011760-4008671-1010.jpg, http://images.manheim.co.uk/images/units/zoom/insp-0001-4011760-4008671-1011.jpg, http://images.manheim.co.uk/images/units/zoom/insp-0001-4011760-4008671-1012.jpg, http://images.manheim.co.uk/images/units/zoom/insp-0001-4011760-4008671-1013.jpg, http://images.manheim.co.uk/images/units/zoom/insp-0001-4011760-4008671-1014.jpg, http://images.manheim.co.uk/images/units/zoom/insp-0001-4011760-4008671-1015.jpg, http://images.manheim.co.uk/images/units/zoom/insp-0001-4011760-4008671-1016.jpg, http://images.manheim.co.uk/images/units/zoom/insp-0001-4011760-4008671-1017.jpg, http://images.manheim.co.uk/images/units/zoom/insp-0001-4011760-4008671-1018.jpg, http://images.manheim.co.uk/images/units/zoom/insp-0001-4011760-4008671-1019.jpg, http://images.manheim.co.uk/images/units/zoom/insp-0001-4011760-4008671-1020.jpg, http://images.manheim.co.uk/images/units/zoom/insp-0001-4011760-4008671-1021.jpg, http://images.manheim.co.uk/images/units/zoom/insp-0001-4011760-4008671-1022.jpg, http://images.manheim.co.uk/images/units/zoom/insp-0001-4011760-4008671-1023.jpg, http://images.manheim.co.uk/images/units/zoom/insp-0001-4011760-4008671-1024.jpg, http://images.manheim.co.uk/images/units/zoom/insp-0001-4011760-4008671-1025.jpg, http://images.manheim.co.uk/images/units/zoom/insp-0001-4011760-4008671-1026.jpg, http://images.manheim.co.uk/images/units/zoom/insp-0001-4011760-4008671-1027.jpg, http://images.manheim.co.uk/images/units/zoom/insp-0001-4011760-4008671-1028.jpg, http://images.manheim.co.uk/images/units/zoom/insp-0001-4011760-4008671-1029.jpg, http://images.manheim.co.uk/images/units/zoom/insp-0001-4011760-4008671-1030.jpg, http://images.manheim.co.uk/images/units/zoom/insp-0001-4011760-4008671-1031.jpg, http://images.manheim.co.uk/images/units/zoom/insp-0001-4011760-4008671-1032.jpg, http://images.manheim.co.uk/images/units/zoom/insp-0001-4011760-4008671-1033.jpg, http://images.manheim.co.uk/images/units/zoom/insp-0001-4011760-4008671-1034.jpg, http://images.manheim.co.uk/images/units/zoom/insp-0001-4011760-4008671-1035.jpg, http://images.manheim.co.uk/images/units/zoom/insp-0001-4011760-4008671-1036.jpg, http://images.manheim.co.uk/images/units/zoom/insp-0001-4011760-4008671-1037.jpg, http://images.manheim.co.uk/images/units/zoom/insp-0001-4011760-4008671-1038.jpg",http://ecr.manheim.co.uk/pdf/MOL-0004011760-01993859-006.pdf,5,4,20/06/2019,12138,"06/07/2022, 19/07/2021, 30/06/2020, 20/06/2019","33541, 26292, 20379, 12138","MERCAID MANCHESTER LTD, MERCEDES BENZ, MERCEDES BENZ, MERCEDES BENZ","Print, Print, Print, Print",,Aug-25,MERCEDES-BENZ,E CLASS,E220d AMG Line Premium Plus 2dr 9G-Tronic,0,18/12/2025, 
RE21SYZ,"LAND ROVER
RANGE ROVER EVOQUE
2.0 D200 R-Dynamic HSE 5dr Auto",Lane 2 - Available Car / ...,Automatic,Diesel,2.0,5.0,£18450,£17100,£20750,2,EstateGRADE 2CP GREENSC SilverView Report,CP GREEN,2021,Apr 2021,94527,GREY,GREY,Solid,BLACK,LEATHER,5,2,With Manheim,Margin,No,No,No,Lloyd Motor Group,Leeds,"Traction Control, Sat Nav Functioning, Reversing camera, Rear Parking Sensors, Park Assist, Heated Seats, Full Leather Trim, Front Parking Sensors, Dual Zone Climate, DAB, Bluetooth, Automatic Wipers, Automatic Lights, Air Conditioning, CO2: 175",,"£17,000",https://www.manheim.co.uk/nama,"http://images.manheim.co.uk/images/units/zoom/f08759f2-3616-45c3-843f-e1b80b50eb1d_ext_7.jpg, http://images.manheim.co.uk/images/units/zoom/f08759f2-3616-45c3-843f-e1b80b50eb1d_ext_6.jpg, http://images.manheim.co.uk/images/units/zoom/f08759f2-3616-45c3-843f-e1b80b50eb1d_ext_1.jpg, http://images.manheim.co.uk/images/units/zoom/f08759f2-3616-45c3-843f-e1b80b50eb1d_5.jpg, http://images.manheim.co.uk/images/units/zoom/f08759f2-3616-45c3-843f-e1b80b50eb1d_4.jpg, http://images.manheim.co.uk/images/units/zoom/f08759f2-3616-45c3-843f-e1b80b50eb1d_11.jpg, http://images.manheim.co.uk/images/units/zoom/f08759f2-3616-45c3-843f-e1b80b50eb1d_10.jpg, http://images.manheim.co.uk/images/units/zoom/f08759f2-3616-45c3-843f-e1b80b50eb1d_9.jpg, http://images.manheim.co.uk/images/units/zoom/f08759f2-3616-45c3-843f-e1b80b50eb1d_ext_2.jpg, http://images.manheim.co.uk/images/units/zoom/f08759f2-3616-45c3-843f-e1b80b50eb1d_ext_5.jpg, http://images.manheim.co.uk/images/units/zoom/f08759f2-3616-45c3-843f-e1b80b50eb1d_ext_3.jpg, http://images.manheim.co.uk/images/units/zoom/f08759f2-3616-45c3-843f-e1b80b50eb1d_ext_4.jpg, http://images.manheim.co.uk/images/units/zoom/insp-0001-3990026-3990401-13.jpg, http://images.manheim.co.uk/images/units/zoom/insp-0001-3990026-3990401-1000.jpg, http://images.manheim.co.uk/images/units/zoom/insp-0001-3990026-3990401-1001.jpg, http://images.manheim.co.uk/images/units/zoom/insp-0001-3990026-3990401-1002.jpg, http://images.manheim.co.uk/images/units/zoom/insp-0001-3990026-3990401-1003.jpg",http://ecr.manheim.co.uk/pdf/MOL-0003990026-01970813-002.pdf,2,1,06/08/2024,87351,06/08/2024,87351,GREEN LANE GARAGE,Print,,Apr-26,LAND ROVER,RANGE ROVER EVOQUE,2.0 D200 R-Dynamic HSE 5dr Auto,0,05/01/2026, 
RF66KBY,"FIAT
500
0.9 TwinAir Lounge 3dr","Available Car, Pulman Gro...",Manual,Petrol,0.9,3.0,£3150,£2675,£4575,4,HatchbackGRADE 4SC SilverView Report,SC Silver,2016,Dec 2016,98287,GREEN,GREEN,Metallic,GREY,CLOTH,4,2,With Manheim,Margin,No,No,No,Available Car,Washington,"Air Conditioning, Aux In, Bluetooth, Media Connectivity, Sunroof, Traction Control, CO2: 90",,"£2,400",https://www.manheim.co.uk/nama,"http://images.manheim.co.uk/images/units/zoom/4006877-9999999-336154027-004.jpg, http://images.manheim.co.uk/images/units/zoom/4006877-9999999-336154027-008.jpg, http://images.manheim.co.uk/images/units/zoom/4006877-9999999-336154027-001.jpg, http://images.manheim.co.uk/images/units/zoom/4006877-9999999-336154027-002.jpg, http://images.manheim.co.uk/images/units/zoom/4006877-9999999-336154027-003.jpg, http://images.manheim.co.uk/images/units/zoom/4006877-9999999-336154027-005.jpg, http://images.manheim.co.uk/images/units/zoom/4006877-9999999-336154027-006.jpg, http://images.manheim.co.uk/images/units/zoom/4006877-9999999-336154027-007.jpg, http://images.manheim.co.uk/images/units/zoom/4006877-9999999-336154027-009.jpg, http://images.manheim.co.uk/images/units/zoom/4006877-9999999-336154027-010.jpg, http://images.manheim.co.uk/images/units/zoom/4006877-9999999-336154027-011.jpg, http://images.manheim.co.uk/images/units/zoom/4006877-9999999-336154027-012.jpg, http://images.manheim.co.uk/images/units/zoom/insp-0001-4006877-4009803-13.jpg, http://images.manheim.co.uk/images/units/zoom/insp-0001-4006877-4009803-1000.jpg, http://images.manheim.co.uk/images/units/zoom/insp-0001-4006877-4009803-1001.jpg, http://images.manheim.co.uk/images/units/zoom/insp-0001-4006877-4009803-1002.jpg, http://images.manheim.co.uk/images/units/zoom/insp-0001-4006877-4009803-1003.jpg, http://images.manheim.co.uk/images/units/zoom/insp-0001-4006877-4009803-1004.jpg, http://images.manheim.co.uk/images/units/zoom/insp-0001-4006877-4009803-1005.jpg, http://images.manheim.co.uk/images/units/zoom/insp-0001-4006877-4009803-1006.jpg, http://images.manheim.co.uk/images/units/zoom/insp-0001-4006877-4009803-1007.jpg, http://images.manheim.co.uk/images/units/zoom/insp-0001-4006877-4009803-1008.jpg, http://images.manheim.co.uk/images/units/zoom/insp-0001-4006877-4009803-1009.jpg, http://images.manheim.co.uk/images/units/zoom/insp-0001-4006877-4009803-1010.jpg, http://images.manheim.co.uk/images/units/zoom/insp-0001-4006877-4009803-1011.jpg, http://images.manheim.co.uk/images/units/zoom/insp-0001-4006877-4009803-1012.jpg, http://images.manheim.co.uk/images/units/zoom/insp-0001-4006877-4009803-1013.jpg, http://images.manheim.co.uk/images/units/zoom/insp-0001-4006877-4009803-1014.jpg, http://images.manheim.co.uk/images/units/zoom/insp-0001-4006877-4009803-1015.jpg, http://images.manheim.co.uk/images/units/zoom/insp-0001-4006877-4009803-1016.jpg",http://ecr.manheim.co.uk/pdf/MOL-0004006877-01988962-003.pdf,3,7,18/12/2017,1765,"15/08/2023, 27/07/2022, 11/08/2021, 18/08/2020, 31/07/2019, 05/12/2018, 18/12/2017","70543, 57020, 42151, 29027, 18327, 10214, 1765","WESTWELL JONES, EDEN BASINGSTOKE, EDEN BASINGSTOKE, EDEN BASINGSTOKE, EDEN BASINGSTOKE, EDEN BASINGSTOKE, EDEN BASINGSTOKE","Book, Book, Book, Book, Book, Book, Book",,Jul-26,FIAT,500,0.9 TwinAir Lounge 3dr,0,19/12/2025, 
RK20MSO,"KIA
SPORTAGE
1.6T GDi ISG GT-Line 5dr DCT Auto [AWD]","Vospers, Ocean, Yeomans, ...",Semi-Automatic,Petrol,1.6,5.0,£14450,£13200,£16900,4,EstateGRADE 4CP GREENSC SilverView Report,CP GREEN,2020,Mar 2020,33490,BLACK,BLACK,Metallic,BLACK,LEATHER,5,2,With Manheim,Margin,No,No,No,Murray,Plymouth,"Air Conditioning, Auto Climate Control, Automatic Lights, Automatic Wipers, Bluetooth, Cruise Control, Dual Zone Climate, Full Leather Trim, Heated Seats, Rear Parking Sensors, Reversing camera, Sat Nav Functioning, CO2: 168",,"£14,500",https://www.manheim.co.uk/nama,"http://images.manheim.co.uk/images/units/zoom/61849fb6-d469-4f87-90ff-a0cb97929acc_ext_7.jpg, http://images.manheim.co.uk/images/units/zoom/61849fb6-d469-4f87-90ff-a0cb97929acc_ext_6.jpg, http://images.manheim.co.uk/images/units/zoom/61849fb6-d469-4f87-90ff-a0cb97929acc_ext_1.jpg, http://images.manheim.co.uk/images/units/zoom/61849fb6-d469-4f87-90ff-a0cb97929acc_5.jpg, http://images.manheim.co.uk/images/units/zoom/61849fb6-d469-4f87-90ff-a0cb97929acc_4.jpg, http://images.manheim.co.uk/images/units/zoom/61849fb6-d469-4f87-90ff-a0cb97929acc_11.jpg, http://images.manheim.co.uk/images/units/zoom/61849fb6-d469-4f87-90ff-a0cb97929acc_10.jpg, http://images.manheim.co.uk/images/units/zoom/61849fb6-d469-4f87-90ff-a0cb97929acc_9.jpg, http://images.manheim.co.uk/images/units/zoom/61849fb6-d469-4f87-90ff-a0cb97929acc_ext_2.jpg, http://images.manheim.co.uk/images/units/zoom/61849fb6-d469-4f87-90ff-a0cb97929acc_ext_5.jpg, http://images.manheim.co.uk/images/units/zoom/61849fb6-d469-4f87-90ff-a0cb97929acc_ext_3.jpg, http://images.manheim.co.uk/images/units/zoom/61849fb6-d469-4f87-90ff-a0cb97929acc_ext_4.jpg, http://images.manheim.co.uk/images/units/zoom/insp-0001-3994107-3994285-13.jpg, http://images.manheim.co.uk/images/units/zoom/insp-0001-3994107-3994285-1000.jpg, http://images.manheim.co.uk/images/units/zoom/insp-0001-3994107-3994285-1001.jpg, http://images.manheim.co.uk/images/units/zoom/insp-0001-3994107-3994285-1002.jpg, http://images.manheim.co.uk/images/units/zoom/insp-0001-3994107-3994285-1003.jpg, http://images.manheim.co.uk/images/units/zoom/insp-0001-3994107-3994285-1004.jpg, http://images.manheim.co.uk/images/units/zoom/insp-0001-3994107-3994285-1005.jpg, http://images.manheim.co.uk/images/units/zoom/insp-0001-3994107-3994285-1006.jpg, http://images.manheim.co.uk/images/units/zoom/insp-0001-3994107-3994285-1007.jpg, http://images.manheim.co.uk/images/units/zoom/insp-0001-3994107-3994285-1008.jpg, http://images.manheim.co.uk/images/units/zoom/insp-0001-3994107-3994285-1009.jpg, http://images.manheim.co.uk/images/units/zoom/insp-0001-3994107-3994285-1010.jpg, http://images.manheim.co.uk/images/units/zoom/insp-0001-3994107-3994285-1011.jpg",http://ecr.manheim.co.uk/pdf/MOL-0003994107-01975163-003.pdf,2,1,30/03/2021,2802,30/03/2021,2802,Shelly Motors,Print,,Jan-26,KIA,SPORTAGE,1.6T GDi ISG GT-Line 5dr DCT Auto [AWD],0,07/01/2026, 
RV21KLX,"NISSAN
MICRA
1.0 DIG-T 117 Acenta 5dr",Lane 1 - D M Keith / Sytn...,Manual,Petrol,1.0,5.0,£8500,£7525,£10500,1,HatchbackGRADE 1CP GREENSC SilverView Report,CP GREEN,2021,Mar 2021,20423,BLUE,BLUE,Metallic,BLACK,CLOTH,5,2,With Manheim,Margin,No,No,No,Lloyd Motor Group,Leeds,"6 Speed, Air Conditioning, Auto Climate Control, Automatic Lights, Automatic Wipers, Bluetooth, Cruise Control, DAB, Media Connectivity, CO2: 133",ODOMETER CHANGE 15/11/2022- PREVIOUS MILEAGE 15897,"£6,950",https://www.manheim.co.uk/nama,"http://images.manheim.co.uk/images/units/zoom/12545850-25ce-4708-b576-dd67714404c9_ext_7.jpg, http://images.manheim.co.uk/images/units/zoom/12545850-25ce-4708-b576-dd67714404c9_ext_6.jpg, http://images.manheim.co.uk/images/units/zoom/12545850-25ce-4708-b576-dd67714404c9_ext_1.jpg, http://images.manheim.co.uk/images/units/zoom/12545850-25ce-4708-b576-dd67714404c9_5.jpg, http://images.manheim.co.uk/images/units/zoom/12545850-25ce-4708-b576-dd67714404c9_4.jpg, http://images.manheim.co.uk/images/units/zoom/12545850-25ce-4708-b576-dd67714404c9_11.jpg, http://images.manheim.co.uk/images/units/zoom/12545850-25ce-4708-b576-dd67714404c9_10.jpg, http://images.manheim.co.uk/images/units/zoom/12545850-25ce-4708-b576-dd67714404c9_9.jpg, http://images.manheim.co.uk/images/units/zoom/12545850-25ce-4708-b576-dd67714404c9_ext_2.jpg, http://images.manheim.co.uk/images/units/zoom/12545850-25ce-4708-b576-dd67714404c9_ext_5.jpg, http://images.manheim.co.uk/images/units/zoom/12545850-25ce-4708-b576-dd67714404c9_ext_3.jpg, http://images.manheim.co.uk/images/units/zoom/12545850-25ce-4708-b576-dd67714404c9_ext_4.jpg, http://images.manheim.co.uk/images/units/zoom/insp-0001-3986133-3985200-13.jpg",http://ecr.manheim.co.uk/pdf/MOL-0003986133-01966992-011.pdf,5,4,28/03/2022,8912,"01/09/2025, 03/03/2024, 23/03/2023, 28/03/2022","3003, 1644, 15987, 8912","DAVID HAYTON, BARTON TOWNLEY LTD, F.G. Barnes&Sons limited, F.G. Barnes&Sons limited","Book, Book, Book, Book",,Aug-26,NISSAN,MICRA,1.0 DIG-T 117 Acenta 5dr,0,07/01/2026, 
RY19PZK,"MAZDA
MX-5
2.0 [184] Sport Nav+ 2dr","Available Car, Pulman Gro...",Manual,Petrol,2.0,2.0,£15200,£13900,£18900,1,ConvertibleGRADE 1SC SilverView Report,SC Silver,2019,Jun 2019,24234,WHITE,WHITE,Solid,BLACK,LEATHER,2,2,With Manheim,Margin,No,No,No,S G Petch,Washington,"6 Speed, Air Conditioning, Auto Climate Control, Automatic Lights, Automatic Wipers, Aux In, Bluetooth, Cruise Control, DAB, Full Leather Trim, Heated Seats, Media Connectivity, Rear Parking Sensors, Reversing camera, Sat Nav Functioning, Traction Control, CO2: 156",,"£14,500",https://www.manheim.co.uk/nama,"http://images.manheim.co.uk/images/units/zoom/4007176-9999999-339091938-004.jpg, http://images.manheim.co.uk/images/units/zoom/4007176-9999999-339091938-008.jpg, http://images.manheim.co.uk/images/units/zoom/4007176-9999999-339091938-001.jpg, http://images.manheim.co.uk/images/units/zoom/4007176-9999999-339091938-002.jpg, http://images.manheim.co.uk/images/units/zoom/4007176-9999999-339091938-003.jpg, http://images.manheim.co.uk/images/units/zoom/4007176-9999999-339091938-005.jpg, http://images.manheim.co.uk/images/units/zoom/4007176-9999999-339091938-006.jpg, http://images.manheim.co.uk/images/units/zoom/4007176-9999999-339091938-007.jpg, http://images.manheim.co.uk/images/units/zoom/4007176-9999999-339091938-009.jpg, http://images.manheim.co.uk/images/units/zoom/4007176-9999999-339091938-010.jpg, http://images.manheim.co.uk/images/units/zoom/4007176-9999999-339091938-011.jpg, http://images.manheim.co.uk/images/units/zoom/4007176-9999999-339091938-012.jpg, http://images.manheim.co.uk/images/units/zoom/insp-0001-4007176-4009100-13.jpg, http://images.manheim.co.uk/images/units/zoom/insp-0001-4007176-4009100-1000.jpg",http://ecr.manheim.co.uk/pdf/MOL-0004007176-01989377-002.pdf,3,0,,,,,,,,Jul-26,MAZDA,MX-5,2.0 [184] Sport Nav+ 2dr,0,19/12/2025, 
SA19OVT,"MINI
CONVERTIBLE
1.5 Cooper Sport II 2dr",Lane 1 - D M Keith / Sytn...,Manual,Petrol,1.5,3.0,£10350,£9250,£12850,3,ConvertibleGRADE 3SC SilverView Report,SC Silver,2019,Mar 2019,47471,RED,RED,Metallic,BLACK,CLOTH,4,2,With Manheim,Margin,No,No,No,Lloyd Motor Group,Leeds,"6 Speed, Air Conditioning, Bluetooth, Cruise Control, DAB, Media Connectivity, Rear Parking Sensors, Traction Control, CO2: 130",,"£9,350",https://www.manheim.co.uk/nama,"http://images.manheim.co.uk/images/units/zoom/5f96abb3-9589-422d-a0c4-739959b17924_ext_7.jpg, http://images.manheim.co.uk/images/units/zoom/5f96abb3-9589-422d-a0c4-739959b17924_ext_6.jpg, http://images.manheim.co.uk/images/units/zoom/5f96abb3-9589-422d-a0c4-739959b17924_ext_1.jpg, http://images.manheim.co.uk/images/units/zoom/5f96abb3-9589-422d-a0c4-739959b17924_5.jpg, http://images.manheim.co.uk/images/units/zoom/5f96abb3-9589-422d-a0c4-739959b17924_4.jpg, http://images.manheim.co.uk/images/units/zoom/5f96abb3-9589-422d-a0c4-739959b17924_11.jpg, http://images.manheim.co.uk/images/units/zoom/5f96abb3-9589-422d-a0c4-739959b17924_10.jpg, http://images.manheim.co.uk/images/units/zoom/5f96abb3-9589-422d-a0c4-739959b17924_9.jpg, http://images.manheim.co.uk/images/units/zoom/5f96abb3-9589-422d-a0c4-739959b17924_ext_2.jpg, http://images.manheim.co.uk/images/units/zoom/5f96abb3-9589-422d-a0c4-739959b17924_ext_5.jpg, http://images.manheim.co.uk/images/units/zoom/5f96abb3-9589-422d-a0c4-739959b17924_ext_3.jpg, http://images.manheim.co.uk/images/units/zoom/5f96abb3-9589-422d-a0c4-739959b17924_ext_4.jpg, http://images.manheim.co.uk/images/units/zoom/insp-0001-3974355-3972276-13.jpg, http://images.manheim.co.uk/images/units/zoom/insp-0001-3974355-3972276-1000.jpg, http://images.manheim.co.uk/images/units/zoom/insp-0001-3974355-3972276-1001.jpg, http://images.manheim.co.uk/images/units/zoom/insp-0001-3974355-3972276-1002.jpg, http://images.manheim.co.uk/images/units/zoom/insp-0001-3974355-3972276-1003.jpg, http://images.manheim.co.uk/images/units/zoom/insp-0001-3974355-3972276-1004.jpg, http://images.manheim.co.uk/images/units/zoom/insp-0001-3974355-3972276-1005.jpg, http://images.manheim.co.uk/images/units/zoom/insp-0001-3974355-3972276-1006.jpg, http://images.manheim.co.uk/images/units/zoom/insp-0001-3974355-3972276-1007.jpg, http://images.manheim.co.uk/images/units/zoom/insp-0001-3974355-3972276-1008.jpg",http://ecr.manheim.co.uk/pdf/MOL-0003974355-01955531-005.pdf,2,2,18/02/2021,10027,"10/10/2022, 18/02/2021","18563, 10027","Stratstone, Halfords Autocentre","Print, Print",,Jan-26,MINI,CONVERTIBLE,1.5 Cooper Sport II 2dr,0,07/01/2026, 
SB21TNE,"AUDI
A5
35 TDI S Line 2dr S Tronic",Lane 2 - Available Car / ...,Semi-Automatic,Diesel,2.0,2.0,£20400,£19200,£23500,2,CoupeGRADE 2SC SilverView Report,SC Silver,2021,Jun 2021,23370,WHITE,WHITE,Solid,BLACK,Part Leather,4,2,With Manheim,Qualifying,No,No,No,Motor Dough,Leeds,"Air Conditioning, Automatic Lights, Automatic Wipers, Bluetooth, DAB, Heated Seats, Park Assist, Part Leather, Rear Parking Sensors, Reversing camera, Sat Nav Functioning, Traction Control, CO2: 133",VAT Q,"£20,000",https://www.manheim.co.uk/nama,"http://images.manheim.co.uk/images/units/zoom/a641b0da-4929-4184-b1bf-dc81a62b5937_ext_7.jpg, http://images.manheim.co.uk/images/units/zoom/a641b0da-4929-4184-b1bf-dc81a62b5937_ext_6.jpg, http://images.manheim.co.uk/images/units/zoom/a641b0da-4929-4184-b1bf-dc81a62b5937_ext_1.jpg, http://images.manheim.co.uk/images/units/zoom/a641b0da-4929-4184-b1bf-dc81a62b5937_5.jpg, http://images.manheim.co.uk/images/units/zoom/a641b0da-4929-4184-b1bf-dc81a62b5937_4.jpg, http://images.manheim.co.uk/images/units/zoom/a641b0da-4929-4184-b1bf-dc81a62b5937_11.jpg, http://images.manheim.co.uk/images/units/zoom/a641b0da-4929-4184-b1bf-dc81a62b5937_10.jpg, http://images.manheim.co.uk/images/units/zoom/a641b0da-4929-4184-b1bf-dc81a62b5937_9.jpg, http://images.manheim.co.uk/images/units/zoom/a641b0da-4929-4184-b1bf-dc81a62b5937_ext_2.jpg, http://images.manheim.co.uk/images/units/zoom/a641b0da-4929-4184-b1bf-dc81a62b5937_ext_5.jpg, http://images.manheim.co.uk/images/units/zoom/a641b0da-4929-4184-b1bf-dc81a62b5937_ext_3.jpg, http://images.manheim.co.uk/images/units/zoom/a641b0da-4929-4184-b1bf-dc81a62b5937_ext_4.jpg, http://images.manheim.co.uk/images/units/zoom/insp-0001-3995597-3988415-13.jpg, http://images.manheim.co.uk/images/units/zoom/insp-0001-3995597-3988415-1000.jpg, http://images.manheim.co.uk/images/units/zoom/insp-0001-3995597-3988415-1001.jpg, http://images.manheim.co.uk/images/units/zoom/insp-0001-3995597-3988415-1002.jpg, http://images.manheim.co.uk/images/units/zoom/insp-0001-3995597-3988415-1003.jpg",http://ecr.manheim.co.uk/pdf/MOL-0003995597-01975997-002.pdf,1,0,,,,,,,,Aug-26,AUDI,A5,35 TDI S Line 2dr S Tronic,0,12/01/2026, 
SB69LOH,"BMW
4 SERIES
420d [190] xDrive M Sport 2dr Auto [Prof Media]",Lane 2 - Available Car / ...,Automatic,Diesel,2.0,2.0,£14500,£13350,£17200,3,CoupeGRADE 3SC SilverView Report,SC Silver,2019,Dec 2019,54627,GREY,GREY,Metallic,BLACK,LEATHER,4,2,With Manheim,Margin,No,No,No,Lloyd Motor Group,Leeds,"Air Conditioning, Auto Climate Control, Automatic Lights, Automatic Wipers, Bluetooth, Cruise Control, DAB, Dual Zone Climate, Front Parking Sensors, Full Leather Trim, Heated Seats, Privacy Glass, Radio CD, Rear Parking Sensors, Sat Nav Functioning, Traction Control, CO2: 132","•	£295.00           Digital Cockpit

•	£2000.00         M Sport Pro Pack -

19” BMW M Double Spoke Alloy Wheels
M Sport Brakes with Blue Calipers
Harman Kardon Hi-Fi
Sun Protection Glass","£14,000",https://www.manheim.co.uk/nama,"http://images.manheim.co.uk/images/units/zoom/c06a6fbb-1b92-4f79-8626-a7eb5848dfdf_ext_7.jpg, http://images.manheim.co.uk/images/units/zoom/c06a6fbb-1b92-4f79-8626-a7eb5848dfdf_ext_6.jpg, http://images.manheim.co.uk/images/units/zoom/c06a6fbb-1b92-4f79-8626-a7eb5848dfdf_ext_1.jpg, http://images.manheim.co.uk/images/units/zoom/c06a6fbb-1b92-4f79-8626-a7eb5848dfdf_5.jpg, http://images.manheim.co.uk/images/units/zoom/c06a6fbb-1b92-4f79-8626-a7eb5848dfdf_4.jpg, http://images.manheim.co.uk/images/units/zoom/c06a6fbb-1b92-4f79-8626-a7eb5848dfdf_11.jpg, http://images.manheim.co.uk/images/units/zoom/c06a6fbb-1b92-4f79-8626-a7eb5848dfdf_10.jpg, http://images.manheim.co.uk/images/units/zoom/c06a6fbb-1b92-4f79-8626-a7eb5848dfdf_9.jpg, http://images.manheim.co.uk/images/units/zoom/c06a6fbb-1b92-4f79-8626-a7eb5848dfdf_ext_2.jpg, http://images.manheim.co.uk/images/units/zoom/c06a6fbb-1b92-4f79-8626-a7eb5848dfdf_ext_5.jpg, http://images.manheim.co.uk/images/units/zoom/c06a6fbb-1b92-4f79-8626-a7eb5848dfdf_ext_3.jpg, http://images.manheim.co.uk/images/units/zoom/c06a6fbb-1b92-4f79-8626-a7eb5848dfdf_ext_4.jpg, http://images.manheim.co.uk/images/units/zoom/insp-0001-4000573-4000124-13.jpg, http://images.manheim.co.uk/images/units/zoom/insp-0001-4000573-4000124-1000.jpg, http://images.manheim.co.uk/images/units/zoom/insp-0001-4000573-4000124-1001.jpg, http://images.manheim.co.uk/images/units/zoom/insp-0001-4000573-4000124-1002.jpg, http://images.manheim.co.uk/images/units/zoom/insp-0001-4000573-4000124-1003.jpg, http://images.manheim.co.uk/images/units/zoom/insp-0001-4000573-4000124-1004.jpg, http://images.manheim.co.uk/images/units/zoom/insp-0001-4000573-4000124-1005.jpg, http://images.manheim.co.uk/images/units/zoom/insp-0001-4000573-4000124-1006.jpg, http://images.manheim.co.uk/images/units/zoom/insp-0001-4000573-4000124-1007.jpg, http://images.manheim.co.uk/images/units/zoom/insp-0001-4000573-4000124-1008.jpg, http://images.manheim.co.uk/images/units/zoom/insp-0001-4000573-4000124-1009.jpg, http://images.manheim.co.uk/images/units/zoom/insp-0001-4000573-4000124-1010.jpg, http://images.manheim.co.uk/images/units/zoom/insp-0001-4000573-4000124-1011.jpg, http://images.manheim.co.uk/images/units/zoom/insp-0001-4000573-4000124-1012.jpg, http://images.manheim.co.uk/images/units/zoom/insp-0001-4000573-4000124-1013.jpg, http://images.manheim.co.uk/images/units/zoom/insp-0001-4000573-4000124-1014.jpg, http://images.manheim.co.uk/images/units/zoom/insp-0001-4000573-4000124-1015.jpg, http://images.manheim.co.uk/images/units/zoom/insp-0001-4000573-4000124-1016.jpg, http://images.manheim.co.uk/images/units/zoom/insp-0001-4000573-4000124-1017.jpg, http://images.manheim.co.uk/images/units/zoom/insp-0001-4000573-4000124-1018.jpg, http://images.manheim.co.uk/images/units/zoom/insp-0001-4000573-4000124-1019.jpg",http://ecr.manheim.co.uk/pdf/MOL-0004000573-01981887-003.pdf,5,3,28/11/2022,18348,"18/11/2025, 01/11/2024, 28/11/2022","54627, 41038, 18348","LLOYD, LLOYD, LLOYD","Print, Print, Print",,Dec-25,BMW,4 SERIES,420d [190] xDrive M Sport 2dr Auto [Prof Media],0,05/01/2026, 
SK67DWG,"LAND ROVER
RANGE ROVER SPORT
3.0 SDV6 HSE 5dr Auto",Lane 2 - Available Car / ...,Automatic,Diesel,3.0,5.0,£21300,£19900,£24500,2,EstateGRADE 2CP AMBERView Report,CP AMBER,2017,Sep 2017,50631,GREY,GREY,Metallic,BLACK,CLOTH,5,2,With Manheim,Margin,No,No,No,Lloyd Motor Group,Leeds,"Privacy Glass, Radio CD, Media Connectivity, Heated Seats, Heated Front Screen, Full Leather Trim, Front Parking Sensors, Dual Zone Climate, DAB, Cruise Control, Bluetooth, Aux In, Automatic Wipers, Automatic Lights, Auto Climate Control, Air Conditioning, Traction Control, Sat Nav Functioning, Reversing camera, Rear Parking Sensors, CO2: 185","MOT VOSA DISCREPANCY - BUT VEHICLE HAS FULL LAND ROVER SERVICE HISTORY TO VERIFY MILEAGE 

SURECHECK EXEMPT","£18,800",https://www.manheim.co.uk/nama,"http://images.manheim.co.uk/images/units/zoom/653a9f15-72fe-4493-8c6a-5effa46a6933_ext_7.jpg, http://images.manheim.co.uk/images/units/zoom/653a9f15-72fe-4493-8c6a-5effa46a6933_ext_6.jpg, http://images.manheim.co.uk/images/units/zoom/653a9f15-72fe-4493-8c6a-5effa46a6933_ext_1.jpg, http://images.manheim.co.uk/images/units/zoom/653a9f15-72fe-4493-8c6a-5effa46a6933_5.jpg, http://images.manheim.co.uk/images/units/zoom/653a9f15-72fe-4493-8c6a-5effa46a6933_4.jpg, http://images.manheim.co.uk/images/units/zoom/653a9f15-72fe-4493-8c6a-5effa46a6933_11.jpg, http://images.manheim.co.uk/images/units/zoom/653a9f15-72fe-4493-8c6a-5effa46a6933_10.jpg, http://images.manheim.co.uk/images/units/zoom/653a9f15-72fe-4493-8c6a-5effa46a6933_9.jpg, http://images.manheim.co.uk/images/units/zoom/653a9f15-72fe-4493-8c6a-5effa46a6933_ext_2.jpg, http://images.manheim.co.uk/images/units/zoom/653a9f15-72fe-4493-8c6a-5effa46a6933_ext_5.jpg, http://images.manheim.co.uk/images/units/zoom/653a9f15-72fe-4493-8c6a-5effa46a6933_ext_3.jpg, http://images.manheim.co.uk/images/units/zoom/653a9f15-72fe-4493-8c6a-5effa46a6933_ext_4.jpg, http://images.manheim.co.uk/images/units/zoom/insp-0001-3979822-3975349-13.jpg, http://images.manheim.co.uk/images/units/zoom/insp-0001-3979822-3975349-1000.jpg, http://images.manheim.co.uk/images/units/zoom/insp-0001-3979822-3975349-1001.jpg, http://images.manheim.co.uk/images/units/zoom/insp-0001-3979822-3975349-1002.jpg, http://images.manheim.co.uk/images/units/zoom/insp-0001-3979822-3975349-1003.jpg, http://images.manheim.co.uk/images/units/zoom/insp-0001-3979822-3975349-1004.jpg, http://images.manheim.co.uk/images/units/zoom/insp-0001-3979822-3975349-1005.jpg, http://images.manheim.co.uk/images/units/zoom/insp-0001-3979822-3975349-1006.jpg, http://images.manheim.co.uk/images/units/zoom/insp-0001-3979822-3975349-1007.jpg, http://images.manheim.co.uk/images/units/zoom/insp-0001-3979822-3975349-1008.jpg, http://images.manheim.co.uk/images/units/zoom/insp-0001-3979822-3975349-1009.jpg",http://ecr.manheim.co.uk/pdf/MOL-0003979822-01960770-015.pdf,3,6,10/10/2018,7958,"26/01/2024, 16/09/2022, 11/08/2021, 12/08/2020, 09/09/2019, 10/10/2018","35330, 27846, 21909, 18552, 14385, 7958","Lloyd Land Rover, Lloyd Land Rover, Lloyd Land Rover, Lloyd Land Rover, Lloyd Land Rover, Lloyd Land Rover","Print, Print, Print, Print, Print, Print",,Sep-26,LAND ROVER,RANGE ROVER SPORT,3.0 SDV6 HSE 5dr Auto,0,05/01/2026, 
SK69WZX,"VOLVO
V90
2.0 D4 Inscription 5dr Geartronic",Lane 1 - D M Keith / Sytn...,Automatic,Diesel,2.0,5.0,£10900,£9875,£13900,4,EstateGRADE 4SC BronzeView Report,SC Bronze,2019,Sep 2019,126533,BLUE,BLUE,Metallic,BLACK,LEATHER,5,2,With Manheim,Margin,No,No,No,Lloyd Motor Group,Leeds,"Air Conditioning, Auto Climate Control, Automatic Lights, Cruise Control, DAB, Dual Zone Climate, Full Leather Trim, Heated Seats, Rear Parking Sensors, Reversing camera, Sat Nav Functioning, CO2: 129",Winter Pack - Rear Camera,"£9,250",https://www.manheim.co.uk/nama,"http://images.manheim.co.uk/images/units/zoom/6f5e7a12-26a9-4745-b141-7a1d120e7435_ext_7.jpg, http://images.manheim.co.uk/images/units/zoom/6f5e7a12-26a9-4745-b141-7a1d120e7435_ext_6.jpg, http://images.manheim.co.uk/images/units/zoom/6f5e7a12-26a9-4745-b141-7a1d120e7435_ext_1.jpg, http://images.manheim.co.uk/images/units/zoom/6f5e7a12-26a9-4745-b141-7a1d120e7435_5.jpg, http://images.manheim.co.uk/images/units/zoom/6f5e7a12-26a9-4745-b141-7a1d120e7435_4.jpg, http://images.manheim.co.uk/images/units/zoom/6f5e7a12-26a9-4745-b141-7a1d120e7435_11.jpg, http://images.manheim.co.uk/images/units/zoom/6f5e7a12-26a9-4745-b141-7a1d120e7435_10.jpg, http://images.manheim.co.uk/images/units/zoom/6f5e7a12-26a9-4745-b141-7a1d120e7435_9.jpg, http://images.manheim.co.uk/images/units/zoom/6f5e7a12-26a9-4745-b141-7a1d120e7435_ext_2.jpg, http://images.manheim.co.uk/images/units/zoom/6f5e7a12-26a9-4745-b141-7a1d120e7435_ext_5.jpg, http://images.manheim.co.uk/images/units/zoom/6f5e7a12-26a9-4745-b141-7a1d120e7435_ext_3.jpg, http://images.manheim.co.uk/images/units/zoom/6f5e7a12-26a9-4745-b141-7a1d120e7435_ext_4.jpg, http://images.manheim.co.uk/images/units/zoom/insp-0001-3066375-3983421-13.jpg, http://images.manheim.co.uk/images/units/zoom/insp-0001-3066375-3983421-1000.jpg, http://images.manheim.co.uk/images/units/zoom/insp-0001-3066375-3983421-1001.jpg, http://images.manheim.co.uk/images/units/zoom/insp-0001-3066375-3983421-1002.jpg, http://images.manheim.co.uk/images/units/zoom/insp-0001-3066375-3983421-1003.jpg, http://images.manheim.co.uk/images/units/zoom/insp-0001-3066375-3983421-1004.jpg, http://images.manheim.co.uk/images/units/zoom/insp-0001-3066375-3983421-1005.jpg, http://images.manheim.co.uk/images/units/zoom/insp-0001-3066375-3983421-1006.jpg, http://images.manheim.co.uk/images/units/zoom/insp-0001-3066375-3983421-1007.jpg, http://images.manheim.co.uk/images/units/zoom/insp-0001-3066375-3983421-1008.jpg, http://images.manheim.co.uk/images/units/zoom/insp-0001-3066375-3983421-1009.jpg, http://images.manheim.co.uk/images/units/zoom/insp-0001-3066375-3983421-1010.jpg, http://images.manheim.co.uk/images/units/zoom/insp-0001-3066375-3983421-1011.jpg, http://images.manheim.co.uk/images/units/zoom/insp-0001-3066375-3983421-1012.jpg, http://images.manheim.co.uk/images/units/zoom/insp-0001-3066375-3983421-1013.jpg",http://ecr.manheim.co.uk/pdf/MOL-0003066375-01966881-002.pdf,2,4,10/09/2020,11965,"01/08/2025, 08/02/2023, 10/09/2021, 10/09/2020","119963, 34956, 22814, 11965","Lloyd Carlisle, TMS Leicester, Clelands, Clelands","Book, Book, Book, Book",,Feb-26,VOLVO,V90,2.0 D4 Inscription 5dr Geartronic,0,07/01/2026, 
SL72DUJ,"CITROEN
BERLINGO
100kW Flair XTR M 50kWh 5dr Auto",Lane 2 - Available Car / ...,Automatic,Electric,,,£13700,£12550,£16200,1,,CP GREEN,2022,Sep 2022,15033,BEIGE,BEIGE,Solid,GREY,CLOTH,5,2,With Manheim,Margin,No,No,No,Lloyd Motor Group,Leeds,"Air Conditioning, Automatic Wipers, Aux In, Bluetooth, DAB, Ipod Connectivity, Media Connectivity, Rear Parking Sensors, Reversing camera, Traction Control, CO2: 0",,"£13,200",https://www.manheim.co.uk/nama,"http://images.manheim.co.uk/images/units/zoom/635fe54a-1b27-4296-9a29-dffee4be6fd5_ext_7.jpg, http://images.manheim.co.uk/images/units/zoom/635fe54a-1b27-4296-9a29-dffee4be6fd5_ext_6.jpg, http://images.manheim.co.uk/images/units/zoom/635fe54a-1b27-4296-9a29-dffee4be6fd5_ext_1.jpg, http://images.manheim.co.uk/images/units/zoom/635fe54a-1b27-4296-9a29-dffee4be6fd5_5.jpg, http://images.manheim.co.uk/images/units/zoom/635fe54a-1b27-4296-9a29-dffee4be6fd5_4.jpg, http://images.manheim.co.uk/images/units/zoom/635fe54a-1b27-4296-9a29-dffee4be6fd5_11.jpg, http://images.manheim.co.uk/images/units/zoom/635fe54a-1b27-4296-9a29-dffee4be6fd5_10.jpg, http://images.manheim.co.uk/images/units/zoom/635fe54a-1b27-4296-9a29-dffee4be6fd5_9.jpg, http://images.manheim.co.uk/images/units/zoom/635fe54a-1b27-4296-9a29-dffee4be6fd5_ext_2.jpg, http://images.manheim.co.uk/images/units/zoom/635fe54a-1b27-4296-9a29-dffee4be6fd5_ext_5.jpg, http://images.manheim.co.uk/images/units/zoom/635fe54a-1b27-4296-9a29-dffee4be6fd5_ext_3.jpg, http://images.manheim.co.uk/images/units/zoom/635fe54a-1b27-4296-9a29-dffee4be6fd5_ext_4.jpg, http://images.manheim.co.uk/images/units/zoom/insp-0001-4009436-4014317-13.jpg, http://images.manheim.co.uk/images/units/zoom/insp-0001-4009436-4014317-1000.jpg, http://images.manheim.co.uk/images/units/zoom/insp-0001-4009436-4014317-1001.jpg, http://images.manheim.co.uk/images/units/zoom/insp-0001-4009436-4014317-1002.jpg, http://images.manheim.co.uk/images/units/zoom/insp-0001-4009436-4014317-1003.jpg",http://ecr.manheim.co.uk/pdf/MOL-0004009436-01991607-002.pdf,2,2,19/08/2024,4969,"18/08/2025, 19/08/2024","12304, 4969","Arnold Clark automobiles, Arnold Clark automobiles","Book, Book",,Sep-26,CITROEN,BERLINGO,100kW Flair XTR M 50kWh 5dr Auto,0,05/01/2026, 
SM19NZR,"FORD
TRANSIT 350 L3 DIESEL RWD
2.0 TDCi 130ps H3 Van",Lane 2 - Stellantis & You...,Manual,Diesel,2.0,5.0,£3775,£3325,£5825,3,Panel VanGRADE 3SC LCVView Report,SC LCV,2019,Apr 2019,182122,WHITE,WHITE,Solid,GREY,CLOTH,3,2,With Manheim,Commercial,No,No,No,Lloyd Motor Group,Leeds,"6 Speed, Air Conditioning, Door - Double Rear, Door - Nearside Sliding Loading Door, Seats - Fabric/All, CO2: 191",,"£4,250",https://www.manheim.co.uk/nama,"http://images.manheim.co.uk/images/units/zoom/a54ef472-80de-4e2f-b109-ba43cca4b0da_ext_7.jpg, http://images.manheim.co.uk/images/units/zoom/a54ef472-80de-4e2f-b109-ba43cca4b0da_ext_6.jpg, http://images.manheim.co.uk/images/units/zoom/a54ef472-80de-4e2f-b109-ba43cca4b0da_ext_1.jpg, http://images.manheim.co.uk/images/units/zoom/a54ef472-80de-4e2f-b109-ba43cca4b0da_5.jpg, http://images.manheim.co.uk/images/units/zoom/a54ef472-80de-4e2f-b109-ba43cca4b0da_4.jpg, http://images.manheim.co.uk/images/units/zoom/a54ef472-80de-4e2f-b109-ba43cca4b0da_11.jpg, http://images.manheim.co.uk/images/units/zoom/a54ef472-80de-4e2f-b109-ba43cca4b0da_10.jpg, http://images.manheim.co.uk/images/units/zoom/a54ef472-80de-4e2f-b109-ba43cca4b0da_9.jpg, http://images.manheim.co.uk/images/units/zoom/a54ef472-80de-4e2f-b109-ba43cca4b0da_ext_2.jpg, http://images.manheim.co.uk/images/units/zoom/a54ef472-80de-4e2f-b109-ba43cca4b0da_ext_5.jpg, http://images.manheim.co.uk/images/units/zoom/a54ef472-80de-4e2f-b109-ba43cca4b0da_ext_3.jpg, http://images.manheim.co.uk/images/units/zoom/a54ef472-80de-4e2f-b109-ba43cca4b0da_ext_4.jpg, http://images.manheim.co.uk/images/units/zoom/insp-0001-4007093-4017653-13.jpg, http://images.manheim.co.uk/images/units/zoom/insp-0001-4007093-4017653-1000.jpg, http://images.manheim.co.uk/images/units/zoom/insp-0001-4007093-4017653-1001.jpg, http://images.manheim.co.uk/images/units/zoom/insp-0001-4007093-4017653-1002.jpg, http://images.manheim.co.uk/images/units/zoom/insp-0001-4007093-4017653-1003.jpg, http://images.manheim.co.uk/images/units/zoom/insp-0001-4007093-4017653-1004.jpg, http://images.manheim.co.uk/images/units/zoom/insp-0001-4007093-4017653-1005.jpg, http://images.manheim.co.uk/images/units/zoom/insp-0001-4007093-4017653-1006.jpg, http://images.manheim.co.uk/images/units/zoom/insp-0001-4007093-4017653-1007.jpg, http://images.manheim.co.uk/images/units/zoom/insp-0001-4007093-4017653-1008.jpg, http://images.manheim.co.uk/images/units/zoom/insp-0001-4007093-4017653-1009.jpg, http://images.manheim.co.uk/images/units/zoom/insp-0001-4007093-4017653-1010.jpg, http://images.manheim.co.uk/images/units/zoom/insp-0001-4007093-4017653-1011.jpg, http://images.manheim.co.uk/images/units/zoom/insp-0001-4007093-4017653-1012.jpg, http://images.manheim.co.uk/images/units/zoom/insp-0001-4007093-4017653-1013.jpg, http://images.manheim.co.uk/images/units/zoom/insp-0001-4007093-4017653-1014.jpg, http://images.manheim.co.uk/images/units/zoom/insp-0001-4007093-4017653-1015.jpg, http://images.manheim.co.uk/images/units/zoom/insp-0001-4007093-4017653-1016.jpg, http://images.manheim.co.uk/images/units/zoom/insp-0001-4007093-4017653-1017.jpg, http://images.manheim.co.uk/images/units/zoom/insp-0001-4007093-4017653-1018.jpg, http://images.manheim.co.uk/images/units/zoom/insp-0001-4007093-4017653-1019.jpg, http://images.manheim.co.uk/images/units/zoom/insp-0001-4007093-4017653-1020.jpg, http://images.manheim.co.uk/images/units/zoom/insp-0001-4007093-4017653-1021.jpg, http://images.manheim.co.uk/images/units/zoom/insp-0001-4007093-4017653-1022.jpg",http://ecr.manheim.co.uk/pdf/MOL-0004007093-01989195-002.pdf,1,4,04/10/2019,25080,"04/08/2021, 14/12/2020, 08/02/2020, 04/10/2019","84878, 64826, 44311, 25080","Lloyd Land Rover, Lloyd Volvo Carlisle, Lloyd Volvo Carlisle, Lloyd Volvo Carlisle","Print, Book, Book, Book",,Oct-26,FORD,TRANSIT 350 L3 DIESEL RWD,2.0 TDCi 130ps H3 Van,0,05/01/2026, 
SM72GJO,"TOYOTA
C-HR
1.8 Hybrid Design 5dr CVT",Lane 2 - Available Car / ...,Automatic,Petrol/Hybrid,1.8,5.0,£17900,£16550,£20250,3,HatchbackGRADE 3CP GREENSC SilverView Report,CP GREEN,2022,Dec 2022,22369,PURPLE,PURPLE,Metallic,BLACK,CLOTH,5,2,With Manheim,Margin,No,No,No,Lloyd Motor Group,Leeds,"Traction Control, Sat Nav Functioning, Reversing camera, Rear Parking Sensors, Heated Seats, Dual Zone Climate, DAB, Bluetooth, Automatic Lights, Auto Climate Control, Air Conditioning, CO2: 112",,"£16,700",https://www.manheim.co.uk/nama,"http://images.manheim.co.uk/images/units/zoom/8ad63087-6a20-44e6-a8f6-5a7eed4be7ae_ext_7.jpg, http://images.manheim.co.uk/images/units/zoom/8ad63087-6a20-44e6-a8f6-5a7eed4be7ae_ext_6.jpg, http://images.manheim.co.uk/images/units/zoom/8ad63087-6a20-44e6-a8f6-5a7eed4be7ae_ext_1.jpg, http://images.manheim.co.uk/images/units/zoom/8ad63087-6a20-44e6-a8f6-5a7eed4be7ae_5.jpg, http://images.manheim.co.uk/images/units/zoom/8ad63087-6a20-44e6-a8f6-5a7eed4be7ae_4.jpg, http://images.manheim.co.uk/images/units/zoom/8ad63087-6a20-44e6-a8f6-5a7eed4be7ae_11.jpg, http://images.manheim.co.uk/images/units/zoom/8ad63087-6a20-44e6-a8f6-5a7eed4be7ae_10.jpg, http://images.manheim.co.uk/images/units/zoom/8ad63087-6a20-44e6-a8f6-5a7eed4be7ae_9.jpg, http://images.manheim.co.uk/images/units/zoom/8ad63087-6a20-44e6-a8f6-5a7eed4be7ae_ext_2.jpg, http://images.manheim.co.uk/images/units/zoom/8ad63087-6a20-44e6-a8f6-5a7eed4be7ae_ext_5.jpg, http://images.manheim.co.uk/images/units/zoom/8ad63087-6a20-44e6-a8f6-5a7eed4be7ae_ext_3.jpg, http://images.manheim.co.uk/images/units/zoom/8ad63087-6a20-44e6-a8f6-5a7eed4be7ae_ext_4.jpg, http://images.manheim.co.uk/images/units/zoom/insp-0001-4005312-4006865-13.jpg, http://images.manheim.co.uk/images/units/zoom/insp-0001-4005312-4006865-1000.jpg, http://images.manheim.co.uk/images/units/zoom/insp-0001-4005312-4006865-1001.jpg, http://images.manheim.co.uk/images/units/zoom/insp-0001-4005312-4006865-1002.jpg, http://images.manheim.co.uk/images/units/zoom/insp-0001-4005312-4006865-1003.jpg, http://images.manheim.co.uk/images/units/zoom/insp-0001-4005312-4006865-1004.jpg, http://images.manheim.co.uk/images/units/zoom/insp-0001-4005312-4006865-1005.jpg, http://images.manheim.co.uk/images/units/zoom/insp-0001-4005312-4006865-1006.jpg, http://images.manheim.co.uk/images/units/zoom/insp-0001-4005312-4006865-1007.jpg",http://ecr.manheim.co.uk/pdf/MOL-0004005312-01987405-002.pdf,1,2,11/12/2023,7824,"09/10/2024, 11/12/2023","16196, 7824","Parks Motor Group, Parks Toyota","Book, Book",,Dec-25,TOYOTA,C-HR,1.8 Hybrid Design 5dr CVT,0,05/01/2026, 
SR15LMJ,"MAZDA
CX-5
2.2d SE-L Lux 5dr","Available Car, Pulman Gro...",Manual,Diesel,2.2,5.0,£2600,£2175,£4400,3,EstateGRADE 3CP GREENSC SilverView Report,CP GREEN,2015,May 2015,90084,GREY,GREY,Metallic,BLACK,LEATHER,5,1,With Manheim,Margin,No,No,No,Available Car,Washington,"6 Speed, Air Conditioning, Auto Climate Control, Automatic Lights, Automatic Wipers, Aux In, Bluetooth, Cruise Control, Dual Zone Climate, Electric Sun Roof, Front Parking Sensors, Full Leather Trim, Heated Seats, Media Connectivity, Radio CD, Rear Parking Sensors, Traction Control, CO2: 119",,"£2,433",https://www.manheim.co.uk/nama,"http://images.manheim.co.uk/images/units/zoom/Img-db50ea50-db1d-438e-96c3-3bb108315689.jpg, http://images.manheim.co.uk/images/units/zoom/Img-2216b5ab-c0ef-4500-a907-1806a5786331.jpg, http://www.manheim.co.uk/images/units/zoom/i360-0000-32054478-004.jpg, http://www.manheim.co.uk/images/units/zoom/i360-0000-32054478-002.jpg, http://images.manheim.co.uk/images/units/zoom/Img-67a755f4-682d-4bff-ad00-1bd643215e71.jpg, http://images.manheim.co.uk/images/units/zoom/Img-3122afbd-3dad-49c5-a0c7-819c233e5385.jpg, http://www.manheim.co.uk/images/units/zoom/i360-0000-32054478-009.jpg, http://images.manheim.co.uk/images/units/zoom/Img-525cb7d8-98e3-4f62-a0f3-242c81e4c748.jpg, http://images.manheim.co.uk/images/units/zoom/Img-7fc1ecd2-d9db-4b97-854e-fee72b59e377.jpg, http://www.manheim.co.uk/images/units/zoom/i360-0000-32054478-010.jpg, http://www.manheim.co.uk/images/units/zoom/i360-0000-32054478-011.jpg, http://www.manheim.co.uk/images/units/zoom/i360-0000-32054478-012.jpg, http://images.manheim.co.uk/images/units/zoom/insp-0001-1628991-4014371-13.jpg, http://images.manheim.co.uk/images/units/zoom/insp-0001-1628991-4014371-1000.jpg, http://images.manheim.co.uk/images/units/zoom/insp-0001-1628991-4014371-1001.jpg, http://images.manheim.co.uk/images/units/zoom/insp-0001-1628991-4014371-1002.jpg, http://images.manheim.co.uk/images/units/zoom/insp-0001-1628991-4014371-1003.jpg, http://images.manheim.co.uk/images/units/zoom/insp-0001-1628991-4014371-1004.jpg, http://images.manheim.co.uk/images/units/zoom/insp-0001-1628991-4014371-1005.jpg, http://images.manheim.co.uk/images/units/zoom/insp-0001-1628991-4014371-1006.jpg, http://images.manheim.co.uk/images/units/zoom/insp-0001-1628991-4014371-1007.jpg, http://images.manheim.co.uk/images/units/zoom/insp-0001-1628991-4014371-1008.jpg, http://images.manheim.co.uk/images/units/zoom/insp-0001-1628991-4014371-1009.jpg, http://images.manheim.co.uk/images/units/zoom/insp-0001-1628991-4014371-1010.jpg, http://images.manheim.co.uk/images/units/zoom/insp-0001-1628991-4014371-1011.jpg, http://images.manheim.co.uk/images/units/zoom/insp-0001-1628991-4014371-1012.jpg, http://images.manheim.co.uk/images/units/zoom/insp-0001-1628991-4014371-1013.jpg, http://images.manheim.co.uk/images/units/zoom/insp-0001-1628991-4014371-1014.jpg, http://images.manheim.co.uk/images/units/zoom/insp-0001-1628991-4014371-1015.jpg, http://images.manheim.co.uk/images/units/zoom/insp-0001-1628991-4014371-1016.jpg, http://images.manheim.co.uk/images/units/zoom/insp-0001-1628991-4014371-1017.jpg, http://images.manheim.co.uk/images/units/zoom/insp-0001-1628991-4014371-1018.jpg, http://images.manheim.co.uk/images/units/zoom/insp-0001-1628991-4014371-1019.jpg, http://images.manheim.co.uk/images/units/zoom/insp-0001-1628991-4014371-1020.jpg, http://images.manheim.co.uk/images/units/zoom/insp-0001-1628991-4014371-1021.jpg, http://images.manheim.co.uk/images/units/zoom/insp-0001-1628991-4014371-1022.jpg, http://images.manheim.co.uk/images/units/zoom/insp-0001-1628991-4014371-1023.jpg, http://images.manheim.co.uk/images/units/zoom/insp-0001-1628991-4014371-1024.jpg, http://images.manheim.co.uk/images/units/zoom/insp-0001-1628991-4014371-1025.jpg, http://images.manheim.co.uk/images/units/zoom/insp-0001-1628991-4014371-1026.jpg",http://ecr.manheim.co.uk/pdf/MOL-0001628991-01995443-007.pdf,3,6,25/11/2015,12999,"03/07/2020, 30/05/2019, 13/02/2018, 15/04/2017, 11/08/2016, 25/11/2015","63334, 60254, 51529, 38564, 26475, 12999","EDWARDS MAZDA, EDWARDS MAZDA, STRAUN MOTORS, STRAUN MOTORS, STRAUN MOTORS, STRAUN MOTORS","Print, Print, Print, Print, Print, Print",,Jul-26,MAZDA,CX-5,2.2d SE-L Lux 5dr,0,19/12/2025, 
ST68LYC,"MERCEDES-BENZ
GLA
GLA 200 SE Executive 5dr",SIMULCAST AND PHYSICAL - ...,Manual,Petrol,1.6,5.0,£10400,£9250,£12800,3,EstateGRADE 3CP GREENSC SilverView Report,CP GREEN,2018,Nov 2018,60856,BLUE,BLUE,Metallic,,LEATHER,5,2,With Manheim,Margin,No,No,No,Northridge Finance,Manchester,"6 Speed, Air Conditioning, Automatic Lights, Bluetooth, Cruise Control, Full Leather Trim, Heated Seats, Media Connectivity, Privacy Glass, Rear Parking Sensors, Reversing camera, Sat Nav Functioning, CO2: 151",,"£9,200",https://www.manheim.co.uk/nama,"http://images.manheim.co.uk/images/units/zoom/8e8655b9-cd9a-42f1-ba2a-2c34215b0bce_ext_7.jpg, http://images.manheim.co.uk/images/units/zoom/8e8655b9-cd9a-42f1-ba2a-2c34215b0bce_ext_6.jpg, http://images.manheim.co.uk/images/units/zoom/8e8655b9-cd9a-42f1-ba2a-2c34215b0bce_ext_1.jpg, http://images.manheim.co.uk/images/units/zoom/8e8655b9-cd9a-42f1-ba2a-2c34215b0bce_5.jpg, http://images.manheim.co.uk/images/units/zoom/8e8655b9-cd9a-42f1-ba2a-2c34215b0bce_4.jpg, http://images.manheim.co.uk/images/units/zoom/8e8655b9-cd9a-42f1-ba2a-2c34215b0bce_11.jpg, http://images.manheim.co.uk/images/units/zoom/8e8655b9-cd9a-42f1-ba2a-2c34215b0bce_10.jpg, http://images.manheim.co.uk/images/units/zoom/8e8655b9-cd9a-42f1-ba2a-2c34215b0bce_9.jpg, http://images.manheim.co.uk/images/units/zoom/8e8655b9-cd9a-42f1-ba2a-2c34215b0bce_ext_2.jpg, http://images.manheim.co.uk/images/units/zoom/8e8655b9-cd9a-42f1-ba2a-2c34215b0bce_ext_5.jpg, http://images.manheim.co.uk/images/units/zoom/8e8655b9-cd9a-42f1-ba2a-2c34215b0bce_ext_3.jpg, http://images.manheim.co.uk/images/units/zoom/8e8655b9-cd9a-42f1-ba2a-2c34215b0bce_ext_4.jpg, http://images.manheim.co.uk/images/units/zoom/insp-0001-3990980-4002326-13.jpg, http://images.manheim.co.uk/images/units/zoom/insp-0001-3990980-4002326-1000.jpg, http://images.manheim.co.uk/images/units/zoom/insp-0001-3990980-4002326-1001.jpg, http://images.manheim.co.uk/images/units/zoom/insp-0001-3990980-4002326-1002.jpg, http://images.manheim.co.uk/images/units/zoom/insp-0001-3990980-4002326-1003.jpg, http://images.manheim.co.uk/images/units/zoom/insp-0001-3990980-4002326-1004.jpg, http://images.manheim.co.uk/images/units/zoom/insp-0001-3990980-4002326-1005.jpg, http://images.manheim.co.uk/images/units/zoom/insp-0001-3990980-4002326-1006.jpg, http://images.manheim.co.uk/images/units/zoom/insp-0001-3990980-4002326-1007.jpg, http://images.manheim.co.uk/images/units/zoom/insp-0001-3990980-4002326-1008.jpg, http://images.manheim.co.uk/images/units/zoom/insp-0001-3990980-4002326-1009.jpg, http://images.manheim.co.uk/images/units/zoom/insp-0001-3990980-4002326-1010.jpg, http://images.manheim.co.uk/images/units/zoom/insp-0001-3990980-4002326-1011.jpg, http://images.manheim.co.uk/images/units/zoom/insp-0001-3990980-4002326-1012.jpg, http://images.manheim.co.uk/images/units/zoom/insp-0001-3990980-4002326-1013.jpg, http://images.manheim.co.uk/images/units/zoom/insp-0001-3990980-4002326-1014.jpg, http://images.manheim.co.uk/images/units/zoom/insp-0001-3990980-4002326-1015.jpg, http://images.manheim.co.uk/images/units/zoom/insp-0001-3990980-4002326-1016.jpg, http://images.manheim.co.uk/images/units/zoom/insp-0001-3990980-4002326-1017.jpg, http://images.manheim.co.uk/images/units/zoom/insp-0001-3990980-4002326-1018.jpg, http://images.manheim.co.uk/images/units/zoom/insp-0001-3990980-4002326-1019.jpg, http://images.manheim.co.uk/images/units/zoom/insp-0001-3990980-4002326-1020.jpg, http://images.manheim.co.uk/images/units/zoom/insp-0001-3990980-4002326-1021.jpg, http://images.manheim.co.uk/images/units/zoom/insp-0001-3990980-4002326-1022.jpg, http://images.manheim.co.uk/images/units/zoom/insp-0001-3990980-4002326-1023.jpg, http://images.manheim.co.uk/images/units/zoom/insp-0001-3990980-4002326-1024.jpg, http://images.manheim.co.uk/images/units/zoom/insp-0001-3990980-4002326-1025.jpg, http://images.manheim.co.uk/images/units/zoom/insp-0001-3990980-4002326-1026.jpg",http://ecr.manheim.co.uk/pdf/MOL-0003990980-01971832-003.pdf,2,1,17/02/2024,58167,17/02/2024,58167,ARNOLD CLARK,Print,,Dec-25,MERCEDES-BENZ,GLA,GLA 200 SE Executive 5dr,0,18/12/2025, 
VN69DWY,"VOLKSWAGEN
GOLF
1.5 TSI EVO 150 Match 5dr DSG",Lane 1 - D M Keith / Sytn...,Semi-Automatic,Petrol,1.5,5.0,£11950,£10800,£14150,2,HatchbackGRADE 2CP GREENSC SilverView Report,CP GREEN,2019,Nov 2019,60669,BLUE,BLUE,Metallic,BLACK,CLOTH,5,2,With Manheim,Margin,No,No,No,Lloyd Motor Group,Leeds,"Air Conditioning, Auto Climate Control, Automatic Lights, Bluetooth, Cruise Control, DAB, Dual Zone Climate, Front Parking Sensors, Media Connectivity, Privacy Glass, Rear Parking Sensors, Sat Nav Functioning, Traction Control, CO2: 116",SD CARD,"£10,750",https://www.manheim.co.uk/nama,"http://images.manheim.co.uk/images/units/zoom/23e2daef-94d7-4e41-ae10-baa6a1a66a2c_ext_7.jpg, http://images.manheim.co.uk/images/units/zoom/23e2daef-94d7-4e41-ae10-baa6a1a66a2c_ext_6.jpg, http://images.manheim.co.uk/images/units/zoom/23e2daef-94d7-4e41-ae10-baa6a1a66a2c_ext_1.jpg, http://images.manheim.co.uk/images/units/zoom/23e2daef-94d7-4e41-ae10-baa6a1a66a2c_5.jpg, http://images.manheim.co.uk/images/units/zoom/23e2daef-94d7-4e41-ae10-baa6a1a66a2c_4.jpg, http://images.manheim.co.uk/images/units/zoom/23e2daef-94d7-4e41-ae10-baa6a1a66a2c_11.jpg, http://images.manheim.co.uk/images/units/zoom/23e2daef-94d7-4e41-ae10-baa6a1a66a2c_10.jpg, http://images.manheim.co.uk/images/units/zoom/23e2daef-94d7-4e41-ae10-baa6a1a66a2c_9.jpg, http://images.manheim.co.uk/images/units/zoom/23e2daef-94d7-4e41-ae10-baa6a1a66a2c_ext_2.jpg, http://images.manheim.co.uk/images/units/zoom/23e2daef-94d7-4e41-ae10-baa6a1a66a2c_ext_5.jpg, http://images.manheim.co.uk/images/units/zoom/23e2daef-94d7-4e41-ae10-baa6a1a66a2c_ext_3.jpg, http://images.manheim.co.uk/images/units/zoom/23e2daef-94d7-4e41-ae10-baa6a1a66a2c_ext_4.jpg, http://images.manheim.co.uk/images/units/zoom/insp-0001-3974329-3976822-13.jpg, http://images.manheim.co.uk/images/units/zoom/insp-0001-3974329-3976822-1000.jpg, http://images.manheim.co.uk/images/units/zoom/insp-0001-3974329-3976822-1001.jpg, http://images.manheim.co.uk/images/units/zoom/insp-0001-3974329-3976822-1002.jpg, http://images.manheim.co.uk/images/units/zoom/insp-0001-3974329-3976822-1003.jpg, http://images.manheim.co.uk/images/units/zoom/insp-0001-3974329-3976822-1004.jpg, http://images.manheim.co.uk/images/units/zoom/insp-0001-3974329-3976822-1005.jpg, http://images.manheim.co.uk/images/units/zoom/insp-0001-3974329-3976822-1006.jpg, http://images.manheim.co.uk/images/units/zoom/insp-0001-3974329-3976822-1007.jpg, http://images.manheim.co.uk/images/units/zoom/insp-0001-3974329-3976822-1008.jpg, http://images.manheim.co.uk/images/units/zoom/insp-0001-3974329-3976822-1009.jpg",http://ecr.manheim.co.uk/pdf/MOL-0003974329-01959720-004.pdf,3,2,06/12/2024,44689,"07/04/2025, 06/12/2024","48730, 44689","ANTTESS AUTOS, ANTTESS AUTOS","Print, Print",,Nov-25,VOLKSWAGEN,GOLF,1.5 TSI EVO 150 Match 5dr DSG,0,07/01/2026, 
VO65OPY,"NISSAN
QASHQAI
1.6 DiG-T Tekna [Non-Panoramic] 5dr",Lane 2 - Stellantis & You...,Manual,Petrol,1.6,5.0,£2825,£2325,£4525,3,HatchbackGRADE 3SC BronzeView Report,SC Bronze,2015,Sep 2015,143608,BLACK,BLACK,Metallic,BLACK,LEATHER,5,2,With Manheim,Margin,No,No,No,Lloyd Motor Group,Leeds,"6 Speed, Air Conditioning, Auto Climate Control, Automatic Lights, Automatic Wipers, Aux In, Bluetooth, Cruise Control, Dual Zone Climate, Front Parking Sensors, Full Leather Trim, Heated Seats, Panoramic Roof, Privacy Glass, Radio CD, Rear Parking Sensors, Reversing camera, Sat Nav Functioning, Traction Control, CO2: 138",Sat Nav - Rear Camera - Heated Seats,"£2,425",https://www.manheim.co.uk/nama,"http://images.manheim.co.uk/images/units/zoom/eee3c7cf-19a4-439f-bb54-473af740b330_ext_7.jpg, http://images.manheim.co.uk/images/units/zoom/eee3c7cf-19a4-439f-bb54-473af740b330_ext_6.jpg, http://images.manheim.co.uk/images/units/zoom/eee3c7cf-19a4-439f-bb54-473af740b330_ext_1.jpg, http://images.manheim.co.uk/images/units/zoom/eee3c7cf-19a4-439f-bb54-473af740b330_5.jpg, http://images.manheim.co.uk/images/units/zoom/eee3c7cf-19a4-439f-bb54-473af740b330_4.jpg, http://images.manheim.co.uk/images/units/zoom/eee3c7cf-19a4-439f-bb54-473af740b330_11.jpg, http://images.manheim.co.uk/images/units/zoom/eee3c7cf-19a4-439f-bb54-473af740b330_10.jpg, http://images.manheim.co.uk/images/units/zoom/eee3c7cf-19a4-439f-bb54-473af740b330_9.jpg, http://images.manheim.co.uk/images/units/zoom/eee3c7cf-19a4-439f-bb54-473af740b330_ext_2.jpg, http://images.manheim.co.uk/images/units/zoom/eee3c7cf-19a4-439f-bb54-473af740b330_ext_5.jpg, http://images.manheim.co.uk/images/units/zoom/eee3c7cf-19a4-439f-bb54-473af740b330_ext_3.jpg, http://images.manheim.co.uk/images/units/zoom/eee3c7cf-19a4-439f-bb54-473af740b330_ext_4.jpg, http://images.manheim.co.uk/images/units/zoom/insp-0001-4009402-4014092-13.jpg, http://images.manheim.co.uk/images/units/zoom/insp-0001-4009402-4014092-1000.jpg, http://images.manheim.co.uk/images/units/zoom/insp-0001-4009402-4014092-1001.jpg, http://images.manheim.co.uk/images/units/zoom/insp-0001-4009402-4014092-1002.jpg, http://images.manheim.co.uk/images/units/zoom/insp-0001-4009402-4014092-1003.jpg, http://images.manheim.co.uk/images/units/zoom/insp-0001-4009402-4014092-1004.jpg, http://images.manheim.co.uk/images/units/zoom/insp-0001-4009402-4014092-1005.jpg, http://images.manheim.co.uk/images/units/zoom/insp-0001-4009402-4014092-1006.jpg, http://images.manheim.co.uk/images/units/zoom/insp-0001-4009402-4014092-1007.jpg, http://images.manheim.co.uk/images/units/zoom/insp-0001-4009402-4014092-1008.jpg, http://images.manheim.co.uk/images/units/zoom/insp-0001-4009402-4014092-1009.jpg, http://images.manheim.co.uk/images/units/zoom/insp-0001-4009402-4014092-1010.jpg, http://images.manheim.co.uk/images/units/zoom/insp-0001-4009402-4014092-1011.jpg, http://images.manheim.co.uk/images/units/zoom/insp-0001-4009402-4014092-1012.jpg, http://images.manheim.co.uk/images/units/zoom/insp-0001-4009402-4014092-1013.jpg, http://images.manheim.co.uk/images/units/zoom/insp-0001-4009402-4014092-1014.jpg, http://images.manheim.co.uk/images/units/zoom/insp-0001-4009402-4014092-1015.jpg, http://images.manheim.co.uk/images/units/zoom/insp-0001-4009402-4014092-1016.jpg, http://images.manheim.co.uk/images/units/zoom/insp-0001-4009402-4014092-1017.jpg",http://ecr.manheim.co.uk/pdf/MOL-0004009402-01991570-005.pdf,2,4,10/10/2016,9542,"06/02/2025, 21/11/2018, 03/10/2017, 10/10/2016","128620, 39943, 21743, 9542","P&L Haile Ltd, MGM, Lookers, Paragon","Book, Book, Book, Book",,Sep-26,NISSAN,QASHQAI,1.6 DiG-T Tekna [Non-Panoramic] 5dr,0,05/01/2026, 
VX65WNA,"LAND ROVER
RANGE ROVER EVOQUE
2.0 eD4 SE 5dr 2WD",Lane 2 - Stellantis & You...,Manual,Diesel,2.0,5.0,£3675,£3100,£5925,2,EstateGRADE 2CP GREENView Report,CP GREEN,2015,Dec 2015,105652,RED,RED,Metallic,,LEATHER,5,2,With Manheim,Margin,No,No,No,Lloyd Motor Group,Leeds,"6 Speed, Air Conditioning, Auto Climate Control, Automatic Lights, Automatic Wipers, Aux In, Bluetooth, Cruise Control, DAB, Dual Zone Climate, Front Parking Sensors, Full Leather Trim, Heated Front Screen, Heated Seats, Ipod Connectivity, Media Connectivity, Panoramic Roof, Rear Parking Sensors, Reversing camera, Sat Nav Functioning, Traction Control, CO2: 113",,"£3,700",https://www.manheim.co.uk/nama,"http://images.manheim.co.uk/images/units/zoom/bd429fac-4a6f-4891-8e0b-4ad5267dc22e_ext_7.jpg, http://images.manheim.co.uk/images/units/zoom/bd429fac-4a6f-4891-8e0b-4ad5267dc22e_ext_6.jpg, http://images.manheim.co.uk/images/units/zoom/bd429fac-4a6f-4891-8e0b-4ad5267dc22e_ext_1.jpg, http://images.manheim.co.uk/images/units/zoom/bd429fac-4a6f-4891-8e0b-4ad5267dc22e_5.jpg, http://images.manheim.co.uk/images/units/zoom/bd429fac-4a6f-4891-8e0b-4ad5267dc22e_4.jpg, http://images.manheim.co.uk/images/units/zoom/bd429fac-4a6f-4891-8e0b-4ad5267dc22e_11.jpg, http://images.manheim.co.uk/images/units/zoom/bd429fac-4a6f-4891-8e0b-4ad5267dc22e_10.jpg, http://images.manheim.co.uk/images/units/zoom/bd429fac-4a6f-4891-8e0b-4ad5267dc22e_9.jpg, http://images.manheim.co.uk/images/units/zoom/bd429fac-4a6f-4891-8e0b-4ad5267dc22e_ext_2.jpg, http://images.manheim.co.uk/images/units/zoom/bd429fac-4a6f-4891-8e0b-4ad5267dc22e_ext_5.jpg, http://images.manheim.co.uk/images/units/zoom/bd429fac-4a6f-4891-8e0b-4ad5267dc22e_ext_3.jpg, http://images.manheim.co.uk/images/units/zoom/bd429fac-4a6f-4891-8e0b-4ad5267dc22e_ext_4.jpg, http://images.manheim.co.uk/images/units/zoom/insp-0001-2328750-4015905-13.jpg, http://images.manheim.co.uk/images/units/zoom/insp-0001-2328750-4015905-1000.jpg, http://images.manheim.co.uk/images/units/zoom/insp-0001-2328750-4015905-1001.jpg, http://images.manheim.co.uk/images/units/zoom/insp-0001-2328750-4015905-1002.jpg, http://images.manheim.co.uk/images/units/zoom/insp-0001-2328750-4015905-1003.jpg, http://images.manheim.co.uk/images/units/zoom/insp-0001-2328750-4015905-1004.jpg, http://images.manheim.co.uk/images/units/zoom/insp-0001-2328750-4015905-1005.jpg, http://images.manheim.co.uk/images/units/zoom/insp-0001-2328750-4015905-1006.jpg, http://images.manheim.co.uk/images/units/zoom/insp-0001-2328750-4015905-1007.jpg, http://images.manheim.co.uk/images/units/zoom/insp-0001-2328750-4015905-1008.jpg, http://images.manheim.co.uk/images/units/zoom/insp-0001-2328750-4015905-1009.jpg",http://ecr.manheim.co.uk/pdf/MOL-0002328750-01988406-003.pdf,2,2,10/03/2020,79937,"01/10/2022, 10/03/2020","91034, 79937","Stratstone Land Rover, Oakfields","Print, Print",,Oct-26,LAND ROVER,RANGE ROVER EVOQUE,2.0 eD4 SE 5dr 2WD,0,05/01/2026, 
WG17OAA,"JAGUAR
F-PACE
2.0 Portfolio 5dr Auto AWD",Lane 1 - Arval / Novuna /...,Automatic,Petrol,2.0,5.0,£11350,£10150,£13750,3,EstateGRADE 3CP GREENView Report,CP GREEN,2017,May 2017,110610,BLUE,BLUE,Metallic,,LEATHER,5,2,With Manheim,Margin,No,No,No,FCA Group,Leeds,"Air Conditioning, Auto Climate Control, Automatic Lights, Automatic Wipers, Bluetooth, Cruise Control, DAB, Dual Zone Climate, Front Parking Sensors, Full Leather Trim, Heated Front Screen, Heated Seats, Privacy Glass, Radio CD, Rear Parking Sensors, Reversing camera, Sat Nav Functioning, Traction Control, CO2: 170",,"£9,943",https://www.manheim.co.uk/nama,"http://images.manheim.co.uk/images/units/zoom/6dbe08c2-18ec-47dc-b05a-303fefe484c0_ext_7.jpg, http://images.manheim.co.uk/images/units/zoom/6dbe08c2-18ec-47dc-b05a-303fefe484c0_ext_6.jpg, http://images.manheim.co.uk/images/units/zoom/6dbe08c2-18ec-47dc-b05a-303fefe484c0_ext_1.jpg, http://images.manheim.co.uk/images/units/zoom/6dbe08c2-18ec-47dc-b05a-303fefe484c0_5.jpg, http://images.manheim.co.uk/images/units/zoom/6dbe08c2-18ec-47dc-b05a-303fefe484c0_4.jpg, http://images.manheim.co.uk/images/units/zoom/6dbe08c2-18ec-47dc-b05a-303fefe484c0_11.jpg, http://images.manheim.co.uk/images/units/zoom/6dbe08c2-18ec-47dc-b05a-303fefe484c0_10.jpg, http://images.manheim.co.uk/images/units/zoom/6dbe08c2-18ec-47dc-b05a-303fefe484c0_9.jpg, http://images.manheim.co.uk/images/units/zoom/6dbe08c2-18ec-47dc-b05a-303fefe484c0_ext_2.jpg, http://images.manheim.co.uk/images/units/zoom/6dbe08c2-18ec-47dc-b05a-303fefe484c0_ext_5.jpg, http://images.manheim.co.uk/images/units/zoom/6dbe08c2-18ec-47dc-b05a-303fefe484c0_ext_3.jpg, http://images.manheim.co.uk/images/units/zoom/6dbe08c2-18ec-47dc-b05a-303fefe484c0_ext_4.jpg, http://images.manheim.co.uk/images/units/zoom/insp-0001-3967901-3977934-13.jpg, http://images.manheim.co.uk/images/units/zoom/insp-0001-3967901-3977934-1000.jpg, http://images.manheim.co.uk/images/units/zoom/insp-0001-3967901-3977934-1001.jpg, http://images.manheim.co.uk/images/units/zoom/insp-0001-3967901-3977934-1002.jpg, http://images.manheim.co.uk/images/units/zoom/insp-0001-3967901-3977934-1003.jpg, http://images.manheim.co.uk/images/units/zoom/insp-0001-3967901-3977934-1004.jpg, http://images.manheim.co.uk/images/units/zoom/insp-0001-3967901-3977934-1005.jpg, http://images.manheim.co.uk/images/units/zoom/insp-0001-3967901-3977934-1006.jpg",http://ecr.manheim.co.uk/pdf/MOL-0003967901-01965634-012.pdf,3,4,16/04/2018,15195,"25/10/2024, 11/10/2023, 24/04/2019, 16/04/2018","101789, 92444, 32012, 15195","Riverview Auto Repairs Ltd, Riverview Auto Repairs Ltd, Matford Jaguar, Matford Jaguar","Print, Print, Print, Print",,Oct-26,JAGUAR,F-PACE,2.0 Portfolio 5dr Auto AWD,0,05/01/2026, 
WG69AWX,"MINI
CONVERTIBLE
1.5 Cooper Sport II 2dr Auto","Vospers, Ocean, Yeomans, ...",Automatic,Petrol,1.5,3.0,£13000,£11900,£15500,3,ConvertibleGRADE 3SC SilverView Report,SC Silver,2019,Oct 2019,35072,BLACK,BLACK,Metallic,BLACK,CLOTH,4,2,With Manheim,Margin,No,No,No,Murray,Plymouth,"Air Conditioning, Auto Climate Control, Automatic Lights, Bluetooth, Cruise Control, DAB, Rear Parking Sensors, Traction Control, CO2: 123",,"£14,000",https://www.manheim.co.uk/nama,"http://images.manheim.co.uk/images/units/zoom/536b4d53-f8f2-4cce-aa1b-1eaa017619ec_ext_7.jpg, http://images.manheim.co.uk/images/units/zoom/536b4d53-f8f2-4cce-aa1b-1eaa017619ec_ext_6.jpg, http://images.manheim.co.uk/images/units/zoom/536b4d53-f8f2-4cce-aa1b-1eaa017619ec_ext_1.jpg, http://images.manheim.co.uk/images/units/zoom/536b4d53-f8f2-4cce-aa1b-1eaa017619ec_5.jpg, http://images.manheim.co.uk/images/units/zoom/536b4d53-f8f2-4cce-aa1b-1eaa017619ec_4.jpg, http://images.manheim.co.uk/images/units/zoom/536b4d53-f8f2-4cce-aa1b-1eaa017619ec_11.jpg, http://images.manheim.co.uk/images/units/zoom/536b4d53-f8f2-4cce-aa1b-1eaa017619ec_10.jpg, http://images.manheim.co.uk/images/units/zoom/536b4d53-f8f2-4cce-aa1b-1eaa017619ec_9.jpg, http://images.manheim.co.uk/images/units/zoom/536b4d53-f8f2-4cce-aa1b-1eaa017619ec_ext_2.jpg, http://images.manheim.co.uk/images/units/zoom/536b4d53-f8f2-4cce-aa1b-1eaa017619ec_ext_5.jpg, http://images.manheim.co.uk/images/units/zoom/536b4d53-f8f2-4cce-aa1b-1eaa017619ec_ext_3.jpg, http://images.manheim.co.uk/images/units/zoom/536b4d53-f8f2-4cce-aa1b-1eaa017619ec_ext_4.jpg, http://images.manheim.co.uk/images/units/zoom/insp-0001-3995256-3988650-13.jpg, http://images.manheim.co.uk/images/units/zoom/insp-0001-3995256-3988650-1000.jpg, http://images.manheim.co.uk/images/units/zoom/insp-0001-3995256-3988650-1001.jpg, http://images.manheim.co.uk/images/units/zoom/insp-0001-3995256-3988650-1002.jpg, http://images.manheim.co.uk/images/units/zoom/insp-0001-3995256-3988650-1003.jpg, http://images.manheim.co.uk/images/units/zoom/insp-0001-3995256-3988650-1004.jpg, http://images.manheim.co.uk/images/units/zoom/insp-0001-3995256-3988650-1005.jpg, http://images.manheim.co.uk/images/units/zoom/insp-0001-3995256-3988650-1006.jpg, http://images.manheim.co.uk/images/units/zoom/insp-0001-3995256-3988650-1007.jpg, http://images.manheim.co.uk/images/units/zoom/insp-0001-3995256-3988650-1008.jpg, http://images.manheim.co.uk/images/units/zoom/insp-0001-3995256-3988650-1009.jpg, http://images.manheim.co.uk/images/units/zoom/insp-0001-3995256-3988650-1010.jpg",http://ecr.manheim.co.uk/pdf/MOL-0003995256-01975675-004.pdf,2,4,14/12/2021,9877,"05/11/2025, 28/09/2024, 14/11/2022, 14/12/2021","35070, 28367, 13987, 9877","Murray Volkswagen - TQ12 2DR, Murray Volkswagen - TQ12 2DR, Murray Volkswagen - TQ12 2DR, Murray Volkswagen - PL1 3FQ","Print, Print, Print, Print",,Nov-26,MINI,CONVERTIBLE,1.5 Cooper Sport II 2dr Auto,0,07/01/2026, 
WH71AUF,"VAUXHALL
GRANDLAND X
1.2 Turbo SRi Nav 5dr Auto","Vospers, Ocean, Yeomans, ...",Automatic,Petrol,2.0,5.0,£11350,£10200,£13750,3,HatchbackGRADE 3CP GREENSC SilverView Report,CP GREEN,2021,Sep 2021,16904,GREY,GREY,Metallic,BLACK,Part Leather,5,2,With Manheim,Margin,No,No,No,Murray,Plymouth,"Air Conditioning, Auto Climate Control, Automatic Lights, Bluetooth, Cruise Control, DAB, Dual Zone Climate, Media Connectivity, Part Leather, Rear Parking Sensors, Reversing camera, Sat Nav Functioning, CO2: 147",,"£10,900",https://www.manheim.co.uk/nama,"http://images.manheim.co.uk/images/units/zoom/0235fc56-7baa-48b4-bbad-28e92440f0cd_ext_7.jpg, http://images.manheim.co.uk/images/units/zoom/0235fc56-7baa-48b4-bbad-28e92440f0cd_ext_6.jpg, http://images.manheim.co.uk/images/units/zoom/0235fc56-7baa-48b4-bbad-28e92440f0cd_ext_1.jpg, http://images.manheim.co.uk/images/units/zoom/0235fc56-7baa-48b4-bbad-28e92440f0cd_5.jpg, http://images.manheim.co.uk/images/units/zoom/0235fc56-7baa-48b4-bbad-28e92440f0cd_4.jpg, http://images.manheim.co.uk/images/units/zoom/0235fc56-7baa-48b4-bbad-28e92440f0cd_11.jpg, http://images.manheim.co.uk/images/units/zoom/0235fc56-7baa-48b4-bbad-28e92440f0cd_10.jpg, http://images.manheim.co.uk/images/units/zoom/0235fc56-7baa-48b4-bbad-28e92440f0cd_9.jpg, http://images.manheim.co.uk/images/units/zoom/0235fc56-7baa-48b4-bbad-28e92440f0cd_ext_2.jpg, http://images.manheim.co.uk/images/units/zoom/0235fc56-7baa-48b4-bbad-28e92440f0cd_ext_5.jpg, http://images.manheim.co.uk/images/units/zoom/0235fc56-7baa-48b4-bbad-28e92440f0cd_ext_3.jpg, http://images.manheim.co.uk/images/units/zoom/0235fc56-7baa-48b4-bbad-28e92440f0cd_ext_4.jpg, http://images.manheim.co.uk/images/units/zoom/insp-0001-4007237-4006055-13.jpg, http://images.manheim.co.uk/images/units/zoom/insp-0001-4007237-4006055-1000.jpg, http://images.manheim.co.uk/images/units/zoom/insp-0001-4007237-4006055-1001.jpg, http://images.manheim.co.uk/images/units/zoom/insp-0001-4007237-4006055-1002.jpg, http://images.manheim.co.uk/images/units/zoom/insp-0001-4007237-4006055-1003.jpg",http://ecr.manheim.co.uk/pdf/MOL-0004007237-01989416-003.pdf,2,4,03/10/2022,4787,"14/10/2025, 30/09/2024, 20/10/2023, 03/10/2022","16678, 12402, 9672, 4787","Drake Mill Car Sales, Peninsula Vehicle Solutions, Vauxhall Evans Halshaw, Vauxhall Evans Halshaw","Book, Book, Book, Book",,Sep-26,VAUXHALL,GRANDLAND X,1.2 Turbo SRi Nav 5dr Auto,0,07/01/2026, 
WJ71BXL,"SEAT
LEON
1.5 TSI EVO FR Sport 5dr","Vospers, Ocean, Yeomans, ...",Manual,Petrol,1.5,5.0,£11750,£10600,£13950,4,HatchbackGRADE 4CP GREENSC SilverView Report,CP GREEN,2021,Sep 2021,66234,BLACK,BLACK,Solid,BLACK,Part Leather,5,2,With Manheim,Margin,No,No,No,Murray,Plymouth,"6 Speed, Air Conditioning, Automatic Lights, Bluetooth, DAB, Front Parking Sensors, Heated Seats, Media Connectivity, Part Leather, Rear Parking Sensors, Sat Nav Functioning, CO2: 128",,"£11,500",https://www.manheim.co.uk/nama,"http://images.manheim.co.uk/images/units/zoom/80ef48d3-bbf5-4a0f-9a7f-c4af0522ddd7_ext_7.jpg, http://images.manheim.co.uk/images/units/zoom/80ef48d3-bbf5-4a0f-9a7f-c4af0522ddd7_ext_6.jpg, http://images.manheim.co.uk/images/units/zoom/80ef48d3-bbf5-4a0f-9a7f-c4af0522ddd7_ext_1.jpg, http://images.manheim.co.uk/images/units/zoom/80ef48d3-bbf5-4a0f-9a7f-c4af0522ddd7_5.jpg, http://images.manheim.co.uk/images/units/zoom/80ef48d3-bbf5-4a0f-9a7f-c4af0522ddd7_4.jpg, http://images.manheim.co.uk/images/units/zoom/80ef48d3-bbf5-4a0f-9a7f-c4af0522ddd7_11.jpg, http://images.manheim.co.uk/images/units/zoom/80ef48d3-bbf5-4a0f-9a7f-c4af0522ddd7_10.jpg, http://images.manheim.co.uk/images/units/zoom/80ef48d3-bbf5-4a0f-9a7f-c4af0522ddd7_9.jpg, http://images.manheim.co.uk/images/units/zoom/80ef48d3-bbf5-4a0f-9a7f-c4af0522ddd7_ext_2.jpg, http://images.manheim.co.uk/images/units/zoom/80ef48d3-bbf5-4a0f-9a7f-c4af0522ddd7_ext_5.jpg, http://images.manheim.co.uk/images/units/zoom/80ef48d3-bbf5-4a0f-9a7f-c4af0522ddd7_ext_3.jpg, http://images.manheim.co.uk/images/units/zoom/80ef48d3-bbf5-4a0f-9a7f-c4af0522ddd7_ext_4.jpg, http://images.manheim.co.uk/images/units/zoom/insp-0001-3960885-3968960-13.jpg, http://images.manheim.co.uk/images/units/zoom/insp-0001-3960885-3968960-1000.jpg, http://images.manheim.co.uk/images/units/zoom/insp-0001-3960885-3968960-1001.jpg, http://images.manheim.co.uk/images/units/zoom/insp-0001-3960885-3968960-1002.jpg, http://images.manheim.co.uk/images/units/zoom/insp-0001-3960885-3968960-1003.jpg, http://images.manheim.co.uk/images/units/zoom/insp-0001-3960885-3968960-1004.jpg, http://images.manheim.co.uk/images/units/zoom/insp-0001-3960885-3968960-1005.jpg, http://images.manheim.co.uk/images/units/zoom/insp-0001-3960885-3968960-1006.jpg, http://images.manheim.co.uk/images/units/zoom/insp-0001-3960885-3968960-1007.jpg, http://images.manheim.co.uk/images/units/zoom/insp-0001-3960885-3968960-1008.jpg, http://images.manheim.co.uk/images/units/zoom/insp-0001-3960885-3968960-1009.jpg, http://images.manheim.co.uk/images/units/zoom/insp-0001-3960885-3968960-1010.jpg, http://images.manheim.co.uk/images/units/zoom/insp-0001-3960885-3968960-1011.jpg, http://images.manheim.co.uk/images/units/zoom/insp-0001-3960885-3968960-1012.jpg, http://images.manheim.co.uk/images/units/zoom/insp-0001-3960885-3968960-1013.jpg, http://images.manheim.co.uk/images/units/zoom/insp-0001-3960885-3968960-1014.jpg, http://images.manheim.co.uk/images/units/zoom/insp-0001-3960885-3968960-1015.jpg, http://images.manheim.co.uk/images/units/zoom/insp-0001-3960885-3968960-1016.jpg, http://images.manheim.co.uk/images/units/zoom/insp-0001-3960885-3968960-1017.jpg, http://images.manheim.co.uk/images/units/zoom/insp-0001-3960885-3968960-1018.jpg",http://ecr.manheim.co.uk/pdf/MOL-0003960885-01941731-005.pdf,1,6,15/07/2022,6612,"19/09/2025, 30/08/2024, 14/03/2024, 17/10/2023, 12/09/2022, 15/07/2022","65427, 45790, 36346, 28372, 9091, 6612","Halfords Autocentre, Murray Volkswagen, Murray Volkswagen, Murray Volkswagen, Murray Volkswagen, Murray Volkswagen","Print, Print, Print, Print, Print, Print",,Sep-26,SEAT,LEON,1.5 TSI EVO FR Sport 5dr,0,07/01/2026, 
WK60XPL,"NISSAN
QASHQAI
1.5 dCi Acenta 5dr","Available Car, Pulman Gro...",Manual,Diesel,1.5,5.0,£670,£280,£1725,3,HatchbackGRADE 3SC BronzeView Report,SC Bronze,2010,Sep 2010,113082,BEIGE,BEIGE,Metallic,BLACK,CLOTH,5,2,,Margin,No,No,No,S G Petch,Washington,"6 Speed, Air Conditioning, Auto Climate Control, Aux In, Bluetooth, Cruise Control, Dual Zone Climate, Media Connectivity, Radio CD, Traction Control, CO2: 135",,£500,https://www.manheim.co.uk/nama,"http://images.manheim.co.uk/images/units/zoom/4016719-9999999-345130936-004.jpg, http://images.manheim.co.uk/images/units/zoom/4016719-9999999-345130936-008.jpg, http://images.manheim.co.uk/images/units/zoom/4016719-9999999-345130936-001.jpg, http://images.manheim.co.uk/images/units/zoom/4016719-9999999-345130936-002.jpg, http://images.manheim.co.uk/images/units/zoom/4016719-9999999-345130936-003.jpg, http://images.manheim.co.uk/images/units/zoom/4016719-9999999-345130936-005.jpg, http://images.manheim.co.uk/images/units/zoom/4016719-9999999-345130936-006.jpg, http://images.manheim.co.uk/images/units/zoom/4016719-9999999-345130936-007.jpg, http://images.manheim.co.uk/images/units/zoom/4016719-9999999-345130936-009.jpg, http://images.manheim.co.uk/images/units/zoom/4016719-9999999-345130936-010.jpg, http://images.manheim.co.uk/images/units/zoom/4016719-9999999-345130936-011.jpg, http://images.manheim.co.uk/images/units/zoom/4016719-9999999-345130936-012.jpg, http://images.manheim.co.uk/images/units/zoom/insp-0001-4016719-4016314-13.jpg, http://images.manheim.co.uk/images/units/zoom/insp-0001-4016719-4016314-1000.jpg, http://images.manheim.co.uk/images/units/zoom/insp-0001-4016719-4016314-1001.jpg, http://images.manheim.co.uk/images/units/zoom/insp-0001-4016719-4016314-1002.jpg, http://images.manheim.co.uk/images/units/zoom/insp-0001-4016719-4016314-1003.jpg, http://images.manheim.co.uk/images/units/zoom/insp-0001-4016719-4016314-1004.jpg, http://images.manheim.co.uk/images/units/zoom/insp-0001-4016719-4016314-1005.jpg, http://images.manheim.co.uk/images/units/zoom/insp-0001-4016719-4016314-1006.jpg, http://images.manheim.co.uk/images/units/zoom/insp-0001-4016719-4016314-1007.jpg, http://images.manheim.co.uk/images/units/zoom/insp-0001-4016719-4016314-1008.jpg, http://images.manheim.co.uk/images/units/zoom/insp-0001-4016719-4016314-1009.jpg, http://images.manheim.co.uk/images/units/zoom/insp-0001-4016719-4016314-1010.jpg, http://images.manheim.co.uk/images/units/zoom/insp-0001-4016719-4016314-1011.jpg, http://images.manheim.co.uk/images/units/zoom/insp-0001-4016719-4016314-1012.jpg, http://images.manheim.co.uk/images/units/zoom/insp-0001-4016719-4016314-1013.jpg, http://images.manheim.co.uk/images/units/zoom/insp-0001-4016719-4016314-1014.jpg, http://images.manheim.co.uk/images/units/zoom/insp-0001-4016719-4016314-1015.jpg, http://images.manheim.co.uk/images/units/zoom/insp-0001-4016719-4016314-1016.jpg, http://images.manheim.co.uk/images/units/zoom/insp-0001-4016719-4016314-1017.jpg, http://images.manheim.co.uk/images/units/zoom/insp-0001-4016719-4016314-1018.jpg, http://images.manheim.co.uk/images/units/zoom/insp-0001-4016719-4016314-1019.jpg, http://images.manheim.co.uk/images/units/zoom/insp-0001-4016719-4016314-1020.jpg, http://images.manheim.co.uk/images/units/zoom/insp-0001-4016719-4016314-1021.jpg, http://images.manheim.co.uk/images/units/zoom/insp-0001-4016719-4016314-1022.jpg, http://images.manheim.co.uk/images/units/zoom/insp-0001-4016719-4016314-1023.jpg, http://images.manheim.co.uk/images/units/zoom/insp-0001-4016719-4016314-1024.jpg, http://images.manheim.co.uk/images/units/zoom/insp-0001-4016719-4016314-1025.jpg, http://images.manheim.co.uk/images/units/zoom/insp-0001-4016719-4016314-1026.jpg, http://images.manheim.co.uk/images/units/zoom/insp-0001-4016719-4016314-1027.jpg, http://images.manheim.co.uk/images/units/zoom/insp-0001-4016719-4016314-1028.jpg, http://images.manheim.co.uk/images/units/zoom/insp-0001-4016719-4016314-1029.jpg, http://images.manheim.co.uk/images/units/zoom/insp-0001-4016719-4016314-1030.jpg, http://images.manheim.co.uk/images/units/zoom/insp-0001-4016719-4016314-1031.jpg, http://images.manheim.co.uk/images/units/zoom/insp-0001-4016719-4016314-1032.jpg, http://images.manheim.co.uk/images/units/zoom/insp-0001-4016719-4016314-1033.jpg",http://ecr.manheim.co.uk/pdf/MOL-0004016719-01998919-002.pdf,3,5,18/11/2013,17281,"17/02/2022, 07/10/2016, 08/10/2015, 20/11/2014, 18/11/2013","82768, 48247, 37502, 28475, 17281","RICHMOND GARAGE NORTH YORK, RICHMOND GARAGE NORTH YORK, RICHMOND GARAGE NORTH YORK, RICHMOND GARAGE NORTH YORK, BRISTOL STREET MOTORA","Book, Book, Book, Book, Book",,May-26,NISSAN,QASHQAI,1.5 dCi Acenta 5dr,0,19/12/2025, 
WN68FLZ,"MERCEDES-BENZ
C CLASS
C220d AMG Line 2dr 9G-Tronic",SIMULCAST AND PHYSICAL - ...,Semi-Automatic,Diesel,2.0,2.0,£14200,£13050,£16900,3,CoupeGRADE 3SC SilverView Report,SC Silver,2018,Oct 2018,46968,RED,RED,Metallic,BEIGE,LEATHER,4,2,With Manheim,Margin,No,No,No,LSH Auto Group,Manchester,"Air Conditioning, Auto Climate Control, Automatic Lights, Bluetooth, Cruise Control, DAB, Dual Zone Climate, Front Parking Sensors, Full Leather Trim, Heated Seats, Media Connectivity, Privacy Glass, Rear Parking Sensors, Reversing camera, Sat Nav Functioning, CO2: 130",,"£14,500",https://www.manheim.co.uk/nama,"http://images.manheim.co.uk/images/units/zoom/94dde3a1-73ed-4cbd-803d-112a03ee46c9_ext_7.jpg, http://images.manheim.co.uk/images/units/zoom/94dde3a1-73ed-4cbd-803d-112a03ee46c9_ext_6.jpg, http://images.manheim.co.uk/images/units/zoom/94dde3a1-73ed-4cbd-803d-112a03ee46c9_ext_1.jpg, http://images.manheim.co.uk/images/units/zoom/94dde3a1-73ed-4cbd-803d-112a03ee46c9_5.jpg, http://images.manheim.co.uk/images/units/zoom/94dde3a1-73ed-4cbd-803d-112a03ee46c9_4.jpg, http://images.manheim.co.uk/images/units/zoom/94dde3a1-73ed-4cbd-803d-112a03ee46c9_11.jpg, http://images.manheim.co.uk/images/units/zoom/94dde3a1-73ed-4cbd-803d-112a03ee46c9_10.jpg, http://images.manheim.co.uk/images/units/zoom/94dde3a1-73ed-4cbd-803d-112a03ee46c9_9.jpg, http://images.manheim.co.uk/images/units/zoom/94dde3a1-73ed-4cbd-803d-112a03ee46c9_ext_2.jpg, http://images.manheim.co.uk/images/units/zoom/94dde3a1-73ed-4cbd-803d-112a03ee46c9_ext_5.jpg, http://images.manheim.co.uk/images/units/zoom/94dde3a1-73ed-4cbd-803d-112a03ee46c9_ext_3.jpg, http://images.manheim.co.uk/images/units/zoom/94dde3a1-73ed-4cbd-803d-112a03ee46c9_ext_4.jpg, http://images.manheim.co.uk/images/units/zoom/insp-0001-4013772-4013589-13.jpg, http://images.manheim.co.uk/images/units/zoom/insp-0001-4013772-4013589-1000.jpg, http://images.manheim.co.uk/images/units/zoom/insp-0001-4013772-4013589-1001.jpg, http://images.manheim.co.uk/images/units/zoom/insp-0001-4013772-4013589-1002.jpg, http://images.manheim.co.uk/images/units/zoom/insp-0001-4013772-4013589-1003.jpg, http://images.manheim.co.uk/images/units/zoom/insp-0001-4013772-4013589-1004.jpg, http://images.manheim.co.uk/images/units/zoom/insp-0001-4013772-4013589-1005.jpg, http://images.manheim.co.uk/images/units/zoom/insp-0001-4013772-4013589-1006.jpg, http://images.manheim.co.uk/images/units/zoom/insp-0001-4013772-4013589-1007.jpg, http://images.manheim.co.uk/images/units/zoom/insp-0001-4013772-4013589-1008.jpg, http://images.manheim.co.uk/images/units/zoom/insp-0001-4013772-4013589-1009.jpg, http://images.manheim.co.uk/images/units/zoom/insp-0001-4013772-4013589-1010.jpg, http://images.manheim.co.uk/images/units/zoom/insp-0001-4013772-4013589-1011.jpg, http://images.manheim.co.uk/images/units/zoom/insp-0001-4013772-4013589-1012.jpg, http://images.manheim.co.uk/images/units/zoom/insp-0001-4013772-4013589-1013.jpg, http://images.manheim.co.uk/images/units/zoom/insp-0001-4013772-4013589-1014.jpg, http://images.manheim.co.uk/images/units/zoom/insp-0001-4013772-4013589-1015.jpg, http://images.manheim.co.uk/images/units/zoom/insp-0001-4013772-4013589-1016.jpg, http://images.manheim.co.uk/images/units/zoom/insp-0001-4013772-4013589-1017.jpg, http://images.manheim.co.uk/images/units/zoom/insp-0001-4013772-4013589-1018.jpg, http://images.manheim.co.uk/images/units/zoom/insp-0001-4013772-4013589-1019.jpg, http://images.manheim.co.uk/images/units/zoom/insp-0001-4013772-4013589-1020.jpg, http://images.manheim.co.uk/images/units/zoom/insp-0001-4013772-4013589-1021.jpg, http://images.manheim.co.uk/images/units/zoom/insp-0001-4013772-4013589-1022.jpg, http://images.manheim.co.uk/images/units/zoom/insp-0001-4013772-4013589-1023.jpg",http://ecr.manheim.co.uk/pdf/MOL-0004013772-01995772-004.pdf,5,6,17/10/2019,9722,"08/10/2024, 10/10/2023, 15/09/2022, 25/10/2021, 16/10/2020, 17/10/2019","46501, 38743, 30174, 25094, 16890, 9722","LSH AUTO UK LTD, LSH AUTO UK LTD, LSH AUTO UK LTD, CRUICKSHANK MOTORS, CRUICKSHANK MOTORS, CRUICKSHANK MOTORS","Print, Print, Print, Print, Print, Print",,Oct-26,MERCEDES-BENZ,C CLASS,C220d AMG Line 2dr 9G-Tronic,0,18/12/2025, 
WN69ZWA,"HYUNDAI
KONA
1.6 GDi Hybrid Premium 5dr DCT",Lane 1 - D M Keith / Sytn...,Semi-Automatic,Petrol/Hybrid,1.6,5.0,£9250,£8125,£11650,2,EstateGRADE 2CP GREENSC SilverView Report,CP GREEN,2019,Oct 2019,65995,GREY,GREY,Solid,BLACK,CLOTH,5,2,With Manheim,Margin,No,No,No,Lloyd Motor Group,Leeds,"Air Conditioning, Bluetooth, Cruise Control, Reversing camera, Sat Nav Functioning, CO2: 101",,"£8,750",https://www.manheim.co.uk/nama,"http://images.manheim.co.uk/images/units/zoom/776696a4-917d-4bf9-aebe-b6a413a969c4_ext_7.jpg, http://images.manheim.co.uk/images/units/zoom/776696a4-917d-4bf9-aebe-b6a413a969c4_ext_6.jpg, http://images.manheim.co.uk/images/units/zoom/776696a4-917d-4bf9-aebe-b6a413a969c4_ext_1.jpg, http://images.manheim.co.uk/images/units/zoom/776696a4-917d-4bf9-aebe-b6a413a969c4_5.jpg, http://images.manheim.co.uk/images/units/zoom/776696a4-917d-4bf9-aebe-b6a413a969c4_4.jpg, http://images.manheim.co.uk/images/units/zoom/776696a4-917d-4bf9-aebe-b6a413a969c4_11.jpg, http://images.manheim.co.uk/images/units/zoom/776696a4-917d-4bf9-aebe-b6a413a969c4_10.jpg, http://images.manheim.co.uk/images/units/zoom/776696a4-917d-4bf9-aebe-b6a413a969c4_9.jpg, http://images.manheim.co.uk/images/units/zoom/776696a4-917d-4bf9-aebe-b6a413a969c4_ext_2.jpg, http://images.manheim.co.uk/images/units/zoom/776696a4-917d-4bf9-aebe-b6a413a969c4_ext_5.jpg, http://images.manheim.co.uk/images/units/zoom/776696a4-917d-4bf9-aebe-b6a413a969c4_ext_3.jpg, http://images.manheim.co.uk/images/units/zoom/776696a4-917d-4bf9-aebe-b6a413a969c4_ext_4.jpg, http://images.manheim.co.uk/images/units/zoom/insp-0001-4007879-4013593-13.jpg, http://images.manheim.co.uk/images/units/zoom/insp-0001-4007879-4013593-1000.jpg, http://images.manheim.co.uk/images/units/zoom/insp-0001-4007879-4013593-1001.jpg, http://images.manheim.co.uk/images/units/zoom/insp-0001-4007879-4013593-1002.jpg, http://images.manheim.co.uk/images/units/zoom/insp-0001-4007879-4013593-1003.jpg, http://images.manheim.co.uk/images/units/zoom/insp-0001-4007879-4013593-1004.jpg, http://images.manheim.co.uk/images/units/zoom/insp-0001-4007879-4013593-1005.jpg, http://images.manheim.co.uk/images/units/zoom/insp-0001-4007879-4013593-1006.jpg, http://images.manheim.co.uk/images/units/zoom/insp-0001-4007879-4013593-1007.jpg, http://images.manheim.co.uk/images/units/zoom/insp-0001-4007879-4013593-1008.jpg",http://ecr.manheim.co.uk/pdf/MOL-0004007879-01990066-005.pdf,2,6,08/10/2020,2560,"01/11/2025, 18/06/2024, 09/08/2023, 20/10/2022, 05/11/2021, 08/10/2020","65312, 43287, 32202, 26398, 18121, 2560","Arnold Clark, Park's Motor Group, Park's Motor Group, Park's Motor Group, Border Hyundai, Platinum Hyundai","Book, Book, Book, Book, Book, Book",,Sep-26,HYUNDAI,KONA,1.6 GDi Hybrid Premium 5dr DCT,0,07/01/2026, 
WN70VHE,"MERCEDES-BENZ
GLB
GLB 220d 4Matic AMG Line Premium 5dr 8G-Tronic",Lane 2 - Available Car / ...,Automatic,Diesel,2.0,5.0,£19800,£18450,£22250,3,EstateGRADE 3CP GREENSC SilverView Report,CP GREEN,2020,Nov 2020,76132,WHITE,WHITE,Solid,BLACK,,7,2,With Manheim,Margin,No,No,No,Lloyd Motor Group,Leeds,"7 Seats, Air Conditioning, Auto Climate Control, Automatic Lights, Bluetooth, Cruise Control, DAB, Dual Zone Climate, Front Parking Sensors, Heated Seats, Rear Parking Sensors, Reversing camera, Sat Nav Functioning, CO2: 156","Heated Seats, Ambient Lighting, Automatic Gearbox, Cruise Control, Satellite Navigation, Bluetooth, Rear Parking Camera, Front And Rear Parking Sensors, Digi Dials, Power assisted tailgate","£18,300",https://www.manheim.co.uk/nama,"http://images.manheim.co.uk/images/units/zoom/dca1ddd0-6589-47f8-a83b-c6a7fd476787_ext_7.jpg, http://images.manheim.co.uk/images/units/zoom/dca1ddd0-6589-47f8-a83b-c6a7fd476787_ext_6.jpg, http://images.manheim.co.uk/images/units/zoom/dca1ddd0-6589-47f8-a83b-c6a7fd476787_ext_1.jpg, http://images.manheim.co.uk/images/units/zoom/dca1ddd0-6589-47f8-a83b-c6a7fd476787_5.jpg, http://images.manheim.co.uk/images/units/zoom/dca1ddd0-6589-47f8-a83b-c6a7fd476787_4.jpg, http://images.manheim.co.uk/images/units/zoom/dca1ddd0-6589-47f8-a83b-c6a7fd476787_11.jpg, http://images.manheim.co.uk/images/units/zoom/dca1ddd0-6589-47f8-a83b-c6a7fd476787_10.jpg, http://images.manheim.co.uk/images/units/zoom/dca1ddd0-6589-47f8-a83b-c6a7fd476787_9.jpg, http://images.manheim.co.uk/images/units/zoom/dca1ddd0-6589-47f8-a83b-c6a7fd476787_ext_2.jpg, http://images.manheim.co.uk/images/units/zoom/dca1ddd0-6589-47f8-a83b-c6a7fd476787_ext_5.jpg, http://images.manheim.co.uk/images/units/zoom/dca1ddd0-6589-47f8-a83b-c6a7fd476787_ext_3.jpg, http://images.manheim.co.uk/images/units/zoom/dca1ddd0-6589-47f8-a83b-c6a7fd476787_ext_4.jpg, http://images.manheim.co.uk/images/units/zoom/insp-0001-3990123-4002576-13.jpg, http://images.manheim.co.uk/images/units/zoom/insp-0001-3990123-4002576-1000.jpg, http://images.manheim.co.uk/images/units/zoom/insp-0001-3990123-4002576-1001.jpg, http://images.manheim.co.uk/images/units/zoom/insp-0001-3990123-4002576-1002.jpg, http://images.manheim.co.uk/images/units/zoom/insp-0001-3990123-4002576-1003.jpg, http://images.manheim.co.uk/images/units/zoom/insp-0001-3990123-4002576-1004.jpg, http://images.manheim.co.uk/images/units/zoom/insp-0001-3990123-4002576-1005.jpg, http://images.manheim.co.uk/images/units/zoom/insp-0001-3990123-4002576-1006.jpg, http://images.manheim.co.uk/images/units/zoom/insp-0001-3990123-4002576-1007.jpg, http://images.manheim.co.uk/images/units/zoom/insp-0001-3990123-4002576-1008.jpg, http://images.manheim.co.uk/images/units/zoom/insp-0001-3990123-4002576-1009.jpg, http://images.manheim.co.uk/images/units/zoom/insp-0001-3990123-4002576-1010.jpg, http://images.manheim.co.uk/images/units/zoom/insp-0001-3990123-4002576-1011.jpg, http://images.manheim.co.uk/images/units/zoom/insp-0001-3990123-4002576-1012.jpg, http://images.manheim.co.uk/images/units/zoom/insp-0001-3990123-4002576-1013.jpg, http://images.manheim.co.uk/images/units/zoom/insp-0001-3990123-4002576-1014.jpg, http://images.manheim.co.uk/images/units/zoom/insp-0001-3990123-4002576-1015.jpg, http://images.manheim.co.uk/images/units/zoom/insp-0001-3990123-4002576-1016.jpg, http://images.manheim.co.uk/images/units/zoom/insp-0001-3990123-4002576-1017.jpg, http://images.manheim.co.uk/images/units/zoom/insp-0001-3990123-4002576-1018.jpg, http://images.manheim.co.uk/images/units/zoom/insp-0001-3990123-4002576-1019.jpg, http://images.manheim.co.uk/images/units/zoom/insp-0001-3990123-4002576-1020.jpg, http://images.manheim.co.uk/images/units/zoom/insp-0001-3990123-4002576-1021.jpg, http://images.manheim.co.uk/images/units/zoom/insp-0001-3990123-4002576-1022.jpg, http://images.manheim.co.uk/images/units/zoom/insp-0001-3990123-4002576-1023.jpg, http://images.manheim.co.uk/images/units/zoom/insp-0001-3990123-4002576-1024.jpg, http://images.manheim.co.uk/images/units/zoom/insp-0001-3990123-4002576-1025.jpg",http://ecr.manheim.co.uk/pdf/MOL-0003990123-01970895-002.pdf,3,3,26/06/2023,26159,"05/11/2024, 10/11/2023, 26/06/2023","54114, 32800, 26159","PRESTIGE MOTORWORKS, PRESTIGE MOTORWORKS, PRESTIGE MOTORWORKS","Print, Print, Print",,Nov-25,MERCEDES-BENZ,GLB,GLB 220d 4Matic AMG Line Premium 5dr 8G-Tronic,0,05/01/2026, 
WN71VCV,"RENAULT
CLIO
1.0 TCe 90 RS Line 5dr",Lane 1 - D M Keith / Sytn...,Manual,Petrol,1.0,5.0,£9175,£8150,£11200,2,HatchbackGRADE 2CP GREENSC SilverView Report,CP GREEN,2021,Nov 2021,43362,RED,RED,Metallic,BLACK,Part Leather,5,2,With Manheim,Margin,No,No,No,Lloyd Motor Group,Leeds,"6 Speed, Air Conditioning, Auto Climate Control, Automatic Lights, Automatic Wipers, Bluetooth, Cruise Control, DAB, Part Leather, Privacy Glass, Rear Parking Sensors, Reversing camera, Sat Nav Functioning, CO2: 120",,"£8,575",https://www.manheim.co.uk/nama,"http://images.manheim.co.uk/images/units/zoom/4f2a573d-322c-4594-83a1-6504647fdad8_ext_7.jpg, http://images.manheim.co.uk/images/units/zoom/4f2a573d-322c-4594-83a1-6504647fdad8_ext_6.jpg, http://images.manheim.co.uk/images/units/zoom/4f2a573d-322c-4594-83a1-6504647fdad8_ext_1.jpg, http://images.manheim.co.uk/images/units/zoom/4f2a573d-322c-4594-83a1-6504647fdad8_5.jpg, http://images.manheim.co.uk/images/units/zoom/4f2a573d-322c-4594-83a1-6504647fdad8_4.jpg, http://images.manheim.co.uk/images/units/zoom/4f2a573d-322c-4594-83a1-6504647fdad8_11.jpg, http://images.manheim.co.uk/images/units/zoom/4f2a573d-322c-4594-83a1-6504647fdad8_10.jpg, http://images.manheim.co.uk/images/units/zoom/4f2a573d-322c-4594-83a1-6504647fdad8_9.jpg, http://images.manheim.co.uk/images/units/zoom/4f2a573d-322c-4594-83a1-6504647fdad8_ext_2.jpg, http://images.manheim.co.uk/images/units/zoom/4f2a573d-322c-4594-83a1-6504647fdad8_ext_5.jpg, http://images.manheim.co.uk/images/units/zoom/4f2a573d-322c-4594-83a1-6504647fdad8_ext_3.jpg, http://images.manheim.co.uk/images/units/zoom/4f2a573d-322c-4594-83a1-6504647fdad8_ext_4.jpg, http://images.manheim.co.uk/images/units/zoom/insp-0001-3967065-4015127-13.jpg, http://images.manheim.co.uk/images/units/zoom/insp-0001-3967065-4015127-1000.jpg, http://images.manheim.co.uk/images/units/zoom/insp-0001-3967065-4015127-1001.jpg, http://images.manheim.co.uk/images/units/zoom/insp-0001-3967065-4015127-1002.jpg, http://images.manheim.co.uk/images/units/zoom/insp-0001-3967065-4015127-1003.jpg, http://images.manheim.co.uk/images/units/zoom/insp-0001-3967065-4015127-1004.jpg, http://images.manheim.co.uk/images/units/zoom/insp-0001-3967065-4015127-1005.jpg, http://images.manheim.co.uk/images/units/zoom/insp-0001-3967065-4015127-1006.jpg, http://images.manheim.co.uk/images/units/zoom/insp-0001-3967065-4015127-1007.jpg, http://images.manheim.co.uk/images/units/zoom/insp-0001-3967065-4015127-1008.jpg, http://images.manheim.co.uk/images/units/zoom/insp-0001-3967065-4015127-1009.jpg",http://ecr.manheim.co.uk/pdf/MOL-0003967065-01975889-004.pdf,2,1,04/07/2022,20070,04/07/2022,20070,James Motor Company,Book,,Nov-25,RENAULT,CLIO,1.0 TCe 90 RS Line 5dr,0,07/01/2026, 
WO17SXZ,"FIAT
TIPO
1.4 Lounge 5dr","Available Car, Pulman Gro...",Manual,Petrol,1.4,5.0,£2225,£1775,£3925,5,HatchbackGRADE 5CP GREENSC SilverView Report,CP GREEN,2017,Jun 2017,112944,BLUE,BLUE,Metallic,BLACK,CLOTH,5,1,With Manheim,Margin,No,No,No,Available Car,Washington,"6 Speed, Air Conditioning, Auto Climate Control, Automatic Lights, Aux In, Bluetooth, Cruise Control, DAB, Media Connectivity, Rear Parking Sensors, Reversing camera, Sat Nav Functioning, CO2: 132",,"£1,600",https://www.manheim.co.uk/nama,"http://images.manheim.co.uk/images/units/zoom/4013295-9999999-344125757-004.jpg, http://images.manheim.co.uk/images/units/zoom/4013295-9999999-344125757-008.jpg, http://images.manheim.co.uk/images/units/zoom/4013295-9999999-344125757-001.jpg, http://images.manheim.co.uk/images/units/zoom/4013295-9999999-344125757-002.jpg, http://images.manheim.co.uk/images/units/zoom/4013295-9999999-344125757-003.jpg, http://images.manheim.co.uk/images/units/zoom/4013295-9999999-344125757-005.jpg, http://images.manheim.co.uk/images/units/zoom/4013295-9999999-344125757-006.jpg, http://images.manheim.co.uk/images/units/zoom/4013295-9999999-344125757-007.jpg, http://images.manheim.co.uk/images/units/zoom/4013295-9999999-344125757-009.jpg, http://images.manheim.co.uk/images/units/zoom/4013295-9999999-344125757-010.jpg, http://images.manheim.co.uk/images/units/zoom/4013295-9999999-344125757-011.jpg, http://images.manheim.co.uk/images/units/zoom/4013295-9999999-344125757-012.jpg, http://images.manheim.co.uk/images/units/zoom/insp-0001-4013295-4014282-13.jpg, http://images.manheim.co.uk/images/units/zoom/insp-0001-4013295-4014282-1000.jpg, http://images.manheim.co.uk/images/units/zoom/insp-0001-4013295-4014282-1001.jpg, http://images.manheim.co.uk/images/units/zoom/insp-0001-4013295-4014282-1002.jpg, http://images.manheim.co.uk/images/units/zoom/insp-0001-4013295-4014282-1003.jpg, http://images.manheim.co.uk/images/units/zoom/insp-0001-4013295-4014282-1004.jpg, http://images.manheim.co.uk/images/units/zoom/insp-0001-4013295-4014282-1005.jpg, http://images.manheim.co.uk/images/units/zoom/insp-0001-4013295-4014282-1006.jpg, http://images.manheim.co.uk/images/units/zoom/insp-0001-4013295-4014282-1007.jpg, http://images.manheim.co.uk/images/units/zoom/insp-0001-4013295-4014282-1008.jpg, http://images.manheim.co.uk/images/units/zoom/insp-0001-4013295-4014282-1009.jpg, http://images.manheim.co.uk/images/units/zoom/insp-0001-4013295-4014282-1010.jpg, http://images.manheim.co.uk/images/units/zoom/insp-0001-4013295-4014282-1011.jpg, http://images.manheim.co.uk/images/units/zoom/insp-0001-4013295-4014282-1012.jpg, http://images.manheim.co.uk/images/units/zoom/insp-0001-4013295-4014282-1013.jpg, http://images.manheim.co.uk/images/units/zoom/insp-0001-4013295-4014282-1014.jpg, http://images.manheim.co.uk/images/units/zoom/insp-0001-4013295-4014282-1015.jpg, http://images.manheim.co.uk/images/units/zoom/insp-0001-4013295-4014282-1016.jpg, http://images.manheim.co.uk/images/units/zoom/insp-0001-4013295-4014282-1017.jpg, http://images.manheim.co.uk/images/units/zoom/insp-0001-4013295-4014282-1018.jpg, http://images.manheim.co.uk/images/units/zoom/insp-0001-4013295-4014282-1019.jpg",http://ecr.manheim.co.uk/pdf/MOL-0004013295-01995446-002.pdf,3,0,,,,,,,,Jul-26,FIAT,TIPO,1.4 Lounge 5dr,0,19/12/2025, 
WP17XLC,"MERCEDES-BENZ
E CLASS
E43 4Matic Premium Plus 4dr 9G-Tronic",SIMULCAST AND PHYSICAL - ...,Automatic,Petrol,3.0,4.0,£18450,£17250,£21750,4,SaloonGRADE 4CP GREENView Report,CP GREEN,2017,Apr 2017,72638,WHITE,WHITE,Metallic,BLACK,Part Leather,5,1,With Manheim,Margin,No,No,No,LSH Auto Group,Manchester,"Air Conditioning, Auto Climate Control, Automatic Lights, Bluetooth, DAB, Dual Zone Climate, Electric Sun Roof, Front Parking Sensors, Heated Seats, Media Connectivity, Panoramic Roof, Part Leather, Privacy Glass, Rear Parking Sensors, Reversing camera, Sat Nav Functioning, Traction Control, CO2: 192",* BLUETOOTH IMMOBILISER *,"£18,993",https://www.manheim.co.uk/nama,"http://images.manheim.co.uk/images/units/zoom/6b44ce89-a152-43e8-9ff4-5f80c01f84cb_ext_7.jpg, http://images.manheim.co.uk/images/units/zoom/6b44ce89-a152-43e8-9ff4-5f80c01f84cb_ext_6.jpg, http://images.manheim.co.uk/images/units/zoom/6b44ce89-a152-43e8-9ff4-5f80c01f84cb_ext_1.jpg, http://images.manheim.co.uk/images/units/zoom/6b44ce89-a152-43e8-9ff4-5f80c01f84cb_5.jpg, http://images.manheim.co.uk/images/units/zoom/6b44ce89-a152-43e8-9ff4-5f80c01f84cb_4.jpg, http://images.manheim.co.uk/images/units/zoom/6b44ce89-a152-43e8-9ff4-5f80c01f84cb_11.jpg, http://images.manheim.co.uk/images/units/zoom/6b44ce89-a152-43e8-9ff4-5f80c01f84cb_10.jpg, http://images.manheim.co.uk/images/units/zoom/6b44ce89-a152-43e8-9ff4-5f80c01f84cb_9.jpg, http://images.manheim.co.uk/images/units/zoom/6b44ce89-a152-43e8-9ff4-5f80c01f84cb_ext_2.jpg, http://images.manheim.co.uk/images/units/zoom/6b44ce89-a152-43e8-9ff4-5f80c01f84cb_ext_5.jpg, http://images.manheim.co.uk/images/units/zoom/6b44ce89-a152-43e8-9ff4-5f80c01f84cb_ext_3.jpg, http://images.manheim.co.uk/images/units/zoom/6b44ce89-a152-43e8-9ff4-5f80c01f84cb_ext_4.jpg, http://images.manheim.co.uk/images/units/zoom/insp-0001-4008840-4011180-13.jpg, http://images.manheim.co.uk/images/units/zoom/insp-0001-4008840-4011180-1000.jpg, http://images.manheim.co.uk/images/units/zoom/insp-0001-4008840-4011180-1001.jpg, http://images.manheim.co.uk/images/units/zoom/insp-0001-4008840-4011180-1002.jpg, http://images.manheim.co.uk/images/units/zoom/insp-0001-4008840-4011180-1003.jpg, http://images.manheim.co.uk/images/units/zoom/insp-0001-4008840-4011180-1004.jpg, http://images.manheim.co.uk/images/units/zoom/insp-0001-4008840-4011180-1005.jpg, http://images.manheim.co.uk/images/units/zoom/insp-0001-4008840-4011180-1006.jpg, http://images.manheim.co.uk/images/units/zoom/insp-0001-4008840-4011180-1007.jpg, http://images.manheim.co.uk/images/units/zoom/insp-0001-4008840-4011180-1008.jpg, http://images.manheim.co.uk/images/units/zoom/insp-0001-4008840-4011180-1009.jpg, http://images.manheim.co.uk/images/units/zoom/insp-0001-4008840-4011180-1010.jpg, http://images.manheim.co.uk/images/units/zoom/insp-0001-4008840-4011180-1011.jpg, http://images.manheim.co.uk/images/units/zoom/insp-0001-4008840-4011180-1012.jpg, http://images.manheim.co.uk/images/units/zoom/insp-0001-4008840-4011180-1013.jpg, http://images.manheim.co.uk/images/units/zoom/insp-0001-4008840-4011180-1014.jpg, http://images.manheim.co.uk/images/units/zoom/insp-0001-4008840-4011180-1015.jpg, http://images.manheim.co.uk/images/units/zoom/insp-0001-4008840-4011180-1016.jpg, http://images.manheim.co.uk/images/units/zoom/insp-0001-4008840-4011180-1017.jpg, http://images.manheim.co.uk/images/units/zoom/insp-0001-4008840-4011180-1018.jpg, http://images.manheim.co.uk/images/units/zoom/insp-0001-4008840-4011180-1019.jpg, http://images.manheim.co.uk/images/units/zoom/insp-0001-4008840-4011180-1020.jpg, http://images.manheim.co.uk/images/units/zoom/insp-0001-4008840-4011180-1021.jpg, http://images.manheim.co.uk/images/units/zoom/insp-0001-4008840-4011180-1022.jpg, http://images.manheim.co.uk/images/units/zoom/insp-0001-4008840-4011180-1023.jpg, http://images.manheim.co.uk/images/units/zoom/insp-0001-4008840-4011180-1024.jpg, http://images.manheim.co.uk/images/units/zoom/insp-0001-4008840-4011180-1025.jpg, http://images.manheim.co.uk/images/units/zoom/insp-0001-4008840-4011180-1026.jpg, http://images.manheim.co.uk/images/units/zoom/insp-0001-4008840-4011180-1027.jpg, http://images.manheim.co.uk/images/units/zoom/insp-0001-4008840-4011180-1028.jpg, http://images.manheim.co.uk/images/units/zoom/insp-0001-4008840-4011180-1029.jpg, http://images.manheim.co.uk/images/units/zoom/insp-0001-4008840-4011180-1030.jpg, http://images.manheim.co.uk/images/units/zoom/insp-0001-4008840-4011180-1031.jpg",http://ecr.manheim.co.uk/pdf/MOL-0004008840-01991043-008.pdf,5,4,26/04/2018,5681,"25/05/2022, 20/07/2020, 21/05/2019, 26/04/2018","20948, 13495, 9284, 5681","SYTNER SELECT LEICESTER, WMB LTD, WMB LTD, CRUICKSHANK MOTORS","Print, Print, Print, Print",,May-26,MERCEDES-BENZ,E CLASS,E43 4Matic Premium Plus 4dr 9G-Tronic,0,18/12/2025, 
WUI7658,"MITSUBISHI
ECLIPSE CROSS
1.5 3 5dr",Lane 2 - Stellantis & You...,Manual,Petrol,1.5,5.0,£7275,£6375,£9650,3,HatchbackGRADE 3CP GREENSC SilverView Report,CP GREEN,2018,Mar 2018,58337,RED,RED,Metallic,BLACK,CLOTH,5,1,With Manheim,Margin,No,No,No,Lloyd Motor Group,Leeds,"6 Speed, Air Conditioning, Auto Climate Control, Automatic Lights, Automatic Wipers, Aux In, Bluetooth, Cruise Control, DAB, Dual Zone Climate, Front Parking Sensors, Heated Seats, Ipod Connectivity, Media Connectivity, Rear Parking Sensors, Reversing camera, Traction Control, CO2: 151","Heated Front Seats, 6 Speed Manual, Front and Rear parking Sensors, Auto Lights, Auto Wipers, Cruise Control, Bluetooth, Head Up Display, Dual Zone Climate Control, Lane Departure Assist","£5,575",https://www.manheim.co.uk/nama,"http://images.manheim.co.uk/images/units/zoom/f07562d5-a5d5-410b-827f-8454af3f57a4_ext_7.jpg, http://images.manheim.co.uk/images/units/zoom/f07562d5-a5d5-410b-827f-8454af3f57a4_ext_6.jpg, http://images.manheim.co.uk/images/units/zoom/f07562d5-a5d5-410b-827f-8454af3f57a4_ext_1.jpg, http://images.manheim.co.uk/images/units/zoom/f07562d5-a5d5-410b-827f-8454af3f57a4_5.jpg, http://images.manheim.co.uk/images/units/zoom/f07562d5-a5d5-410b-827f-8454af3f57a4_4.jpg, http://images.manheim.co.uk/images/units/zoom/f07562d5-a5d5-410b-827f-8454af3f57a4_11.jpg, http://images.manheim.co.uk/images/units/zoom/f07562d5-a5d5-410b-827f-8454af3f57a4_10.jpg, http://images.manheim.co.uk/images/units/zoom/f07562d5-a5d5-410b-827f-8454af3f57a4_9.jpg, http://images.manheim.co.uk/images/units/zoom/f07562d5-a5d5-410b-827f-8454af3f57a4_ext_2.jpg, http://images.manheim.co.uk/images/units/zoom/f07562d5-a5d5-410b-827f-8454af3f57a4_ext_5.jpg, http://images.manheim.co.uk/images/units/zoom/f07562d5-a5d5-410b-827f-8454af3f57a4_ext_3.jpg, http://images.manheim.co.uk/images/units/zoom/f07562d5-a5d5-410b-827f-8454af3f57a4_ext_4.jpg, http://images.manheim.co.uk/images/units/zoom/insp-0001-3986130-4005517-13.jpg, http://images.manheim.co.uk/images/units/zoom/insp-0001-3986130-4005517-1000.jpg, http://images.manheim.co.uk/images/units/zoom/insp-0001-3986130-4005517-1001.jpg, http://images.manheim.co.uk/images/units/zoom/insp-0001-3986130-4005517-1002.jpg, http://images.manheim.co.uk/images/units/zoom/insp-0001-3986130-4005517-1003.jpg, http://images.manheim.co.uk/images/units/zoom/insp-0001-3986130-4005517-1004.jpg, http://images.manheim.co.uk/images/units/zoom/insp-0001-3986130-4005517-1005.jpg, http://images.manheim.co.uk/images/units/zoom/insp-0001-3986130-4005517-1006.jpg, http://images.manheim.co.uk/images/units/zoom/insp-0001-3986130-4005517-1007.jpg, http://images.manheim.co.uk/images/units/zoom/insp-0001-3986130-4005517-1008.jpg, http://images.manheim.co.uk/images/units/zoom/insp-0001-3986130-4005517-1009.jpg, http://images.manheim.co.uk/images/units/zoom/insp-0001-3986130-4005517-1010.jpg, http://images.manheim.co.uk/images/units/zoom/insp-0001-3986130-4005517-1011.jpg, http://images.manheim.co.uk/images/units/zoom/insp-0001-3986130-4005517-1012.jpg, http://images.manheim.co.uk/images/units/zoom/insp-0001-3986130-4005517-1013.jpg, http://images.manheim.co.uk/images/units/zoom/insp-0001-3986130-4005517-1014.jpg, http://images.manheim.co.uk/images/units/zoom/insp-0001-3986130-4005517-1015.jpg, http://images.manheim.co.uk/images/units/zoom/insp-0001-3986130-4005517-1016.jpg",http://ecr.manheim.co.uk/pdf/MOL-0003986130-01966988-003.pdf,5,0,,,,,,,,Nov-25,MITSUBISHI,ECLIPSE CROSS,1.5 3 5dr,0,05/01/2026, 
YA18VDR,"BMW
X1
sDrive 18d M Sport 5dr Step Auto",SIMULCAST AND PHYSICAL - ...,Automatic,Diesel,2.0,5.0,£10000,£8875,£12400,2,EstateGRADE 2CP GREENSC SilverView Report,CP GREEN,2018,Jun 2018,70310,BLUE,BLUE,Metallic,BLACK,LEATHER,5,2,,Margin,No,No,No,LSH Auto Group,Manchester,"Air Conditioning, Auto Climate Control, Automatic Lights, Automatic Wipers, Aux In, Bluetooth, Cruise Control, DAB, Dual Zone Climate, Front Parking Sensors, Full Leather Trim, Heated Seats, Media Connectivity, Privacy Glass, Radio CD, Rear Parking Sensors, Sat Nav Functioning, Traction Control, CO2: 121",,"£9,576",https://www.manheim.co.uk/nama,"http://images.manheim.co.uk/images/units/zoom/2ca5f0b1-7d93-47ed-add6-f8d4c304acc1_ext_7.jpg, http://images.manheim.co.uk/images/units/zoom/2ca5f0b1-7d93-47ed-add6-f8d4c304acc1_ext_6.jpg, http://images.manheim.co.uk/images/units/zoom/2ca5f0b1-7d93-47ed-add6-f8d4c304acc1_ext_1.jpg, http://images.manheim.co.uk/images/units/zoom/2ca5f0b1-7d93-47ed-add6-f8d4c304acc1_5.jpg, http://images.manheim.co.uk/images/units/zoom/2ca5f0b1-7d93-47ed-add6-f8d4c304acc1_4.jpg, http://images.manheim.co.uk/images/units/zoom/2ca5f0b1-7d93-47ed-add6-f8d4c304acc1_11.jpg, http://images.manheim.co.uk/images/units/zoom/2ca5f0b1-7d93-47ed-add6-f8d4c304acc1_10.jpg, http://images.manheim.co.uk/images/units/zoom/2ca5f0b1-7d93-47ed-add6-f8d4c304acc1_9.jpg, http://images.manheim.co.uk/images/units/zoom/2ca5f0b1-7d93-47ed-add6-f8d4c304acc1_ext_2.jpg, http://images.manheim.co.uk/images/units/zoom/2ca5f0b1-7d93-47ed-add6-f8d4c304acc1_ext_5.jpg, http://images.manheim.co.uk/images/units/zoom/2ca5f0b1-7d93-47ed-add6-f8d4c304acc1_ext_3.jpg, http://images.manheim.co.uk/images/units/zoom/2ca5f0b1-7d93-47ed-add6-f8d4c304acc1_ext_4.jpg, http://images.manheim.co.uk/images/units/zoom/insp-0001-4010318-4008801-13.jpg, http://images.manheim.co.uk/images/units/zoom/insp-0001-4010318-4008801-1000.jpg, http://images.manheim.co.uk/images/units/zoom/insp-0001-4010318-4008801-1001.jpg, http://images.manheim.co.uk/images/units/zoom/insp-0001-4010318-4008801-1002.jpg, http://images.manheim.co.uk/images/units/zoom/insp-0001-4010318-4008801-1003.jpg, http://images.manheim.co.uk/images/units/zoom/insp-0001-4010318-4008801-1004.jpg, http://images.manheim.co.uk/images/units/zoom/insp-0001-4010318-4008801-1005.jpg, http://images.manheim.co.uk/images/units/zoom/insp-0001-4010318-4008801-1006.jpg, http://images.manheim.co.uk/images/units/zoom/insp-0001-4010318-4008801-1007.jpg, http://images.manheim.co.uk/images/units/zoom/insp-0001-4010318-4008801-1008.jpg, http://images.manheim.co.uk/images/units/zoom/insp-0001-4010318-4008801-1009.jpg, http://images.manheim.co.uk/images/units/zoom/insp-0001-4010318-4008801-1010.jpg, http://images.manheim.co.uk/images/units/zoom/insp-0001-4010318-4008801-1011.jpg, http://images.manheim.co.uk/images/units/zoom/insp-0001-4010318-4008801-1012.jpg, http://images.manheim.co.uk/images/units/zoom/insp-0001-4010318-4008801-1013.jpg, http://images.manheim.co.uk/images/units/zoom/insp-0001-4010318-4008801-1014.jpg, http://images.manheim.co.uk/images/units/zoom/insp-0001-4010318-4008801-1015.jpg",http://ecr.manheim.co.uk/pdf/MOL-0004010318-01992439-005.pdf,3,5,12/06/2020,15825,"28/06/2025, 30/06/2023, 01/07/2022, 17/06/2021, 12/06/2020","64544, 38674, 25676, 20850, 15825","IDRIVE, IDRIVE, IDRIVE, IDRIVE, IDRIVE","Digital, Digital, Digital, Digital, Digital",,Jan-26,BMW,X1,sDrive 18d M Sport 5dr Step Auto,0,18/12/2025, 
YA68PYZ,"MINI
CONVERTIBLE
1.5 Cooper Exclusive II 2dr Auto",Lane 1 - D M Keith / Sytn...,Automatic,Petrol,1.5,3.0,£12000,£10950,£14500,3,ConvertibleGRADE 3SC SilverView Report,SC Silver,2018,Nov 2018,39592,SILVER,SILVER,Metallic,BLACK,LEATHER,4,2,With Manheim,Margin,No,No,No,Lloyd Motor Group,Leeds,CO2: 125,"Comfort Pack, 17in Propeller Alloys, Cruise Control,","£10,750",https://www.manheim.co.uk/nama,"http://images.manheim.co.uk/images/units/zoom/41df94c3-6e66-443d-8437-375da07b4448_ext_7.jpg, http://images.manheim.co.uk/images/units/zoom/41df94c3-6e66-443d-8437-375da07b4448_ext_6.jpg, http://images.manheim.co.uk/images/units/zoom/41df94c3-6e66-443d-8437-375da07b4448_ext_1.jpg, http://images.manheim.co.uk/images/units/zoom/41df94c3-6e66-443d-8437-375da07b4448_5.jpg, http://images.manheim.co.uk/images/units/zoom/41df94c3-6e66-443d-8437-375da07b4448_4.jpg, http://images.manheim.co.uk/images/units/zoom/41df94c3-6e66-443d-8437-375da07b4448_11.jpg, http://images.manheim.co.uk/images/units/zoom/41df94c3-6e66-443d-8437-375da07b4448_10.jpg, http://images.manheim.co.uk/images/units/zoom/41df94c3-6e66-443d-8437-375da07b4448_9.jpg, http://images.manheim.co.uk/images/units/zoom/41df94c3-6e66-443d-8437-375da07b4448_ext_2.jpg, http://images.manheim.co.uk/images/units/zoom/41df94c3-6e66-443d-8437-375da07b4448_ext_5.jpg, http://images.manheim.co.uk/images/units/zoom/41df94c3-6e66-443d-8437-375da07b4448_ext_3.jpg, http://images.manheim.co.uk/images/units/zoom/41df94c3-6e66-443d-8437-375da07b4448_ext_4.jpg, http://images.manheim.co.uk/images/units/zoom/insp-0001-3992481-3993876-13.jpg, http://images.manheim.co.uk/images/units/zoom/insp-0001-3992481-3993876-1000.jpg, http://images.manheim.co.uk/images/units/zoom/insp-0001-3992481-3993876-1001.jpg, http://images.manheim.co.uk/images/units/zoom/insp-0001-3992481-3993876-1002.jpg, http://images.manheim.co.uk/images/units/zoom/insp-0001-3992481-3993876-1003.jpg, http://images.manheim.co.uk/images/units/zoom/insp-0001-3992481-3993876-1004.jpg, http://images.manheim.co.uk/images/units/zoom/insp-0001-3992481-3993876-1005.jpg, http://images.manheim.co.uk/images/units/zoom/insp-0001-3992481-3993876-1006.jpg, http://images.manheim.co.uk/images/units/zoom/insp-0001-3992481-3993876-1007.jpg",http://ecr.manheim.co.uk/pdf/MOL-0003992481-01973476-002.pdf,1,3,24/11/2020,10728,"28/11/2022, 26/11/2021, 24/11/2020","23026, 16636, 10728","Stratstone, Stratstone, Stratstone","Print, Print, Print",,Nov-25,MINI,CONVERTIBLE,1.5 Cooper Exclusive II 2dr Auto,0,07/01/2026, 
YB68VPP,"BMW
X3
xDrive30d xLine 5dr Step Auto",Lane 2 - Available Car / ...,Automatic,Diesel,3.0,5.0,£20350,£18950,£22750,2,EstateGRADE 2CP GREENSC SilverView Report,CP GREEN,2018,Nov 2018,44787,WHITE,WHITE,Solid,BROWN,LEATHER,5,2,With Manheim,Margin,No,No,No,Lloyd Motor Group,Leeds,"Air Conditioning, Auto Climate Control, Automatic Lights, Automatic Wipers, Bluetooth, Cruise Control, DAB, Dual Zone Climate, Front Parking Sensors, Full Leather Trim, Heated Seats, Media Connectivity, Privacy Glass, Radio CD, Rear Parking Sensors, Reversing camera, Sat Nav Functioning, Traction Control, CO2: 157","Sun Protection Glass, Head-Up Display, Anthracite Headlining, Comfort Pack","£20,350",https://www.manheim.co.uk/nama,"http://images.manheim.co.uk/images/units/zoom/77787614-d613-44a8-a174-100f9412d11d_ext_7.jpg, http://images.manheim.co.uk/images/units/zoom/77787614-d613-44a8-a174-100f9412d11d_ext_6.jpg, http://images.manheim.co.uk/images/units/zoom/77787614-d613-44a8-a174-100f9412d11d_ext_1.jpg, http://images.manheim.co.uk/images/units/zoom/77787614-d613-44a8-a174-100f9412d11d_5.jpg, http://images.manheim.co.uk/images/units/zoom/77787614-d613-44a8-a174-100f9412d11d_4.jpg, http://images.manheim.co.uk/images/units/zoom/77787614-d613-44a8-a174-100f9412d11d_11.jpg, http://images.manheim.co.uk/images/units/zoom/77787614-d613-44a8-a174-100f9412d11d_10.jpg, http://images.manheim.co.uk/images/units/zoom/77787614-d613-44a8-a174-100f9412d11d_9.jpg, http://images.manheim.co.uk/images/units/zoom/77787614-d613-44a8-a174-100f9412d11d_ext_2.jpg, http://images.manheim.co.uk/images/units/zoom/77787614-d613-44a8-a174-100f9412d11d_ext_5.jpg, http://images.manheim.co.uk/images/units/zoom/77787614-d613-44a8-a174-100f9412d11d_ext_3.jpg, http://images.manheim.co.uk/images/units/zoom/77787614-d613-44a8-a174-100f9412d11d_ext_4.jpg, http://images.manheim.co.uk/images/units/zoom/insp-0001-4007775-4013955-13.jpg, http://images.manheim.co.uk/images/units/zoom/insp-0001-4007775-4013955-1000.jpg, http://images.manheim.co.uk/images/units/zoom/insp-0001-4007775-4013955-1001.jpg, http://images.manheim.co.uk/images/units/zoom/insp-0001-4007775-4013955-1002.jpg, http://images.manheim.co.uk/images/units/zoom/insp-0001-4007775-4013955-1003.jpg, http://images.manheim.co.uk/images/units/zoom/insp-0001-4007775-4013955-1004.jpg, http://images.manheim.co.uk/images/units/zoom/insp-0001-4007775-4013955-1005.jpg, http://images.manheim.co.uk/images/units/zoom/insp-0001-4007775-4013955-1006.jpg, http://images.manheim.co.uk/images/units/zoom/insp-0001-4007775-4013955-1007.jpg, http://images.manheim.co.uk/images/units/zoom/insp-0001-4007775-4013955-1008.jpg, http://images.manheim.co.uk/images/units/zoom/insp-0001-4007775-4013955-1009.jpg, http://images.manheim.co.uk/images/units/zoom/insp-0001-4007775-4013955-1010.jpg",http://ecr.manheim.co.uk/pdf/MOL-0004007775-01989870-002.pdf,2,5,09/10/2020,13513,"31/10/2024, 09/02/2024, 04/11/2022, 05/11/2021, 09/10/2020","34316, 29039, 22907, 18641, 13513","digital, Digital, Digital, Digital, Digital","Digital, Digital, Digital, Digital, Digital",,Nov-26,BMW,X3,xDrive30d xLine 5dr Step Auto,0,05/01/2026, 
YB71OPW,"PEUGEOT
208
1.2 PureTech 100 Allure Premium 5dr",Lane 1 - D M Keith / Sytn...,Manual,Petrol,1.2,5.0,£10050,£9000,£11995,3,HatchbackGRADE 3CP GREENSC SilverView Report,CP GREEN,2022,Jan 2022,34418,BLUE,BLUE,Metallic,BLACK,Part Leather,5,2,With Manheim,Margin,No,No,No,Lloyd Motor Group,Leeds,"6 Speed, Air Conditioning, Automatic Lights, Automatic Wipers, Bluetooth, Cruise Control, DAB, Ipod Connectivity, Media Connectivity, Part Leather, Rear Parking Sensors, Reversing camera, Traction Control, CO2: 116",,"£9,500",https://www.manheim.co.uk/nama,"http://images.manheim.co.uk/images/units/zoom/03c761c6-29fe-4d50-bd31-d7b2d3a812f3_ext_7.jpg, http://images.manheim.co.uk/images/units/zoom/03c761c6-29fe-4d50-bd31-d7b2d3a812f3_ext_6.jpg, http://images.manheim.co.uk/images/units/zoom/03c761c6-29fe-4d50-bd31-d7b2d3a812f3_ext_1.jpg, http://images.manheim.co.uk/images/units/zoom/03c761c6-29fe-4d50-bd31-d7b2d3a812f3_5.jpg, http://images.manheim.co.uk/images/units/zoom/03c761c6-29fe-4d50-bd31-d7b2d3a812f3_4.jpg, http://images.manheim.co.uk/images/units/zoom/03c761c6-29fe-4d50-bd31-d7b2d3a812f3_11.jpg, http://images.manheim.co.uk/images/units/zoom/03c761c6-29fe-4d50-bd31-d7b2d3a812f3_10.jpg, http://images.manheim.co.uk/images/units/zoom/03c761c6-29fe-4d50-bd31-d7b2d3a812f3_9.jpg, http://images.manheim.co.uk/images/units/zoom/03c761c6-29fe-4d50-bd31-d7b2d3a812f3_ext_2.jpg, http://images.manheim.co.uk/images/units/zoom/03c761c6-29fe-4d50-bd31-d7b2d3a812f3_ext_5.jpg, http://images.manheim.co.uk/images/units/zoom/03c761c6-29fe-4d50-bd31-d7b2d3a812f3_ext_3.jpg, http://images.manheim.co.uk/images/units/zoom/03c761c6-29fe-4d50-bd31-d7b2d3a812f3_ext_4.jpg, http://images.manheim.co.uk/images/units/zoom/insp-0001-4006048-4012639-13.jpg, http://images.manheim.co.uk/images/units/zoom/insp-0001-4006048-4012639-1000.jpg, http://images.manheim.co.uk/images/units/zoom/insp-0001-4006048-4012639-1001.jpg, http://images.manheim.co.uk/images/units/zoom/insp-0001-4006048-4012639-1002.jpg, http://images.manheim.co.uk/images/units/zoom/insp-0001-4006048-4012639-1003.jpg, http://images.manheim.co.uk/images/units/zoom/insp-0001-4006048-4012639-1004.jpg, http://images.manheim.co.uk/images/units/zoom/insp-0001-4006048-4012639-1005.jpg, http://images.manheim.co.uk/images/units/zoom/insp-0001-4006048-4012639-1006.jpg",http://ecr.manheim.co.uk/pdf/MOL-0004006048-01988366-005.pdf,1,3,11/01/2023,5391,"09/06/2025, 16/03/2024, 11/01/2023","29103, 14894, 5391","BRISTOL STREET MOTORS, DOBIES PEUGEOT, PARK MOTOR GROUP","Book, Book, Print",,Jan-26,PEUGEOT,208,1.2 PureTech 100 Allure Premium 5dr,0,07/01/2026, 
YD24VHH,"PEUGEOT
208
1.2 PureTech 100 GT 5dr",Lane 1 - Arval / Novuna /...,Manual,Petrol,1.2,5.0,£15550,£14400,£17550,2,HatchbackGRADE 2CP GREENSC GoldView Report,CP GREEN,2024,Mar 2024,7084,GREY,GREY,Metallic,BLACK,Part Leather,5,2,With Manheim,Qualifying,No,No,No,Leasys,Leeds,"6 Speed, Air Conditioning, Auto Climate Control, Automatic Lights, Automatic Wipers, Bluetooth, Cruise Control, DAB, Front Parking Sensors, Media Connectivity, Part Leather, Privacy Glass, Rear Parking Sensors, Reversing camera, Traction Control, CO2: 116",,"£15,100",https://www.manheim.co.uk/nama,"http://images.manheim.co.uk/images/units/zoom/50e9d2da-c3b5-4905-8a70-2a82d5845a2c_ext_7.jpg, http://images.manheim.co.uk/images/units/zoom/50e9d2da-c3b5-4905-8a70-2a82d5845a2c_ext_6.jpg, http://images.manheim.co.uk/images/units/zoom/50e9d2da-c3b5-4905-8a70-2a82d5845a2c_ext_1.jpg, http://images.manheim.co.uk/images/units/zoom/50e9d2da-c3b5-4905-8a70-2a82d5845a2c_5.jpg, http://images.manheim.co.uk/images/units/zoom/50e9d2da-c3b5-4905-8a70-2a82d5845a2c_4.jpg, http://images.manheim.co.uk/images/units/zoom/50e9d2da-c3b5-4905-8a70-2a82d5845a2c_11.jpg, http://images.manheim.co.uk/images/units/zoom/50e9d2da-c3b5-4905-8a70-2a82d5845a2c_10.jpg, http://images.manheim.co.uk/images/units/zoom/50e9d2da-c3b5-4905-8a70-2a82d5845a2c_9.jpg, http://images.manheim.co.uk/images/units/zoom/50e9d2da-c3b5-4905-8a70-2a82d5845a2c_ext_2.jpg, http://images.manheim.co.uk/images/units/zoom/50e9d2da-c3b5-4905-8a70-2a82d5845a2c_ext_5.jpg, http://images.manheim.co.uk/images/units/zoom/50e9d2da-c3b5-4905-8a70-2a82d5845a2c_ext_3.jpg, http://images.manheim.co.uk/images/units/zoom/50e9d2da-c3b5-4905-8a70-2a82d5845a2c_ext_4.jpg, http://images.manheim.co.uk/images/units/zoom/insp-0001-3955666-3994944-13.jpg, http://images.manheim.co.uk/images/units/zoom/insp-0001-3955666-3994944-1000.jpg, http://images.manheim.co.uk/images/units/zoom/insp-0001-3955666-3994944-1001.jpg, http://images.manheim.co.uk/images/units/zoom/insp-0001-3955666-3994944-1002.jpg, http://images.manheim.co.uk/images/units/zoom/insp-0001-3955666-3994944-1003.jpg, http://images.manheim.co.uk/images/units/zoom/insp-0001-3955666-3994944-1004.jpg, http://images.manheim.co.uk/images/units/zoom/insp-0001-3955666-3994944-1005.jpg, http://images.manheim.co.uk/images/units/zoom/insp-0001-3955666-3994944-1006.jpg, http://images.manheim.co.uk/images/units/zoom/insp-0001-3955666-3994944-1007.jpg, http://images.manheim.co.uk/images/units/zoom/insp-0001-3955666-3994944-1008.jpg, http://images.manheim.co.uk/images/units/zoom/insp-0001-3955666-3994944-1009.jpg, http://images.manheim.co.uk/images/units/zoom/insp-0001-3955666-3994944-1010.jpg",http://ecr.manheim.co.uk/pdf/MOL-0003955666-01965514-002.pdf,1,1,10/04/2025,4568,10/04/2025,4568,PERRYS,Print,,,PEUGEOT,208,1.2 PureTech 100 GT 5dr,0,05/01/2026, 
YD71AOY,"VOLKSWAGEN
POLO
1.0 TSI 95 Match 5dr",SIMULCAST AND PHYSICAL - ...,Manual,Petrol,1.0,5.0,£10850,£9775,£12800,4,HatchbackGRADE 4CP GREENSC GoldView Report,CP GREEN,2021,Sep 2021,43266,GREY,GREY,Solid,,CLOTH,5,2,With Manheim,Margin,No,No,No,FCA Group,Manchester,"Air Conditioning, Automatic Lights, Bluetooth, Cruise Control, DAB, Front Parking Sensors, Media Connectivity, Privacy Glass, Rear Parking Sensors, CO2: 120",,"£8,993",https://www.manheim.co.uk/nama,"http://images.manheim.co.uk/images/units/zoom/cb8e6daf-37b5-463a-bac8-f278abdaa131_ext_7.jpg, http://images.manheim.co.uk/images/units/zoom/cb8e6daf-37b5-463a-bac8-f278abdaa131_ext_6.jpg, http://images.manheim.co.uk/images/units/zoom/cb8e6daf-37b5-463a-bac8-f278abdaa131_ext_1.jpg, http://images.manheim.co.uk/images/units/zoom/cb8e6daf-37b5-463a-bac8-f278abdaa131_5.jpg, http://images.manheim.co.uk/images/units/zoom/cb8e6daf-37b5-463a-bac8-f278abdaa131_4.jpg, http://images.manheim.co.uk/images/units/zoom/cb8e6daf-37b5-463a-bac8-f278abdaa131_11.jpg, http://images.manheim.co.uk/images/units/zoom/cb8e6daf-37b5-463a-bac8-f278abdaa131_10.jpg, http://images.manheim.co.uk/images/units/zoom/cb8e6daf-37b5-463a-bac8-f278abdaa131_9.jpg, http://images.manheim.co.uk/images/units/zoom/cb8e6daf-37b5-463a-bac8-f278abdaa131_ext_2.jpg, http://images.manheim.co.uk/images/units/zoom/cb8e6daf-37b5-463a-bac8-f278abdaa131_ext_5.jpg, http://images.manheim.co.uk/images/units/zoom/cb8e6daf-37b5-463a-bac8-f278abdaa131_ext_3.jpg, http://images.manheim.co.uk/images/units/zoom/cb8e6daf-37b5-463a-bac8-f278abdaa131_ext_4.jpg, http://images.manheim.co.uk/images/units/zoom/insp-0001-4009312-4005329-13.jpg, http://images.manheim.co.uk/images/units/zoom/insp-0001-4009312-4005329-1000.jpg, http://images.manheim.co.uk/images/units/zoom/insp-0001-4009312-4005329-1001.jpg, http://images.manheim.co.uk/images/units/zoom/insp-0001-4009312-4005329-1002.jpg, http://images.manheim.co.uk/images/units/zoom/insp-0001-4009312-4005329-1003.jpg, http://images.manheim.co.uk/images/units/zoom/insp-0001-4009312-4005329-1004.jpg, http://images.manheim.co.uk/images/units/zoom/insp-0001-4009312-4005329-1005.jpg, http://images.manheim.co.uk/images/units/zoom/insp-0001-4009312-4005329-1006.jpg, http://images.manheim.co.uk/images/units/zoom/insp-0001-4009312-4005329-1007.jpg, http://images.manheim.co.uk/images/units/zoom/insp-0001-4009312-4005329-1008.jpg, http://images.manheim.co.uk/images/units/zoom/insp-0001-4009312-4005329-1009.jpg, http://images.manheim.co.uk/images/units/zoom/insp-0001-4009312-4005329-1010.jpg, http://images.manheim.co.uk/images/units/zoom/insp-0001-4009312-4005329-1011.jpg, http://images.manheim.co.uk/images/units/zoom/insp-0001-4009312-4005329-1012.jpg, http://images.manheim.co.uk/images/units/zoom/insp-0001-4009312-4005329-1013.jpg, http://images.manheim.co.uk/images/units/zoom/insp-0001-4009312-4005329-1014.jpg, http://images.manheim.co.uk/images/units/zoom/insp-0001-4009312-4005329-1015.jpg, http://images.manheim.co.uk/images/units/zoom/insp-0001-4009312-4005329-1016.jpg, http://images.manheim.co.uk/images/units/zoom/insp-0001-4009312-4005329-1017.jpg, http://images.manheim.co.uk/images/units/zoom/insp-0001-4009312-4005329-1018.jpg, http://images.manheim.co.uk/images/units/zoom/insp-0001-4009312-4005329-1019.jpg, http://images.manheim.co.uk/images/units/zoom/insp-0001-4009312-4005329-1020.jpg, http://images.manheim.co.uk/images/units/zoom/insp-0001-4009312-4005329-1021.jpg, http://images.manheim.co.uk/images/units/zoom/insp-0001-4009312-4005329-1022.jpg, http://images.manheim.co.uk/images/units/zoom/insp-0001-4009312-4005329-1023.jpg, http://images.manheim.co.uk/images/units/zoom/insp-0001-4009312-4005329-1024.jpg, http://images.manheim.co.uk/images/units/zoom/insp-0001-4009312-4005329-1025.jpg, http://images.manheim.co.uk/images/units/zoom/insp-0001-4009312-4005329-1026.jpg, http://images.manheim.co.uk/images/units/zoom/insp-0001-4009312-4005329-1027.jpg, http://images.manheim.co.uk/images/units/zoom/insp-0001-4009312-4005329-1028.jpg",http://ecr.manheim.co.uk/pdf/MOL-0004009312-01991459-005.pdf,2,1,18/07/2023,23628,18/07/2023,23628,HIPPO SERVICE CENTRE,Book,,Sep-25,VOLKSWAGEN,POLO,1.0 TSI 95 Match 5dr,0,18/12/2025, 
YE19ZWY,"BMW
X3
xDrive30d xLine 5dr Step Auto",Lane 2 - Available Car / ...,Automatic,Diesel,3.0,5.0,£16200,£14900,£18600,2,EstateGRADE 2CP GREENSC SilverView Report,CP GREEN,2019,Mar 2019,95780,BLACK,BLACK,Solid,GREY,LEATHER,5,2,With Manheim,Margin,No,No,No,Lloyd Motor Group,Leeds,"Air Conditioning, Auto Climate Control, Automatic Lights, Automatic Wipers, Aux In, Bluetooth, DAB, Dual Zone Climate, Full Leather Trim, Heated Seats, Ipod Connectivity, Media Connectivity, Radio CD, Rear Parking Sensors, Sat Nav Functioning, Traction Control, CO2: 158","19 Alloys, Privacy Glass, Roof Bars, Parking Sensors, Sat Nav","£16,000",https://www.manheim.co.uk/nama,"http://images.manheim.co.uk/images/units/zoom/88900da0-8e59-46b3-9855-19268283e70f_ext_7.jpg, http://images.manheim.co.uk/images/units/zoom/88900da0-8e59-46b3-9855-19268283e70f_ext_6.jpg, http://images.manheim.co.uk/images/units/zoom/88900da0-8e59-46b3-9855-19268283e70f_ext_1.jpg, http://images.manheim.co.uk/images/units/zoom/88900da0-8e59-46b3-9855-19268283e70f_5.jpg, http://images.manheim.co.uk/images/units/zoom/88900da0-8e59-46b3-9855-19268283e70f_4.jpg, http://images.manheim.co.uk/images/units/zoom/88900da0-8e59-46b3-9855-19268283e70f_11.jpg, http://images.manheim.co.uk/images/units/zoom/88900da0-8e59-46b3-9855-19268283e70f_10.jpg, http://images.manheim.co.uk/images/units/zoom/88900da0-8e59-46b3-9855-19268283e70f_9.jpg, http://images.manheim.co.uk/images/units/zoom/88900da0-8e59-46b3-9855-19268283e70f_ext_2.jpg, http://images.manheim.co.uk/images/units/zoom/88900da0-8e59-46b3-9855-19268283e70f_ext_5.jpg, http://images.manheim.co.uk/images/units/zoom/88900da0-8e59-46b3-9855-19268283e70f_ext_3.jpg, http://images.manheim.co.uk/images/units/zoom/88900da0-8e59-46b3-9855-19268283e70f_ext_4.jpg, http://images.manheim.co.uk/images/units/zoom/insp-0001-4009424-4017271-13.jpg, http://images.manheim.co.uk/images/units/zoom/insp-0001-4009424-4017271-1000.jpg, http://images.manheim.co.uk/images/units/zoom/insp-0001-4009424-4017271-1001.jpg, http://images.manheim.co.uk/images/units/zoom/insp-0001-4009424-4017271-1002.jpg, http://images.manheim.co.uk/images/units/zoom/insp-0001-4009424-4017271-1003.jpg, http://images.manheim.co.uk/images/units/zoom/insp-0001-4009424-4017271-1004.jpg, http://images.manheim.co.uk/images/units/zoom/insp-0001-4009424-4017271-1005.jpg, http://images.manheim.co.uk/images/units/zoom/insp-0001-4009424-4017271-1006.jpg, http://images.manheim.co.uk/images/units/zoom/insp-0001-4009424-4017271-1007.jpg, http://images.manheim.co.uk/images/units/zoom/insp-0001-4009424-4017271-1008.jpg, http://images.manheim.co.uk/images/units/zoom/insp-0001-4009424-4017271-1009.jpg",http://ecr.manheim.co.uk/pdf/MOL-0004009424-01991593-002.pdf,2,12,13/03/2019,74782,"16/09/2025, 02/07/2025, 01/05/2025, 13/05/2024, 03/04/2024, 29/03/2023, 09/02/2023, 19/05/2022, 01/02/2022, 08/06/2021, 30/06/2020, 13/03/2019","92544, 89473, 87573, 74782, 73248, 59456, 53361, 40339, 33753, 21364, 13451, 74782","Llyod Ripon, Llyod Ripon, Lloyd Ripon, Llyod Ripon, Llyod Ripon, Digital, Digital, Digital, Digital, digital, BMW service, Llyod Ripon","Print, Print, Print, Print, Print, Digital, Digital, Digital, Digital, Print, Print, Print",,May-26,BMW,X3,xDrive30d xLine 5dr Step Auto,0,05/01/2026, 
YE71FSJ,"VOLVO
XC40
2.0 B4P Inscription 5dr Auto",SIMULCAST AND PHYSICAL - ...,Automatic,Petrol/Hybrid,2.0,5.0,£12700,£11500,£15100,2,EstateGRADE 2SC BronzeView Report,SC Bronze,2021,Nov 2021,123369,GREY,GREY,Metallic,BLACK,LEATHER,5,2,With Manheim,Qualifying,No,No,No,Marshall Leasing,Manchester,"Air Conditioning, Auto Climate Control, Automatic Lights, Bluetooth, DAB, Dual Zone Climate, Front Parking Sensors, Full Leather Trim, Heated Seats, Media Connectivity, Rear Parking Sensors, Reversing camera, Sat Nav Functioning, Traction Control, CO2: 167",,"£11,400",https://www.manheim.co.uk/nama,"http://images.manheim.co.uk/images/units/zoom/4bf06d8e-5c44-4a1c-bcaa-b1dc1fa26c81_ext_7.jpg, http://images.manheim.co.uk/images/units/zoom/4bf06d8e-5c44-4a1c-bcaa-b1dc1fa26c81_ext_6.jpg, http://images.manheim.co.uk/images/units/zoom/4bf06d8e-5c44-4a1c-bcaa-b1dc1fa26c81_ext_1.jpg, http://images.manheim.co.uk/images/units/zoom/4bf06d8e-5c44-4a1c-bcaa-b1dc1fa26c81_5.jpg, http://images.manheim.co.uk/images/units/zoom/4bf06d8e-5c44-4a1c-bcaa-b1dc1fa26c81_4.jpg, http://images.manheim.co.uk/images/units/zoom/4bf06d8e-5c44-4a1c-bcaa-b1dc1fa26c81_11.jpg, http://images.manheim.co.uk/images/units/zoom/4bf06d8e-5c44-4a1c-bcaa-b1dc1fa26c81_10.jpg, http://images.manheim.co.uk/images/units/zoom/4bf06d8e-5c44-4a1c-bcaa-b1dc1fa26c81_9.jpg, http://images.manheim.co.uk/images/units/zoom/4bf06d8e-5c44-4a1c-bcaa-b1dc1fa26c81_ext_2.jpg, http://images.manheim.co.uk/images/units/zoom/4bf06d8e-5c44-4a1c-bcaa-b1dc1fa26c81_ext_5.jpg, http://images.manheim.co.uk/images/units/zoom/4bf06d8e-5c44-4a1c-bcaa-b1dc1fa26c81_ext_3.jpg, http://images.manheim.co.uk/images/units/zoom/4bf06d8e-5c44-4a1c-bcaa-b1dc1fa26c81_ext_4.jpg, http://images.manheim.co.uk/images/units/zoom/insp-0001-3993895-3993839-13.jpg, http://images.manheim.co.uk/images/units/zoom/insp-0001-3993895-3993839-1000.jpg, http://images.manheim.co.uk/images/units/zoom/insp-0001-3993895-3993839-1001.jpg, http://images.manheim.co.uk/images/units/zoom/insp-0001-3993895-3993839-1002.jpg",http://ecr.manheim.co.uk/pdf/MOL-0003993895-01975016-005.pdf,2,6,15/06/2022,18075,"01/07/2025, 06/11/2024, 22/03/2024, 31/08/2023, 20/01/2023, 15/06/2022","112573, 92889, 75141, 56390, 36562, 18075","volvo, volvo, volvo, volvo, volvo, volvo","Book, Book, Book, Book, Book, Book",,Nov-25,VOLVO,XC40,2.0 B4P Inscription 5dr Auto,0,18/12/2025, 
YG19KTR,"MERCEDES-BENZ
C CLASS
C200 AMG Line Premium 5dr 9G-Tronic",Lane 1 - D M Keith / Sytn...,Automatic,Petrol/Hybrid,1.5,5.0,£12550,£11450,£15250,1,EstateGRADE 1CP GREENSC SilverView Report,CP GREEN,2019,Jun 2019,74326,BLACK,BLACK,Metallic,,Part Leather,5,2,With Manheim,Margin,No,No,No,Lloyd Motor Group,Leeds,"Air Conditioning, Auto Climate Control, Automatic Lights, Bluetooth, Cruise Control, DAB, Dual Zone Climate, Front Parking Sensors, Heated Seats, Ipod Connectivity, Media Connectivity, Part Leather, Rear Parking Sensors, Reversing camera, Sat Nav Functioning, CO2: 142",,"£12,050",https://www.manheim.co.uk/nama,"http://images.manheim.co.uk/images/units/zoom/3acec369-152a-44fb-9b89-a8e23d0b79db_ext_7.jpg, http://images.manheim.co.uk/images/units/zoom/3acec369-152a-44fb-9b89-a8e23d0b79db_ext_6.jpg, http://images.manheim.co.uk/images/units/zoom/3acec369-152a-44fb-9b89-a8e23d0b79db_ext_1.jpg, http://images.manheim.co.uk/images/units/zoom/3acec369-152a-44fb-9b89-a8e23d0b79db_5.jpg, http://images.manheim.co.uk/images/units/zoom/3acec369-152a-44fb-9b89-a8e23d0b79db_4.jpg, http://images.manheim.co.uk/images/units/zoom/3acec369-152a-44fb-9b89-a8e23d0b79db_11.jpg, http://images.manheim.co.uk/images/units/zoom/3acec369-152a-44fb-9b89-a8e23d0b79db_10.jpg, http://images.manheim.co.uk/images/units/zoom/3acec369-152a-44fb-9b89-a8e23d0b79db_9.jpg, http://images.manheim.co.uk/images/units/zoom/3acec369-152a-44fb-9b89-a8e23d0b79db_ext_2.jpg, http://images.manheim.co.uk/images/units/zoom/3acec369-152a-44fb-9b89-a8e23d0b79db_ext_5.jpg, http://images.manheim.co.uk/images/units/zoom/3acec369-152a-44fb-9b89-a8e23d0b79db_ext_3.jpg, http://images.manheim.co.uk/images/units/zoom/3acec369-152a-44fb-9b89-a8e23d0b79db_ext_4.jpg, http://images.manheim.co.uk/images/units/zoom/insp-0001-4004178-4012571-13.jpg, http://images.manheim.co.uk/images/units/zoom/insp-0001-4004178-4012571-1000.jpg, http://images.manheim.co.uk/images/units/zoom/insp-0001-4004178-4012571-1001.jpg, http://images.manheim.co.uk/images/units/zoom/insp-0001-4004178-4012571-1002.jpg, http://images.manheim.co.uk/images/units/zoom/insp-0001-4004178-4012571-1003.jpg, http://images.manheim.co.uk/images/units/zoom/insp-0001-4004178-4012571-1004.jpg, http://images.manheim.co.uk/images/units/zoom/insp-0001-4004178-4012571-1005.jpg",http://ecr.manheim.co.uk/pdf/MOL-0004004178-01985593-007.pdf,3,7,11/03/2020,4788,"19/06/2025, 24/04/2025, 09/08/2023, 09/08/2023, 17/04/2023, 18/03/2021, 11/03/2020","66788, 66721, 45927, 45927, 42418, 12158, 4788","WILKINSON & WILSON, WILKINSON & WILSON, WILKINSON & WILSON, MERCSPECIALIST, MERCSPECIALIST, MERCSPECIALIST, DERWENT VEHICLES","Print, Print, Print, Print, Print, Print, Print",,Jun-26,MERCEDES-BENZ,C CLASS,C200 AMG Line Premium 5dr 9G-Tronic,0,07/01/2026, 
YG70UFB,"BMW
1 SERIES
118i M Sport 5dr Step Auto",Lane 2 - Available Car / ...,Automatic,Petrol,1.5,5.0,£15100,£13950,£17300,2,HatchbackGRADE 2CP GREENSC SilverView Report,CP GREEN,2020,Oct 2020,47977,GREY,GREY,Metallic,BLACK,VINYL,5,2,With Manheim,Margin,No,No,No,Lloyd Motor Group,Leeds,"Air Conditioning, Auto Climate Control, Automatic Lights, Bluetooth, Cruise Control, DAB, Dual Zone Climate, Front Parking Sensors, Heated Seats, Rear Parking Sensors, Sat Nav Functioning, Traction Control, CO2: 145",Sun Protection Glass,"£14,250",https://www.manheim.co.uk/nama,"http://images.manheim.co.uk/images/units/zoom/3d741d1b-ee7a-4354-b9bc-2e9dd17aaa74_ext_7.jpg, http://images.manheim.co.uk/images/units/zoom/3d741d1b-ee7a-4354-b9bc-2e9dd17aaa74_ext_6.jpg, http://images.manheim.co.uk/images/units/zoom/3d741d1b-ee7a-4354-b9bc-2e9dd17aaa74_ext_1.jpg, http://images.manheim.co.uk/images/units/zoom/3d741d1b-ee7a-4354-b9bc-2e9dd17aaa74_5.jpg, http://images.manheim.co.uk/images/units/zoom/3d741d1b-ee7a-4354-b9bc-2e9dd17aaa74_4.jpg, http://images.manheim.co.uk/images/units/zoom/3d741d1b-ee7a-4354-b9bc-2e9dd17aaa74_11.jpg, http://images.manheim.co.uk/images/units/zoom/3d741d1b-ee7a-4354-b9bc-2e9dd17aaa74_10.jpg, http://images.manheim.co.uk/images/units/zoom/3d741d1b-ee7a-4354-b9bc-2e9dd17aaa74_9.jpg, http://images.manheim.co.uk/images/units/zoom/3d741d1b-ee7a-4354-b9bc-2e9dd17aaa74_ext_2.jpg, http://images.manheim.co.uk/images/units/zoom/3d741d1b-ee7a-4354-b9bc-2e9dd17aaa74_ext_5.jpg, http://images.manheim.co.uk/images/units/zoom/3d741d1b-ee7a-4354-b9bc-2e9dd17aaa74_ext_3.jpg, http://images.manheim.co.uk/images/units/zoom/3d741d1b-ee7a-4354-b9bc-2e9dd17aaa74_ext_4.jpg, http://images.manheim.co.uk/images/units/zoom/insp-0001-4005311-4005292-13.jpg, http://images.manheim.co.uk/images/units/zoom/insp-0001-4005311-4005292-1000.jpg, http://images.manheim.co.uk/images/units/zoom/insp-0001-4005311-4005292-1001.jpg, http://images.manheim.co.uk/images/units/zoom/insp-0001-4005311-4005292-1002.jpg, http://images.manheim.co.uk/images/units/zoom/insp-0001-4005311-4005292-1003.jpg, http://images.manheim.co.uk/images/units/zoom/insp-0001-4005311-4005292-1004.jpg, http://images.manheim.co.uk/images/units/zoom/insp-0001-4005311-4005292-1005.jpg, http://images.manheim.co.uk/images/units/zoom/insp-0001-4005311-4005292-1006.jpg, http://images.manheim.co.uk/images/units/zoom/insp-0001-4005311-4005292-1007.jpg, http://images.manheim.co.uk/images/units/zoom/insp-0001-4005311-4005292-1008.jpg, http://images.manheim.co.uk/images/units/zoom/insp-0001-4005311-4005292-1009.jpg, http://images.manheim.co.uk/images/units/zoom/insp-0001-4005311-4005292-1010.jpg, http://images.manheim.co.uk/images/units/zoom/insp-0001-4005311-4005292-1011.jpg",http://ecr.manheim.co.uk/pdf/MOL-0004005311-01987403-003.pdf,4,3,25/08/2022,13163,"19/11/2025, 06/10/2023, 25/08/2022","47847, 25584, 13163","Lloyd Carlisle, Lloyd Cockermouth, Lloyd South Lakes","Print, Print, Print",,May-26,BMW,1 SERIES,118i M Sport 5dr Step Auto,0,05/01/2026, 
YH19XYT,"MINI
HATCHBACK
2.0 Cooper S Classic II 5dr",Lane 2 - Stellantis & You...,Manual,Petrol,2.0,5.0,£7725,£6750,£9725,3,HatchbackGRADE 3CP GREENSC SilverView Report,CP GREEN,2019,Mar 2019,104297,GREY,GREY,Metallic,BLACK,CLOTH,5,2,With Manheim,Margin,No,No,No,Lloyd Motor Group,Leeds,"6 Speed, Air Conditioning, Auto Climate Control, Automatic Lights, Automatic Wipers, Bluetooth, Cruise Control, DAB, Dual Zone Climate, Heated Seats, Media Connectivity, Rear Parking Sensors, Traction Control, CO2: 150","•	16” Victory Spoke Alloys
•	LED Headlights and LED Fog lights
•	Cruise Control
Comfort Pack – Heated Front Seats, Rear Parking Sensors, Dual Zone Climate","£6,500",https://www.manheim.co.uk/nama,"http://images.manheim.co.uk/images/units/zoom/4cda0d01-25e2-4124-bd3f-1ee101eec455_ext_7.jpg, http://images.manheim.co.uk/images/units/zoom/4cda0d01-25e2-4124-bd3f-1ee101eec455_ext_6.jpg, http://images.manheim.co.uk/images/units/zoom/4cda0d01-25e2-4124-bd3f-1ee101eec455_ext_1.jpg, http://images.manheim.co.uk/images/units/zoom/4cda0d01-25e2-4124-bd3f-1ee101eec455_5.jpg, http://images.manheim.co.uk/images/units/zoom/4cda0d01-25e2-4124-bd3f-1ee101eec455_4.jpg, http://images.manheim.co.uk/images/units/zoom/4cda0d01-25e2-4124-bd3f-1ee101eec455_11.jpg, http://images.manheim.co.uk/images/units/zoom/4cda0d01-25e2-4124-bd3f-1ee101eec455_10.jpg, http://images.manheim.co.uk/images/units/zoom/4cda0d01-25e2-4124-bd3f-1ee101eec455_9.jpg, http://images.manheim.co.uk/images/units/zoom/4cda0d01-25e2-4124-bd3f-1ee101eec455_ext_2.jpg, http://images.manheim.co.uk/images/units/zoom/4cda0d01-25e2-4124-bd3f-1ee101eec455_ext_5.jpg, http://images.manheim.co.uk/images/units/zoom/4cda0d01-25e2-4124-bd3f-1ee101eec455_ext_3.jpg, http://images.manheim.co.uk/images/units/zoom/4cda0d01-25e2-4124-bd3f-1ee101eec455_ext_4.jpg, http://images.manheim.co.uk/images/units/zoom/insp-0001-4011740-4017816-13.jpg, http://images.manheim.co.uk/images/units/zoom/insp-0001-4011740-4017816-1000.jpg, http://images.manheim.co.uk/images/units/zoom/insp-0001-4011740-4017816-1001.jpg, http://images.manheim.co.uk/images/units/zoom/insp-0001-4011740-4017816-1002.jpg, http://images.manheim.co.uk/images/units/zoom/insp-0001-4011740-4017816-1003.jpg, http://images.manheim.co.uk/images/units/zoom/insp-0001-4011740-4017816-1004.jpg, http://images.manheim.co.uk/images/units/zoom/insp-0001-4011740-4017816-1005.jpg, http://images.manheim.co.uk/images/units/zoom/insp-0001-4011740-4017816-1006.jpg, http://images.manheim.co.uk/images/units/zoom/insp-0001-4011740-4017816-1007.jpg, http://images.manheim.co.uk/images/units/zoom/insp-0001-4011740-4017816-1008.jpg, http://images.manheim.co.uk/images/units/zoom/insp-0001-4011740-4017816-1009.jpg, http://images.manheim.co.uk/images/units/zoom/insp-0001-4011740-4017816-1010.jpg, http://images.manheim.co.uk/images/units/zoom/insp-0001-4011740-4017816-1011.jpg, http://images.manheim.co.uk/images/units/zoom/insp-0001-4011740-4017816-1012.jpg",http://ecr.manheim.co.uk/pdf/MOL-0004011740-01993828-002.pdf,2,3,24/03/2023,61761,"05/03/2025, 01/03/2024, 24/03/2023","91783, 74769, 61761","GOWLAND MOTORS, GOWLAND MOTORS, GOWLAND MOTORS","Print, Print, Print",,Mar-26,MINI,HATCHBACK,2.0 Cooper S Classic II 5dr,0,05/01/2026, 
YH22BZS,"JAGUAR
F-PACE
2.0 D200 R-Dynamic SE 5dr Auto AWD",Lane 2 - Available Car / ...,Automatic,Diesel,2.0,5.0,£21650,£20300,£24250,2,EstateGRADE 2CP GREENSC SilverView Report,CP GREEN,2022,Mar 2022,71009,BLUE,BLUE,Metallic,BROWN,LEATHER,5,2,With Manheim,Margin,No,No,No,Lloyd Motor Group,Leeds,"Air Conditioning, Automatic Lights, Automatic Wipers, Bluetooth, DAB, Dual Zone Climate, Front Parking Sensors, Full Leather Trim, Heated Seats, Park Assist, Rear Parking Sensors, Reversing camera, Sat Nav Functioning, Traction Control, CO2: 170","""BLIND SPOT ASSIST
FORWARD FACING CAMERA
HEATED FRONT WINDSCREEN
HEATED STEERING WHEEL
PRIVACY GLASS
REAR VIEW CAMERA
SLIDING PAN ROOF
HEATED FRONT SEATS
""","£20,850",https://www.manheim.co.uk/nama,"http://images.manheim.co.uk/images/units/zoom/82a95f4f-3e79-4e8d-8440-81cadbfc6c1b_ext_7.jpg, http://images.manheim.co.uk/images/units/zoom/82a95f4f-3e79-4e8d-8440-81cadbfc6c1b_ext_6.jpg, http://images.manheim.co.uk/images/units/zoom/82a95f4f-3e79-4e8d-8440-81cadbfc6c1b_ext_1.jpg, http://images.manheim.co.uk/images/units/zoom/82a95f4f-3e79-4e8d-8440-81cadbfc6c1b_5.jpg, http://images.manheim.co.uk/images/units/zoom/82a95f4f-3e79-4e8d-8440-81cadbfc6c1b_4.jpg, http://images.manheim.co.uk/images/units/zoom/82a95f4f-3e79-4e8d-8440-81cadbfc6c1b_11.jpg, http://images.manheim.co.uk/images/units/zoom/82a95f4f-3e79-4e8d-8440-81cadbfc6c1b_10.jpg, http://images.manheim.co.uk/images/units/zoom/82a95f4f-3e79-4e8d-8440-81cadbfc6c1b_9.jpg, http://images.manheim.co.uk/images/units/zoom/82a95f4f-3e79-4e8d-8440-81cadbfc6c1b_ext_2.jpg, http://images.manheim.co.uk/images/units/zoom/82a95f4f-3e79-4e8d-8440-81cadbfc6c1b_ext_5.jpg, http://images.manheim.co.uk/images/units/zoom/82a95f4f-3e79-4e8d-8440-81cadbfc6c1b_ext_3.jpg, http://images.manheim.co.uk/images/units/zoom/82a95f4f-3e79-4e8d-8440-81cadbfc6c1b_ext_4.jpg, http://images.manheim.co.uk/images/units/zoom/insp-0001-3991188-3992481-13.jpg, http://images.manheim.co.uk/images/units/zoom/insp-0001-3991188-3992481-1000.jpg, http://images.manheim.co.uk/images/units/zoom/insp-0001-3991188-3992481-1001.jpg, http://images.manheim.co.uk/images/units/zoom/insp-0001-3991188-3992481-1002.jpg, http://images.manheim.co.uk/images/units/zoom/insp-0001-3991188-3992481-1003.jpg",http://ecr.manheim.co.uk/pdf/MOL-0003991188-01972015-002.pdf,2,3,06/07/2023,21536,"15/07/2025, 05/08/2024, 06/07/2023","65015, 44191, 21536","VERTU LAND ROVER, VERTU LAND ROVER, VERTU LAND ROVER","Print, Print, Print",,Mar-26,JAGUAR,F-PACE,2.0 D200 R-Dynamic SE 5dr Auto AWD,0,05/01/2026, 
YH71VRZ,"SUZUKI
SWIFT
1.2 Dualjet 83 12V Hybrid SZ-L 5dr",Lane 1 - Motor Dough / Ke...,Manual,Petrol/Hybrid,1.2,5.0,£6975,£6050,£8675,2,HatchbackGRADE 2CP GREENSC SilverView Report,CP GREEN,2021,Sep 2021,60139,RED,RED,Metallic,BLACK,CLOTH,5,1,With Manheim,Margin,No,No,No,Motor Dough,Leeds,"Air Conditioning, Automatic Lights, Aux In, Bluetooth, Cruise Control, DAB, Privacy Glass, Reversing camera, CO2: 106",,"£6,250",https://www.manheim.co.uk/nama,"http://images.manheim.co.uk/images/units/zoom/dd427e7a-b801-4f56-95bd-d464fde816b4_ext_7.jpg, http://images.manheim.co.uk/images/units/zoom/dd427e7a-b801-4f56-95bd-d464fde816b4_ext_6.jpg, http://images.manheim.co.uk/images/units/zoom/dd427e7a-b801-4f56-95bd-d464fde816b4_ext_1.jpg, http://images.manheim.co.uk/images/units/zoom/dd427e7a-b801-4f56-95bd-d464fde816b4_5.jpg, http://images.manheim.co.uk/images/units/zoom/dd427e7a-b801-4f56-95bd-d464fde816b4_4.jpg, http://images.manheim.co.uk/images/units/zoom/dd427e7a-b801-4f56-95bd-d464fde816b4_11.jpg, http://images.manheim.co.uk/images/units/zoom/dd427e7a-b801-4f56-95bd-d464fde816b4_10.jpg, http://images.manheim.co.uk/images/units/zoom/dd427e7a-b801-4f56-95bd-d464fde816b4_9.jpg, http://images.manheim.co.uk/images/units/zoom/dd427e7a-b801-4f56-95bd-d464fde816b4_ext_2.jpg, http://images.manheim.co.uk/images/units/zoom/dd427e7a-b801-4f56-95bd-d464fde816b4_ext_5.jpg, http://images.manheim.co.uk/images/units/zoom/dd427e7a-b801-4f56-95bd-d464fde816b4_ext_3.jpg, http://images.manheim.co.uk/images/units/zoom/dd427e7a-b801-4f56-95bd-d464fde816b4_ext_4.jpg, http://images.manheim.co.uk/images/units/zoom/insp-0001-3944691-3971402-13.jpg, http://images.manheim.co.uk/images/units/zoom/insp-0001-3944691-3971402-1000.jpg, http://images.manheim.co.uk/images/units/zoom/insp-0001-3944691-3971402-1001.jpg, http://images.manheim.co.uk/images/units/zoom/insp-0001-3944691-3971402-1002.jpg, http://images.manheim.co.uk/images/units/zoom/insp-0001-3944691-3971402-1003.jpg, http://images.manheim.co.uk/images/units/zoom/insp-0001-3944691-3971402-1004.jpg, http://images.manheim.co.uk/images/units/zoom/insp-0001-3944691-3971402-1005.jpg, http://images.manheim.co.uk/images/units/zoom/insp-0001-3944691-3971402-1006.jpg, http://images.manheim.co.uk/images/units/zoom/insp-0001-3944691-3971402-1007.jpg, http://images.manheim.co.uk/images/units/zoom/insp-0001-3944691-3971402-1008.jpg, http://images.manheim.co.uk/images/units/zoom/insp-0001-3944691-3971402-1009.jpg, http://images.manheim.co.uk/images/units/zoom/insp-0001-3944691-3971402-1010.jpg, http://images.manheim.co.uk/images/units/zoom/insp-0001-3944691-3971402-1011.jpg",http://ecr.manheim.co.uk/pdf/MOL-0003944691-01963562-006.pdf,2,5,25/08/2022,7930,"26/03/2025, 07/06/2024, 01/09/2023, 03/04/2023, 25/08/2022","49922, 37388, 22987, 13023, 7930","Montys Suzuki, Montys Suzuki, Montys Suzuki, Colin Appleyard, Colin Appleyard","Book, Book, Book, Book, Book",,Sep-26,SUZUKI,SWIFT,1.2 Dualjet 83 12V Hybrid SZ-L 5dr,0,18/12/2025, 
YH72OLM,"MG
HS
1.5 T-GDI Exclusive 5dr","Available Car, Pulman Gro...",Manual,Petrol,1.5,5.0,£11800,£10600,£14200,2,EstateGRADE 2CP GREENSC SilverView Report,CP GREEN,2022,Sep 2022,37470,WHITE,WHITE,Solid,BLACK,LEATHER,5,2,With Manheim,Margin,No,No,No,S G Petch,Washington,"Air Conditioning, Auto Climate Control, Automatic Lights, Bluetooth, Cruise Control, DAB, Electric Sun Roof, Front Parking Sensors, Full Leather Trim, Heated Seats, Media Connectivity, Rear Parking Sensors, Reversing camera, Sat Nav Functioning, CO2: 168",,"£11,500",https://www.manheim.co.uk/nama,"http://images.manheim.co.uk/images/units/zoom/4015858-9999999-346113322-004.jpg, http://images.manheim.co.uk/images/units/zoom/4015858-9999999-346113322-008.jpg, http://images.manheim.co.uk/images/units/zoom/4015858-9999999-346113322-001.jpg, http://images.manheim.co.uk/images/units/zoom/4015858-9999999-346113322-002.jpg, http://images.manheim.co.uk/images/units/zoom/4015858-9999999-346113322-003.jpg, http://images.manheim.co.uk/images/units/zoom/4015858-9999999-346113322-005.jpg, http://images.manheim.co.uk/images/units/zoom/4015858-9999999-346113322-006.jpg, http://images.manheim.co.uk/images/units/zoom/4015858-9999999-346113322-007.jpg, http://images.manheim.co.uk/images/units/zoom/4015858-9999999-346113322-009.jpg, http://images.manheim.co.uk/images/units/zoom/4015858-9999999-346113322-010.jpg, http://images.manheim.co.uk/images/units/zoom/4015858-9999999-346113322-011.jpg, http://images.manheim.co.uk/images/units/zoom/4015858-9999999-346113322-012.jpg, http://images.manheim.co.uk/images/units/zoom/insp-0001-4015858-4016967-13.jpg, http://images.manheim.co.uk/images/units/zoom/insp-0001-4015858-4016967-1000.jpg, http://images.manheim.co.uk/images/units/zoom/insp-0001-4015858-4016967-1001.jpg, http://images.manheim.co.uk/images/units/zoom/insp-0001-4015858-4016967-1002.jpg, http://images.manheim.co.uk/images/units/zoom/insp-0001-4015858-4016967-1003.jpg, http://images.manheim.co.uk/images/units/zoom/insp-0001-4015858-4016967-1004.jpg, http://images.manheim.co.uk/images/units/zoom/insp-0001-4015858-4016967-1005.jpg, http://images.manheim.co.uk/images/units/zoom/insp-0001-4015858-4016967-1006.jpg, http://images.manheim.co.uk/images/units/zoom/insp-0001-4015858-4016967-1007.jpg, http://images.manheim.co.uk/images/units/zoom/insp-0001-4015858-4016967-1008.jpg, http://images.manheim.co.uk/images/units/zoom/insp-0001-4015858-4016967-1009.jpg, http://images.manheim.co.uk/images/units/zoom/insp-0001-4015858-4016967-1010.jpg, http://images.manheim.co.uk/images/units/zoom/insp-0001-4015858-4016967-1011.jpg, http://images.manheim.co.uk/images/units/zoom/insp-0001-4015858-4016967-1012.jpg, http://images.manheim.co.uk/images/units/zoom/insp-0001-4015858-4016967-1013.jpg, http://images.manheim.co.uk/images/units/zoom/insp-0001-4015858-4016967-1014.jpg",http://ecr.manheim.co.uk/pdf/MOL-0004015858-01997896-003.pdf,1,1,15/09/2025,PASSED,15/09/2025,PASSED,35663,29/09/2026,,Sep-26,MG,HS,1.5 T-GDI Exclusive 5dr,0,19/12/2025, 
YJ66GNG,"BMW
4 SERIES
430d Luxury 2dr Auto [Professional Media]",Lane 1 - D M Keith / Sytn...,Automatic,Diesel,3.0,2.0,£9000,£8000,£11650,2,ConvertibleGRADE 2SC SilverView Report,SC Silver,2017,Feb 2017,86800,BLACK,BLACK,Metallic,BLACK,LEATHER,4,2,With Manheim,Margin,No,No,No,Lloyd Motor Group,Leeds,"Air Conditioning, Auto Climate Control, Automatic Lights, Automatic Wipers, Aux In, Bluetooth, Cruise Control, DAB, Dual Zone Climate, Front Parking Sensors, Full Leather Trim, Heated Seats, Ipod Connectivity, Radio CD, Rear Parking Sensors, Sat Nav Functioning, Traction Control, CO2: 144","M Adaptive Suspension, Comfort Access, Ash Grain w/ Metal Inlay wood interior trim, Folding Wing Mirrors with Auto-dimming, Enhanced Bluetooth with Wireless Charging, WiFi Hotspot, Convertible Comfort package, Interior Comfort Pack,","£8,375",https://www.manheim.co.uk/nama,"http://images.manheim.co.uk/images/units/zoom/6a7b9698-aae3-4218-b901-6a2751bbd21e_ext_7.jpg, http://images.manheim.co.uk/images/units/zoom/6a7b9698-aae3-4218-b901-6a2751bbd21e_ext_6.jpg, http://images.manheim.co.uk/images/units/zoom/6a7b9698-aae3-4218-b901-6a2751bbd21e_ext_1.jpg, http://images.manheim.co.uk/images/units/zoom/6a7b9698-aae3-4218-b901-6a2751bbd21e_5.jpg, http://images.manheim.co.uk/images/units/zoom/6a7b9698-aae3-4218-b901-6a2751bbd21e_4.jpg, http://images.manheim.co.uk/images/units/zoom/6a7b9698-aae3-4218-b901-6a2751bbd21e_11.jpg, http://images.manheim.co.uk/images/units/zoom/6a7b9698-aae3-4218-b901-6a2751bbd21e_10.jpg, http://images.manheim.co.uk/images/units/zoom/6a7b9698-aae3-4218-b901-6a2751bbd21e_9.jpg, http://images.manheim.co.uk/images/units/zoom/6a7b9698-aae3-4218-b901-6a2751bbd21e_ext_2.jpg, http://images.manheim.co.uk/images/units/zoom/6a7b9698-aae3-4218-b901-6a2751bbd21e_ext_5.jpg, http://images.manheim.co.uk/images/units/zoom/6a7b9698-aae3-4218-b901-6a2751bbd21e_ext_3.jpg, http://images.manheim.co.uk/images/units/zoom/6a7b9698-aae3-4218-b901-6a2751bbd21e_ext_4.jpg, http://images.manheim.co.uk/images/units/zoom/insp-0001-3974351-4002564-13.jpg, http://images.manheim.co.uk/images/units/zoom/insp-0001-3974351-4002564-1000.jpg, http://images.manheim.co.uk/images/units/zoom/insp-0001-3974351-4002564-1001.jpg, http://images.manheim.co.uk/images/units/zoom/insp-0001-3974351-4002564-1002.jpg, http://images.manheim.co.uk/images/units/zoom/insp-0001-3974351-4002564-1003.jpg, http://images.manheim.co.uk/images/units/zoom/insp-0001-3974351-4002564-1004.jpg, http://images.manheim.co.uk/images/units/zoom/insp-0001-3974351-4002564-1005.jpg, http://images.manheim.co.uk/images/units/zoom/insp-0001-3974351-4002564-1006.jpg",http://ecr.manheim.co.uk/pdf/MOL-0003974351-01955527-004.pdf,2,6,15/12/2021,46267,"04/03/2025, 06/02/2024, 08/06/2023, 21/03/2023, 16/02/2022, 15/12/2021","82450, 74024, 63000, 60446, 48300, 46267","Bowker Preston, Bowker Preston, Bowker Preston, Bowker Preston, Bowker Preston, Bowker Preston","Print, Print, Print, Print, Print, Print",,Feb-26,BMW,4 SERIES,430d Luxury 2dr Auto [Professional Media],0,07/01/2026, 
YJ73VCZ,"BMW
1 SERIES
118i [136] M Sport 5dr Step Auto [LCP]",Lane 2 - Available Car / ...,Automatic,Petrol,1.5,5.0,£21400,£20100,£24000,3,HatchbackGRADE 3CP GREENSC SilverView Report,CP GREEN,2024,Jan 2024,12993,BLACK,BLACK,Metallic,BLACK,LEATHER,5,2,With Manheim,Margin,No,No,No,Lloyd Motor Group,Leeds,"Air Conditioning, Auto Climate Control, Automatic Lights, Automatic Wipers, Dual Zone Climate, Front Parking Sensors, Heated Seats, Part Leather, Rear Parking Sensors, Sat Nav Functioning, CO2: 134","Sun Protection Glass, 18 819M Double-spoke style alloy wheels","£19,500",https://www.manheim.co.uk/nama,"http://images.manheim.co.uk/images/units/zoom/1c5ba94f-35b3-402d-9174-255960765af1_ext_7.jpg, http://images.manheim.co.uk/images/units/zoom/1c5ba94f-35b3-402d-9174-255960765af1_ext_6.jpg, http://images.manheim.co.uk/images/units/zoom/1c5ba94f-35b3-402d-9174-255960765af1_ext_1.jpg, http://images.manheim.co.uk/images/units/zoom/1c5ba94f-35b3-402d-9174-255960765af1_5.jpg, http://images.manheim.co.uk/images/units/zoom/1c5ba94f-35b3-402d-9174-255960765af1_4.jpg, http://images.manheim.co.uk/images/units/zoom/1c5ba94f-35b3-402d-9174-255960765af1_11.jpg, http://images.manheim.co.uk/images/units/zoom/1c5ba94f-35b3-402d-9174-255960765af1_10.jpg, http://images.manheim.co.uk/images/units/zoom/1c5ba94f-35b3-402d-9174-255960765af1_9.jpg, http://images.manheim.co.uk/images/units/zoom/1c5ba94f-35b3-402d-9174-255960765af1_ext_2.jpg, http://images.manheim.co.uk/images/units/zoom/1c5ba94f-35b3-402d-9174-255960765af1_ext_5.jpg, http://images.manheim.co.uk/images/units/zoom/1c5ba94f-35b3-402d-9174-255960765af1_ext_3.jpg, http://images.manheim.co.uk/images/units/zoom/1c5ba94f-35b3-402d-9174-255960765af1_ext_4.jpg, http://images.manheim.co.uk/images/units/zoom/insp-0001-3961091-3977799-13.jpg, http://images.manheim.co.uk/images/units/zoom/insp-0001-3961091-3977799-1000.jpg, http://images.manheim.co.uk/images/units/zoom/insp-0001-3961091-3977799-1001.jpg, http://images.manheim.co.uk/images/units/zoom/insp-0001-3961091-3977799-1002.jpg, http://images.manheim.co.uk/images/units/zoom/insp-0001-3961091-3977799-1003.jpg, http://images.manheim.co.uk/images/units/zoom/insp-0001-3961091-3977799-1004.jpg, http://images.manheim.co.uk/images/units/zoom/insp-0001-3961091-3977799-1005.jpg, http://images.manheim.co.uk/images/units/zoom/insp-0001-3961091-3977799-1006.jpg, http://images.manheim.co.uk/images/units/zoom/insp-0001-3961091-3977799-1007.jpg, http://images.manheim.co.uk/images/units/zoom/insp-0001-3961091-3977799-1008.jpg, http://images.manheim.co.uk/images/units/zoom/insp-0001-3961091-3977799-1009.jpg, http://images.manheim.co.uk/images/units/zoom/insp-0001-3961091-3963295-1010.jpg",http://ecr.manheim.co.uk/pdf/MOL-0003961091-01941980-003.pdf,1,1,18/08/2025,12166,18/08/2025,12166,Wilkinson & wilson Ltd,Print,,Jan-27,BMW,1 SERIES,118i [136] M Sport 5dr Step Auto [LCP],0,05/01/2026, 
YK19YFA,"LAND ROVER
DISCOVERY
2.0 Si4 HSE Luxury 5dr Auto",SIMULCAST AND PHYSICAL - ...,Automatic,Petrol,2.0,5.0,£20350,£18950,£23500,3,EstateGRADE 3CP GREENSC SilverView Report,CP GREEN,2019,Jun 2019,81366,BLUE,BLUE,Metallic,GREY,LEATHER,7,2,With Manheim,Margin,No,No,No,Santander Consumer,Manchester,"7 Seats, Air Conditioning, Auto Climate Control, Automatic Lights, Automatic Wipers, Bluetooth, DAB, Dual Zone Climate, Electric Sun Roof, Full Leather Trim, Heated Front Screen, Heated Seats, Media Connectivity, Panoramic Roof, Privacy Glass, Rear Parking Sensors, Rear Seat Entertainment, Reversing camera, Sat Nav Functioning, Traction Control, CO2: 222",full vehicle surface scratches,"£20,350",https://www.manheim.co.uk/nama,"http://images.manheim.co.uk/images/units/zoom/984a0b10-2e8e-4379-a625-d1d38fb53c7f_ext_7.jpg, http://images.manheim.co.uk/images/units/zoom/984a0b10-2e8e-4379-a625-d1d38fb53c7f_ext_6.jpg, http://images.manheim.co.uk/images/units/zoom/984a0b10-2e8e-4379-a625-d1d38fb53c7f_ext_1.jpg, http://images.manheim.co.uk/images/units/zoom/984a0b10-2e8e-4379-a625-d1d38fb53c7f_5.jpg, http://images.manheim.co.uk/images/units/zoom/984a0b10-2e8e-4379-a625-d1d38fb53c7f_4.jpg, http://images.manheim.co.uk/images/units/zoom/984a0b10-2e8e-4379-a625-d1d38fb53c7f_11.jpg, http://images.manheim.co.uk/images/units/zoom/984a0b10-2e8e-4379-a625-d1d38fb53c7f_10.jpg, http://images.manheim.co.uk/images/units/zoom/984a0b10-2e8e-4379-a625-d1d38fb53c7f_9.jpg, http://images.manheim.co.uk/images/units/zoom/984a0b10-2e8e-4379-a625-d1d38fb53c7f_ext_2.jpg, http://images.manheim.co.uk/images/units/zoom/984a0b10-2e8e-4379-a625-d1d38fb53c7f_ext_5.jpg, http://images.manheim.co.uk/images/units/zoom/984a0b10-2e8e-4379-a625-d1d38fb53c7f_ext_3.jpg, http://images.manheim.co.uk/images/units/zoom/984a0b10-2e8e-4379-a625-d1d38fb53c7f_ext_4.jpg, http://images.manheim.co.uk/images/units/zoom/insp-0001-3989334-3986588-13.jpg, http://images.manheim.co.uk/images/units/zoom/insp-0001-3989334-3986588-1000.jpg, http://images.manheim.co.uk/images/units/zoom/insp-0001-3989334-3986588-1001.jpg, http://images.manheim.co.uk/images/units/zoom/insp-0001-3989334-3986588-1002.jpg, http://images.manheim.co.uk/images/units/zoom/insp-0001-3989334-3986588-1003.jpg, http://images.manheim.co.uk/images/units/zoom/insp-0001-3989334-3986588-1004.jpg, http://images.manheim.co.uk/images/units/zoom/insp-0001-3989334-3986588-1005.jpg, http://images.manheim.co.uk/images/units/zoom/insp-0001-3989334-3986588-1006.jpg, http://images.manheim.co.uk/images/units/zoom/insp-0001-3989334-3986588-1007.jpg, http://images.manheim.co.uk/images/units/zoom/insp-0001-3989334-3986588-1008.jpg, http://images.manheim.co.uk/images/units/zoom/insp-0001-3989334-3986588-1009.jpg, http://images.manheim.co.uk/images/units/zoom/insp-0001-3989334-3986588-1010.jpg, http://images.manheim.co.uk/images/units/zoom/insp-0001-3989334-3986588-1011.jpg, http://images.manheim.co.uk/images/units/zoom/insp-0001-3989334-3986588-1012.jpg, http://images.manheim.co.uk/images/units/zoom/insp-0001-3989334-3986588-1013.jpg, http://images.manheim.co.uk/images/units/zoom/insp-0001-3989334-3986588-1014.jpg, http://images.manheim.co.uk/images/units/zoom/insp-0001-3989334-3986588-1015.jpg, http://images.manheim.co.uk/images/units/zoom/insp-0001-3989334-3986588-1016.jpg, http://images.manheim.co.uk/images/units/zoom/insp-0001-3989334-3986588-1017.jpg, http://images.manheim.co.uk/images/units/zoom/insp-0001-3989334-3986588-1018.jpg, http://images.manheim.co.uk/images/units/zoom/insp-0001-3989334-3986588-1019.jpg, http://images.manheim.co.uk/images/units/zoom/insp-0001-3989334-3986588-1020.jpg, http://images.manheim.co.uk/images/units/zoom/insp-0001-3989334-3986588-1021.jpg, http://images.manheim.co.uk/images/units/zoom/insp-0001-3989334-3986588-1022.jpg, http://images.manheim.co.uk/images/units/zoom/insp-0001-3989334-3986588-1023.jpg, http://images.manheim.co.uk/images/units/zoom/insp-0001-3989334-3986588-1024.jpg, http://images.manheim.co.uk/images/units/zoom/insp-0001-3989334-3986588-1025.jpg, http://images.manheim.co.uk/images/units/zoom/insp-0001-3989334-3986588-1026.jpg, http://images.manheim.co.uk/images/units/zoom/insp-0001-3989334-3986588-1027.jpg, http://images.manheim.co.uk/images/units/zoom/insp-0001-3989334-3986588-1028.jpg, http://images.manheim.co.uk/images/units/zoom/insp-0001-3989334-3986588-1029.jpg, http://images.manheim.co.uk/images/units/zoom/insp-0001-3989334-3986588-1030.jpg",http://ecr.manheim.co.uk/pdf/MOL-0003989334-01973690-004.pdf,4,6,18/01/2020,8832,"20/01/2025, 19/05/2022, 17/05/2022, 29/06/2021, 03/07/2020, 18/01/2020","72320, 24998, 24994, 18842, 10031, 8832","braithwaites garage ltd, Lloyd Land Rover, Ripon, Lloyd Land Rover, Ripon, DLS uk Ltd, DLS uk Ltd, Rybrook Land Rover, Huddersfield","Digital, Digital, Digital, Digital, Digital, Digital",,Nov-25,LAND ROVER,DISCOVERY,2.0 Si4 HSE Luxury 5dr Auto,0,18/12/2025, 
YL15EOP,"BMW
2 SERIES
218i Sport 2dr",Lane 2 - Stellantis & You...,Manual,Petrol,1.5,2.0,£5400,£4700,£7450,3,CoupeGRADE 3SC SilverView Report,SC Silver,2015,Jul 2015,65415,WHITE,WHITE,Solid,BLACK,CLOTH,4,2,With Manheim,Margin,No,No,No,Lloyd Motor Group,Leeds,"6 Speed, Air Conditioning, Bluetooth, Cruise Control, Radio CD, Traction Control, CO2: 130","18 Double-spoke light alloy wheels,","£4,500",https://www.manheim.co.uk/nama,"http://images.manheim.co.uk/images/units/zoom/af820ef0-0b23-462f-96df-e118f563cfdb_ext_7.jpg, http://images.manheim.co.uk/images/units/zoom/af820ef0-0b23-462f-96df-e118f563cfdb_ext_6.jpg, http://images.manheim.co.uk/images/units/zoom/af820ef0-0b23-462f-96df-e118f563cfdb_ext_1.jpg, http://images.manheim.co.uk/images/units/zoom/af820ef0-0b23-462f-96df-e118f563cfdb_5.jpg, http://images.manheim.co.uk/images/units/zoom/af820ef0-0b23-462f-96df-e118f563cfdb_4.jpg, http://images.manheim.co.uk/images/units/zoom/af820ef0-0b23-462f-96df-e118f563cfdb_11.jpg, http://images.manheim.co.uk/images/units/zoom/af820ef0-0b23-462f-96df-e118f563cfdb_10.jpg, http://images.manheim.co.uk/images/units/zoom/af820ef0-0b23-462f-96df-e118f563cfdb_9.jpg, http://images.manheim.co.uk/images/units/zoom/af820ef0-0b23-462f-96df-e118f563cfdb_ext_2.jpg, http://images.manheim.co.uk/images/units/zoom/af820ef0-0b23-462f-96df-e118f563cfdb_ext_5.jpg, http://images.manheim.co.uk/images/units/zoom/af820ef0-0b23-462f-96df-e118f563cfdb_ext_3.jpg, http://images.manheim.co.uk/images/units/zoom/af820ef0-0b23-462f-96df-e118f563cfdb_ext_4.jpg, http://images.manheim.co.uk/images/units/zoom/insp-0001-2808927-4014554-13.jpg, http://images.manheim.co.uk/images/units/zoom/insp-0001-2808927-4014554-1000.jpg, http://images.manheim.co.uk/images/units/zoom/insp-0001-2808927-4014554-1001.jpg, http://images.manheim.co.uk/images/units/zoom/insp-0001-2808927-4014554-1002.jpg, http://images.manheim.co.uk/images/units/zoom/insp-0001-2808927-4014554-1003.jpg, http://images.manheim.co.uk/images/units/zoom/insp-0001-2808927-4014554-1004.jpg, http://images.manheim.co.uk/images/units/zoom/insp-0001-2808927-4014554-1005.jpg, http://images.manheim.co.uk/images/units/zoom/insp-0001-2808927-4014554-1006.jpg, http://images.manheim.co.uk/images/units/zoom/insp-0001-2808927-4014554-1007.jpg, http://images.manheim.co.uk/images/units/zoom/insp-0001-2808927-4014554-1008.jpg, http://images.manheim.co.uk/images/units/zoom/insp-0001-2808927-4014554-1009.jpg, http://images.manheim.co.uk/images/units/zoom/insp-0001-2808927-4014554-1010.jpg, http://images.manheim.co.uk/images/units/zoom/insp-0001-2808927-4014554-1011.jpg",http://ecr.manheim.co.uk/pdf/MOL-0002808927-01989916-002.pdf,6,1,05/10/2017,16891,05/10/2017,16891,Stratstone Doncaster,Print,,Mar-26,BMW,2 SERIES,218i Sport 2dr,0,05/01/2026, 
YN73KYK,"MAZDA
CX-5
2.0 e-Skyactiv G MHEV Centre-Line 5dr Auto",Lane 2 - Available Car / ...,Automatic,Petrol,2.0,5.0,£19700,£18350,£22250,1,EstateGRADE 1CP GREENSC SilverView Report,CP GREEN,2023,Sep 2023,11953,RED,RED,Metallic,BLACK,CLOTH,5,2,With Manheim,Margin,No,No,No,Lloyd Motor Group,Leeds,"Air Conditioning, Auto Climate Control, Automatic Lights, Automatic Wipers, Bluetooth, Cruise Control, DAB, Dual Zone Climate, Front Parking Sensors, Ipod Connectivity, Media Connectivity, Rear Parking Sensors, Sat Nav Functioning, Traction Control, CO2: 155","Tow Bar, Alloys, Parking sensors, Sat Nav, Dash Cam","£18,600",https://www.manheim.co.uk/nama,"http://images.manheim.co.uk/images/units/zoom/15b1a897-9354-479d-abc0-2f49972faf79_ext_7.jpg, http://images.manheim.co.uk/images/units/zoom/15b1a897-9354-479d-abc0-2f49972faf79_ext_6.jpg, http://images.manheim.co.uk/images/units/zoom/15b1a897-9354-479d-abc0-2f49972faf79_ext_1.jpg, http://images.manheim.co.uk/images/units/zoom/15b1a897-9354-479d-abc0-2f49972faf79_5.jpg, http://images.manheim.co.uk/images/units/zoom/15b1a897-9354-479d-abc0-2f49972faf79_4.jpg, http://images.manheim.co.uk/images/units/zoom/15b1a897-9354-479d-abc0-2f49972faf79_11.jpg, http://images.manheim.co.uk/images/units/zoom/15b1a897-9354-479d-abc0-2f49972faf79_10.jpg, http://images.manheim.co.uk/images/units/zoom/15b1a897-9354-479d-abc0-2f49972faf79_9.jpg, http://images.manheim.co.uk/images/units/zoom/15b1a897-9354-479d-abc0-2f49972faf79_ext_2.jpg, http://images.manheim.co.uk/images/units/zoom/15b1a897-9354-479d-abc0-2f49972faf79_ext_5.jpg, http://images.manheim.co.uk/images/units/zoom/15b1a897-9354-479d-abc0-2f49972faf79_ext_3.jpg, http://images.manheim.co.uk/images/units/zoom/15b1a897-9354-479d-abc0-2f49972faf79_ext_4.jpg, http://images.manheim.co.uk/images/units/zoom/insp-0001-4005325-4015872-13.jpg, http://images.manheim.co.uk/images/units/zoom/insp-0001-4005325-4015872-1000.jpg, http://images.manheim.co.uk/images/units/zoom/insp-0001-4005325-4015872-1001.jpg",http://ecr.manheim.co.uk/pdf/MOL-0004005325-01987426-002.pdf,1,1,11/09/2024,4836,11/09/2024,4836,Stoneacre,Print,,Feb-26,MAZDA,CX-5,2.0 e-Skyactiv G MHEV Centre-Line 5dr Auto,0,05/01/2026, 
YT25XWE,"FORD
CAPRI
250kW Premium 79kWh AWD 5dr Auto",Lane 1 - Arval / Novuna /...,Automatic,Electric,,,£30300,£29000,£33250,1,,CP GREEN,2025,Mar 2025,17444,BLUE,BLUE,Metallic,GREY,LEATHER,5,1,With Manheim,Margin,No,No,No,VLS Vehicle Lease & Service Ltd,Leeds,"Air Conditioning, Auto Climate Control, Automatic Lights, Aux In, Bluetooth, Cruise Control, DAB, Dual Zone Climate, Front Parking Sensors, Full Leather Trim, Heated Front Screen, Heated Seats, Ipod Connectivity, Media Connectivity, Panoramic Roof, Rear Parking Sensors, Reversing camera, Sat Nav Functioning, Traction Control, CO2: 0",,"£31,000",https://www.manheim.co.uk/nama,"http://images.manheim.co.uk/images/units/zoom/c711ecb5-bd50-44a9-aced-deb0e62617cb_ext_7.jpg, http://images.manheim.co.uk/images/units/zoom/c711ecb5-bd50-44a9-aced-deb0e62617cb_ext_6.jpg, http://images.manheim.co.uk/images/units/zoom/c711ecb5-bd50-44a9-aced-deb0e62617cb_ext_1.jpg, http://images.manheim.co.uk/images/units/zoom/c711ecb5-bd50-44a9-aced-deb0e62617cb_5.jpg, http://images.manheim.co.uk/images/units/zoom/c711ecb5-bd50-44a9-aced-deb0e62617cb_4.jpg, http://images.manheim.co.uk/images/units/zoom/c711ecb5-bd50-44a9-aced-deb0e62617cb_11.jpg, http://images.manheim.co.uk/images/units/zoom/c711ecb5-bd50-44a9-aced-deb0e62617cb_10.jpg, http://images.manheim.co.uk/images/units/zoom/c711ecb5-bd50-44a9-aced-deb0e62617cb_9.jpg, http://images.manheim.co.uk/images/units/zoom/c711ecb5-bd50-44a9-aced-deb0e62617cb_ext_2.jpg, http://images.manheim.co.uk/images/units/zoom/c711ecb5-bd50-44a9-aced-deb0e62617cb_ext_5.jpg, http://images.manheim.co.uk/images/units/zoom/c711ecb5-bd50-44a9-aced-deb0e62617cb_ext_3.jpg, http://images.manheim.co.uk/images/units/zoom/c711ecb5-bd50-44a9-aced-deb0e62617cb_ext_4.jpg, http://images.manheim.co.uk/images/units/zoom/insp-0001-3973829-3966279-13.jpg, http://images.manheim.co.uk/images/units/zoom/insp-0001-3973829-3966279-1000.jpg",http://ecr.manheim.co.uk/pdf/MOL-0003973829-01954981-003.pdf,1,0,,,,,,,,,FORD,CAPRI,250kW Premium 79kWh AWD 5dr Auto,0,05/01/2026, 
YT66YDJ,"MINI
COUNTRYMAN
1.6 One 5dr",Lane 1 - Motor Dough / Ke...,Manual,Petrol,1.6,5.0,£2825,£2325,£4650,3,HatchbackGRADE 3CP GREENSC SilverView Report,CP GREEN,2016,Sep 2016,95958,BLACK,BLACK,Metallic,BLACK,CLOTH,5,2,With Manheim,Margin,No,No,No,Motor Dough,Leeds,"6 Speed, Air Conditioning, Auto Climate Control, Aux In, Radio CD, Rear Parking Sensors, Traction Control, CO2: 134",,"£1,500",https://www.manheim.co.uk/nama,"http://images.manheim.co.uk/images/units/zoom/e0fdad87-9db1-436b-bbea-c05e59c4abcc_ext_7.jpg, http://images.manheim.co.uk/images/units/zoom/e0fdad87-9db1-436b-bbea-c05e59c4abcc_ext_6.jpg, http://images.manheim.co.uk/images/units/zoom/e0fdad87-9db1-436b-bbea-c05e59c4abcc_ext_1.jpg, http://images.manheim.co.uk/images/units/zoom/e0fdad87-9db1-436b-bbea-c05e59c4abcc_5.jpg, http://images.manheim.co.uk/images/units/zoom/e0fdad87-9db1-436b-bbea-c05e59c4abcc_4.jpg, http://images.manheim.co.uk/images/units/zoom/e0fdad87-9db1-436b-bbea-c05e59c4abcc_11.jpg, http://images.manheim.co.uk/images/units/zoom/e0fdad87-9db1-436b-bbea-c05e59c4abcc_10.jpg, http://images.manheim.co.uk/images/units/zoom/e0fdad87-9db1-436b-bbea-c05e59c4abcc_9.jpg, http://images.manheim.co.uk/images/units/zoom/e0fdad87-9db1-436b-bbea-c05e59c4abcc_ext_2.jpg, http://images.manheim.co.uk/images/units/zoom/e0fdad87-9db1-436b-bbea-c05e59c4abcc_ext_5.jpg, http://images.manheim.co.uk/images/units/zoom/e0fdad87-9db1-436b-bbea-c05e59c4abcc_ext_3.jpg, http://images.manheim.co.uk/images/units/zoom/e0fdad87-9db1-436b-bbea-c05e59c4abcc_ext_4.jpg, http://images.manheim.co.uk/images/units/zoom/insp-0001-3999031-4002584-13.jpg, http://images.manheim.co.uk/images/units/zoom/insp-0001-3999031-4002584-1000.jpg, http://images.manheim.co.uk/images/units/zoom/insp-0001-3999031-4002584-1001.jpg, http://images.manheim.co.uk/images/units/zoom/insp-0001-3999031-4002584-1002.jpg, http://images.manheim.co.uk/images/units/zoom/insp-0001-3999031-4002584-1003.jpg, http://images.manheim.co.uk/images/units/zoom/insp-0001-3999031-4002584-1004.jpg, http://images.manheim.co.uk/images/units/zoom/insp-0001-3999031-4002584-1005.jpg, http://images.manheim.co.uk/images/units/zoom/insp-0001-3999031-4002584-1006.jpg, http://images.manheim.co.uk/images/units/zoom/insp-0001-3999031-4002584-1007.jpg, http://images.manheim.co.uk/images/units/zoom/insp-0001-3999031-4002584-1008.jpg, http://images.manheim.co.uk/images/units/zoom/insp-0001-3999031-4002584-1009.jpg, http://images.manheim.co.uk/images/units/zoom/insp-0001-3999031-4002584-1010.jpg, http://images.manheim.co.uk/images/units/zoom/insp-0001-3999031-4002584-1011.jpg, http://images.manheim.co.uk/images/units/zoom/insp-0001-3999031-4002584-1012.jpg, http://images.manheim.co.uk/images/units/zoom/insp-0001-3999031-4002584-1013.jpg, http://images.manheim.co.uk/images/units/zoom/insp-0001-3999031-4002584-1014.jpg, http://images.manheim.co.uk/images/units/zoom/insp-0001-3999031-4002584-1015.jpg, http://images.manheim.co.uk/images/units/zoom/insp-0001-3999031-4002584-1016.jpg, http://images.manheim.co.uk/images/units/zoom/insp-0001-3999031-4002584-1017.jpg, http://images.manheim.co.uk/images/units/zoom/insp-0001-3999031-4002584-1018.jpg, http://images.manheim.co.uk/images/units/zoom/insp-0001-3999031-4002584-1019.jpg, http://images.manheim.co.uk/images/units/zoom/insp-0001-3999031-4002584-1020.jpg, http://images.manheim.co.uk/images/units/zoom/insp-0001-3999031-4002584-1021.jpg, http://images.manheim.co.uk/images/units/zoom/insp-0001-3999031-4002584-1022.jpg, http://images.manheim.co.uk/images/units/zoom/insp-0001-3999031-4002584-1023.jpg, http://images.manheim.co.uk/images/units/zoom/insp-0001-3999031-4002584-1024.jpg, http://images.manheim.co.uk/images/units/zoom/insp-0001-3999031-4002584-1025.jpg, http://images.manheim.co.uk/images/units/zoom/insp-0001-3999031-4002584-1026.jpg, http://images.manheim.co.uk/images/units/zoom/insp-0001-3999031-3995534-1027.jpg",http://ecr.manheim.co.uk/pdf/MOL-0003999031-01980248-005.pdf,4,4,03/09/2018,26139,"19/05/2025, 25/03/2022, 10/06/2020, 03/09/2018","91500, 52649, 40244, 26139","Maghull MOT & Service Centre, Maghull MOT & Service Centre, MerxWorx, Gerry Foley Motors","Print, Print, Book, Book",,Jun-26,MINI,COUNTRYMAN,1.6 One 5dr,0,18/12/2025, 
