Reg,VIN,Auction type,Center,Hall Name,Auction Name,Title,Make,Model,CC,Start Date,Start Time,Derivative,Body Type,Mileage Warranted,Mileage,Year,Plate,CAP Clean,Grade,Mechanical Grade,Date Of Grading,Images,Inspection Report,Other Report,Other Report Name,lot Id,Lot,Colour,Non Runner,Fuel Type,Transmission,Doors,Former Keepers,V5 Status,V5,Service History Type,VAT Status,Service History Present,Vehicle Type,Equipment,Last Service,Last service mileage,Service history,No of services,Service through main dealers,Service Notes,Additional information,Keys,DVSA mileage,MOT Expiry Date,Declarations,Major Damage,Owned By Police,Used As Taxi,Reregistered,Change Of Registration,Modified Vehicle,Salvaged Vehicle,CAP Average,CAP New,CAP Retail,CAP Below,Vehicle base price when new,Total price when new,Description and prize,Sheet id,Auction House
VO13 OWD,VF7SA5FS0DW515411,Bristol,Bristol,,UKCGR Budget,CITROEN DS3 1.6 VTI 120 DSTYLE PLUS Hatchback,CITROEN,DS3,1.6,2026-01-27,00:00:00,VTI 120 DSTYLE PLUS,Hatchback,Yes,105268,2013,2013 (13 reg),840,4,B,2026-01-26T00:00:00Z,"https://www1.bcaimage.com/Document?DocType=VehicleImage&width=600&docId=674312020, https://www1.bcaimage.com/Document?DocType=VehicleImage&width=600&docId=674312026, https://www1.bcaimage.com/Document?DocType=VehicleImage&width=600&docId=674312035, https://www1.bcaimage.com/Document?DocType=VehicleImage&width=600&docId=674312041, https://www1.bcaimage.com/Document?DocType=VehicleImage&width=600&docId=674312048, https://www1.bcaimage.com/Document?DocType=VehicleImage&width=600&docId=674312062, https://www1.bcaimage.com/Document?DocType=VehicleImage&width=600&docId=674312073, https://www1.bcaimage.com/Document?DocType=VehicleImage&width=600&docId=674312086, https://www1.bcaimage.com/Document?DocType=VehicleImage&width=600&docId=674312099, https://www1.bcaimage.com/Document?DocType=VehicleImage&width=600&docId=674312114",https://www1.bcaimage.com/Document?DocType=InspectionBase&Reg=VO13 OWD-GB,https://www1.bcaimage.com/Document?DocType=SpecificationSheet&Reg=VO13 OWD-GB,mechanicalreporturl,0,U043BR,RED,False,Petrol,Manual Transmission,3,5,True,Present,Invoice/Receipt,VAT Margin,True,Car,"Parking Sensor(s), Climate Control, 17"" Alloy Wheels, Tyre Inflation Kit, Privacy Glass",2023-05-31T00:00:00Z,90426,Invoice/Receipt,4,1,,"[{'cO2': '136 g/km', 'nox': '0.048 g/km'}, 'na']",2,"26k 2016-02-09T09:57:01Z, 35k 2017-03-10T10:44:05Z, 43k 2018-03-08T12:39:13Z, 52k 2019-03-22T15:30:54Z, 61k 2020-03-25T11:13:26Z, 70k 2021-04-01T10:11:50Z, 87k 2022-04-01T15:39:26Z, 90k 2023-04-18T11:53:38Z, 95k 2024-04-15T12:44:23Z, 105k 2025-11-04T10:41:17Z",2026-11-03T00:00:00Z,,False,False,False,False,False,False,False,410,"15,625","1,950",190,,,na,,BCA
GJ58 UVK,WF0PXXWPDP8D06483,Thurleigh,Thurleigh,,UKCGR Budget,FORD FOCUS 1.6 ZETEC Hatchback,FORD,FOCUS,1.6,2026-01-27,00:00:00,ZETEC,Hatchback,Yes,110051,2008,2008 (58 reg),820,5,C,2026-01-26T00:00:00Z,"https://www1.bcaimage.com/Document?DocType=VehicleImage&width=600&docId=674179204, https://www1.bcaimage.com/Document?DocType=VehicleImage&width=600&docId=674179209, https://www1.bcaimage.com/Document?DocType=VehicleImage&width=600&docId=674179213, https://www1.bcaimage.com/Document?DocType=VehicleImage&width=600&docId=674179217, https://www1.bcaimage.com/Document?DocType=VehicleImage&width=600&docId=674179223, https://www1.bcaimage.com/Document?DocType=VehicleImage&width=600&docId=674179228, https://www1.bcaimage.com/Document?DocType=VehicleImage&width=600&docId=674179233, https://www1.bcaimage.com/Document?DocType=VehicleImage&width=600&docId=674179240, https://www1.bcaimage.com/Document?DocType=VehicleImage&width=600&docId=674179246, https://www1.bcaimage.com/Document?DocType=VehicleImage&width=600&docId=674179252",https://www1.bcaimage.com/Document?DocType=InspectionBase&Reg=GJ58 UVK-GB,https://www1.bcaimage.com/Document?DocType=SpecificationSheet&Reg=GJ58 UVK-GB,mechanicalreporturl,0,U087TH,SILVER,False,Petrol,Manual Transmission,5,10,True,Present,Invoice/Receipt,VAT Margin,True,Car,"Air Conditioning, Alloy Wheels, Steel Spare Wheel",2023-10-24T00:00:00Z,104476,Invoice/Receipt,1,0,,"[{'cO2': '159 g/km', 'nox': '0.050 g/km'}, ['Fault - bonnet release', 'Fault(ext) - key issue']]",1,"20k 2011-05-23T11:17:34Z, 25k 2012-05-07T09:35:04Z, 29k 2013-05-27T12:54:21Z, 34k 2014-05-26T09:00:38Z, 41k 2015-06-29T10:01:13Z, 49k 2016-07-01T11:31:46Z, 59k 2017-06-27T16:11:24Z, 69k 2018-06-19T13:37:18Z, 78k 2019-04-12T15:12:02Z, 85k 2020-09-10T10:25:29Z, 95k 2022-09-23T09:41:25Z, 104k 2024-03-04T17:40:06Z, 108k 2025-03-24T17:12:05Z",2026-03-23T00:00:00Z,,False,False,False,False,False,False,False,400,"15,645","1,795",200,,,na,,BCA
WJ61 LOF,W0LGS6EM8B1207299,Online Only,Bedford,,UKCGR Budget,VAUXHALL INSIGNIA 2.0 CDTI 160 SRI Hatchback,VAUXHALL,INSIGNIA,2.0,2026-01-27,09:00:00,CDTI 160 SRI,Hatchback,Yes,137059,2011,2011 (61 reg),810,4,A,2026-01-23T00:00:00Z,"https://www1.bcaimage.com/Document?DocType=VehicleImage&width=600&docId=673676723, https://www1.bcaimage.com/Document?DocType=VehicleImage&width=600&docId=673676732, https://www1.bcaimage.com/Document?DocType=VehicleImage&width=600&docId=673676740, https://www1.bcaimage.com/Document?DocType=VehicleImage&width=600&docId=673676744, https://www1.bcaimage.com/Document?DocType=VehicleImage&width=600&docId=673676751, https://www1.bcaimage.com/Document?DocType=VehicleImage&width=600&docId=673676761, https://www1.bcaimage.com/Document?DocType=VehicleImage&width=600&docId=673676772, https://www1.bcaimage.com/Document?DocType=VehicleImage&width=600&docId=673676785, https://www1.bcaimage.com/Document?DocType=VehicleImage&width=600&docId=673676806, https://www1.bcaimage.com/Document?DocType=VehicleImage&width=600&docId=673676822",https://www1.bcaimage.com/Document?DocType=InspectionBase&Reg=WJ61 LOF-GB,https://www1.bcaimage.com/Document?DocType=SpecificationSheet&Reg=WJ61 LOF-GB,mechanicalreporturl,0,U001BD,SILVER,False,Diesel,Automatic,5,6,True,Present,Service Book,VAT Margin,True,Car,"Air Conditioning, Parking Sensor(s), Temporary Spare Wheel, 17"" Alloy Wheels",2025-11-21T00:00:00Z,136404,Service Book,15,3,,"[{'cO2': '159 g/km', 'nox': '0.099 g/km'}, 'na']",1,"20k 2014-08-27T15:19:49Z, 26k 2015-06-16T12:26:58Z, 36k 2016-05-25T13:35:51Z, 49k 2017-06-15T08:35:10Z, 68k 2018-06-11T12:50:22Z, 89k 2019-06-03T12:25:03Z, 103k 2020-06-12T10:42:59Z, 107k 2021-06-30T08:45:12Z, 112k 2022-06-10T10:24:47Z, 118k 2023-06-19T14:34:48Z, 126k 2024-06-10T09:13:10Z, 134k 2025-06-19T08:58:13Z",2026-06-29T00:00:00Z,changeOfRegistration,False,False,False,False,True,False,False,410,"25,945","1,875",170,,,na,,BCA
EO62 NXJ,WF0UXXLTRUCE76699,Online Only,Bedford,,UKCGR Budget,FORD KA 1.2 STUDIO S/S Hatchback,FORD,KA,1.2,2026-01-27,09:00:00,STUDIO S/S,Hatchback,Yes,67830,2012,2012 (62 reg),950,3,C,2026-01-26T00:00:00Z,"https://www1.bcaimage.com/Document?DocType=VehicleImage&width=600&docId=674183692, https://www1.bcaimage.com/Document?DocType=VehicleImage&width=600&docId=674183699, https://www1.bcaimage.com/Document?DocType=VehicleImage&width=600&docId=674183702, https://www1.bcaimage.com/Document?DocType=VehicleImage&width=600&docId=674183717, https://www1.bcaimage.com/Document?DocType=VehicleImage&width=600&docId=674183731, https://www1.bcaimage.com/Document?DocType=VehicleImage&width=600&docId=674183749, https://www1.bcaimage.com/Document?DocType=VehicleImage&width=600&docId=674183769, https://www1.bcaimage.com/Document?DocType=VehicleImage&width=600&docId=674183789",https://www1.bcaimage.com/Document?DocType=InspectionBase&Reg=EO62 NXJ-GB,https://www1.bcaimage.com/Document?DocType=SpecificationSheet&Reg=EO62 NXJ-GB,mechanicalreporturl,0,U002BD,WHITE,False,Petrol,Manual Transmission,3,5,True,Present,Service Book,VAT Margin,True,Car,na,2024-07-11T00:00:00Z,64038,Service Book,8,2,,"[{'cO2': '115 g/km', 'nox': '0.024 g/km'}, 'na']",2,"20k 2015-09-24T10:23:42Z, 26k 2016-09-23T11:48:41Z, 31k 2017-09-21T10:19:34Z, 36k 2018-07-03T09:45:21Z, 45k 2019-06-26T16:16:32Z, 57k 2021-08-04T16:31:47Z, 62k 2022-08-25T14:43:42Z, 63k 2022-11-01T15:02:44Z, 63k 2023-10-24T12:05:46Z, 64k 2024-11-04T14:39:50Z, 67k 2025-12-22T16:32:21Z",2026-12-21T00:00:00Z,,False,False,False,False,False,False,False,550,"8,670","1,995",220,,,na,,BCA
OY05 UEO,YV1MS384952101563,Online Only,Bedford,,UKCGR Budget,VOLVO S40 2.4 SE SPORT G/T Saloon,VOLVO,S40,2.4,2026-01-27,09:00:00,SE SPORT G/T,Saloon,Yes,78403,2005,2005 (05 reg),0,4,C,2026-01-26T00:00:00Z,"https://www1.bcaimage.com/Document?DocType=VehicleImage&width=600&docId=674206148, https://www1.bcaimage.com/Document?DocType=VehicleImage&width=600&docId=674206161, https://www1.bcaimage.com/Document?DocType=VehicleImage&width=600&docId=674206176, https://www1.bcaimage.com/Document?DocType=VehicleImage&width=600&docId=674206186, https://www1.bcaimage.com/Document?DocType=VehicleImage&width=600&docId=674206199, https://www1.bcaimage.com/Document?DocType=VehicleImage&width=600&docId=674206213, https://www1.bcaimage.com/Document?DocType=VehicleImage&width=600&docId=674206232, https://www1.bcaimage.com/Document?DocType=VehicleImage&width=600&docId=674206250, https://www1.bcaimage.com/Document?DocType=VehicleImage&width=600&docId=674206268, https://www1.bcaimage.com/Document?DocType=VehicleImage&width=600&docId=674206287",https://www1.bcaimage.com/Document?DocType=InspectionBase&Reg=OY05 UEO-GB,https://www1.bcaimage.com/Document?DocType=SpecificationSheet&Reg=OY05 UEO-GB,mechanicalreporturl,0,U003BD,BLACK,False,Petrol,Auto/Manual Mode,4,8,True,Present,No,VAT Margin,False,Car,"Parking Sensor(s), Climate Control, Leather Trim, Temporary Spare Wheel, 17"" Alloy Wheels, Sunroof",0001-01-01T00:00:00Z,0,,0,0,,"[{'cO2': '217 g/km', 'nox': '0.014 g/km'}, 'na']",1,"14k 2008-06-04T11:02:16Z, 19k 2009-06-02T11:03:53Z, 23k 2010-05-27T12:09:11Z, 25k 2011-06-02T08:51:04Z, 28k 2012-05-30T12:40:30Z, 32k 2013-05-23T16:54:13Z, 35k 2014-05-23T17:09:20Z, 38k 2015-05-20T10:05:17Z, 39k 2016-05-25T11:42:48Z, 39k 2017-06-09T09:30:08Z, 42k 2018-06-07T10:36:48Z, 47k 2018-11-02T16:47:18Z, 54k 2019-10-19T11:09:58Z, 59k 2020-10-21T09:31:13Z, 65k 2022-01-12T08:55:01Z, 68k 2023-01-18T14:52:04Z, 70k 2024-02-11T14:46:18Z, 77k 2025-06-04T15:31:34Z",2026-06-03T00:00:00Z,changeOfRegistration,False,False,False,False,True,False,False,,,,,,,na,,BCA
WU08 ZYK,TMBDF65J093007451,Online Only,Blackbushe,,UKCGR Budget,SKODA FABIA 1.4 TDI PD 80 3 Hatchback,SKODA,FABIA,1.4,2026-01-27,09:00:00,TDI PD 80 3,Hatchback,Yes,79750,2008,2008 (08 reg),710,3,A,2026-01-26T00:00:00Z,"https://www1.bcaimage.com/Document?DocType=VehicleImage&width=600&docId=674196611, https://www1.bcaimage.com/Document?DocType=VehicleImage&width=600&docId=674196620, https://www1.bcaimage.com/Document?DocType=VehicleImage&width=600&docId=674196632, https://www1.bcaimage.com/Document?DocType=VehicleImage&width=600&docId=674196642, https://www1.bcaimage.com/Document?DocType=VehicleImage&width=600&docId=674196652, https://www1.bcaimage.com/Document?DocType=VehicleImage&width=600&docId=674196669, https://www1.bcaimage.com/Document?DocType=VehicleImage&width=600&docId=674196682, https://www1.bcaimage.com/Document?DocType=VehicleImage&width=600&docId=674196694, https://www1.bcaimage.com/Document?DocType=VehicleImage&width=600&docId=674196703, https://www1.bcaimage.com/Document?DocType=VehicleImage&width=600&docId=674196716",https://www1.bcaimage.com/Document?DocType=InspectionBase&Reg=WU08 ZYK-GB,https://www1.bcaimage.com/Document?DocType=SpecificationSheet&Reg=WU08 ZYK-GB,mechanicalreporturl,0,U004BB,BLACK,False,Diesel,Manual Transmission,5,3,True,Present,Service Book,VAT Margin,True,Car,"Climate Control, Alloy Wheels, Steel Spare Wheel",2024-09-26T00:00:00Z,75728,Service Book,16,6,,"[{'cO2': '120 g/km', 'nox': '0.198 g/km'}, 'na']",2,"25k 2011-06-13T12:39:11Z, 33k 2012-06-13T14:31:15Z, 40k 2013-06-12T12:32:04Z, 47k 2014-06-12T14:53:40Z, 52k 2015-09-30T08:48:31Z, 55k 2016-09-23T08:59:19Z, 57k 2017-09-27T09:55:00Z, 60k 2018-09-19T10:53:40Z, 62k 2019-09-27T08:18:59Z, 64k 2020-09-30T16:04:32Z, 66k 2021-09-27T07:52:13Z, 68k 2022-09-28T07:22:16Z, 72k 2023-09-29T11:44:23Z, 75k 2024-09-26T14:43:29Z, 78k 2025-09-26T08:22:32Z",2026-09-29T00:00:00Z,,False,False,False,False,False,False,False,320,"12,360","1,675",150,,,na,,BCA
HJ07 KZW,SB1KZ20E60F075969,Online Only,Blackbushe,,UKCGR Budget,TOYOTA COROLLA 1.6 VVTI COLOUR COLLECTION Hatchback,TOYOTA,COROLLA,1.6,2026-01-27,09:00:00,VVTI COLOUR COLLECTION,Hatchback,Yes,145971,2007,2007 (07 reg),970,5,B,2026-01-26T00:00:00Z,"https://www1.bcaimage.com/Document?DocType=VehicleImage&width=600&docId=674053337, https://www1.bcaimage.com/Document?DocType=VehicleImage&width=600&docId=674053340, https://www1.bcaimage.com/Document?DocType=VehicleImage&width=600&docId=674053344, https://www1.bcaimage.com/Document?DocType=VehicleImage&width=600&docId=674053347, https://www1.bcaimage.com/Document?DocType=VehicleImage&width=600&docId=674053349, https://www1.bcaimage.com/Document?DocType=VehicleImage&width=600&docId=674053352, https://www1.bcaimage.com/Document?DocType=VehicleImage&width=600&docId=674053355, https://www1.bcaimage.com/Document?DocType=VehicleImage&width=600&docId=674053360, https://www1.bcaimage.com/Document?DocType=VehicleImage&width=600&docId=674053364, https://www1.bcaimage.com/Document?DocType=VehicleImage&width=600&docId=674053368",https://www1.bcaimage.com/Document?DocType=InspectionBase&Reg=HJ07 KZW-GB,https://www1.bcaimage.com/Document?DocType=SpecificationSheet&Reg=HJ07 KZW-GB,mechanicalreporturl,0,U005BB,BLUE,False,Petrol,Manual Transmission,5,2,True,Present,Digital Service,VAT Margin,True,Car,"Climate Control, Alloy Wheels, Steel Spare Wheel",2010-02-18T00:00:00Z,33574,Digital Service,3,0,,"[{'cO2': '168 g/km', 'nox': '0.010 g/km'}, 'na']",1,"33k 2010-02-18T12:07:35Z, 44k 2011-02-21T14:29:45Z, 56k 2012-02-22T12:31:27Z, 69k 2013-02-25T14:29:04Z, 83k 2014-02-24T13:43:04Z, 88k 2015-02-25T13:28:42Z, 91k 2016-02-23T11:45:50Z, 96k 2017-02-15T09:50:25Z, 107k 2018-02-23T14:52:47Z, 114k 2019-02-27T14:18:29Z, 123k 2020-02-26T16:12:34Z, 126k 2021-02-09T11:12:26Z, 130k 2022-02-18T16:45:52Z, 134k 2023-02-13T12:14:10Z, 139k 2024-02-23T15:22:40Z, 143k 2025-02-20T10:16:31Z",2026-03-01T00:00:00Z,,False,False,False,False,False,False,False,560,"12,207","1,925",190,,,na,,BCA
RJ59 JYU,U5YHB311LAL049378,Online Only,Blackbushe,,UKCGR Budget,KIA PRO CEED 1.4 STRIKE Hatchback,KIA,PRO CEED,1.4,2026-01-27,09:00:00,STRIKE,Hatchback,Yes,101819,2010,2010 (59 reg),730,4,A,2026-01-25T00:00:00Z,"https://www1.bcaimage.com/Document?DocType=VehicleImage&width=600&docId=674023848, https://www1.bcaimage.com/Document?DocType=VehicleImage&width=600&docId=674023849, https://www1.bcaimage.com/Document?DocType=VehicleImage&width=600&docId=674023850, https://www1.bcaimage.com/Document?DocType=VehicleImage&width=600&docId=674023851, https://www1.bcaimage.com/Document?DocType=VehicleImage&width=600&docId=674023852, https://www1.bcaimage.com/Document?DocType=VehicleImage&width=600&docId=674023853, https://www1.bcaimage.com/Document?DocType=VehicleImage&width=600&docId=674023854, https://www1.bcaimage.com/Document?DocType=VehicleImage&width=600&docId=674023855, https://www1.bcaimage.com/Document?DocType=VehicleImage&width=600&docId=674023856, https://www1.bcaimage.com/Document?DocType=VehicleImage&width=600&docId=674023857",https://www1.bcaimage.com/Document?DocType=InspectionBase&Reg=RJ59 JYU-GB,https://www1.bcaimage.com/Document?DocType=SpecificationSheet&Reg=RJ59 JYU-GB,mechanicalreporturl,0,U006BB,WHITE,False,Petrol,Manual Transmission,3,4,True,Present,Invoice/Receipt,VAT Margin,True,Car,"Air Conditioning, Alloy Wheels, Temporary Spare Wheel",2025-01-03T00:00:00Z,91409,Invoice/Receipt,13,11,,"[{'cO2': '139 g/km', 'nox': '0.039 g/km'}, 'na']",2,"17k 2013-02-01T11:32:22Z, 22k 2014-02-13T09:49:58Z, 27k 2015-02-23T16:37:33Z, 33k 2016-02-23T09:58:19Z, 39k 2017-02-20T11:46:00Z, 45k 2018-01-29T13:41:11Z, 50k 2019-01-18T17:02:33Z, 54k 2020-01-17T09:45:29Z, 58k 2021-01-25T16:53:30Z, 64k 2022-01-20T16:57:56Z, 73k 2023-01-24T16:01:33Z, 82k 2024-01-24T10:57:52Z, 91k 2025-01-03T15:17:38Z",2026-01-24T00:00:00Z,,False,False,False,False,False,False,False,330,"10,520","1,625",150,,,na,,BCA
LL11 WJY,W0L0AHM75B2126134,Online Only,Blackbushe,,UKCGR Budget,VAUXHALL ZAFIRA 1.7 CDTI 110 E/F ELITE MPV,VAUXHALL,ZAFIRA,1.7,2026-01-27,09:00:00,CDTI 110 E/F ELITE,MPV,Yes,114053,2011,2011 (11 reg),830,4,D,2026-01-26T00:00:00Z,"https://www1.bcaimage.com/Document?DocType=VehicleImage&width=600&docId=674206223, https://www1.bcaimage.com/Document?DocType=VehicleImage&width=600&docId=674206233, https://www1.bcaimage.com/Document?DocType=VehicleImage&width=600&docId=674206240, https://www1.bcaimage.com/Document?DocType=VehicleImage&width=600&docId=674206251, https://www1.bcaimage.com/Document?DocType=VehicleImage&width=600&docId=674206262, https://www1.bcaimage.com/Document?DocType=VehicleImage&width=600&docId=674206276, https://www1.bcaimage.com/Document?DocType=VehicleImage&width=600&docId=674206296, https://www1.bcaimage.com/Document?DocType=VehicleImage&width=600&docId=674206315, https://www1.bcaimage.com/Document?DocType=VehicleImage&width=600&docId=674206336, https://www1.bcaimage.com/Document?DocType=VehicleImage&width=600&docId=674206351",https://www1.bcaimage.com/Document?DocType=InspectionBase&Reg=LL11 WJY-GB,https://www1.bcaimage.com/Document?DocType=SpecificationSheet&Reg=LL11 WJY-GB,mechanicalreporturl,0,U007BB,BLACK,False,Diesel,Manual Transmission,5,2,True,Present,No,VAT Margin,False,Car,"Parking Sensor(s), Climate Control, 7 Seats, Alloy Wheels, Privacy Glass",0001-01-01T00:00:00Z,0,,0,0,,"[{'cO2': '134 g/km', 'nox': '0.131 g/km'}, 'na']",1,"10k 2014-04-23T12:55:20Z, 16k 2015-04-11T09:56:04Z, 30k 2016-04-07T14:00:30Z, 50k 2017-04-03T14:04:19Z, 61k 2018-04-18T23:00:00Z, 72k 2019-04-09T16:01:37Z, 87k 2020-10-02T14:27:14Z, 92k 2021-10-21T14:14:07Z, 98k 2022-10-20T15:10:12Z, 102k 2023-10-12T13:13:21Z, 107k 2024-10-23T12:07:43Z, 112k 2025-10-10T14:36:45Z",2026-10-22T00:00:00Z,,False,False,False,False,False,False,False,430,"25,005","1,825",150,,,na,,BCA
W356 RLD,SALLPAMM3YA435750,Online Only,Blackbushe,,UKCGR Budget,LAND ROVER RANGE ROVER 4.0 V8 HSE StationWagon,LAND ROVER,RANGE ROVER,4.0,2026-01-27,09:00:00,V8 HSE,StationWagon,Yes,137806,00W,00W,0,5,E,2026-01-26T00:00:00Z,"https://www1.bcaimage.com/Document?DocType=VehicleImage&width=600&docId=674023887, https://www1.bcaimage.com/Document?DocType=VehicleImage&width=600&docId=674023888, https://www1.bcaimage.com/Document?DocType=VehicleImage&width=600&docId=674023889, https://www1.bcaimage.com/Document?DocType=VehicleImage&width=600&docId=674023890, https://www1.bcaimage.com/Document?DocType=VehicleImage&width=600&docId=674023891, https://www1.bcaimage.com/Document?DocType=VehicleImage&width=600&docId=674023892, https://www1.bcaimage.com/Document?DocType=VehicleImage&width=600&docId=674023893, https://www1.bcaimage.com/Document?DocType=VehicleImage&width=600&docId=674023894, https://www1.bcaimage.com/Document?DocType=VehicleImage&width=600&docId=674023895, https://www1.bcaimage.com/Document?DocType=VehicleImage&width=600&docId=674023896",https://www1.bcaimage.com/Document?DocType=InspectionBase&Reg=W356 RLD-GB,https://www1.bcaimage.com/Document?DocType=SpecificationSheet&Reg=W356 RLD-GB,mechanicalreporturl,0,U008BB,GREY,False,Petrol,Automatic,5,6,True,Present,Service Book,VAT Margin,True,Car,"Climate Control, Leather Trim, 18"" Alloy Wheels, Sunroof, Privacy Glass",2013-08-13T00:00:00Z,107402,Service Book,12,1,,"[{'cO2': None, 'nox': None}, 'na']",2,"44k 2005-12-22T15:01:35Z, 53k 2007-01-04T16:33:01Z, 60k 2007-12-07T15:36:10Z, 69k 2009-01-05T16:44:35Z, 78k 2010-01-11T14:48:09Z, 87k 2011-01-05T15:05:43Z, 94k 2012-01-17T16:15:57Z, 101k 2012-12-20T08:54:53Z, 101k 2012-12-20T12:15:20Z, 110k 2013-11-21T13:46:17Z, 124k 2014-12-03T14:19:27Z, 131k 2016-05-04T14:32:24Z, 134k 2017-11-01T11:55:14Z, 135k 2018-11-06T08:39:52Z, 136k 2019-11-12T14:06:56Z, 136k 2020-11-02T12:38:59Z, 136k 2021-11-25T15:49:44Z, 136k 2022-11-24T10:23:11Z, 137k 2023-11-09T16:24:17Z, 137k 2024-11-07T12:40:05Z, 137k 2025-11-25T11:12:59Z",2026-11-24T00:00:00Z,changeOfRegistration,False,False,False,False,True,False,False,,,,,,,na,,BCA
EA62 CFG,ZFA31200000900594,Online Only,Blackbushe,,UKCGR Budget,FIAT 500 1.2 POP S/S Hatchback,FIAT,500,1.2,2026-01-27,09:00:00,POP S/S,Hatchback,Yes,86189,2012,2012 (62 reg),1175,5,A,2026-01-26T00:00:00Z,"https://www1.bcaimage.com/Document?DocType=VehicleImage&width=600&docId=674030648, https://www1.bcaimage.com/Document?DocType=VehicleImage&width=600&docId=674030650, https://www1.bcaimage.com/Document?DocType=VehicleImage&width=600&docId=674030652, https://www1.bcaimage.com/Document?DocType=VehicleImage&width=600&docId=674030654, https://www1.bcaimage.com/Document?DocType=VehicleImage&width=600&docId=674030656, https://www1.bcaimage.com/Document?DocType=VehicleImage&width=600&docId=674030658, https://www1.bcaimage.com/Document?DocType=VehicleImage&width=600&docId=674030660, https://www1.bcaimage.com/Document?DocType=VehicleImage&width=600&docId=674030663, https://www1.bcaimage.com/Document?DocType=VehicleImage&width=600&docId=674030665, https://www1.bcaimage.com/Document?DocType=VehicleImage&width=600&docId=674030666",https://www1.bcaimage.com/Document?DocType=InspectionBase&Reg=EA62 CFG-GB,https://www1.bcaimage.com/Document?DocType=SpecificationSheet&Reg=EA62 CFG-GB,mechanicalreporturl,0,U009BB,WHITE,False,Petrol,Manual Transmission,3,6,True,Present,No,VAT Margin,False,Car,"Half Leather Trim, Temporary Spare Wheel",0001-01-01T00:00:00Z,0,,0,0,,"[{'cO2': '113 g/km', 'nox': '0.032 g/km'}, 'na']",1,"20k 2015-09-29T07:30:42Z, 30k 2017-04-10T08:17:24Z, 40k 2018-04-09T16:01:16Z, 46k 2019-03-29T12:10:12Z, 54k 2020-03-30T12:12:06Z, 60k 2021-03-15T10:45:06Z, 67k 2022-04-21T13:56:47Z, 71k 2023-03-25T14:37:49Z, 73k 2024-04-03T11:26:13Z, 78k 2025-04-05T10:00:07Z",2026-04-20T00:00:00Z,changeOfRegistration,False,False,False,False,True,False,False,770,"9,905","2,395",380,,,na,,BCA
WP11 EJL,WVWZZZ1KZBW348559,Online Only,Blackbushe,,UKCGR Budget,VOLKSWAGEN GOLF 1.6 TDI 105 MATCH Hatchback,VOLKSWAGEN,GOLF,1.6,2026-01-27,09:00:00,TDI 105 MATCH,Hatchback,Yes,184079,2011,2011 (11 reg),1075,4,A,2026-01-23T00:00:00Z,"https://www1.bcaimage.com/Document?DocType=VehicleImage&width=600&docId=673533056, https://www1.bcaimage.com/Document?DocType=VehicleImage&width=600&docId=673533061, https://www1.bcaimage.com/Document?DocType=VehicleImage&width=600&docId=673533072, https://www1.bcaimage.com/Document?DocType=VehicleImage&width=600&docId=673533084, https://www1.bcaimage.com/Document?DocType=VehicleImage&width=600&docId=673533098, https://www1.bcaimage.com/Document?DocType=VehicleImage&width=600&docId=673533125, https://www1.bcaimage.com/Document?DocType=VehicleImage&width=600&docId=673533148, https://www1.bcaimage.com/Document?DocType=VehicleImage&width=600&docId=673533162, https://www1.bcaimage.com/Document?DocType=VehicleImage&width=600&docId=673533173, https://www1.bcaimage.com/Document?DocType=VehicleImage&width=600&docId=673533188",https://www1.bcaimage.com/Document?DocType=InspectionBase&Reg=WP11 EJL-GB,https://www1.bcaimage.com/Document?DocType=SpecificationSheet&Reg=WP11 EJL-GB,mechanicalreporturl,0,U010BB,BLACK,False,Diesel,Manual Transmission,5,1,True,Present,Service Book,VAT Margin,True,Car,"Air Conditioning, Parking Sensor(s), Alloy Wheels, Steel Spare Wheel",2023-07-26T00:00:00Z,162685,Service Book,9,4,,"[{'cO2': '119 g/km', 'nox': '0.147 g/km'}, 'na']",2,"49k 2014-07-09T09:40:32Z, 67k 2015-06-17T12:54:36Z, 84k 2016-07-12T11:58:27Z, 94k 2017-06-29T09:04:10Z, 108k 2018-07-07T08:25:23Z, 126k 2019-07-08T14:33:58Z, 139k 2020-07-15T09:49:19Z, 146k 2021-07-26T08:41:25Z, 154k 2022-07-28T10:01:36Z, 162k 2023-07-26T16:16:04Z, 171k 2024-07-24T08:34:31Z, 179k 2025-07-25T08:00:22Z",2026-07-27T00:00:00Z,,False,False,False,False,False,False,False,680,"19,640","2,350",290,,,na,,BCA
NG62 CYP,VF3CCHMZ0DW004887,Online Only,Blackbushe,,UKCGR Budget,PEUGEOT 208 1.2 VTI ACTIVE Hatchback,PEUGEOT,208,1.2,2026-01-27,09:00:00,VTI ACTIVE,Hatchback,Yes,98974,2013,2013 (62 reg),1050,5,C,2026-01-26T00:00:00Z,"https://www1.bcaimage.com/Document?DocType=VehicleImage&width=600&docId=674184483, https://www1.bcaimage.com/Document?DocType=VehicleImage&width=600&docId=674184494, https://www1.bcaimage.com/Document?DocType=VehicleImage&width=600&docId=674184515, https://www1.bcaimage.com/Document?DocType=VehicleImage&width=600&docId=674184529, https://www1.bcaimage.com/Document?DocType=VehicleImage&width=600&docId=674184545, https://www1.bcaimage.com/Document?DocType=VehicleImage&width=600&docId=674184562, https://www1.bcaimage.com/Document?DocType=VehicleImage&width=600&docId=674184580, https://www1.bcaimage.com/Document?DocType=VehicleImage&width=600&docId=674184594, https://www1.bcaimage.com/Document?DocType=VehicleImage&width=600&docId=674184616, https://www1.bcaimage.com/Document?DocType=VehicleImage&width=600&docId=674184634",https://www1.bcaimage.com/Document?DocType=InspectionBase&Reg=NG62 CYP-GB,https://www1.bcaimage.com/Document?DocType=SpecificationSheet&Reg=NG62 CYP-GB,mechanicalreporturl,0,U011BB,BLUE,False,Petrol,Manual Transmission,5,5,True,Present,Service Book,VAT Margin,True,Car,"Air Conditioning, Parking Sensor(s), Alloy Wheels, Temporary Spare Wheel",2022-01-18T00:00:00Z,83177,Service Book,7,4,,"[{'cO2': '104 g/km', 'nox': '0.026 g/km'}, 'na']",1,"26k 2016-01-27T14:58:14Z, 36k 2017-01-20T12:14:08Z, 48k 2018-01-05T14:46:24Z, 63k 2019-01-21T16:45:17Z, 76k 2020-01-23T09:39:08Z, 79k 2021-01-29T14:22:29Z, 83k 2022-01-18T12:47:32Z, 89k 2023-01-30T12:04:23Z, 95k 2024-02-02T10:11:57Z, 98k 2025-02-05T12:39:08Z",2026-02-04T00:00:00Z,,False,False,False,False,False,False,False,660,"12,740","2,225",290,,,na,,BCA
GV10 DZN,WAUZZZ8TXAA062143,Online Only,Blackbushe,,UKCGR Budget,AUDI A5 SPORTBACK 2.0 TFSI 180 Hatchback,AUDI,A5 SPORTBACK,2.0,2026-01-27,09:00:00,TFSI 180,Hatchback,Yes,138254,2010,2010 (10 reg),1225,5,D,2026-01-26T00:00:00Z,"https://www1.bcaimage.com/Document?DocType=VehicleImage&width=600&docId=674195163, https://www1.bcaimage.com/Document?DocType=VehicleImage&width=600&docId=674195177, https://www1.bcaimage.com/Document?DocType=VehicleImage&width=600&docId=674195187, https://www1.bcaimage.com/Document?DocType=VehicleImage&width=600&docId=674195200, https://www1.bcaimage.com/Document?DocType=VehicleImage&width=600&docId=674195212, https://www1.bcaimage.com/Document?DocType=VehicleImage&width=600&docId=674195235, https://www1.bcaimage.com/Document?DocType=VehicleImage&width=600&docId=674195249, https://www1.bcaimage.com/Document?DocType=VehicleImage&width=600&docId=674195269, https://www1.bcaimage.com/Document?DocType=VehicleImage&width=600&docId=674195288, https://www1.bcaimage.com/Document?DocType=VehicleImage&width=600&docId=674195307",https://www1.bcaimage.com/Document?DocType=InspectionBase&Reg=GV10 DZN-GB,https://www1.bcaimage.com/Document?DocType=SpecificationSheet&Reg=GV10 DZN-GB,mechanicalreporturl,0,U012BB,BLACK,False,Petrol,Manual Transmission,5,2,True,Present,Service Book,VAT Margin,True,Car,"Climate Control, Leather Trim, Temporary Spare Wheel, 17"" Alloy Wheels",2025-04-25T00:00:00Z,129459,Service Book,15,2,,"[{'cO2': '152 g/km', 'nox': '0.053 g/km'}, 'na']",1,"23k 2013-05-24T16:34:22Z, 29k 2014-06-06T10:19:02Z, 36k 2015-06-05T09:49:42Z, 43k 2016-06-10T10:42:52Z, 48k 2017-05-30T10:26:26Z, 59k 2018-06-08T08:33:27Z, 68k 2019-06-05T08:20:42Z, 79k 2020-10-14T11:24:16Z, 85k 2021-09-24T09:57:43Z, 95k 2022-10-05T11:33:52Z, 108k 2023-09-20T08:57:49Z, 122k 2024-09-17T13:42:58Z, 135k 2025-10-06T09:14:04Z",2026-10-13T00:00:00Z,,False,False,False,False,False,False,False,890,"24,020","2,725",610,,,na,,BCA
VA08 AZR,WBAWD12090PM40479,Online Only,Blackbushe,,UKCGR Budget,BMW 320D 2.0 SE Coupe,BMW,320D,2.0,2026-01-27,09:00:00,SE,Coupe,Yes,139623,2008,2008 (08 reg),1250,5,A,2026-01-24T00:00:00Z,"https://www1.bcaimage.com/Document?DocType=VehicleImage&width=600&docId=673697330, https://www1.bcaimage.com/Document?DocType=VehicleImage&width=600&docId=673697334, https://www1.bcaimage.com/Document?DocType=VehicleImage&width=600&docId=673697339, https://www1.bcaimage.com/Document?DocType=VehicleImage&width=600&docId=673697344, https://www1.bcaimage.com/Document?DocType=VehicleImage&width=600&docId=673697349, https://www1.bcaimage.com/Document?DocType=VehicleImage&width=600&docId=673697357, https://www1.bcaimage.com/Document?DocType=VehicleImage&width=600&docId=673697363, https://www1.bcaimage.com/Document?DocType=VehicleImage&width=600&docId=673697372, https://www1.bcaimage.com/Document?DocType=VehicleImage&width=600&docId=673697383, https://www1.bcaimage.com/Document?DocType=VehicleImage&width=600&docId=673697394",https://www1.bcaimage.com/Document?DocType=InspectionBase&Reg=VA08 AZR-GB,https://www1.bcaimage.com/Document?DocType=SpecificationSheet&Reg=VA08 AZR-GB,mechanicalreporturl,0,U013BB,BLUE,False,Diesel,Automatic,2,6,True,Present,No,VAT Margin,False,Car,"Climate Control, Parking Sensor(s), Leather Trim, 17"" Alloy Wheels",0001-01-01T00:00:00Z,0,,0,0,,"[{'cO2': '145 g/km', 'nox': '0.169 g/km'}, 'na']",1,"20k 2011-07-19T16:26:17Z, 25k 2012-07-10T12:34:38Z, 31k 2013-07-26T15:46:59Z, 38k 2014-07-28T10:40:36Z, 41k 2015-03-31T11:05:50Z, 55k 2016-03-31T11:55:59Z, 77k 2017-02-24T11:16:54Z, 92k 2018-03-19T15:58:36Z, 104k 2019-04-02T16:44:40Z, 113k 2020-03-16T12:17:42Z, 122k 2021-10-23T14:41:12Z, 122k 2023-06-07T13:57:04Z, 129k 2024-06-06T07:48:05Z, 135k 2025-06-03T15:02:12Z",2026-06-06T00:00:00Z,,False,False,False,False,False,False,False,850,"29,510","2,750",450,,,na,,BCA
WU04 VEK,JTDKB20U200047502,Online Only,Blackbushe,,UKCGR Budget,TOYOTA PRIUS 1.5 VVTI T-SPIRIT HYBRID Hatchback,TOYOTA,PRIUS,1.5,2026-01-27,09:00:00,VVTI T-SPIRIT HYBRID,Hatchback,Yes,154198,2004,2004 (04 reg),0,5,A,2026-01-26T00:00:00Z,"https://www1.bcaimage.com/Document?DocType=VehicleImage&width=600&docId=674024783, https://www1.bcaimage.com/Document?DocType=VehicleImage&width=600&docId=674024784, https://www1.bcaimage.com/Document?DocType=VehicleImage&width=600&docId=674024785, https://www1.bcaimage.com/Document?DocType=VehicleImage&width=600&docId=674024786, https://www1.bcaimage.com/Document?DocType=VehicleImage&width=600&docId=674024787, https://www1.bcaimage.com/Document?DocType=VehicleImage&width=600&docId=674024790, https://www1.bcaimage.com/Document?DocType=VehicleImage&width=600&docId=674024791, https://www1.bcaimage.com/Document?DocType=VehicleImage&width=600&docId=674024794, https://www1.bcaimage.com/Document?DocType=VehicleImage&width=600&docId=674024796, https://www1.bcaimage.com/Document?DocType=VehicleImage&width=600&docId=674024798",https://www1.bcaimage.com/Document?DocType=InspectionBase&Reg=WU04 VEK-GB,https://www1.bcaimage.com/Document?DocType=SpecificationSheet&Reg=WU04 VEK-GB,mechanicalreporturl,0,U014BB,BROWN,False,Petrol/Electric,CVT,5,4,True,Present,Invoice/Receipt,VAT Margin,True,Car,"Navigation DVD, Climate Control, Temporary Spare Wheel",2025-09-25T00:00:00Z,153422,Invoice/Receipt,1,0,,"[{'cO2': '104 g/km', 'nox': '0.010 g/km'}, 'na']",2,"30k 2007-03-20T09:41:07Z, 37k 2008-03-08T10:18:31Z, 48k 2009-03-07T12:02:06Z, 56k 2010-03-04T10:58:29Z, 65k 2011-03-02T13:05:05Z, 78k 2012-02-13T12:05:29Z, 87k 2012-08-21T16:07:36Z, 93k 2013-08-16T09:33:15Z, 99k 2014-07-31T14:58:26Z, 104k 2015-08-08T10:39:38Z, 110k 2016-08-04T09:56:26Z, 116k 2017-08-11T08:57:10Z, 123k 2018-08-15T14:58:47Z, 128k 2019-08-06T13:48:11Z, 133k 2020-08-13T11:46:00Z, 135k 2021-08-03T15:14:16Z, 140k 2022-08-08T08:37:33Z, 144k 2023-08-02T08:09:51Z, 149k 2024-08-15T11:19:07Z, 153k 2025-09-19T09:43:34Z",2026-09-18T00:00:00Z,,False,False,False,False,False,False,False,,,,,,,na,,BCA
BT62 KYF,W0LGS6EC9D1056189,Online Only,Blackbushe,,UKCGR Budget,VAUXHALL INSIGNIA 1.8 16V SRI Hatchback,VAUXHALL,INSIGNIA,1.8,2026-01-27,09:00:00,16V SRI,Hatchback,Yes,102816,2013,2013 (62 reg),690,4,A,2026-01-26T00:00:00Z,"https://www1.bcaimage.com/Document?DocType=VehicleImage&width=600&docId=674062220, https://www1.bcaimage.com/Document?DocType=VehicleImage&width=600&docId=674062221, https://www1.bcaimage.com/Document?DocType=VehicleImage&width=600&docId=674062222, https://www1.bcaimage.com/Document?DocType=VehicleImage&width=600&docId=674062223, https://www1.bcaimage.com/Document?DocType=VehicleImage&width=600&docId=674062224, https://www1.bcaimage.com/Document?DocType=VehicleImage&width=600&docId=674062225, https://www1.bcaimage.com/Document?DocType=VehicleImage&width=600&docId=674062226, https://www1.bcaimage.com/Document?DocType=VehicleImage&width=600&docId=674062227, https://www1.bcaimage.com/Document?DocType=VehicleImage&width=600&docId=674062229, https://www1.bcaimage.com/Document?DocType=VehicleImage&width=600&docId=674062231",https://www1.bcaimage.com/Document?DocType=InspectionBase&Reg=BT62 KYF-GB,https://www1.bcaimage.com/Document?DocType=SpecificationSheet&Reg=BT62 KYF-GB,mechanicalreporturl,0,U015BB,SILVER,False,Petrol,Manual Transmission,5,4,True,Present,Service Book,VAT Margin,True,Car,"Climate Control, Tyre Inflation Kit, 18"" Alloy Wheels",2023-10-17T00:00:00Z,91744,Service Book,8,3,,"[{'cO2': '169 g/km', 'nox': '0.013 g/km'}, 'na']",2,"41k 2016-01-22T15:31:29Z, 51k 2017-01-09T09:13:23Z, 62k 2017-12-12T09:02:40Z, 73k 2018-11-21T09:45:36Z, 78k 2019-10-18T09:26:48Z, 81k 2020-09-24T10:11:45Z, 83k 2021-09-25T08:44:18Z, 87k 2022-10-18T12:20:47Z, 91k 2023-10-17T08:46:15Z, 97k 2024-10-15T13:38:09Z, 100k 2025-09-23T09:58:22Z",2026-10-17T00:00:00Z,changeOfRegistration,False,False,False,False,True,False,False,290,"22,045","1,675",150,,,na,,BCA
HK10 OGN,MALBB51SLAM183190,Online Only,Blackbushe,,UKCGR Budget,HYUNDAI I20 1.4 CRDI COMFORT Hatchback,HYUNDAI,I20,1.4,2026-01-27,09:00:00,CRDI COMFORT,Hatchback,Yes,65856,2010,2010 (10 reg),770,5,A,2026-01-26T00:00:00Z,"https://www1.bcaimage.com/Document?DocType=VehicleImage&width=600&docId=674058943, https://www1.bcaimage.com/Document?DocType=VehicleImage&width=600&docId=674058944, https://www1.bcaimage.com/Document?DocType=VehicleImage&width=600&docId=674058945, https://www1.bcaimage.com/Document?DocType=VehicleImage&width=600&docId=674058947, https://www1.bcaimage.com/Document?DocType=VehicleImage&width=600&docId=674058948, https://www1.bcaimage.com/Document?DocType=VehicleImage&width=600&docId=674058950, https://www1.bcaimage.com/Document?DocType=VehicleImage&width=600&docId=674058952, https://www1.bcaimage.com/Document?DocType=VehicleImage&width=600&docId=674058953, https://www1.bcaimage.com/Document?DocType=VehicleImage&width=600&docId=674058954, https://www1.bcaimage.com/Document?DocType=VehicleImage&width=600&docId=674058955",https://www1.bcaimage.com/Document?DocType=InspectionBase&Reg=HK10 OGN-GB,https://www1.bcaimage.com/Document?DocType=SpecificationSheet&Reg=HK10 OGN-GB,mechanicalreporturl,0,U016BB,BLUE,False,Diesel,Manual Transmission,5,2,True,Present,Service Book,VAT Margin,True,Car,"Air Conditioning, Alloy Wheels, Temporary Spare Wheel",2023-09-11T00:00:00Z,56436,Service Book,8,0,,"[{'cO2': '116 g/km', 'nox': '0.181 g/km'}, ['Key Condition - Remote Inoperative']]",2,"20k 2013-06-15T11:41:02Z, 28k 2014-06-23T16:03:08Z, 30k 2015-06-13T11:13:27Z, 30k 2016-09-30T10:15:12Z, 34k 2017-09-28T10:47:07Z, 39k 2018-09-21T10:03:59Z, 45k 2019-09-24T09:49:14Z, 48k 2020-09-22T10:07:19Z, 50k 2021-09-22T11:13:47Z, 53k 2022-09-23T10:53:37Z, 56k 2023-09-11T14:09:07Z, 60k 2024-09-23T14:40:11Z, 64k 2025-09-17T11:13:21Z",2026-09-29T00:00:00Z,,False,False,False,False,False,False,False,370,"11,550","1,875",180,,,na,,BCA
GU63 PNF,MA3GFC31S00581166,Online Only,Blackbushe,,UKCGR Budget,SUZUKI ALTO 1.0 SZ3 Hatchback,SUZUKI,ALTO,1.0,2026-01-27,09:00:00,SZ3,Hatchback,Yes,89393,2013,2013 (63 reg),820,5,A,2026-01-25T00:00:00Z,"https://www1.bcaimage.com/Document?DocType=VehicleImage&width=600&docId=674049202, https://www1.bcaimage.com/Document?DocType=VehicleImage&width=600&docId=674049203, https://www1.bcaimage.com/Document?DocType=VehicleImage&width=600&docId=674049207, https://www1.bcaimage.com/Document?DocType=VehicleImage&width=600&docId=674049209, https://www1.bcaimage.com/Document?DocType=VehicleImage&width=600&docId=674049211, https://www1.bcaimage.com/Document?DocType=VehicleImage&width=600&docId=674049212, https://www1.bcaimage.com/Document?DocType=VehicleImage&width=600&docId=674049216, https://www1.bcaimage.com/Document?DocType=VehicleImage&width=600&docId=674049224, https://www1.bcaimage.com/Document?DocType=VehicleImage&width=600&docId=674049228, https://www1.bcaimage.com/Document?DocType=VehicleImage&width=600&docId=674049231",https://www1.bcaimage.com/Document?DocType=InspectionBase&Reg=GU63 PNF-GB,https://www1.bcaimage.com/Document?DocType=SpecificationSheet&Reg=GU63 PNF-GB,mechanicalreporturl,0,U017BB,BLACK,False,Petrol,Manual Transmission,5,3,True,Present,No,VAT Margin,False,Car,"Air Conditioning, Temporary Spare Wheel",0001-01-01T00:00:00Z,0,,0,0,,"[{'cO2': '99 g/km', 'nox': '0.004 g/km'}, 'na']",1,"38k 2016-09-08T15:49:30Z, 45k 2017-06-08T16:07:38Z, 56k 2018-08-23T13:55:13Z, 62k 2019-08-20T08:27:32Z, 65k 2020-08-27T11:04:59Z, 67k 2021-09-06T12:42:01Z, 74k 2023-01-03T09:54:14Z, 78k 2023-11-01T10:33:59Z, 83k 2024-11-27T14:38:22Z, 88k 2025-11-27T10:07:07Z",2026-11-26T00:00:00Z,,False,False,False,False,False,False,False,420,"8,344","1,725",150,,,na,,BCA
LS11 NBA,WME4514012K478426,Online Only,Blackbushe,,UKCGR Budget,SMART FORTWO 0.8 PASSION S/TOUCH Convertible,SMART,FORTWO,0.8,2026-01-27,09:00:00,PASSION S/TOUCH,Convertible,Yes,208789,2011,2011 (11 reg),630,4,A,2026-01-26T00:00:00Z,"https://www1.bcaimage.com/Document?DocType=VehicleImage&width=600&docId=674233937, https://www1.bcaimage.com/Document?DocType=VehicleImage&width=600&docId=674233942, https://www1.bcaimage.com/Document?DocType=VehicleImage&width=600&docId=674233947, https://www1.bcaimage.com/Document?DocType=VehicleImage&width=600&docId=674233954, https://www1.bcaimage.com/Document?DocType=VehicleImage&width=600&docId=674233958, https://www1.bcaimage.com/Document?DocType=VehicleImage&width=600&docId=674233965, https://www1.bcaimage.com/Document?DocType=VehicleImage&width=600&docId=674233973, https://www1.bcaimage.com/Document?DocType=VehicleImage&width=600&docId=674233981, https://www1.bcaimage.com/Document?DocType=VehicleImage&width=600&docId=674233986, https://www1.bcaimage.com/Document?DocType=VehicleImage&width=600&docId=674233995, https://www1.bcaimage.com/Document?DocType=VehicleImage&width=600&docId=674234002, https://www1.bcaimage.com/Document?DocType=VehicleImage&width=600&docId=674234014",https://www1.bcaimage.com/Document?DocType=InspectionBase&Reg=LS11 NBA-GB,https://www1.bcaimage.com/Document?DocType=SpecificationSheet&Reg=LS11 NBA-GB,mechanicalreporturl,0,U018BB,GREY,False,Diesel,Auto Clutch,2,1,True,Present,Invoice/Receipt,VAT Margin,True,Car,"Air Conditioning, Alloy Wheels",2025-11-05T00:00:00Z,206502,Invoice/Receipt,16,0,,"[{'cO2': '87 g/km', 'nox': '0.159 g/km'}, 'na']",2,"44k 2014-03-28T16:06:43Z, 60k 2015-03-25T12:13:50Z, 79k 2016-04-04T11:38:59Z, 97k 2017-03-08T11:58:46Z, 114k 2018-03-12T11:42:49Z, 131k 2019-03-11T09:16:00Z, 150k 2020-03-16T11:41:50Z, 164k 2021-03-19T12:38:03Z, 171k 2022-02-15T17:00:20Z, 178k 2023-03-06T17:01:05Z, 187k 2024-02-29T09:25:30Z, 200k 2025-03-06T16:24:35Z",2026-03-05T00:00:00Z,,False,False,False,False,False,False,False,230,"12,620","1,495",150,,,na,,BCA
WN62 JYP,VF3PMCFB4CR002858,Online Only,Blackbushe,,UKCGR Budget,PEUGEOT 107 1.0 ACTIVE Hatchback,PEUGEOT,107,1.0,2026-01-27,09:00:00,ACTIVE,Hatchback,Yes,123583,2012,2012 (62 reg),680,5,A,2026-01-22T00:00:00Z,"https://www1.bcaimage.com/Document?DocType=VehicleImage&width=600&docId=672837510, https://www1.bcaimage.com/Document?DocType=VehicleImage&width=600&docId=672837519, https://www1.bcaimage.com/Document?DocType=VehicleImage&width=600&docId=672837527, https://www1.bcaimage.com/Document?DocType=VehicleImage&width=600&docId=672837542, https://www1.bcaimage.com/Document?DocType=VehicleImage&width=600&docId=672837553, https://www1.bcaimage.com/Document?DocType=VehicleImage&width=600&docId=672837571, https://www1.bcaimage.com/Document?DocType=VehicleImage&width=600&docId=672837591, https://www1.bcaimage.com/Document?DocType=VehicleImage&width=600&docId=672837605, https://www1.bcaimage.com/Document?DocType=VehicleImage&width=600&docId=672837618, https://www1.bcaimage.com/Document?DocType=VehicleImage&width=600&docId=672837632",https://www1.bcaimage.com/Document?DocType=InspectionBase&Reg=WN62 JYP-GB,https://www1.bcaimage.com/Document?DocType=SpecificationSheet&Reg=WN62 JYP-GB,mechanicalreporturl,0,U019BB,BLUE,False,Petrol,Manual Transmission,3,4,True,Present,Invoice/Receipt,VAT Margin,True,Car,"Air Conditioning, Steel Spare Wheel",2025-02-24T00:00:00Z,117785,Invoice/Receipt,2,0,,"[{'cO2': '99 g/km', 'nox': '0.005 g/km'}, ['Key Condition - Remote Inoperative']]",2,"45k 2015-10-10T09:29:24Z, 57k 2016-10-24T13:22:23Z, 71k 2017-10-27T13:36:52Z, 71k 2018-02-21T16:57:15Z, 77k 2019-02-07T15:00:31Z, 82k 2020-02-12T11:11:58Z, 86k 2021-02-17T10:23:40Z, 91k 2022-02-10T15:11:31Z, 100k 2023-02-17T11:05:30Z, 108k 2024-02-13T10:54:10Z, 117k 2025-02-25T12:02:34Z",2026-02-24T00:00:00Z,,False,False,False,False,False,False,False,280,"8,940","1,575",150,,,na,,BCA
HK57 EXX,SALLSAA238A126660,Online Only,Blackbushe,,UKCGR Budget,LAND ROVER R/R SPORT 3.6 TDV8 HSE StationWagon,LAND ROVER,R/R SPORT,3.6,2026-01-27,09:00:00,TDV8 HSE,StationWagon,Incorrect,178654,2007,2007 (57 reg),1050,5,A,2026-01-25T00:00:00Z,"https://www1.bcaimage.com/Document?DocType=VehicleImage&width=600&docId=674021019, https://www1.bcaimage.com/Document?DocType=VehicleImage&width=600&docId=674021026, https://www1.bcaimage.com/Document?DocType=VehicleImage&width=600&docId=674021029, https://www1.bcaimage.com/Document?DocType=VehicleImage&width=600&docId=674021043, https://www1.bcaimage.com/Document?DocType=VehicleImage&width=600&docId=674021049, https://www1.bcaimage.com/Document?DocType=VehicleImage&width=600&docId=674021052, https://www1.bcaimage.com/Document?DocType=VehicleImage&width=600&docId=674021061, https://www1.bcaimage.com/Document?DocType=VehicleImage&width=600&docId=674021064, https://www1.bcaimage.com/Document?DocType=VehicleImage&width=600&docId=674021065, https://www1.bcaimage.com/Document?DocType=VehicleImage&width=600&docId=674021066",https://www1.bcaimage.com/Document?DocType=InspectionBase&Reg=HK57 EXX-GB,https://www1.bcaimage.com/Document?DocType=SpecificationSheet&Reg=HK57 EXX-GB,mechanicalreporturl,0,U020BB,BLACK,False,Diesel,Automatic,5,5,True,Present,Invoice/Receipt,VAT Margin,True,Car,"Navigation HDD, Parking Sensor(s), Climate Control, Leather Trim, Temporary Spare Wheel, 20"" Alloy Wheels",2023-09-28T00:00:00Z,167755,Invoice/Receipt,12,0,,"[{'cO2': '294 g/km', 'nox': '0.303 g/km'}, ['DVSA Discrepancy', 'Key Condition - Remote Inoperative']]",2,"36k 2010-11-29T15:16:54Z, 45k 2011-11-02T16:11:53Z, 4k 2012-05-21T12:34:57Z, 64k 2013-04-12T11:32:16Z, 79k 2014-04-16T16:23:28Z, 94k 2015-04-27T09:52:59Z, 105k 2016-04-29T09:59:21Z, 119k 2017-11-08T17:10:57Z, 128k 2018-11-09T09:30:14Z, 136k 2019-10-14T11:06:40Z, 142k 2020-10-20T09:02:31Z, 149k 2021-10-21T12:39:40Z, 159k 2022-11-02T16:24:13Z, 168k 2023-10-26T10:09:37Z, 173k 2024-10-31T17:29:51Z, 178k 2025-11-13T14:59:57Z",2026-11-12T00:00:00Z,changeOfRegistration,False,False,False,False,True,False,False,630,"53,200","2,195",260,,,na,,BCA
BX61 XSL,WF0GXXGAJGBJ12658,Online Only,Blackbushe,,UKCGR Budget,FORD FIESTA 1.6 134 METAL Hatchback,FORD,FIESTA,1.6,2026-01-27,09:00:00,134 METAL,Hatchback,Yes,120713,2011,2011 (61 reg),1150,4,A,2026-01-25T00:00:00Z,"https://www1.bcaimage.com/Document?DocType=VehicleImage&width=600&docId=674023698, https://www1.bcaimage.com/Document?DocType=VehicleImage&width=600&docId=674023700, https://www1.bcaimage.com/Document?DocType=VehicleImage&width=600&docId=674023702, https://www1.bcaimage.com/Document?DocType=VehicleImage&width=600&docId=674023705, https://www1.bcaimage.com/Document?DocType=VehicleImage&width=600&docId=674023706, https://www1.bcaimage.com/Document?DocType=VehicleImage&width=600&docId=674023710, https://www1.bcaimage.com/Document?DocType=VehicleImage&width=600&docId=674023712, https://www1.bcaimage.com/Document?DocType=VehicleImage&width=600&docId=674023715, https://www1.bcaimage.com/Document?DocType=VehicleImage&width=600&docId=674023717, https://www1.bcaimage.com/Document?DocType=VehicleImage&width=600&docId=674023720",https://www1.bcaimage.com/Document?DocType=InspectionBase&Reg=BX61 XSL-GB,https://www1.bcaimage.com/Document?DocType=SpecificationSheet&Reg=BX61 XSL-GB,mechanicalreporturl,0,U021BB,WHITE,False,Petrol,Manual Transmission,3,6,True,Present,No,VAT Margin,False,Car,"Climate Control, Leather Trim, Alloy Wheels, Temporary Spare Wheel",0001-01-01T00:00:00Z,0,,0,0,,"[{'cO2': '139 g/km', 'nox': '0.017 g/km'}, 'na']",1,"20k 2014-09-27T10:28:02Z, 25k 2015-09-10T09:36:46Z, 30k 2016-09-12T11:44:59Z, 36k 2017-06-21T15:39:12Z, 43k 2018-06-14T15:45:31Z, 51k 2019-06-15T08:32:26Z, 56k 2020-05-30T10:49:47Z, 60k 2021-06-01T08:48:44Z, 68k 2022-06-13T11:35:34Z, 86k 2023-06-26T11:09:18Z, 103k 2024-05-29T08:43:32Z, 119k 2025-06-12T15:33:59Z",2026-06-25T00:00:00Z,changeOfRegistration,False,False,False,False,True,False,False,750,"15,525","2,425",360,,,na,,BCA
LD60 OTP,JMZDEA46200409169,Online Only,Blackbushe,,UKCGR Budget,MAZDA 2 1.6 D SPORT Hatchback,MAZDA,2,1.6,2026-01-27,09:00:00,D SPORT,Hatchback,Yes,133467,2011,2011 (60 reg),700,5,D,2026-01-25T00:00:00Z,"https://www1.bcaimage.com/Document?DocType=VehicleImage&width=600&docId=674045239, https://www1.bcaimage.com/Document?DocType=VehicleImage&width=600&docId=674045240, https://www1.bcaimage.com/Document?DocType=VehicleImage&width=600&docId=674045242, https://www1.bcaimage.com/Document?DocType=VehicleImage&width=600&docId=674045244, https://www1.bcaimage.com/Document?DocType=VehicleImage&width=600&docId=674045247, https://www1.bcaimage.com/Document?DocType=VehicleImage&width=600&docId=674045248, https://www1.bcaimage.com/Document?DocType=VehicleImage&width=600&docId=674045250, https://www1.bcaimage.com/Document?DocType=VehicleImage&width=600&docId=674045252, https://www1.bcaimage.com/Document?DocType=VehicleImage&width=600&docId=674045254, https://www1.bcaimage.com/Document?DocType=VehicleImage&width=600&docId=674045257",https://www1.bcaimage.com/Document?DocType=InspectionBase&Reg=LD60 OTP-GB,https://www1.bcaimage.com/Document?DocType=SpecificationSheet&Reg=LD60 OTP-GB,mechanicalreporturl,0,U022BB,GREY,False,Diesel,Manual Transmission,5,2,True,Present,Invoice/Receipt,VAT Margin,True,Car,"Air Conditioning, Alloy Wheels, Temporary Spare Wheel",2023-12-13T00:00:00Z,95363,Invoice/Receipt,2,0,,"[{'cO2': '110 g/km', 'nox': '0.179 g/km'}, 'na']",2,"43k 2013-12-30T16:03:42Z, 49k 2015-01-14T12:35:03Z, 52k 2016-01-14T14:07:53Z, 58k 2017-07-03T11:35:03Z, 63k 2018-09-10T14:44:52Z, 68k 2019-10-15T12:54:34Z, 72k 2020-10-01T09:23:20Z, 78k 2021-10-13T10:46:33Z, 84k 2022-10-27T13:12:25Z, 86k 2023-06-13T15:03:44Z, 104k 2024-06-19T12:48:07Z, 123k 2025-06-16T14:46:55Z",2026-06-18T00:00:00Z,,False,False,False,False,False,False,False,300,"14,400","1,825",150,,,na,,BCA
HN12 BLZ,W0L0SDL08C6061592,Online Only,Blackbushe,,UKCGR Budget,VAUXHALL CORSA 1.2 VVT LTD.EDITION Hatchback,VAUXHALL,CORSA,1.2,2026-01-27,09:00:00,VVT LTD.EDITION,Hatchback,Yes,80895,2012,2012 (12 reg),1150,5,A,2026-01-26T00:00:00Z,"https://www1.bcaimage.com/Document?DocType=VehicleImage&width=600&docId=674024847, https://www1.bcaimage.com/Document?DocType=VehicleImage&width=600&docId=674024848, https://www1.bcaimage.com/Document?DocType=VehicleImage&width=600&docId=674024849, https://www1.bcaimage.com/Document?DocType=VehicleImage&width=600&docId=674024851, https://www1.bcaimage.com/Document?DocType=VehicleImage&width=600&docId=674024852, https://www1.bcaimage.com/Document?DocType=VehicleImage&width=600&docId=674024853, https://www1.bcaimage.com/Document?DocType=VehicleImage&width=600&docId=674024855, https://www1.bcaimage.com/Document?DocType=VehicleImage&width=600&docId=674024857, https://www1.bcaimage.com/Document?DocType=VehicleImage&width=600&docId=674024858, https://www1.bcaimage.com/Document?DocType=VehicleImage&width=600&docId=674024859",https://www1.bcaimage.com/Document?DocType=InspectionBase&Reg=HN12 BLZ-GB,https://www1.bcaimage.com/Document?DocType=SpecificationSheet&Reg=HN12 BLZ-GB,mechanicalreporturl,0,U023BB,BLACK,False,Petrol,Manual Transmission,3,4,True,Present,Service Book,VAT Margin,True,Car,"Air Conditioning, Tyre Inflation Kit, 17"" Alloy Wheels",2023-03-17T00:00:00Z,64644,Service Book,6,5,,"[{'cO2': '129 g/km', 'nox': '0.024 g/km'}, 'na']",1,"2k 2015-04-08T13:57:43Z, 10k 2016-11-04T13:09:54Z, 16k 2017-10-31T16:04:40Z, 23k 2018-11-03T09:16:27Z, 29k 2019-07-16T16:26:21Z, 38k 2020-07-04T09:07:46Z, 48k 2021-07-03T08:00:27Z, 58k 2022-07-15T10:52:00Z, 67k 2023-07-08T08:40:45Z, 76k 2024-07-10T10:26:45Z, 78k 2025-07-22T16:05:30Z",2026-07-21T00:00:00Z,,False,False,False,False,False,False,False,730,"14,595","2,450",360,,,na,,BCA
BN08 BVE,SB1ED56L90E074582,Online Only,Blackbushe,,UKCGR Budget,TOYOTA AVENSIS 2.0 D-4D TR Estate,TOYOTA,AVENSIS,2.0,2026-01-27,09:00:00,D-4D TR,Estate,Yes,128463,2008,2008 (08 reg),820,5,C,2026-01-26T00:00:00Z,"https://www1.bcaimage.com/Document?DocType=VehicleImage&width=600&docId=674231619, https://www1.bcaimage.com/Document?DocType=VehicleImage&width=600&docId=674231627, https://www1.bcaimage.com/Document?DocType=VehicleImage&width=600&docId=674231633, https://www1.bcaimage.com/Document?DocType=VehicleImage&width=600&docId=674231642, https://www1.bcaimage.com/Document?DocType=VehicleImage&width=600&docId=674231649, https://www1.bcaimage.com/Document?DocType=VehicleImage&width=600&docId=674231660, https://www1.bcaimage.com/Document?DocType=VehicleImage&width=600&docId=674231673, https://www1.bcaimage.com/Document?DocType=VehicleImage&width=600&docId=674231685, https://www1.bcaimage.com/Document?DocType=VehicleImage&width=600&docId=674231698, https://www1.bcaimage.com/Document?DocType=VehicleImage&width=600&docId=674231707",https://www1.bcaimage.com/Document?DocType=InspectionBase&Reg=BN08 BVE-GB,https://www1.bcaimage.com/Document?DocType=SpecificationSheet&Reg=BN08 BVE-GB,mechanicalreporturl,0,U024BB,SILVER,False,Diesel,Manual Transmission,5,2,True,Present,Invoice/Receipt,VAT Margin,True,Car,"Navigation DVD, Climate Control, Temporary Spare Wheel, 17"" Alloy Wheels",2025-02-11T00:00:00Z,121426,Invoice/Receipt,11,0,,"[{'cO2': '149 g/km', 'nox': '0.200 g/km'}, ['Key Condition - Remote Inoperative']]",3,"32k 2011-03-30T10:39:16Z, 49k 2012-03-12T09:28:08Z, 55k 2012-10-18T15:27:29Z, 55k 2013-02-14T16:27:24Z, 65k 2014-01-22T14:22:24Z, 75k 2015-01-20T13:53:51Z, 78k 2016-01-27T14:36:39Z, 83k 2017-02-09T15:50:29Z, 87k 2018-02-01T13:50:52Z, 89k 2019-02-04T13:55:01Z, 93k 2020-02-06T09:31:41Z, 95k 2021-01-20T14:02:33Z, 99k 2022-01-28T15:05:24Z, 106k 2023-02-13T09:34:48Z, 113k 2024-02-07T17:13:34Z, 121k 2025-02-11T09:46:32Z",2026-02-13T00:00:00Z,,False,False,False,False,False,False,False,420,"19,330","1,825",150,,,na,,BCA
KP55 HKT,WDC2030462R213163,Online Only,Blackbushe,,UKCGR Budget,MERCEDES-BENZ C180 1.8 K CLASSIC SE Saloon,MERCEDES-BENZ,C180,1.8,2026-01-27,09:00:00,K CLASSIC SE,Saloon,Yes,104699,2005,2005 (55 reg),940,3,C,2026-01-26T00:00:00Z,"https://www1.bcaimage.com/Document?DocType=VehicleImage&width=600&docId=674030546, https://www1.bcaimage.com/Document?DocType=VehicleImage&width=600&docId=674030549, https://www1.bcaimage.com/Document?DocType=VehicleImage&width=600&docId=674030553, https://www1.bcaimage.com/Document?DocType=VehicleImage&width=600&docId=674030556, https://www1.bcaimage.com/Document?DocType=VehicleImage&width=600&docId=674030559, https://www1.bcaimage.com/Document?DocType=VehicleImage&width=600&docId=674030563, https://www1.bcaimage.com/Document?DocType=VehicleImage&width=600&docId=674030568, https://www1.bcaimage.com/Document?DocType=VehicleImage&width=600&docId=674030574, https://www1.bcaimage.com/Document?DocType=VehicleImage&width=600&docId=674030579, https://www1.bcaimage.com/Document?DocType=VehicleImage&width=600&docId=674030583",https://www1.bcaimage.com/Document?DocType=InspectionBase&Reg=KP55 HKT-GB,https://www1.bcaimage.com/Document?DocType=SpecificationSheet&Reg=KP55 HKT-GB,mechanicalreporturl,0,U025BB,BLUE,False,Petrol,Auto/Manual Mode,4,4,True,Present,Invoice/Receipt,VAT Margin,True,Car,"Climate Control, Parking Sensor(s), Alloy Wheels, Temporary Spare Wheel",2024-05-30T00:00:00Z,98000,Invoice/Receipt,12,1,,"[{'cO2': '193 g/km', 'nox': '0.011 g/km'}, 'na']",1,"17k 2008-12-03T15:19:51Z, 24k 2009-11-24T10:26:29Z, 33k 2010-09-16T16:50:13Z, 36k 2011-09-10T10:47:43Z, 41k 2012-09-08T10:05:26Z, 45k 2013-09-12T11:53:48Z, 51k 2014-09-09T09:29:00Z, 56k 2015-09-08T13:30:13Z, 60k 2016-09-12T11:24:38Z, 67k 2017-09-08T08:09:23Z, 72k 2018-09-10T07:57:35Z, 76k 2019-08-21T07:36:25Z, 81k 2020-08-24T07:19:45Z, 85k 2021-08-21T07:45:10Z, 88k 2022-09-26T14:45:14Z, 94k 2023-09-25T14:14:43Z, 102k 2024-10-02T12:27:17Z",2025-10-01T00:00:00Z,changeOfRegistration,False,False,False,False,True,False,False,540,"23,022","2,095",240,,,na,,BCA
GL09 GXX,WF0PXXWPDP9R52897,Online Only,Bridgwater,,UKCGR Budget,FORD FOCUS 1.6 ZETEC Hatchback,FORD,FOCUS,1.6,2026-01-27,09:00:00,ZETEC,Hatchback,Yes,115029,2009,2009 (09 reg),790,5,A,2026-01-23T00:00:00Z,"https://www1.bcaimage.com/Document?DocType=VehicleImage&width=600&docId=673578462, https://www1.bcaimage.com/Document?DocType=VehicleImage&width=600&docId=673578471, https://www1.bcaimage.com/Document?DocType=VehicleImage&width=600&docId=673578484, https://www1.bcaimage.com/Document?DocType=VehicleImage&width=600&docId=673578498, https://www1.bcaimage.com/Document?DocType=VehicleImage&width=600&docId=673578508, https://www1.bcaimage.com/Document?DocType=VehicleImage&width=600&docId=673578525, https://www1.bcaimage.com/Document?DocType=VehicleImage&width=600&docId=673578549, https://www1.bcaimage.com/Document?DocType=VehicleImage&width=600&docId=673578569, https://www1.bcaimage.com/Document?DocType=VehicleImage&width=600&docId=673578587, https://www1.bcaimage.com/Document?DocType=VehicleImage&width=600&docId=673578609",https://www1.bcaimage.com/Document?DocType=InspectionBase&Reg=GL09 GXX-GB,https://www1.bcaimage.com/Document?DocType=SpecificationSheet&Reg=GL09 GXX-GB,mechanicalreporturl,0,U026BW,BLACK,False,Petrol,Manual Transmission,5,4,True,Present,Service Book,VAT Margin,True,Car,"Air Conditioning, Alloy Wheels, Steel Spare Wheel",2023-10-26T00:00:00Z,106340,Service Book,12,0,,"[{'cO2': '159 g/km', 'nox': '0.050 g/km'}, 'na']",2,"18k 2012-06-18T08:40:35Z, 22k 2013-07-08T10:24:56Z, 26k 2014-06-12T09:01:53Z, 30k 2015-03-09T17:47:30Z, 39k 2016-02-29T13:49:59Z, 53k 2017-03-06T12:56:31Z, 65k 2018-03-02T14:40:31Z, 77k 2019-04-24T14:41:19Z, 88k 2020-10-09T11:37:00Z, 94k 2021-10-18T14:45:05Z, 101k 2022-10-18T14:36:55Z, 106k 2023-10-26T13:39:58Z, 109k 2024-10-31T08:50:36Z, 113k 2025-10-28T12:43:29Z",2026-10-30T00:00:00Z,changeOfRegistration,False,False,False,False,True,False,False,390,"16,395","1,695",150,,,na,,BCA
NL62 UNF,SJNFEAJ10U2632678,Online Only,Bridgwater,,UKCGR Budget,NISSAN QASHQAI 1.6 DCI 130 N-TEC+ S/S Hatchback,NISSAN,QASHQAI,1.6,2026-01-27,09:00:00,DCI 130 N-TEC+ S/S,Hatchback,Yes,111651,2012,2012 (62 reg),1050,4,C,2026-01-24T00:00:00Z,"https://www1.bcaimage.com/Document?DocType=VehicleImage&width=600&docId=673878506, https://www1.bcaimage.com/Document?DocType=VehicleImage&width=600&docId=673878514, https://www1.bcaimage.com/Document?DocType=VehicleImage&width=600&docId=673878522, https://www1.bcaimage.com/Document?DocType=VehicleImage&width=600&docId=673878531, https://www1.bcaimage.com/Document?DocType=VehicleImage&width=600&docId=673878536, https://www1.bcaimage.com/Document?DocType=VehicleImage&width=600&docId=673878550, https://www1.bcaimage.com/Document?DocType=VehicleImage&width=600&docId=673878562, https://www1.bcaimage.com/Document?DocType=VehicleImage&width=600&docId=673878574, https://www1.bcaimage.com/Document?DocType=VehicleImage&width=600&docId=673878582, https://www1.bcaimage.com/Document?DocType=VehicleImage&width=600&docId=673878594",https://www1.bcaimage.com/Document?DocType=InspectionBase&Reg=NL62 UNF-GB,https://www1.bcaimage.com/Document?DocType=SpecificationSheet&Reg=NL62 UNF-GB,mechanicalreporturl,0,U027BW,WHITE,False,Diesel,Manual Transmission,5,5,True,Present,No,VAT Margin,False,Car,"Navigation SD Card, Climate Control, 18"" Alloy Wheels, Tyre Inflation Kit, Panoramic Roof",0001-01-01T00:00:00Z,0,,0,0,,"[{'cO2': '119 g/km', 'nox': '0.111 g/km'}, ['Paintwork - Faded']]",2,"28k 2015-10-21T14:17:03Z, 37k 2016-10-01T10:26:02Z, 46k 2017-10-17T08:32:52Z, 56k 2018-10-10T08:56:29Z, 56k 2019-01-18T14:54:18Z, 64k 2020-01-06T09:03:08Z, 69k 2021-01-15T08:59:15Z, 69k 2021-06-21T12:48:46Z, 76k 2022-06-22T13:20:35Z, 89k 2023-06-22T13:19:01Z, 102k 2024-07-01T11:08:29Z, 106k 2025-03-07T09:05:46Z",2026-03-06T00:00:00Z,changeOfRegistration,False,False,False,False,True,False,False,670,"23,090","2,475",280,,,na,,BCA
BN58 BHD,SAJAC061397R33408,Online Only,Bridgwater,,UKCGR Budget,JAGUAR XF 2.7 D PREMIUM LUXURY Saloon,JAGUAR,XF,2.7,2026-01-27,09:00:00,D PREMIUM LUXURY,Saloon,Yes,156759,2008,2008 (58 reg),790,4,A,2026-01-26T00:00:00Z,"https://www1.bcaimage.com/Document?DocType=VehicleImage&width=600&docId=674154047, https://www1.bcaimage.com/Document?DocType=VehicleImage&width=600&docId=674154061, https://www1.bcaimage.com/Document?DocType=VehicleImage&width=600&docId=674154084, https://www1.bcaimage.com/Document?DocType=VehicleImage&width=600&docId=674154107, https://www1.bcaimage.com/Document?DocType=VehicleImage&width=600&docId=674154121, https://www1.bcaimage.com/Document?DocType=VehicleImage&width=600&docId=674154145, https://www1.bcaimage.com/Document?DocType=VehicleImage&width=600&docId=674154158, https://www1.bcaimage.com/Document?DocType=VehicleImage&width=600&docId=674154185, https://www1.bcaimage.com/Document?DocType=VehicleImage&width=600&docId=674154204, https://www1.bcaimage.com/Document?DocType=VehicleImage&width=600&docId=674154300",https://www1.bcaimage.com/Document?DocType=InspectionBase&Reg=BN58 BHD-GB,https://www1.bcaimage.com/Document?DocType=SpecificationSheet&Reg=BN58 BHD-GB,mechanicalreporturl,0,U028BW,RED,False,Diesel,Automatic,4,4,True,Present,Service Book,VAT Margin,True,Car,"Navigation HDD, Parking Sensor(s), Leather Trim, Temporary Spare Wheel, 18"" Alloy Wheels",2022-04-21T00:00:00Z,124457,Service Book,13,0,,"[{'cO2': '199 g/km', 'nox': '0.199 g/km'}, 'na']",1,"27k 2011-09-01T11:40:12Z, 44k 2012-08-23T09:59:38Z, 61k 2013-08-22T13:01:40Z, 67k 2014-09-10T09:48:00Z, 71k 2015-07-29T17:59:10Z, 76k 2016-08-01T13:41:27Z, 86k 2017-07-26T10:24:45Z, 95k 2018-07-09T14:08:22Z, 98k 2019-07-24T15:53:14Z, 99k 2020-08-03T15:07:46Z, 109k 2021-07-09T09:54:40Z, 129k 2022-07-21T10:53:37Z, 140k 2023-07-19T13:17:03Z, 147k 2024-06-17T10:43:26Z, 155k 2025-05-19T11:15:16Z",2026-06-16T00:00:00Z,changeOfRegistration,False,False,False,False,True,False,False,520,"37,235","1,795",260,,,na,,BCA
GN51 ZJJ,WVWZZZ1JZ2P037748,Online Only,Bridgwater,,UKCGR Budget,VOLKSWAGEN GOLF 1.6 SE 16V (105) Hatchback,VOLKSWAGEN,GOLF,1.6,2026-01-27,09:00:00,SE 16V (105),Hatchback,Yes,89923,2001,2001 (51 reg),0,5,D,2026-01-26T00:00:00Z,"https://www1.bcaimage.com/Document?DocType=VehicleImage&width=600&docId=674197472, https://www1.bcaimage.com/Document?DocType=VehicleImage&width=600&docId=674197479, https://www1.bcaimage.com/Document?DocType=VehicleImage&width=600&docId=674197491, https://www1.bcaimage.com/Document?DocType=VehicleImage&width=600&docId=674197500, https://www1.bcaimage.com/Document?DocType=VehicleImage&width=600&docId=674197504, https://www1.bcaimage.com/Document?DocType=VehicleImage&width=600&docId=674197512, https://www1.bcaimage.com/Document?DocType=VehicleImage&width=600&docId=674197523, https://www1.bcaimage.com/Document?DocType=VehicleImage&width=600&docId=674197533, https://www1.bcaimage.com/Document?DocType=VehicleImage&width=600&docId=674197544, https://www1.bcaimage.com/Document?DocType=VehicleImage&width=600&docId=674197555",https://www1.bcaimage.com/Document?DocType=InspectionBase&Reg=GN51 ZJJ-GB,https://www1.bcaimage.com/Document?DocType=SpecificationSheet&Reg=GN51 ZJJ-GB,mechanicalreporturl,0,U029BW,GREEN,False,Petrol,Manual Transmission,5,2,True,Present,Service Book,VAT Margin,True,Car,"Air Conditioning, Temporary Spare Wheel",2010-09-22T00:00:00Z,40836,Service Book,10,7,,"[{'cO2': '168 g/km', 'nox': '0.047 g/km'}, 'na']",2,"29k 2006-09-18T17:25:39Z, 31k 2007-08-30T17:48:00Z, 35k 2008-08-30T14:59:54Z, 38k 2009-08-29T11:09:19Z, 40k 2010-09-23T16:55:55Z, 42k 2011-09-20T16:53:24Z, 47k 2012-09-19T08:47:10Z, 52k 2013-09-16T12:01:59Z, 57k 2014-09-13T13:18:41Z, 59k 2015-09-19T16:03:21Z, 60k 2016-09-10T11:16:28Z, 64k 2017-09-19T15:01:24Z, 67k 2018-08-29T14:06:47Z, 69k 2019-08-27T15:44:40Z, 71k 2020-08-31T10:07:01Z, 73k 2021-09-21T13:18:50Z, 74k 2022-08-30T14:02:31Z, 78k 2023-08-24T14:15:25Z, 84k 2024-09-03T08:25:01Z, 87k 2025-08-26T12:05:19Z",2026-09-23T00:00:00Z,,False,False,False,False,False,False,False,,,,,,,na,,BCA
WJ57 VTN,SALFA27B08H068282,Online Only,Bridgwater,,UKCGR Budget,LAND ROVER FREELANDER 2 2.2 TD4 GS StationWagon,LAND ROVER,FREELANDER 2,2.2,2026-01-27,09:00:00,TD4 GS,StationWagon,Yes,170546,2007,2007 (57 reg),630,5,E,2026-01-23T00:00:00Z,"https://www1.bcaimage.com/Document?DocType=VehicleImage&width=600&docId=673515223, https://www1.bcaimage.com/Document?DocType=VehicleImage&width=600&docId=673515234, https://www1.bcaimage.com/Document?DocType=VehicleImage&width=600&docId=673515246, https://www1.bcaimage.com/Document?DocType=VehicleImage&width=600&docId=673515256, https://www1.bcaimage.com/Document?DocType=VehicleImage&width=600&docId=673515270, https://www1.bcaimage.com/Document?DocType=VehicleImage&width=600&docId=673515289, https://www1.bcaimage.com/Document?DocType=VehicleImage&width=600&docId=673515302, https://www1.bcaimage.com/Document?DocType=VehicleImage&width=600&docId=673515329, https://www1.bcaimage.com/Document?DocType=VehicleImage&width=600&docId=673515339, https://www1.bcaimage.com/Document?DocType=VehicleImage&width=600&docId=673515353",https://www1.bcaimage.com/Document?DocType=InspectionBase&Reg=WJ57 VTN-GB,https://www1.bcaimage.com/Document?DocType=SpecificationSheet&Reg=WJ57 VTN-GB,mechanicalreporturl,0,U030BW,BLACK,False,Diesel,Manual Transmission,5,3,True,Present,Invoice/Receipt,VAT Margin,True,Car,"Parking Sensor(s), Climate Control, Tyre Inflation Kit, Alloy Wheels, Privacy Glass",2019-07-09T00:00:00Z,133895,Invoice/Receipt,10,3,,"[{'cO2': '194 g/km', 'nox': '0.297 g/km'}, ['Door(s) - Inoperative - tailgate', 'Key Condition - Remote Inoperative']]",2,"60k 2010-11-10T10:42:21Z, 71k 2011-11-18T14:40:58Z, 85k 2012-11-15T13:15:42Z, 96k 2013-11-15T09:16:19Z, 106k 2014-11-17T12:54:52Z, 116k 2015-11-20T13:57:11Z, 121k 2016-06-16T08:46:24Z, 125k 2017-05-18T08:31:16Z, 128k 2018-06-13T14:53:07Z, 133k 2019-06-13T09:49:04Z, 141k 2020-09-22T10:42:12Z, 145k 2021-09-24T10:48:51Z, 149k 2022-09-22T07:34:49Z, 155k 2023-09-11T13:52:29Z, 162k 2024-09-09T12:56:19Z, 168k 2025-09-24T15:57:01Z",2026-09-23T00:00:00Z,changeOfRegistration,False,False,False,False,True,False,False,250,"23,205","1,375",150,,,na,,BCA
WU63 XDJ,MALBB51BLEM592147,Online Only,Bridgwater,,UKCGR Budget,HYUNDAI I20 1.2 ACTIVE Hatchback,HYUNDAI,I20,1.2,2026-01-27,09:00:00,ACTIVE,Hatchback,Yes,133149,2013,2013 (63 reg),1100,4,E,2026-01-22T00:00:00Z,"https://www1.bcaimage.com/Document?DocType=VehicleImage&width=600&docId=672890438, https://www1.bcaimage.com/Document?DocType=VehicleImage&width=600&docId=672890453, https://www1.bcaimage.com/Document?DocType=VehicleImage&width=600&docId=672890475, https://www1.bcaimage.com/Document?DocType=VehicleImage&width=600&docId=672890492, https://www1.bcaimage.com/Document?DocType=VehicleImage&width=600&docId=672890506, https://www1.bcaimage.com/Document?DocType=VehicleImage&width=600&docId=672890518, https://www1.bcaimage.com/Document?DocType=VehicleImage&width=600&docId=672890530, https://www1.bcaimage.com/Document?DocType=VehicleImage&width=600&docId=672890547, https://www1.bcaimage.com/Document?DocType=VehicleImage&width=600&docId=672890558, https://www1.bcaimage.com/Document?DocType=VehicleImage&width=600&docId=672890576",https://www1.bcaimage.com/Document?DocType=InspectionBase&Reg=WU63 XDJ-GB,https://www1.bcaimage.com/Document?DocType=SpecificationSheet&Reg=WU63 XDJ-GB,mechanicalreporturl,0,U031BW,SILVER,False,Petrol,Manual Transmission,5,2,True,Present,Service Book,VAT Margin,True,Car,"Air Conditioning, Alloy Wheels, Temporary Spare Wheel",2022-09-29T00:00:00Z,117719,Service Book,9,5,,"[{'cO2': '114 g/km', 'nox': '0.018 g/km'}, 'na']",2,"50k 2016-09-24T09:45:39Z, 66k 2017-09-16T10:30:37Z, 80k 2018-09-03T15:08:09Z, 90k 2019-09-16T14:52:08Z, 99k 2020-09-02T16:33:19Z, 110k 2021-09-13T09:59:29Z, 117k 2022-09-10T11:05:34Z, 125k 2023-08-31T16:44:09Z, 128k 2024-09-23T12:16:18Z, 132k 2025-09-17T10:57:47Z",2026-09-29T00:00:00Z,,False,False,False,False,False,False,False,690,"11,640","2,250",290,,,na,,BCA
FT10 VXY,WMWSR32060T023274,Online Only,Brighouse,,UKCGR Budget,MINI ONE 1.6  Hatchback,MINI,ONE,1.6,2026-01-27,09:00:00,,Hatchback,Yes,112220,2010,2010 (10 reg),830,3,,2026-01-21T00:00:00Z,"https://www1.bcaimage.com/Document?DocType=VehicleImage&width=600&docId=672614368, https://www1.bcaimage.com/Document?DocType=VehicleImage&width=600&docId=672614375, https://www1.bcaimage.com/Document?DocType=VehicleImage&width=600&docId=672614389, https://www1.bcaimage.com/Document?DocType=VehicleImage&width=600&docId=672614399, https://www1.bcaimage.com/Document?DocType=VehicleImage&width=600&docId=672614407, https://www1.bcaimage.com/Document?DocType=VehicleImage&width=600&docId=672614421, https://www1.bcaimage.com/Document?DocType=VehicleImage&width=600&docId=672614439, https://www1.bcaimage.com/Document?DocType=VehicleImage&width=600&docId=672614456, https://www1.bcaimage.com/Document?DocType=VehicleImage&width=600&docId=672614471, https://www1.bcaimage.com/Document?DocType=VehicleImage&width=600&docId=672614490",https://www1.bcaimage.com/Document?DocType=InspectionBase&Reg=FT10 VXY-GB,na,na,0,U032BH,WHITE,False,Petrol,Manual Transmission,3,4,True,Present,Invoice/Receipt,VAT Margin,True,Car,"Air Conditioning, Alloy Wheels, Tyre Inflation Kit",2023-12-14T00:00:00Z,106766,Invoice/Receipt,9,1,,"[{'cO2': '127 g/km', 'nox': '0.015 g/km'}, ['Sold Without - RAC REPORT', 'OIL Pressure Light ON']]",2,"29k 2013-07-05T12:17:13Z, 47k 2014-07-22T11:52:06Z, 60k 2015-07-15T14:15:36Z, 74k 2016-07-14T11:32:48Z, 86k 2017-07-13T11:17:48Z, 91k 2018-07-11T15:27:28Z, 97k 2019-07-19T08:52:52Z, 101k 2021-01-20T16:04:50Z, 103k 2022-01-10T13:26:30Z, 105k 2023-01-23T15:43:48Z, 107k 2024-04-02T13:31:17Z, 111k 2025-08-08T09:44:07Z",2026-08-07T00:00:00Z,,False,False,False,False,False,False,False,430,"13,065","2,095",150,,,na,,BCA
FY07 YFN,WDB2037082A959546,Online Only,Brighouse,,UKCGR Budget,MERCEDES-BENZ C220 2.1 CDI SE Coupe,MERCEDES-BENZ,C220,2.1,2026-01-27,09:00:00,CDI SE,Coupe,Yes,87069,2007,2007 (07 reg),960,5,A,2026-01-24T00:00:00Z,"https://www1.bcaimage.com/Document?DocType=VehicleImage&width=600&docId=673937328, https://www1.bcaimage.com/Document?DocType=VehicleImage&width=600&docId=673937331, https://www1.bcaimage.com/Document?DocType=VehicleImage&width=600&docId=673937336, https://www1.bcaimage.com/Document?DocType=VehicleImage&width=600&docId=673937339, https://www1.bcaimage.com/Document?DocType=VehicleImage&width=600&docId=673937344, https://www1.bcaimage.com/Document?DocType=VehicleImage&width=600&docId=673937349, https://www1.bcaimage.com/Document?DocType=VehicleImage&width=600&docId=673937355, https://www1.bcaimage.com/Document?DocType=VehicleImage&width=600&docId=673937361, https://www1.bcaimage.com/Document?DocType=VehicleImage&width=600&docId=673937371, https://www1.bcaimage.com/Document?DocType=VehicleImage&width=600&docId=673937379",https://www1.bcaimage.com/Document?DocType=InspectionBase&Reg=FY07 YFN-GB,https://www1.bcaimage.com/Document?DocType=SpecificationSheet&Reg=FY07 YFN-GB,mechanicalreporturl,0,U033BH,SILVER,False,Diesel,Auto/Manual Mode,3,4,True,Present,No,VAT Margin,False,Car,"Climate Control, Leather Trim, 17"" Alloy Wheels, Panoramic Roof",0001-01-01T00:00:00Z,0,,0,0,,"[{'cO2': '185 g/km', 'nox': '0.220 g/km'}, 'na']",2,"17k 2010-03-23T13:48:00Z, 21k 2011-03-28T11:33:32Z, 25k 2012-02-24T09:57:22Z, 30k 2013-02-22T14:44:11Z, 33k 2014-02-20T14:58:53Z, 34k 2015-02-05T14:23:33Z, 36k 2016-02-23T14:30:21Z, 43k 2017-02-17T13:33:07Z, 46k 2018-02-14T11:38:21Z, 49k 2019-02-14T11:28:41Z, 52k 2020-02-07T10:54:37Z, 53k 2021-02-16T13:06:58Z, 56k 2022-02-22T16:04:40Z, 61k 2023-01-27T09:34:34Z, 65k 2024-03-25T13:04:14Z, 77k 2025-03-25T15:12:10Z",2026-03-24T00:00:00Z,,False,False,False,False,False,False,False,540,"22,767","2,275",250,,,na,,BCA
CV60 FJO,WMWSU32090TY95477,Online Only,Bristol,,UKCGR Budget,MINI COOPER 1.6 122 GRAPHITE Hatchback,MINI,COOPER,1.6,2026-01-27,09:00:00,122 GRAPHITE,Hatchback,Yes,104197,2010,2010 (60 reg),1075,3,E,2026-01-25T00:00:00Z,"https://www1.bcaimage.com/Document?DocType=VehicleImage&width=600&docId=674020749, https://www1.bcaimage.com/Document?DocType=VehicleImage&width=600&docId=674020750, https://www1.bcaimage.com/Document?DocType=VehicleImage&width=600&docId=674020759, https://www1.bcaimage.com/Document?DocType=VehicleImage&width=600&docId=674020763, https://www1.bcaimage.com/Document?DocType=VehicleImage&width=600&docId=674020773, https://www1.bcaimage.com/Document?DocType=VehicleImage&width=600&docId=674020785, https://www1.bcaimage.com/Document?DocType=VehicleImage&width=600&docId=674020792, https://www1.bcaimage.com/Document?DocType=VehicleImage&width=600&docId=674020797, https://www1.bcaimage.com/Document?DocType=VehicleImage&width=600&docId=674020806, https://www1.bcaimage.com/Document?DocType=VehicleImage&width=600&docId=674020812",https://www1.bcaimage.com/Document?DocType=InspectionBase&Reg=CV60 FJO-GB,https://www1.bcaimage.com/Document?DocType=SpecificationSheet&Reg=CV60 FJO-GB,mechanicalreporturl,0,U034BR,GREY,False,Petrol,Manual Transmission,3,3,True,Present,Service Book,VAT Margin,True,Car,"Air Conditioning, Alloy Wheels, Tyre Inflation Kit",2016-06-21T00:00:00Z,41308,Service Book,5,5,,"[{'cO2': '127 g/km', 'nox': '0.024 g/km'}, ['Key Condition - Remote Inoperative']]",2,"17k 2013-08-12T11:31:17Z, 22k 2014-08-14T16:06:33Z, 23k 2014-12-12T14:52:50Z, 36k 2015-12-09T13:37:29Z, 50k 2017-05-29T11:12:45Z, 55k 2018-05-18T16:00:20Z, 61k 2019-05-20T12:12:07Z, 64k 2020-02-06T10:57:48Z, 65k 2021-01-29T13:55:29Z, 69k 2022-02-04T11:20:48Z, 75k 2023-01-27T17:08:39Z, 84k 2024-01-19T11:24:13Z, 94k 2025-01-31T12:10:01Z",2026-02-05T00:00:00Z,,False,False,False,False,False,False,False,680,"14,820","2,595",290,,,na,,BCA
GV59 TVM,WBAUK52070VM45387,Online Only,Bristol,,UKCGR Budget,BMW 116D 2.0 116 SE Hatchback,BMW,116D,2.0,2026-01-27,09:00:00,116 SE,Hatchback,Yes,113845,2009,2009 (59 reg),900,4,A,2026-01-26T00:00:00Z,"https://www1.bcaimage.com/Document?DocType=VehicleImage&width=600&docId=674304704, https://www1.bcaimage.com/Document?DocType=VehicleImage&width=600&docId=674304716, https://www1.bcaimage.com/Document?DocType=VehicleImage&width=600&docId=674304724, https://www1.bcaimage.com/Document?DocType=VehicleImage&width=600&docId=674304728, https://www1.bcaimage.com/Document?DocType=VehicleImage&width=600&docId=674304739, https://www1.bcaimage.com/Document?DocType=VehicleImage&width=600&docId=674304749, https://www1.bcaimage.com/Document?DocType=VehicleImage&width=600&docId=674304759, https://www1.bcaimage.com/Document?DocType=VehicleImage&width=600&docId=674304771, https://www1.bcaimage.com/Document?DocType=VehicleImage&width=600&docId=674304786, https://www1.bcaimage.com/Document?DocType=VehicleImage&width=600&docId=674304800",https://www1.bcaimage.com/Document?DocType=InspectionBase&Reg=GV59 TVM-GB,https://www1.bcaimage.com/Document?DocType=SpecificationSheet&Reg=GV59 TVM-GB,mechanicalreporturl,0,U035BR,SILVER,False,Diesel,Manual Transmission,3,4,True,Present,Service Book,VAT Margin,True,Car,"Climate Control, Parking Sensor(s), 17"" Alloy Wheels",2022-11-22T00:00:00Z,106427,Service Book,10,3,,"[{'cO2': '118 g/km', 'nox': '0.181 g/km'}, 'na']",2,"28k 2012-12-18T15:21:57Z, 36k 2013-11-05T17:46:05Z, 40k 2014-10-27T14:38:12Z, 48k 2015-10-26T12:49:27Z, 56k 2016-10-31T12:39:37Z, 61k 2017-10-20T08:57:38Z, 69k 2018-11-01T09:40:26Z, 87k 2019-11-04T12:52:39Z, 95k 2020-11-04T14:18:12Z, 100k 2021-10-19T09:39:56Z, 106k 2022-11-01T15:02:34Z, 107k 2023-10-16T09:23:49Z, 109k 2024-11-04T10:15:41Z, 111k 2025-10-09T09:52:43Z",2026-11-04T00:00:00Z,,False,False,False,False,False,False,False,500,"19,545","1,795",150,,,na,,BCA
KY13 FCU,WF0EXXGBBEDJ88852,Online Only,Bristol,,UKCGR Budget,FORD MONDEO 2.0 TDCI 140 ZETEC BUSINESS ED. Hatchback,FORD,MONDEO,2.0,2026-01-27,09:00:00,TDCI 140 ZETEC BUSINESS ED.,Hatchback,Yes,165323,2013,2013 (13 reg),800,3,C,2026-01-24T00:00:00Z,"https://www1.bcaimage.com/Document?DocType=VehicleImage&width=600&docId=673932002, https://www1.bcaimage.com/Document?DocType=VehicleImage&width=600&docId=673932007, https://www1.bcaimage.com/Document?DocType=VehicleImage&width=600&docId=673932010, https://www1.bcaimage.com/Document?DocType=VehicleImage&width=600&docId=673932015, https://www1.bcaimage.com/Document?DocType=VehicleImage&width=600&docId=673932020, https://www1.bcaimage.com/Document?DocType=VehicleImage&width=600&docId=673932023, https://www1.bcaimage.com/Document?DocType=VehicleImage&width=600&docId=673932027, https://www1.bcaimage.com/Document?DocType=VehicleImage&width=600&docId=673932034, https://www1.bcaimage.com/Document?DocType=VehicleImage&width=600&docId=673932042, https://www1.bcaimage.com/Document?DocType=VehicleImage&width=600&docId=673932054",https://www1.bcaimage.com/Document?DocType=InspectionBase&Reg=KY13 FCU-GB,https://www1.bcaimage.com/Document?DocType=SpecificationSheet&Reg=KY13 FCU-GB,mechanicalreporturl,0,U036BR,BROWN,False,Diesel,Manual Transmission,5,4,True,Present,Service Book,VAT Margin,True,Car,"Navigation HDD, Parking Sensor(s), Climate Control, Temporary Spare Wheel, 17"" Alloy Wheels, Privacy Glass",2025-07-21T00:00:00Z,151700,Service Book,10,0,,"[{'cO2': '129 g/km', 'nox': '0.154 g/km'}, 'na']",2,"52k 2016-04-06T11:10:35Z, 69k 2017-03-27T13:33:08Z, 83k 2018-09-11T08:11:37Z, 98k 2019-09-07T07:55:09Z, 108k 2020-09-16T11:18:24Z, 117k 2021-09-13T13:43:18Z, 127k 2022-08-15T11:23:59Z, 140k 2023-07-26T14:54:39Z, 152k 2024-08-07T11:23:15Z, 157k 2025-07-21T06:44:33Z",2026-08-14T00:00:00Z,,False,False,False,False,False,False,False,410,"21,740","1,895",160,,,na,,BCA
LS54 VGX,SAJAC01P45FN19663,Online Only,Bristol,,UKCGR Trade Lane 1,JAGUAR S-TYPE 3.0 V6 SE Saloon,JAGUAR,S-TYPE,3.0,2026-01-27,09:00:00,V6 SE,Saloon,Incorrect,61824,2004,2004 (54 reg),0,4,C,2026-01-24T00:00:00Z,"https://www1.bcaimage.com/Document?DocType=VehicleImage&width=600&docId=673831498, https://www1.bcaimage.com/Document?DocType=VehicleImage&width=600&docId=673831505, https://www1.bcaimage.com/Document?DocType=VehicleImage&width=600&docId=673831508, https://www1.bcaimage.com/Document?DocType=VehicleImage&width=600&docId=673831513, https://www1.bcaimage.com/Document?DocType=VehicleImage&width=600&docId=673831515, https://www1.bcaimage.com/Document?DocType=VehicleImage&width=600&docId=673831522, https://www1.bcaimage.com/Document?DocType=VehicleImage&width=600&docId=673831528, https://www1.bcaimage.com/Document?DocType=VehicleImage&width=600&docId=673831564, https://www1.bcaimage.com/Document?DocType=VehicleImage&width=600&docId=673831567, https://www1.bcaimage.com/Document?DocType=VehicleImage&width=600&docId=673831572",https://www1.bcaimage.com/Document?DocType=InspectionBase&Reg=LS54 VGX-GB,https://www1.bcaimage.com/Document?DocType=SpecificationSheet&Reg=LS54 VGX-GB,mechanicalreporturl,0,U037BR,GREEN,False,Petrol,Automatic,4,7,True,Present,Invoice/Receipt,VAT Margin,True,Car,"Climate Control, Parking Sensor(s), Leather Trim, Temporary Spare Wheel, 17"" Alloy Wheels",2025-04-04T00:00:00Z,61019,Invoice/Receipt,1,0,,"[{'cO2': '259 g/km', 'nox': '0.072 g/km'}, ['DVSA Discrepancy', 'Key Condition - Remote Inoperative']]",2,"19k 2007-12-14T13:54:05Z, 22k 2008-12-15T14:40:44Z, 26k 2009-12-18T12:12:02Z, 20k 2010-12-15T14:43:54Z, 32k 2012-01-13T09:07:44Z, 37k 2013-02-05T10:46:00Z, 40k 2014-02-24T15:30:00Z, 43k 2015-02-05T09:32:44Z, 47k 2016-02-09T09:57:39Z, 48k 2017-03-07T11:00:00Z, 50k 2018-03-07T10:50:00Z, 52k 2019-03-04T11:14:03Z, 54k 2020-03-10T14:50:20Z, 55k 2021-03-08T17:04:36Z, 56k 2022-03-25T12:07:25Z, 58k 2023-03-02T11:23:00Z, 59k 2024-05-09T13:12:10Z, 61k 2025-04-04T10:54:36Z",2026-04-03T00:00:00Z,,False,False,False,False,False,False,False,,,,,,,na,,BCA
MF11 UAJ,KL1JA69E9BK107967,Online Only,Bristol,,UKCGR Budget,CHEVROLET CRUZE 1.6 124 LS Saloon,CHEVROLET,CRUZE,1.6,2026-01-27,09:00:00,124 LS,Saloon,Yes,99137,2011,2011 (11 reg),1075,5,B,2026-01-24T00:00:00Z,"https://www1.bcaimage.com/Document?DocType=VehicleImage&width=600&docId=673942445, https://www1.bcaimage.com/Document?DocType=VehicleImage&width=600&docId=673942450, https://www1.bcaimage.com/Document?DocType=VehicleImage&width=600&docId=673942452, https://www1.bcaimage.com/Document?DocType=VehicleImage&width=600&docId=673942457, https://www1.bcaimage.com/Document?DocType=VehicleImage&width=600&docId=673942462, https://www1.bcaimage.com/Document?DocType=VehicleImage&width=600&docId=673942468, https://www1.bcaimage.com/Document?DocType=VehicleImage&width=600&docId=673942474, https://www1.bcaimage.com/Document?DocType=VehicleImage&width=600&docId=673942480, https://www1.bcaimage.com/Document?DocType=VehicleImage&width=600&docId=673942485, https://www1.bcaimage.com/Document?DocType=VehicleImage&width=600&docId=673942491",https://www1.bcaimage.com/Document?DocType=InspectionBase&Reg=MF11 UAJ-GB,https://www1.bcaimage.com/Document?DocType=SpecificationSheet&Reg=MF11 UAJ-GB,mechanicalreporturl,0,U038BR,BLACK,False,Petrol,Automatic,4,5,True,Present,Invoice/Receipt,VAT Margin,True,Car,"Air Conditioning, Parking Sensor(s), Alloy Wheels, Temporary Spare Wheel",2025-01-24T00:00:00Z,93792,Invoice/Receipt,2,0,,"[{'cO2': '174 g/km', 'nox': '0.008 g/km'}, ['Key Condition - Damaged casing']]",2,"18k 2014-03-11T09:37:48Z, 26k 2015-03-25T11:15:15Z, 31k 2016-04-20T11:39:20Z, 35k 2017-04-18T11:51:36Z, 38k 2018-06-20T13:52:32Z, 48k 2019-07-18T08:09:51Z, 66k 2021-01-22T17:17:16Z, 76k 2022-01-25T15:29:16Z, 86k 2023-01-16T13:08:01Z, 91k 2024-02-09T16:26:37Z, 93k 2025-01-21T11:14:20Z",2026-02-08T00:00:00Z,,False,False,False,False,False,False,False,670,"15,490","2,095",270,,,na,,BCA
DC08 RAF,WDD2043022G267906,Online Only,Bristol,,UKCGR Budget,MERCEDES-BENZ C220 2.1 CDI B/E AMG SPORT Coupe,MERCEDES-BENZ,C220,2.1,2026-01-27,09:00:00,CDI B/E AMG SPORT,Coupe,Yes,213296,2014,2014 (63 reg),1100,4,E,2026-01-25T00:00:00Z,"https://www1.bcaimage.com/Document?DocType=VehicleImage&width=600&docId=674017295, https://www1.bcaimage.com/Document?DocType=VehicleImage&width=600&docId=674017301, https://www1.bcaimage.com/Document?DocType=VehicleImage&width=600&docId=674017305, https://www1.bcaimage.com/Document?DocType=VehicleImage&width=600&docId=674017308, https://www1.bcaimage.com/Document?DocType=VehicleImage&width=600&docId=674017312, https://www1.bcaimage.com/Document?DocType=VehicleImage&width=600&docId=674017315, https://www1.bcaimage.com/Document?DocType=VehicleImage&width=600&docId=674017322, https://www1.bcaimage.com/Document?DocType=VehicleImage&width=600&docId=674017325, https://www1.bcaimage.com/Document?DocType=VehicleImage&width=600&docId=674017329, https://www1.bcaimage.com/Document?DocType=VehicleImage&width=600&docId=674017336",https://www1.bcaimage.com/Document?DocType=InspectionBase&Reg=DC08 RAF-GB,https://www1.bcaimage.com/Document?DocType=SpecificationSheet&Reg=DC08 RAF-GB,mechanicalreporturl,0,U039BR,WHITE,False,Diesel,Auto/Manual Mode,2,5,True,Present,Invoice/Receipt,VAT Margin,True,Car,"Navigation System, Parking Sensor(s), Climate Control, Leather Trim, Temporary Spare Wheel, 18"" Alloy Wheels",2021-02-04T00:00:00Z,184955,Invoice/Receipt,1,0,,"[{'cO2': '139 g/km', 'nox': '0.126 g/km'}, 'na']",2,"68k 2017-01-23T16:55:15Z, 102k 2018-01-23T09:27:55Z, 136k 2019-01-26T13:52:47Z, 170k 2020-02-18T12:35:55Z, 184k 2021-02-04T10:34:48Z, 188k 2022-02-05T11:13:56Z, 194k 2023-02-06T12:29:59Z, 198k 2024-03-04T09:38:11Z, 200k 2024-11-19T09:44:12Z, 211k 2025-11-11T14:53:45Z",2026-11-18T00:00:00Z,changeOfRegistration,False,False,False,False,True,False,False,710,"34,265","2,595",300,,,na,,BCA
SL11 HBK,VF1BRCS0H45077307,Online Only,Bristol,,UKCGR Budget,RENAULT CLIO 1.2 16V DYNAMIQUE TOM TOM Hatchback,RENAULT,CLIO,1.2,2026-01-27,09:00:00,16V DYNAMIQUE TOM TOM,Hatchback,Yes,86221,2011,2011 (11 reg),620,4,D,2026-01-23T00:00:00Z,"https://www1.bcaimage.com/Document?DocType=VehicleImage&width=600&docId=673566102, https://www1.bcaimage.com/Document?DocType=VehicleImage&width=600&docId=673566112, https://www1.bcaimage.com/Document?DocType=VehicleImage&width=600&docId=673566122, https://www1.bcaimage.com/Document?DocType=VehicleImage&width=600&docId=673566132, https://www1.bcaimage.com/Document?DocType=VehicleImage&width=600&docId=673566136, https://www1.bcaimage.com/Document?DocType=VehicleImage&width=600&docId=673566153, https://www1.bcaimage.com/Document?DocType=VehicleImage&width=600&docId=673566167, https://www1.bcaimage.com/Document?DocType=VehicleImage&width=600&docId=673566182, https://www1.bcaimage.com/Document?DocType=VehicleImage&width=600&docId=673566199, https://www1.bcaimage.com/Document?DocType=VehicleImage&width=600&docId=673566209",https://www1.bcaimage.com/Document?DocType=InspectionBase&Reg=SL11 HBK-GB,https://www1.bcaimage.com/Document?DocType=SpecificationSheet&Reg=SL11 HBK-GB,mechanicalreporturl,0,U040BR,BLACK,False,Petrol,Manual Transmission,5,3,True,Present,Invoice/Receipt,VAT Margin,True,Car,"I.C.E/NAV Remote Control, Air Conditioning, Alloy Wheels, Steel Spare Wheel",2023-07-11T00:00:00Z,66297,Invoice/Receipt,6,1,,"[{'cO2': '135 g/km', 'nox': '0.028 g/km'}, ['Key Condition - Damaged casing']]",2,"10k 2014-03-18T15:48:50Z, 17k 2015-03-25T11:07:41Z, 25k 2016-03-25T16:34:11Z, 33k 2017-04-01T11:26:13Z, 41k 2018-04-02T15:44:09Z, 47k 2019-05-24T14:52:46Z, 54k 2020-07-22T10:36:47Z, 55k 2021-07-20T11:29:27Z, 58k 2022-06-30T13:21:24Z, 66k 2023-07-11T13:51:03Z, 73k 2024-07-18T15:11:48Z, 82k 2025-07-16T07:49:20Z",2026-07-21T00:00:00Z,,False,False,False,False,False,False,False,260,"12,685","1,495",150,,,na,,BCA
WM62 AED,SJNFCAF15U6331994,Online Only,Bristol,,UKCGR Budget,NISSAN JUKE 1.5 DCI VISIA Hatchback,NISSAN,JUKE,1.5,2026-01-27,09:00:00,DCI VISIA,Hatchback,Yes,103871,2013,2013 (62 reg),1050,4,C,2026-01-26T00:00:00Z,"https://www1.bcaimage.com/Document?DocType=VehicleImage&width=600&docId=674197591, https://www1.bcaimage.com/Document?DocType=VehicleImage&width=600&docId=674197598, https://www1.bcaimage.com/Document?DocType=VehicleImage&width=600&docId=674197602, https://www1.bcaimage.com/Document?DocType=VehicleImage&width=600&docId=674197609, https://www1.bcaimage.com/Document?DocType=VehicleImage&width=600&docId=674197615, https://www1.bcaimage.com/Document?DocType=VehicleImage&width=600&docId=674197623, https://www1.bcaimage.com/Document?DocType=VehicleImage&width=600&docId=674197635, https://www1.bcaimage.com/Document?DocType=VehicleImage&width=600&docId=674197644, https://www1.bcaimage.com/Document?DocType=VehicleImage&width=600&docId=674197650, https://www1.bcaimage.com/Document?DocType=VehicleImage&width=600&docId=674197656",https://www1.bcaimage.com/Document?DocType=InspectionBase&Reg=WM62 AED-GB,https://www1.bcaimage.com/Document?DocType=SpecificationSheet&Reg=WM62 AED-GB,mechanicalreporturl,0,U041BR,WHITE,False,Diesel,Manual Transmission,5,4,True,Present,Service Book,VAT Margin,True,Car,"Air Conditioning, Alloy Wheels, Privacy Glass",2023-11-23T00:00:00Z,100090,Service Book,4,3,,"[{'cO2': '124 g/km', 'nox': '0.170 g/km'}, 'na']",2,"36k 2015-10-03T12:26:40Z, 52k 2016-10-01T08:48:53Z, 55k 2016-12-10T12:18:28Z, 61k 2017-11-23T14:45:00Z, 70k 2018-11-30T09:50:01Z, 78k 2019-11-28T12:28:37Z, 83k 2020-12-08T10:10:19Z, 88k 2021-11-25T16:41:28Z, 95k 2022-12-05T09:34:59Z, 100k 2023-12-01T11:15:57Z, 103k 2025-10-20T16:26:42Z",2026-10-19T00:00:00Z,,False,False,False,False,False,False,False,660,"14,840","2,175",260,,,na,,BCA
RE11 BOJ,TMADB51DMBJ174641,Online Only,Bristol,,UKCGR Budget,HYUNDAI I30 1.6 COMFORT Hatchback,HYUNDAI,I30,1.6,2026-01-27,09:00:00,COMFORT,Hatchback,Yes,134067,2011,2011 (11 reg),1175,4,B,2026-01-26T00:00:00Z,"https://www1.bcaimage.com/Document?DocType=VehicleImage&width=600&docId=674305419, https://www1.bcaimage.com/Document?DocType=VehicleImage&width=600&docId=674249688, https://www1.bcaimage.com/Document?DocType=VehicleImage&width=600&docId=674305423, https://www1.bcaimage.com/Document?DocType=VehicleImage&width=600&docId=674249698, https://www1.bcaimage.com/Document?DocType=VehicleImage&width=600&docId=674305425, https://www1.bcaimage.com/Document?DocType=VehicleImage&width=600&docId=674249701, https://www1.bcaimage.com/Document?DocType=VehicleImage&width=600&docId=674305428, https://www1.bcaimage.com/Document?DocType=VehicleImage&width=600&docId=674249705, https://www1.bcaimage.com/Document?DocType=VehicleImage&width=600&docId=674305434, https://www1.bcaimage.com/Document?DocType=VehicleImage&width=600&docId=674249710, https://www1.bcaimage.com/Document?DocType=VehicleImage&width=600&docId=674305439, https://www1.bcaimage.com/Document?DocType=VehicleImage&width=600&docId=674305443, https://www1.bcaimage.com/Document?DocType=VehicleImage&width=600&docId=674305449, https://www1.bcaimage.com/Document?DocType=VehicleImage&width=600&docId=674305456, https://www1.bcaimage.com/Document?DocType=VehicleImage&width=600&docId=674305469",https://www1.bcaimage.com/Document?DocType=InspectionBase&Reg=RE11 BOJ-GB,https://www1.bcaimage.com/Document?DocType=SpecificationSheet&Reg=RE11 BOJ-GB,mechanicalreporturl,0,U042BR,BLACK,False,Petrol,Automatic,5,4,True,Present,No,VAT Margin,False,Car,"Air Conditioning, Alloy Wheels, Temporary Spare Wheel",0001-01-01T00:00:00Z,0,,0,0,,"[{'cO2': '162 g/km', 'nox': '0.012 g/km'}, ['Key Condition - Damaged casing']]",1,"34k 2014-04-23T11:24:22Z, 47k 2015-05-20T08:20:18Z, 48k 2016-05-24T10:25:14Z, 51k 2017-05-20T15:20:49Z, 52k 2017-11-28T11:48:30Z, 63k 2019-01-08T11:28:05Z, 77k 2020-01-04T08:47:57Z, 83k 2021-01-06T15:53:39Z, 91k 2022-01-08T08:41:08Z, 100k 2023-01-05T09:41:28Z, 112k 2024-01-06T08:57:27Z, 125k 2025-01-07T09:38:00Z, 133k 2026-01-05T14:47:36Z",2027-01-07T00:00:00Z,,False,False,False,False,False,False,False,790,"15,610","2,475",380,,,na,,BCA
VK58 UKH,VF34E9HXC55295354,Online Only,Bristol,,UKCGR Budget,PEUGEOT 308 SW 1.6 HDI 90 S MPV,PEUGEOT,308 SW,1.6,2026-01-27,09:00:00,HDI 90 S,MPV,Yes,85176,2008,2008 (58 reg),620,5,C,2026-01-26T00:00:00Z,"https://www1.bcaimage.com/Document?DocType=VehicleImage&width=600&docId=674206278, https://www1.bcaimage.com/Document?DocType=VehicleImage&width=600&docId=674206291, https://www1.bcaimage.com/Document?DocType=VehicleImage&width=600&docId=674206302, https://www1.bcaimage.com/Document?DocType=VehicleImage&width=600&docId=674206319, https://www1.bcaimage.com/Document?DocType=VehicleImage&width=600&docId=674206325, https://www1.bcaimage.com/Document?DocType=VehicleImage&width=600&docId=674206337, https://www1.bcaimage.com/Document?DocType=VehicleImage&width=600&docId=674206355, https://www1.bcaimage.com/Document?DocType=VehicleImage&width=600&docId=674206367, https://www1.bcaimage.com/Document?DocType=VehicleImage&width=600&docId=674206385, https://www1.bcaimage.com/Document?DocType=VehicleImage&width=600&docId=674206407",https://www1.bcaimage.com/Document?DocType=InspectionBase&Reg=VK58 UKH-GB,https://www1.bcaimage.com/Document?DocType=SpecificationSheet&Reg=VK58 UKH-GB,mechanicalreporturl,0,U044BR,SILVER,False,Diesel,Manual Transmission,5,3,True,Present,No,VAT Margin,False,Car,Air Conditioning,0001-01-01T00:00:00Z,0,,0,0,,"[{'cO2': '125 g/km', 'nox': '0.188 g/km'}, 'na']",1,"941 2012-11-19T09:13:29Z, 955 2013-09-27T13:07:52Z, 8k 2014-09-18T10:43:19Z, 16k 2015-09-17T12:10:26Z, 23k 2016-09-13T11:26:42Z, 30k 2017-09-08T11:19:54Z, 36k 2018-09-12T15:42:33Z, 44k 2019-09-19T14:30:52Z, 51k 2020-10-03T07:58:20Z, 59k 2021-09-16T11:58:58Z, 67k 2022-10-04T06:48:16Z, 72k 2023-10-03T08:05:59Z, 77k 2024-10-08T14:58:47Z, 83k 2025-09-25T09:58:16Z",2026-10-07T00:00:00Z,changeOfRegistration,False,False,False,False,True,False,False,260,"15,870","1,375",150,,,na,,BCA
MJ60 HXX,W0LPE6ED3BG063603,Online Only,Bristol,,UKCGR Budget,VAUXHALL ASTRA 1.6 16V 115 ELITE Hatchback,VAUXHALL,ASTRA,1.6,2026-01-27,09:00:00,16V 115 ELITE,Hatchback,Yes,77620,2011,2011 (60 reg),1050,4,C,2025-12-16T00:00:00Z,"https://www1.bcaimage.com/Document?DocType=VehicleImage&width=600&docId=661339756, https://www1.bcaimage.com/Document?DocType=VehicleImage&width=600&docId=661339769, https://www1.bcaimage.com/Document?DocType=VehicleImage&width=600&docId=661339779, https://www1.bcaimage.com/Document?DocType=VehicleImage&width=600&docId=661339790, https://www1.bcaimage.com/Document?DocType=VehicleImage&width=600&docId=661339799, https://www1.bcaimage.com/Document?DocType=VehicleImage&width=600&docId=661339814, https://www1.bcaimage.com/Document?DocType=VehicleImage&width=600&docId=661339825, https://www1.bcaimage.com/Document?DocType=VehicleImage&width=600&docId=661339835",https://www1.bcaimage.com/Document?DocType=InspectionBase&Reg=MJ60 HXX-GB,https://www1.bcaimage.com/Document?DocType=SpecificationSheet&Reg=MJ60 HXX-GB,mechanicalreporturl,0,U045BR,BLACK,False,Petrol,Manual Transmission,5,5,True,Present,No,VAT Margin,False,Car,"Climate Control, Leather Trim, Temporary Spare Wheel, 17"" Alloy Wheels",0001-01-01T00:00:00Z,0,,0,0,,"[{'cO2': '147 g/km', 'nox': '0.012 g/km'}, ['No Guarantee Only Faults', 'Key Condition - Damaged casing']]",2,"18k 2013-12-16T09:42:58Z, 25k 2014-11-26T12:43:20Z, 33k 2016-08-01T07:58:06Z, 38k 2017-08-18T12:06:07Z, 47k 2019-08-24T15:14:59Z, 50k 2020-08-26T07:40:21Z, 54k 2021-08-18T14:06:16Z, 58k 2022-08-09T09:50:49Z, 63k 2023-08-30T08:06:23Z, 66k 2024-08-30T16:38:29Z, 77k 2025-12-02T12:27:23Z",2026-12-01T00:00:00Z,,False,False,False,False,False,False,False,650,"20,200","2,250",280,,,na,,BCA
VN07 WXA,WBAVU32060K100114,Online Only,Bristol,,UKCGR Budget,BMW 320D 2.0 SE TOURING Estate,BMW,320D,2.0,2026-01-27,09:00:00,SE TOURING,Estate,Yes,138483,2007,2007 (07 reg),840,4,E,2026-01-26T00:00:00Z,"https://www1.bcaimage.com/Document?DocType=VehicleImage&width=600&docId=674182106, https://www1.bcaimage.com/Document?DocType=VehicleImage&width=600&docId=674182115, https://www1.bcaimage.com/Document?DocType=VehicleImage&width=600&docId=674182122, https://www1.bcaimage.com/Document?DocType=VehicleImage&width=600&docId=674182128, https://www1.bcaimage.com/Document?DocType=VehicleImage&width=600&docId=674182137, https://www1.bcaimage.com/Document?DocType=VehicleImage&width=600&docId=674182149, https://www1.bcaimage.com/Document?DocType=VehicleImage&width=600&docId=674182162, https://www1.bcaimage.com/Document?DocType=VehicleImage&width=600&docId=674182175, https://www1.bcaimage.com/Document?DocType=VehicleImage&width=600&docId=674182187, https://www1.bcaimage.com/Document?DocType=VehicleImage&width=600&docId=674182204",https://www1.bcaimage.com/Document?DocType=InspectionBase&Reg=VN07 WXA-GB,https://www1.bcaimage.com/Document?DocType=SpecificationSheet&Reg=VN07 WXA-GB,mechanicalreporturl,0,U046BR,SILVER,False,Diesel,Manual Transmission,5,6,True,Present,Invoice/Receipt,VAT Margin,True,Car,"Climate Control, Parking Sensor(s), Alloy Wheels",2024-02-23T00:00:00Z,122981,Invoice/Receipt,14,0,,"[{'cO2': '158 g/km', 'nox': '0.182 g/km'}, 'na']",2,"17k 2010-04-14T11:10:31Z, 24k 2011-03-29T12:22:21Z, 31k 2012-03-06T11:22:51Z, 42k 2013-03-07T16:17:14Z, 51k 2014-03-10T15:53:45Z, 58k 2015-03-02T13:26:21Z, 64k 2016-03-03T11:34:26Z, 70k 2017-02-27T11:04:43Z, 78k 2018-03-05T10:53:16Z, 84k 2019-02-25T10:52:07Z, 94k 2020-03-05T12:00:34Z, 99k 2020-09-30T12:10:21Z, 101k 2021-03-01T09:27:15Z, 109k 2022-03-01T07:53:36Z, 115k 2023-02-24T07:52:18Z, 122k 2024-02-23T11:37:19Z, 129k 2025-02-21T12:35:32Z",2026-02-28T00:00:00Z,,False,False,False,False,False,False,False,440,"26,272","1,850",160,,,na,,BCA
OU10 JWG,WF0GXXGAJGAT80471,Online Only,Bristol,,UKCGR Budget,FORD FIESTA 1.6 S1600 Hatchback,FORD,FIESTA,1.6,2026-01-27,09:00:00,S1600,Hatchback,Yes,117240,2010,2010 (10 reg),1075,4,C,2026-01-26T00:00:00Z,"https://www1.bcaimage.com/Document?DocType=VehicleImage&width=600&docId=674181901, https://www1.bcaimage.com/Document?DocType=VehicleImage&width=600&docId=674181906, https://www1.bcaimage.com/Document?DocType=VehicleImage&width=600&docId=674181913, https://www1.bcaimage.com/Document?DocType=VehicleImage&width=600&docId=674181923, https://www1.bcaimage.com/Document?DocType=VehicleImage&width=600&docId=674181930, https://www1.bcaimage.com/Document?DocType=VehicleImage&width=600&docId=674181947, https://www1.bcaimage.com/Document?DocType=VehicleImage&width=600&docId=674181958, https://www1.bcaimage.com/Document?DocType=VehicleImage&width=600&docId=674181972, https://www1.bcaimage.com/Document?DocType=VehicleImage&width=600&docId=674181979, https://www1.bcaimage.com/Document?DocType=VehicleImage&width=600&docId=674181989",https://www1.bcaimage.com/Document?DocType=InspectionBase&Reg=OU10 JWG-GB,https://www1.bcaimage.com/Document?DocType=SpecificationSheet&Reg=OU10 JWG-GB,mechanicalreporturl,0,U047BR,BLUE,False,Petrol,Manual Transmission,3,4,True,Present,Service Book,VAT Margin,True,Car,"Air Conditioning, Alloy Wheels, Tyre Inflation Kit",2017-02-10T00:00:00Z,52463,Service Book,6,4,,"[{'cO2': '134 g/km', 'nox': '0.023 g/km'}, 'na']",2,"33k 2013-05-03T10:53:18Z, 39k 2014-02-28T11:42:51Z, 43k 2015-02-23T17:30:02Z, 48k 2016-02-15T16:15:03Z, 52k 2017-02-09T10:29:12Z, 68k 2018-02-19T13:42:10Z, 80k 2019-02-14T11:50:33Z, 85k 2020-02-08T11:50:18Z, 93k 2021-02-16T10:10:20Z, 100k 2022-02-17T11:34:32Z, 105k 2023-02-24T11:26:34Z, 108k 2024-03-13T17:17:04Z, 112k 2025-03-04T11:21:04Z",2026-03-12T00:00:00Z,changeOfRegistration,False,False,False,False,True,False,False,670,"14,830","2,375",290,,,na,,BCA
NA13 FOD,WF0CXXGAKCDM67493,Online Only,Crawley,,UKCGR Budget,FORD FIESTA 1.2 82 ZETEC Hatchback,FORD,FIESTA,1.2,2026-01-27,09:00:00,82 ZETEC,Hatchback,Yes,132748,2013,2013 (13 reg),1175,5,A,2026-01-23T00:00:00Z,"https://www1.bcaimage.com/Document?DocType=VehicleImage&width=600&docId=673696680, https://www1.bcaimage.com/Document?DocType=VehicleImage&width=600&docId=673696690, https://www1.bcaimage.com/Document?DocType=VehicleImage&width=600&docId=673696700, https://www1.bcaimage.com/Document?DocType=VehicleImage&width=600&docId=673696708, https://www1.bcaimage.com/Document?DocType=VehicleImage&width=600&docId=673696717, https://www1.bcaimage.com/Document?DocType=VehicleImage&width=600&docId=673696730, https://www1.bcaimage.com/Document?DocType=VehicleImage&width=600&docId=673696741, https://www1.bcaimage.com/Document?DocType=VehicleImage&width=600&docId=673696762, https://www1.bcaimage.com/Document?DocType=VehicleImage&width=600&docId=673696778, https://www1.bcaimage.com/Document?DocType=VehicleImage&width=600&docId=673696795",https://www1.bcaimage.com/Document?DocType=InspectionBase&Reg=NA13 FOD-GB,https://www1.bcaimage.com/Document?DocType=SpecificationSheet&Reg=NA13 FOD-GB,mechanicalreporturl,0,U049CR,SILVER,False,Petrol,Manual Transmission,3,3,True,Present,Service Book,VAT Margin,True,Car,"Air Conditioning, Alloy Wheels",2020-10-22T00:00:00Z,80033,Service Book,5,2,,"[{'cO2': '120 g/km', 'nox': '0.027 g/km'}, 'na']",2,"22k 2016-02-02T08:34:53Z, 37k 2017-03-08T18:00:00Z, 51k 2018-05-19T08:54:35Z, 63k 2019-05-11T09:25:05Z, 80k 2020-10-22T16:17:12Z, 89k 2021-11-18T14:02:05Z, 103k 2022-11-04T11:54:44Z, 116k 2023-11-29T12:37:19Z, 125k 2024-12-02T16:34:23Z",2025-12-01T00:00:00Z,changeOfRegistration,False,False,False,False,True,False,False,770,"12,590","2,575",370,,,na,,BCA
BV58 ZNZ,JMZBK14Z501731934,Online Only,Crawley,,UKCGR Budget,MAZDA 3 1.6 TAKARA Hatchback,MAZDA,3,1.6,2026-01-27,09:00:00,TAKARA,Hatchback,Yes,112245,2008,2008 (58 reg),1250,5,A,2026-01-22T00:00:00Z,"https://www1.bcaimage.com/Document?DocType=VehicleImage&width=600&docId=672890135, https://www1.bcaimage.com/Document?DocType=VehicleImage&width=600&docId=672890149, https://www1.bcaimage.com/Document?DocType=VehicleImage&width=600&docId=672890172, https://www1.bcaimage.com/Document?DocType=VehicleImage&width=600&docId=672890196, https://www1.bcaimage.com/Document?DocType=VehicleImage&width=600&docId=672890218, https://www1.bcaimage.com/Document?DocType=VehicleImage&width=600&docId=672890249, https://www1.bcaimage.com/Document?DocType=VehicleImage&width=600&docId=672890279, https://www1.bcaimage.com/Document?DocType=VehicleImage&width=600&docId=672890310, https://www1.bcaimage.com/Document?DocType=VehicleImage&width=600&docId=672890330, https://www1.bcaimage.com/Document?DocType=VehicleImage&width=600&docId=672890356",https://www1.bcaimage.com/Document?DocType=InspectionBase&Reg=BV58 ZNZ-GB,https://www1.bcaimage.com/Document?DocType=SpecificationSheet&Reg=BV58 ZNZ-GB,mechanicalreporturl,0,U050CR,BLUE,False,Petrol,Automatic,5,6,True,Present,Invoice/Receipt,VAT Margin,True,Car,"Climate Control, Alloy Wheels, Temporary Spare Wheel",2025-09-12T00:00:00Z,110983,Invoice/Receipt,5,1,,"[{'cO2': '183 g/km', 'nox': '0.019 g/km'}, 'na']",1,"17k 2011-08-22T09:54:49Z, 26k 2012-08-08T17:46:33Z, 39k 2014-04-30T12:48:01Z, 48k 2015-09-16T10:07:22Z, 53k 2016-09-14T13:07:41Z, 60k 2017-09-18T15:09:53Z, 73k 2018-09-12T14:11:30Z, 90k 2019-09-18T11:20:01Z, 93k 2020-09-15T13:50:06Z, 96k 2021-09-16T08:09:05Z, 99k 2022-09-20T13:37:12Z, 103k 2023-09-05T11:44:36Z, 107k 2024-09-03T10:51:42Z, 110k 2025-09-10T15:10:19Z",2026-09-19T00:00:00Z,changeOfRegistration,False,False,False,False,True,False,False,850,"14,370","2,550",450,,,na,,BCA
DA58 EGU,W0L0SDL6894114844,Online Only,Crawley,,UKCGR Budget,VAUXHALL CORSA 1.4 CLUB 16V Hatchback,VAUXHALL,CORSA,1.4,2026-01-27,09:00:00,CLUB 16V,Hatchback,Yes,101693,2009,2009 (58 reg),640,4,A,2026-01-23T00:00:00Z,"https://www1.bcaimage.com/Document?DocType=VehicleImage&width=600&docId=673531673, https://www1.bcaimage.com/Document?DocType=VehicleImage&width=600&docId=673531684, https://www1.bcaimage.com/Document?DocType=VehicleImage&width=600&docId=673531697, https://www1.bcaimage.com/Document?DocType=VehicleImage&width=600&docId=673531707, https://www1.bcaimage.com/Document?DocType=VehicleImage&width=600&docId=673531719, https://www1.bcaimage.com/Document?DocType=VehicleImage&width=600&docId=673531750, https://www1.bcaimage.com/Document?DocType=VehicleImage&width=600&docId=673531778, https://www1.bcaimage.com/Document?DocType=VehicleImage&width=600&docId=673531809, https://www1.bcaimage.com/Document?DocType=VehicleImage&width=600&docId=673531828, https://www1.bcaimage.com/Document?DocType=VehicleImage&width=600&docId=673531860",https://www1.bcaimage.com/Document?DocType=InspectionBase&Reg=DA58 EGU-GB,https://www1.bcaimage.com/Document?DocType=SpecificationSheet&Reg=DA58 EGU-GB,mechanicalreporturl,0,U051CR,SILVER,False,Petrol,Automatic,5,5,True,Present,Service Book,VAT Margin,True,Car,"Air Conditioning, Steel Spare Wheel",2025-04-04T00:00:00Z,84150,Service Book,13,4,,"[{'cO2': '158 g/km', 'nox': '0.024 g/km'}, 'na']",1,"27k 2011-12-21T09:27:29Z, 34k 2013-03-07T15:13:38Z, 42k 2014-04-10T12:11:21Z, 44k 2015-03-31T08:37:03Z, 45k 2016-03-07T09:29:21Z, 49k 2017-03-14T11:05:02Z, 52k 2018-02-19T15:48:36Z, 55k 2019-02-18T17:43:09Z, 59k 2020-02-26T10:01:54Z, 59k 2021-02-24T09:49:25Z, 61k 2022-03-10T14:17:59Z, 68k 2023-04-18T12:04:26Z, 75k 2024-04-10T12:18:15Z, 83k 2025-04-04T13:02:31Z",2026-04-17T00:00:00Z,,False,False,False,False,False,False,False,270,"12,332","1,725",150,,,na,,BCA
HY58 DYN,4S4WXEKU57S009406,Online Only,Edinburgh,,UKCGR Budget,SUBARU B9 TRIBECA 3.0 SE5 StationWagon,SUBARU,B9 TRIBECA,3.0,2026-01-27,09:00:00,SE5,StationWagon,Yes,134790,2009,2009 (58 reg),0,4,D,2026-01-26T00:00:00Z,"https://www1.bcaimage.com/Document?DocType=VehicleImage&width=600&docId=674175097, https://www1.bcaimage.com/Document?DocType=VehicleImage&width=600&docId=674175121, https://www1.bcaimage.com/Document?DocType=VehicleImage&width=600&docId=674175139, https://www1.bcaimage.com/Document?DocType=VehicleImage&width=600&docId=674175162, https://www1.bcaimage.com/Document?DocType=VehicleImage&width=600&docId=674175181, https://www1.bcaimage.com/Document?DocType=VehicleImage&width=600&docId=674175208, https://www1.bcaimage.com/Document?DocType=VehicleImage&width=600&docId=674175230, https://www1.bcaimage.com/Document?DocType=VehicleImage&width=600&docId=674175255, https://www1.bcaimage.com/Document?DocType=VehicleImage&width=600&docId=674175285, https://www1.bcaimage.com/Document?DocType=VehicleImage&width=600&docId=674175315",https://www1.bcaimage.com/Document?DocType=InspectionBase&Reg=HY58 DYN-GB,https://www1.bcaimage.com/Document?DocType=SpecificationSheet&Reg=HY58 DYN-GB,mechanicalreporturl,0,U052ED,BLUE,False,Petrol,Automatic,5,9,True,Present,Service Book,VAT Margin,True,Car,"Climate Control, Leather Trim, 18"" Alloy Wheels, Sunroof",2019-09-14T00:00:00Z,93497,Service Book,8,4,,"[{'cO2': '291 g/km', 'nox': '0.028 g/km'}, 'na']",2,"17k 2012-01-13T14:14:59Z, 37k 2013-01-16T13:30:13Z, 65k 2014-06-24T14:31:25Z, 71k 2015-06-08T16:02:53Z, 75k 2016-06-13T12:41:16Z, 78k 2017-06-21T08:21:11Z, 86k 2018-10-31T08:58:10Z, 94k 2019-10-26T07:45:02Z, 100k 2020-10-24T09:10:42Z, 103k 2021-09-15T09:36:00Z, 107k 2022-08-22T17:29:12Z, 108k 2023-07-04T12:56:16Z, 117k 2024-07-09T15:02:18Z, 129k 2025-08-12T10:19:25Z",2026-08-11T00:00:00Z,changeOfRegistration,False,False,False,False,True,False,False,,,,,,,na,,BCA
LG60 SXO,WBAUY12080A926036,Online Only,Enfield,,UKCGR Budget,BMW 320D 2.0 184 SE BUSINESS ED.TOURING Estate,BMW,320D,2.0,2026-01-27,09:00:00,184 SE BUSINESS ED.TOURING,Estate,Yes,195040,2010,2010 (60 reg),1000,3,,2026-01-13T00:00:00Z,"https://www1.bcaimage.com/Document?DocType=VehicleImage&width=600&docId=666513367, https://www1.bcaimage.com/Document?DocType=VehicleImage&width=600&docId=666513374, https://www1.bcaimage.com/Document?DocType=VehicleImage&width=600&docId=666513388, https://www1.bcaimage.com/Document?DocType=VehicleImage&width=600&docId=666513399, https://www1.bcaimage.com/Document?DocType=VehicleImage&width=600&docId=666513409, https://www1.bcaimage.com/Document?DocType=VehicleImage&width=600&docId=666513418, https://www1.bcaimage.com/Document?DocType=VehicleImage&width=600&docId=666513428, https://www1.bcaimage.com/Document?DocType=VehicleImage&width=600&docId=666513440",https://www1.bcaimage.com/Document?DocType=InspectionBase&Reg=LG60 SXO-GB,na,na,0,U053EN,BLACK,False,Diesel,Manual Transmission,5,6,True,Present,Digital Service,VAT Margin,True,Car,"Parking Sensor(s), Climate Control, Leather Trim, 17"" Alloy Wheels",2014-03-26T00:00:00Z,36480,Digital Service,1,0,NO PHYSICAL COPY,"[{'cO2': '128 g/km', 'nox': '0.137 g/km'}, ['Service History - portal only', 'Sold Without - mechanical report', 'Key Condition - Remote Inoperative']]",1,"32k 2013-08-28T09:58:06Z, 41k 2014-08-29T10:16:21Z, 54k 2015-08-28T00:00:00Z, 69k 2016-08-23T13:44:34Z, 92k 2017-08-22T08:25:12Z, 116k 2018-08-30T10:27:15Z, 125k 2019-09-02T08:42:57Z, 138k 2020-09-02T08:56:43Z, 154k 2021-09-21T12:52:30Z, 165k 2022-09-15T08:25:48Z, 170k 2023-09-11T12:27:40Z, 177k 2024-09-02T09:48:16Z",2025-09-20T00:00:00Z,,False,False,False,False,False,False,False,600,"29,380","2,450",230,,,na,,BCA
PJ03 LXY,WDB2037402A447652,Online Only,Enfield,,UKCGR Budget,MERCEDES-BENZ C230 1.8 K SE Coupe,MERCEDES-BENZ,C230,1.8,2026-01-27,09:00:00,K SE,Coupe,Yes,95601,2003,2003 (03 reg),0,5,C,2026-01-19T00:00:00Z,"https://www1.bcaimage.com/Document?DocType=VehicleImage&width=600&docId=671491393, https://www1.bcaimage.com/Document?DocType=VehicleImage&width=600&docId=671491407, https://www1.bcaimage.com/Document?DocType=VehicleImage&width=600&docId=671491415, https://www1.bcaimage.com/Document?DocType=VehicleImage&width=600&docId=671491428, https://www1.bcaimage.com/Document?DocType=VehicleImage&width=600&docId=671491436, https://www1.bcaimage.com/Document?DocType=VehicleImage&width=600&docId=671491457, https://www1.bcaimage.com/Document?DocType=VehicleImage&width=600&docId=671491481, https://www1.bcaimage.com/Document?DocType=VehicleImage&width=600&docId=671491501, https://www1.bcaimage.com/Document?DocType=VehicleImage&width=600&docId=671491518, https://www1.bcaimage.com/Document?DocType=VehicleImage&width=600&docId=671491537",https://www1.bcaimage.com/Document?DocType=InspectionBase&Reg=PJ03 LXY-GB,https://www1.bcaimage.com/Document?DocType=SpecificationSheet&Reg=PJ03 LXY-GB,mechanicalreporturl,0,U054EN,RED,False,Petrol,Auto/Manual Mode,3,3,True,Present,Service Book,VAT Margin,True,Car,"Climate Control, Leather Trim, 17"" Alloy Wheels, Panoramic Roof",2024-04-18T00:00:00Z,78850,Service Book,12,2,,"[{'cO2': '221 g/km', 'nox': '0.012 g/km'}, 'na']",2,"12k 2006-04-11T12:54:56Z, 15k 2007-04-11T16:27:10Z, 19k 2008-04-10T09:45:11Z, 22k 2009-04-06T15:48:44Z, 24k 2010-03-30T15:51:34Z, 27k 2011-03-29T10:43:29Z, 29k 2012-02-28T16:04:24Z, 33k 2013-03-21T15:49:17Z, 35k 2014-02-06T16:22:55Z, 38k 2015-01-29T09:00:08Z, 41k 2016-04-07T08:05:52Z, 43k 2017-03-28T10:42:29Z, 45k 2018-03-28T09:57:18Z, 47k 2019-02-25T14:46:39Z, 49k 2020-02-24T10:57:51Z, 53k 2021-04-21T15:57:19Z, 62k 2022-04-26T10:40:41Z, 73k 2023-04-19T13:27:28Z, 78k 2024-04-18T11:38:49Z, 87k 2025-04-08T12:17:00Z",2026-04-25T00:00:00Z,changeOfRegistration,False,False,False,False,True,False,False,,,,,,,na,,BCA
GU11 XAM,W0LSD9EH5B4192106,Online Only,Enfield,,UKCGR Budget,VAUXHALL MERIVA 1.7 CDTI 16V 100 EXCLUSIV MPV,VAUXHALL,MERIVA,1.7,2026-01-27,09:00:00,CDTI 16V 100 EXCLUSIV,MPV,Yes,89057,2011,2011 (11 reg),1000,5,C,2026-01-26T00:00:00Z,"https://www1.bcaimage.com/Document?DocType=VehicleImage&width=600&docId=674160772, https://www1.bcaimage.com/Document?DocType=VehicleImage&width=600&docId=674160776, https://www1.bcaimage.com/Document?DocType=VehicleImage&width=600&docId=674160780, https://www1.bcaimage.com/Document?DocType=VehicleImage&width=600&docId=674160786, https://www1.bcaimage.com/Document?DocType=VehicleImage&width=600&docId=674160789, https://www1.bcaimage.com/Document?DocType=VehicleImage&width=600&docId=674160800, https://www1.bcaimage.com/Document?DocType=VehicleImage&width=600&docId=674160811, https://www1.bcaimage.com/Document?DocType=VehicleImage&width=600&docId=674160825, https://www1.bcaimage.com/Document?DocType=VehicleImage&width=600&docId=674160837, https://www1.bcaimage.com/Document?DocType=VehicleImage&width=600&docId=674160849",https://www1.bcaimage.com/Document?DocType=InspectionBase&Reg=GU11 XAM-GB,https://www1.bcaimage.com/Document?DocType=SpecificationSheet&Reg=GU11 XAM-GB,mechanicalreporturl,0,U055EN,GREY,False,Diesel,Automatic,5,4,True,Present,Service Book,VAT Margin,True,Car,"Parking Sensor(s), Air Conditioning, Alloy Wheels, Privacy Glass",2025-02-22T00:00:00Z,83889,Service Book,11,0,,"[{'cO2': '168 g/km', 'nox': '0.162 g/km'}, 'na']",2,"20k 2014-03-06T10:44:43Z, 26k 2015-03-06T10:51:48Z, 32k 2016-03-07T10:57:45Z, 39k 2017-03-07T11:20:53Z, 47k 2018-03-09T10:57:46Z, 56k 2019-03-07T11:10:41Z, 64k 2020-02-27T16:59:31Z, 67k 2021-03-02T11:06:49Z, 70k 2022-03-11T11:34:44Z, 75k 2023-03-08T11:21:34Z, 79k 2024-03-12T17:34:20Z, 84k 2025-03-11T11:56:52Z",2026-03-11T00:00:00Z,,False,False,False,False,False,False,False,620,"20,630","2,275",300,,,na,,BCA
KN11 CJU,WAUZZZ8T8BA065379,Online Only,Enfield,,UKCGR Budget,AUDI A5 SPORTBACK 2.0 TFSI 180 S LINE Hatchback,AUDI,A5 SPORTBACK,2.0,2026-01-27,09:00:00,TFSI 180 S LINE,Hatchback,Yes,203774,2011,2011 (11 reg),1025,5,B,2026-01-26T00:00:00Z,"https://www1.bcaimage.com/Document?DocType=VehicleImage&width=600&docId=674237636, https://www1.bcaimage.com/Document?DocType=VehicleImage&width=600&docId=674237640, https://www1.bcaimage.com/Document?DocType=VehicleImage&width=600&docId=674237645, https://www1.bcaimage.com/Document?DocType=VehicleImage&width=600&docId=674237649, https://www1.bcaimage.com/Document?DocType=VehicleImage&width=600&docId=674237653, https://www1.bcaimage.com/Document?DocType=VehicleImage&width=600&docId=674237660, https://www1.bcaimage.com/Document?DocType=VehicleImage&width=600&docId=674237670, https://www1.bcaimage.com/Document?DocType=VehicleImage&width=600&docId=674237720, https://www1.bcaimage.com/Document?DocType=VehicleImage&width=600&docId=674237733, https://www1.bcaimage.com/Document?DocType=VehicleImage&width=600&docId=674237747",https://www1.bcaimage.com/Document?DocType=InspectionBase&Reg=KN11 CJU-GB,https://www1.bcaimage.com/Document?DocType=SpecificationSheet&Reg=KN11 CJU-GB,mechanicalreporturl,0,U056EN,BLACK,False,Petrol,Manual Transmission,5,3,True,Present,Service Book,VAT Margin,True,Car,"Climate Control, Parking Sensor(s), 18"" Alloy Wheels",2024-11-17T00:00:00Z,185098,Service Book,10,0,,"[{'cO2': '152 g/km', 'nox': '0.053 g/km'}, 'na']",2,"68k 2014-04-05T16:38:28Z, 80k 2015-04-02T11:08:09Z, 93k 2016-04-18T10:19:34Z, 107k 2017-04-18T14:40:55Z, 117k 2018-04-16T09:05:16Z, 127k 2019-04-04T14:33:57Z, 143k 2020-10-31T15:57:33Z, 154k 2021-10-20T15:37:54Z, 169k 2022-10-27T07:40:49Z, 182k 2023-11-01T10:22:58Z, 193k 2024-10-07T13:48:25Z",2025-10-31T00:00:00Z,,False,False,False,False,False,False,False,770,"29,315","2,295",470,,,na,,BCA
YU05 UKD,WMWRE32020TG91795,Online Only,Enfield,,UKCGR Budget,MINI COOPER 1.6 S Hatchback,MINI,COOPER,1.6,2026-01-27,09:00:00,S,Hatchback,Yes,78771,2005,2005 (05 reg),0,2,A,2026-01-26T00:00:00Z,"https://www1.bcaimage.com/Document?DocType=VehicleImage&width=600&docId=674205469, https://www1.bcaimage.com/Document?DocType=VehicleImage&width=600&docId=674205481, https://www1.bcaimage.com/Document?DocType=VehicleImage&width=600&docId=674205491, https://www1.bcaimage.com/Document?DocType=VehicleImage&width=600&docId=674205501, https://www1.bcaimage.com/Document?DocType=VehicleImage&width=600&docId=674205511, https://www1.bcaimage.com/Document?DocType=VehicleImage&width=600&docId=674205526, https://www1.bcaimage.com/Document?DocType=VehicleImage&width=600&docId=674205541, https://www1.bcaimage.com/Document?DocType=VehicleImage&width=600&docId=674205559, https://www1.bcaimage.com/Document?DocType=VehicleImage&width=600&docId=674205572, https://www1.bcaimage.com/Document?DocType=VehicleImage&width=600&docId=674205590",https://www1.bcaimage.com/Document?DocType=InspectionBase&Reg=YU05 UKD-GB,https://www1.bcaimage.com/Document?DocType=SpecificationSheet&Reg=YU05 UKD-GB,mechanicalreporturl,0,U057EN,WHITE,False,Petrol,Automatic,3,8,True,Present,Invoice/Receipt,VAT Margin,True,Car,"Climate Control, Leather Trim, 17"" Alloy Wheels, Panoramic Roof",2024-04-19T00:00:00Z,76500,Invoice/Receipt,2,0,,"[{'cO2': '216 g/km', 'nox': '0.061 g/km'}, 'na']",2,"14k 2008-01-18T09:35:34Z, 20k 2009-01-13T09:26:29Z, 27k 2010-01-12T10:12:29Z, 34k 2011-01-12T15:58:32Z, 39k 2012-01-10T09:41:43Z, 44k 2013-01-08T14:42:00Z, 50k 2014-01-14T15:16:39Z, 55k 2015-01-29T09:44:57Z, 58k 2016-02-11T15:35:13Z, 62k 2017-02-18T12:17:24Z, 64k 2018-03-07T15:07:51Z, 66k 2019-03-28T10:16:05Z, 68k 2020-04-17T11:00:50Z, 70k 2021-04-13T13:38:07Z, 72k 2022-04-26T09:34:12Z, 75k 2023-04-19T12:34:18Z, 76k 2024-04-18T16:32:44Z, 78k 2025-04-28T10:02:31Z",2026-04-27T00:00:00Z,changeOfRegistration,False,False,False,False,True,False,False,,,,,,,na,,BCA
GY10 UAW,VF1JZ0YBE43470655,Online Only,Enfield,,UKCGR Budget,RENAULT GRAND SCENIC 2.0 DCI 150 PRIVILEGE TOM TOM 7S MPV,RENAULT,GRAND SCENIC,2.0,2026-01-27,09:00:00,DCI 150 PRIVILEGE TOM TOM 7S,MPV,Yes,114716,2010,2010 (10 reg),790,5,A,2026-01-26T00:00:00Z,"https://www1.bcaimage.com/Document?DocType=VehicleImage&width=600&docId=674302195, https://www1.bcaimage.com/Document?DocType=VehicleImage&width=600&docId=674302202, https://www1.bcaimage.com/Document?DocType=VehicleImage&width=600&docId=674302211, https://www1.bcaimage.com/Document?DocType=VehicleImage&width=600&docId=674302215, https://www1.bcaimage.com/Document?DocType=VehicleImage&width=600&docId=674302221, https://www1.bcaimage.com/Document?DocType=VehicleImage&width=600&docId=674302231, https://www1.bcaimage.com/Document?DocType=VehicleImage&width=600&docId=674302248, https://www1.bcaimage.com/Document?DocType=VehicleImage&width=600&docId=674302265, https://www1.bcaimage.com/Document?DocType=VehicleImage&width=600&docId=674302283, https://www1.bcaimage.com/Document?DocType=VehicleImage&width=600&docId=674302301",https://www1.bcaimage.com/Document?DocType=InspectionBase&Reg=GY10 UAW-GB,https://www1.bcaimage.com/Document?DocType=SpecificationSheet&Reg=GY10 UAW-GB,mechanicalreporturl,0,U058EN,GOLD,False,Diesel,Automatic,5,2,True,Present,Service Book,VAT Margin,True,Car,"Navigation System, Navigation SD Card, Climate Control, Parking Sensor(s), Half Leather Trim, 7 Seats, 17"" Alloy Wheels",2022-02-15T00:00:00Z,106192,Service Book,7,3,,"[{'cO2': '184 g/km', 'nox': '0.169 g/km'}, 'na']",2,"10k 2013-05-15T12:50:05Z, 21k 2014-05-14T09:12:48Z, 34k 2015-05-11T11:12:50Z, 44k 2016-05-09T14:19:31Z, 56k 2017-05-10T08:53:33Z, 69k 2018-05-09T08:47:46Z, 82k 2019-05-02T08:15:48Z, 92k 2020-11-24T09:01:34Z, 94k 2021-11-06T13:08:35Z, 102k 2022-11-22T09:18:16Z, 107k 2023-11-27T15:46:29Z, 110k 2024-11-12T09:50:34Z, 113k 2025-11-19T11:44:47Z",2026-11-26T00:00:00Z,changeOfRegistration,False,False,False,False,True,False,False,390,"24,837","1,775",150,,,na,,BCA
MA60 TXM,WDD2040492A489989,Online Only,Enfield,,UKCGR Budget,MERCEDES-BENZ C180 1.8 CGI B/E EXECUTIVE SE Saloon,MERCEDES-BENZ,C180,1.8,2026-01-27,09:00:00,CGI B/E EXECUTIVE SE,Saloon,Yes,156133,2010,2010 (60 reg),1175,4,A,2026-01-26T00:00:00Z,"https://www1.bcaimage.com/Document?DocType=VehicleImage&width=600&docId=674238158, https://www1.bcaimage.com/Document?DocType=VehicleImage&width=600&docId=674238167, https://www1.bcaimage.com/Document?DocType=VehicleImage&width=600&docId=674238174, https://www1.bcaimage.com/Document?DocType=VehicleImage&width=600&docId=674238183, https://www1.bcaimage.com/Document?DocType=VehicleImage&width=600&docId=674238195, https://www1.bcaimage.com/Document?DocType=VehicleImage&width=600&docId=674238210, https://www1.bcaimage.com/Document?DocType=VehicleImage&width=600&docId=674238219, https://www1.bcaimage.com/Document?DocType=VehicleImage&width=600&docId=674238229, https://www1.bcaimage.com/Document?DocType=VehicleImage&width=600&docId=674238242, https://www1.bcaimage.com/Document?DocType=VehicleImage&width=600&docId=674238259",https://www1.bcaimage.com/Document?DocType=InspectionBase&Reg=MA60 TXM-GB,https://www1.bcaimage.com/Document?DocType=SpecificationSheet&Reg=MA60 TXM-GB,mechanicalreporturl,0,U059EN,SILVER,False,Petrol,Auto/Manual Mode,4,4,True,Present,No,VAT Margin,False,Car,"Navigation System, Air Conditioning, Climate Control, Parking Sensor(s), Temporary Spare Wheel, Privacy Glass",0001-01-01T00:00:00Z,0,,0,0,,"[{'cO2': '165 g/km', 'nox': '0.040 g/km'}, ['Key Condition - Key Blade Missing']]",2,"38k 2014-05-29T16:01:31Z, 48k 2015-06-02T14:06:29Z, 56k 2016-06-15T11:14:35Z, 63k 2017-06-15T15:04:26Z, 70k 2018-05-31T16:39:47Z, 77k 2019-09-25T13:41:39Z, 82k 2020-10-03T15:38:28Z, 91k 2022-01-26T19:17:25Z, 93k 2023-01-24T10:31:12Z, 95k 2024-03-18T13:03:24Z, 96k 2025-03-27T16:06:00Z",2026-03-26T00:00:00Z,,False,False,False,False,False,False,False,770,"25,950","2,495",390,,,na,,BCA
AV57 MXS,WVWZZZ1KZ8W096689,Online Only,Enfield,,UKCGR Budget,VOLKSWAGEN GOLF 1.9 TDI 105 MATCH DSG Hatchback,VOLKSWAGEN,GOLF,1.9,2026-01-27,09:00:00,TDI 105 MATCH DSG,Hatchback,Yes,103693,2007,2007 (57 reg),1150,4,A,2026-01-26T00:00:00Z,"https://www1.bcaimage.com/Document?DocType=VehicleImage&width=600&docId=674310509, https://www1.bcaimage.com/Document?DocType=VehicleImage&width=600&docId=674310520, https://www1.bcaimage.com/Document?DocType=VehicleImage&width=600&docId=674310529, https://www1.bcaimage.com/Document?DocType=VehicleImage&width=600&docId=674310537, https://www1.bcaimage.com/Document?DocType=VehicleImage&width=600&docId=674310544, https://www1.bcaimage.com/Document?DocType=VehicleImage&width=600&docId=674310559, https://www1.bcaimage.com/Document?DocType=VehicleImage&width=600&docId=674310576, https://www1.bcaimage.com/Document?DocType=VehicleImage&width=600&docId=674310598, https://www1.bcaimage.com/Document?DocType=VehicleImage&width=600&docId=674310623, https://www1.bcaimage.com/Document?DocType=VehicleImage&width=600&docId=674310645",https://www1.bcaimage.com/Document?DocType=InspectionBase&Reg=AV57 MXS-GB,https://www1.bcaimage.com/Document?DocType=SpecificationSheet&Reg=AV57 MXS-GB,mechanicalreporturl,0,U060EN,BLACK,False,Diesel,Auto Clutch,5,2,True,Present,No,VAT Margin,False,Car,"Air Conditioning, Alloy Wheels",0001-01-01T00:00:00Z,0,,0,0,,"[{'cO2': '153 g/km', 'nox': '0.237 g/km'}, 'na']",1,"28k 2010-09-27T08:52:00Z, 30k 2011-10-07T12:25:40Z, 33k 2012-10-05T10:31:37Z, 37k 2013-10-04T14:58:08Z, 46k 2014-10-10T16:33:07Z, 53k 2015-10-09T12:05:26Z, 59k 2016-10-07T15:40:25Z, 65k 2017-10-09T12:45:52Z, 70k 2018-10-09T14:45:12Z, 75k 2019-10-04T16:26:22Z, 77k 2020-10-01T16:12:02Z, 81k 2021-10-05T15:54:08Z, 86k 2022-09-28T14:15:00Z, 90k 2023-09-21T13:12:14Z, 96k 2024-09-30T11:02:56Z, 102k 2025-09-29T15:44:38Z",2026-10-10T00:00:00Z,,False,False,False,False,False,False,False,760,"17,362","2,175",370,,,na,,BCA
SM57 YXH,SJNFAAE11U1216890,Online Only,Glasgow - East,,UKCGR Budget,NISSAN NOTE 1.4 ACENTA R Hatchback,NISSAN,NOTE,1.4,2026-01-27,09:00:00,ACENTA R,Hatchback,Incorrect,109157,2007,2007 (57 reg),640,5,A,2026-01-24T00:00:00Z,"https://www1.bcaimage.com/Document?DocType=VehicleImage&width=600&docId=674148291, https://www1.bcaimage.com/Document?DocType=VehicleImage&width=600&docId=674148293, https://www1.bcaimage.com/Document?DocType=VehicleImage&width=600&docId=674148296, https://www1.bcaimage.com/Document?DocType=VehicleImage&width=600&docId=674148299, https://www1.bcaimage.com/Document?DocType=VehicleImage&width=600&docId=674148304, https://www1.bcaimage.com/Document?DocType=VehicleImage&width=600&docId=674148311, https://www1.bcaimage.com/Document?DocType=VehicleImage&width=600&docId=674148320, https://www1.bcaimage.com/Document?DocType=VehicleImage&width=600&docId=674148328, https://www1.bcaimage.com/Document?DocType=VehicleImage&width=600&docId=674148337, https://www1.bcaimage.com/Document?DocType=VehicleImage&width=600&docId=674148344",https://www1.bcaimage.com/Document?DocType=InspectionBase&Reg=SM57 YXH-GB,https://www1.bcaimage.com/Document?DocType=SpecificationSheet&Reg=SM57 YXH-GB,mechanicalreporturl,0,U061GE,RED,False,Petrol,Manual Transmission,5,6,True,Present,Service Book,VAT Margin,True,Car,"Air Conditioning, Alloy Wheels, Temporary Spare Wheel, Privacy Glass",2023-02-17T00:00:00Z,91486,Service Book,15,1,,"[{'cO2': '150 g/km', 'nox': '0.019 g/km'}, ['DVSA Discrepancy']]",1,"21k 2010-11-23T10:16:46Z, 27k 2011-11-09T12:00:55Z, 31k 2012-11-30T17:48:33Z, 41k 2013-11-19T16:58:07Z, 47k 2014-11-25T15:48:38Z, 51k 2016-01-12T13:26:17Z, 37k 2016-12-29T09:18:44Z, 65k 2018-01-06T10:12:13Z, 69k 2019-01-10T19:18:34Z, 74k 2020-01-04T12:21:11Z, 78k 2021-01-07T14:21:46Z, 82k 2022-01-28T13:38:11Z, 91k 2023-01-24T08:44:09Z, 100k 2024-01-31T11:21:42Z, 104k 2025-01-07T13:23:17Z",2026-01-30T00:00:00Z,changeOfRegistration,False,False,False,False,True,False,False,240,"11,675","1,650",150,,,na,,BCA
PJ10 RWO,WF0PXXWPDPAT73987,Online Only,Leeds,,UKCGR Budget,FORD FOCUS 2.0 TDCI 136 TITANIUM Hatchback,FORD,FOCUS,2.0,2026-01-27,09:00:00,TDCI 136 TITANIUM,Hatchback,Yes,141902,2010,2010 (10 reg),680,4,C,2026-01-26T00:00:00Z,"https://www1.bcaimage.com/Document?DocType=VehicleImage&width=600&docId=674179879, https://www1.bcaimage.com/Document?DocType=VehicleImage&width=600&docId=674179889, https://www1.bcaimage.com/Document?DocType=VehicleImage&width=600&docId=674179902, https://www1.bcaimage.com/Document?DocType=VehicleImage&width=600&docId=674179915, https://www1.bcaimage.com/Document?DocType=VehicleImage&width=600&docId=674179926, https://www1.bcaimage.com/Document?DocType=VehicleImage&width=600&docId=674179944, https://www1.bcaimage.com/Document?DocType=VehicleImage&width=600&docId=674179963, https://www1.bcaimage.com/Document?DocType=VehicleImage&width=600&docId=674179980, https://www1.bcaimage.com/Document?DocType=VehicleImage&width=600&docId=674180012, https://www1.bcaimage.com/Document?DocType=VehicleImage&width=600&docId=674180027",https://www1.bcaimage.com/Document?DocType=InspectionBase&Reg=PJ10 RWO-GB,https://www1.bcaimage.com/Document?DocType=SpecificationSheet&Reg=PJ10 RWO-GB,mechanicalreporturl,0,U062LD,SILVER,False,Diesel,Auto Clutch,5,7,True,Present,Invoice/Receipt,VAT Margin,True,Car,"Air Conditioning, Alloy Wheels, Steel Spare Wheel",2020-06-30T00:00:00Z,131670,Invoice/Receipt,12,0,,"[{'cO2': '154 g/km', 'nox': '0.202 g/km'}, 'na']",2,"21k 2013-07-19T16:16:50Z, 21k 2013-11-11T16:05:25Z, 34k 2014-11-18T15:02:34Z, 47k 2015-11-17T17:11:33Z, 70k 2016-10-25T13:51:33Z, 103k 2017-11-14T14:50:10Z, 121k 2018-11-13T16:40:38Z, 130k 2019-12-10T14:23:45Z, 132k 2020-12-09T11:10:25Z, 133k 2021-12-07T13:28:59Z, 138k 2022-11-25T14:24:41Z, 140k 2023-11-23T11:18:07Z, 140k 2025-12-16T10:28:42Z",2026-12-15T00:00:00Z,,False,False,False,False,False,False,False,290,"23,540","1,575",150,,,na,,BCA
DS59 UPN,W0LPE6ED8A8041783,Online Only,Manchester,,UKCGR Budget,VAUXHALL ASTRA 1.6 16V 115 ELITE Hatchback,VAUXHALL,ASTRA,1.6,2026-01-27,09:00:00,16V 115 ELITE,Hatchback,Yes,86039,2010,2010 (59 reg),890,5,C,2026-01-25T00:00:00Z,"https://www1.bcaimage.com/Document?DocType=VehicleImage&width=600&docId=674082512, https://www1.bcaimage.com/Document?DocType=VehicleImage&width=600&docId=674082514, https://www1.bcaimage.com/Document?DocType=VehicleImage&width=600&docId=674082516, https://www1.bcaimage.com/Document?DocType=VehicleImage&width=600&docId=674082518, https://www1.bcaimage.com/Document?DocType=VehicleImage&width=600&docId=674082519, https://www1.bcaimage.com/Document?DocType=VehicleImage&width=600&docId=674082521, https://www1.bcaimage.com/Document?DocType=VehicleImage&width=600&docId=674082523, https://www1.bcaimage.com/Document?DocType=VehicleImage&width=600&docId=674082525, https://www1.bcaimage.com/Document?DocType=VehicleImage&width=600&docId=674082526, https://www1.bcaimage.com/Document?DocType=VehicleImage&width=600&docId=674082530",https://www1.bcaimage.com/Document?DocType=InspectionBase&Reg=DS59 UPN-GB,https://www1.bcaimage.com/Document?DocType=SpecificationSheet&Reg=DS59 UPN-GB,mechanicalreporturl,0,U063MA,BLUE,False,Petrol,Manual Transmission,5,4,True,Present,No,VAT Margin,False,Car,"Climate Control, Leather Trim, Temporary Spare Wheel, 17"" Alloy Wheels",0001-01-01T00:00:00Z,0,,0,0,,"[{'cO2': '147 g/km', 'nox': '0.012 g/km'}, 'na']",1,"21k 2013-01-28T10:17:55Z, 26k 2014-02-10T09:45:58Z, 32k 2015-01-30T10:19:23Z, 38k 2016-02-15T09:57:21Z, 43k 2017-02-10T09:35:44Z, 49k 2018-02-16T10:00:25Z, 53k 2019-02-16T10:33:28Z, 55k 2019-10-14T15:10:02Z, 64k 2020-10-19T10:18:55Z, 70k 2021-11-08T12:24:42Z, 75k 2022-10-21T10:37:55Z, 78k 2023-11-10T10:47:11Z, 82k 2024-10-24T09:08:41Z",2025-11-09T00:00:00Z,changeOfRegistration,False,False,False,False,True,False,False,500,"20,077","2,095",190,,,na,,BCA
DY16 HRG,W0L0XEP68G4308736,Online Only,Measham,,UKCGR Budget,VAUXHALL CORSA 1.3 CDTI 95 E/F DESIGN Hatchback,VAUXHALL,CORSA,1.3,2026-01-27,09:00:00,CDTI 95 E/F DESIGN,Hatchback,Yes,167443,2016,2016 (16 reg),930,4,E,2026-01-26T00:00:00Z,"https://www1.bcaimage.com/Document?DocType=VehicleImage&width=600&docId=674218539, https://www1.bcaimage.com/Document?DocType=VehicleImage&width=600&docId=674218547, https://www1.bcaimage.com/Document?DocType=VehicleImage&width=600&docId=674218553, https://www1.bcaimage.com/Document?DocType=VehicleImage&width=600&docId=674218558, https://www1.bcaimage.com/Document?DocType=VehicleImage&width=600&docId=674218563, https://www1.bcaimage.com/Document?DocType=VehicleImage&width=600&docId=674218577, https://www1.bcaimage.com/Document?DocType=VehicleImage&width=600&docId=674218595, https://www1.bcaimage.com/Document?DocType=VehicleImage&width=600&docId=674218604, https://www1.bcaimage.com/Document?DocType=VehicleImage&width=600&docId=674218620, https://www1.bcaimage.com/Document?DocType=VehicleImage&width=600&docId=674218633",https://www1.bcaimage.com/Document?DocType=InspectionBase&Reg=DY16 HRG-GB,https://www1.bcaimage.com/Document?DocType=SpecificationSheet&Reg=DY16 HRG-GB,mechanicalreporturl,0,U064MM,SILVER,False,Diesel,Manual Transmission,5,2,True,Present,Invoice/Receipt,VAT Margin,True,Car,"Navigation HDD, Non OEM I.C.E./NAV System, Air Conditioning, Steel Spare Wheel",2023-12-20T00:00:00Z,161055,Invoice/Receipt,8,0,,"[{'cO2': '87 g/km', 'nox': '0.063 g/km'}, 'na']",2,"94k 2019-08-05T08:03:00Z, 114k 2020-07-16T10:09:08Z, 136k 2021-08-05T11:53:06Z, 147k 2022-08-03T15:42:40Z, 158k 2023-08-03T11:27:02Z, 166k 2025-08-04T16:57:29Z",2026-08-03T00:00:00Z,modifiedVehicle,False,False,False,False,False,True,False,520,"14,530","2,095",210,,,na,,BCA
KV59 UPF,WBAUS320X0A684542,Online Only,Measham,,UKCGR Budget,BMW 318I 2.0 ES TOURING Estate,BMW,318I,2.0,2026-01-27,09:00:00,ES TOURING,Estate,Yes,123558,2009,2009 (59 reg),1000,3,B,2026-01-21T00:00:00Z,"https://www1.bcaimage.com/Document?DocType=VehicleImage&width=600&docId=674337600, https://www1.bcaimage.com/Document?DocType=VehicleImage&width=600&docId=674337601, https://www1.bcaimage.com/Document?DocType=VehicleImage&width=600&docId=674337605, https://www1.bcaimage.com/Document?DocType=VehicleImage&width=600&docId=674337606, https://www1.bcaimage.com/Document?DocType=VehicleImage&width=600&docId=674337607, https://www1.bcaimage.com/Document?DocType=VehicleImage&width=600&docId=674337608, https://www1.bcaimage.com/Document?DocType=VehicleImage&width=600&docId=674337610, https://www1.bcaimage.com/Document?DocType=VehicleImage&width=600&docId=674337615, https://www1.bcaimage.com/Document?DocType=VehicleImage&width=600&docId=674337616, https://www1.bcaimage.com/Document?DocType=VehicleImage&width=600&docId=674337617",https://www1.bcaimage.com/Document?DocType=InspectionBase&Reg=KV59 UPF-GB,https://www1.bcaimage.com/Document?DocType=SpecificationSheet&Reg=KV59 UPF-GB,mechanicalreporturl,0,U065MM,GREY,False,Petrol,Manual Transmission,5,7,True,Present,Service Book,VAT Margin,True,Car,"Air Conditioning, Leather Trim, Alloy Wheels, Tyre Inflation Kit",2022-04-16T00:00:00Z,87243,Service Book,9,5,,"[{'cO2': '147 g/km', 'nox': '0.026 g/km'}, 'na']",2,"52k 2012-10-10T10:11:12Z, 55k 2013-06-26T17:01:05Z, 59k 2014-06-27T10:36:17Z, 61k 2015-06-15T12:55:45Z, 64k 2016-06-15T10:55:23Z, 66k 2017-06-23T14:25:19Z, 68k 2018-06-01T15:00:17Z, 72k 2019-06-06T08:11:37Z, 77k 2020-06-16T13:30:28Z, 81k 2021-06-15T07:57:56Z, 88k 2022-06-16T16:37:00Z, 95k 2023-06-15T16:25:47Z, 105k 2024-06-18T14:12:19Z, 118k 2025-06-24T14:14:08Z",2026-06-26T00:00:00Z,,False,False,False,False,False,False,False,590,"22,510","2,275",250,,,na,,BCA
FG62 MOU,VF3CAHMZ0CW091893,Online Only,Measham,,UKCGR Budget,PEUGEOT 208 1.2 VTI ACTIVE Hatchback,PEUGEOT,208,1.2,2026-01-27,09:00:00,VTI ACTIVE,Hatchback,Yes,79172,2012,2012 (62 reg),930,4,,2026-01-26T00:00:00Z,"https://www1.bcaimage.com/Document?DocType=VehicleImage&width=600&docId=674286825, https://www1.bcaimage.com/Document?DocType=VehicleImage&width=600&docId=674286829, https://www1.bcaimage.com/Document?DocType=VehicleImage&width=600&docId=674286834, https://www1.bcaimage.com/Document?DocType=VehicleImage&width=600&docId=674286838, https://www1.bcaimage.com/Document?DocType=VehicleImage&width=600&docId=674286842, https://www1.bcaimage.com/Document?DocType=VehicleImage&width=600&docId=674286847, https://www1.bcaimage.com/Document?DocType=VehicleImage&width=600&docId=674286855, https://www1.bcaimage.com/Document?DocType=VehicleImage&width=600&docId=674286858, https://www1.bcaimage.com/Document?DocType=VehicleImage&width=600&docId=674286871, https://www1.bcaimage.com/Document?DocType=VehicleImage&width=600&docId=674286878",https://www1.bcaimage.com/Document?DocType=InspectionBase&Reg=FG62 MOU-GB,na,na,0,U066MM,SILVER,False,Petrol,Manual Transmission,3,6,True,Present,Service Book,VAT Margin,True,Car,"Air Conditioning, Alloy Wheels, Temporary Spare Wheel",2022-01-06T00:00:00Z,52828,Service Book,4,0,,"[{'cO2': '104 g/km', 'nox': '0.026 g/km'}, 'na']",1,"12k 2015-09-30T06:17:42Z, 14k 2016-06-21T09:56:48Z, 24k 2017-06-20T09:18:15Z, 27k 2018-01-29T12:40:17Z, 33k 2019-01-29T13:48:49Z, 40k 2020-02-14T12:47:07Z, 45k 2021-01-07T13:24:49Z, 52k 2022-01-06T12:33:32Z, 60k 2022-12-14T11:35:31Z, 64k 2023-12-11T13:14:58Z, 66k 2024-09-09T10:05:48Z, 75k 2025-09-04T14:11:47Z",2026-09-08T00:00:00Z,,False,False,False,False,False,False,False,530,"12,140","1,995",190,,,na,,BCA
EY14 UAH,WF0DXXGAKDEY34915,Online Only,Measham,,UKCGR Budget,FORD FIESTA 1.6 TDCI 95 ECONETIC TITANIUM S/S Hatchback,FORD,FIESTA,1.6,2026-01-27,09:00:00,TDCI 95 ECONETIC TITANIUM S/S,Hatchback,Yes,190378,2014,2014 (14 reg),680,5,C,2026-01-26T00:00:00Z,"https://www1.bcaimage.com/Document?DocType=VehicleImage&width=600&docId=674218650, https://www1.bcaimage.com/Document?DocType=VehicleImage&width=600&docId=674218655, https://www1.bcaimage.com/Document?DocType=VehicleImage&width=600&docId=674218659, https://www1.bcaimage.com/Document?DocType=VehicleImage&width=600&docId=674218663, https://www1.bcaimage.com/Document?DocType=VehicleImage&width=600&docId=674218669, https://www1.bcaimage.com/Document?DocType=VehicleImage&width=600&docId=674218680, https://www1.bcaimage.com/Document?DocType=VehicleImage&width=600&docId=674218690, https://www1.bcaimage.com/Document?DocType=VehicleImage&width=600&docId=674218704, https://www1.bcaimage.com/Document?DocType=VehicleImage&width=600&docId=674218713, https://www1.bcaimage.com/Document?DocType=VehicleImage&width=600&docId=674218723",https://www1.bcaimage.com/Document?DocType=InspectionBase&Reg=EY14 UAH-GB,https://www1.bcaimage.com/Document?DocType=SpecificationSheet&Reg=EY14 UAH-GB,mechanicalreporturl,0,U067MM,BLUE,False,Diesel,Manual Transmission,5,4,True,Present,Service Book,VAT Margin,True,Car,"Parking Sensor(s), Climate Control, Leather Trim, Alloy Wheels, Privacy Glass",2022-09-16T00:00:00Z,162565,Service Book,11,0,,"[{'cO2': '85 g/km', 'nox': '0.133 g/km'}, 'na']",1,"74k 2017-03-04T11:23:09Z, 93k 2018-03-07T17:25:02Z, 112k 2019-03-29T15:53:08Z, 127k 2020-03-24T18:19:27Z, 134k 2021-03-12T12:35:29Z, 154k 2022-03-30T15:19:36Z, 168k 2023-03-24T14:16:38Z, 175k 2024-03-28T10:02:59Z, 183k 2025-03-27T10:21:14Z",2026-03-29T00:00:00Z,changeOfRegistration,False,False,False,False,True,False,False,300,"16,890","1,775",150,,,na,,BCA
DV61 NWC,W0L0SDL08B6099787,Online Only,Newcastle-u-Tyne,,UKCGR Budget,VAUXHALL CORSA 1.2 VVT EXCITE Hatchback,VAUXHALL,CORSA,1.2,2026-01-27,09:00:00,VVT EXCITE,Hatchback,Yes,122609,2011,2011 (61 reg),620,5,E,2026-01-23T00:00:00Z,"https://www1.bcaimage.com/Document?DocType=VehicleImage&width=600&docId=673708048, https://www1.bcaimage.com/Document?DocType=VehicleImage&width=600&docId=673708053, https://www1.bcaimage.com/Document?DocType=VehicleImage&width=600&docId=673708058, https://www1.bcaimage.com/Document?DocType=VehicleImage&width=600&docId=673708063, https://www1.bcaimage.com/Document?DocType=VehicleImage&width=600&docId=673708068, https://www1.bcaimage.com/Document?DocType=VehicleImage&width=600&docId=673708079, https://www1.bcaimage.com/Document?DocType=VehicleImage&width=600&docId=673708097, https://www1.bcaimage.com/Document?DocType=VehicleImage&width=600&docId=673708112, https://www1.bcaimage.com/Document?DocType=VehicleImage&width=600&docId=673708127, https://www1.bcaimage.com/Document?DocType=VehicleImage&width=600&docId=673708141",https://www1.bcaimage.com/Document?DocType=InspectionBase&Reg=DV61 NWC-GB,https://www1.bcaimage.com/Document?DocType=SpecificationSheet&Reg=DV61 NWC-GB,mechanicalreporturl,0,U068NC,SILVER,False,Petrol,Manual Transmission,3,6,True,Present,Service Book,VAT Margin,True,Car,"Air Conditioning, Alloy Wheels, Steel Spare Wheel",2025-03-04T00:00:00Z,117112,Service Book,11,3,,"[{'cO2': '124 g/km', 'nox': '0.024 g/km'}, 'na']",1,"24k 2014-09-29T11:07:12Z, 39k 2015-09-09T00:00:00Z, 58k 2016-10-13T14:11:44Z, 68k 2017-10-26T11:15:46Z, 77k 2018-11-17T13:17:00Z, 86k 2019-11-18T11:37:23Z, 94k 2020-11-26T09:50:36Z, 96k 2021-11-18T12:55:04Z, 97k 2022-10-05T11:52:38Z, 106k 2023-10-05T11:00:00Z, 113k 2024-10-01T08:15:21Z, 120k 2025-09-18T13:32:35Z",2026-10-04T00:00:00Z,,False,False,False,False,False,False,False,240,"13,180","1,725",150,,,na,,BCA
FL10 UGX,WF0MXXGBWMAL36992,Online Only,Newcastle-u-Tyne,,UKCGR Budget,FORD GALAXY 2.0 TDCI 140 ZETEC MPV,FORD,GALAXY,2.0,2026-01-27,09:00:00,TDCI 140 ZETEC,MPV,Yes,136194,2010,2010 (10 reg),970,5,E,2026-01-23T00:00:00Z,"https://www1.bcaimage.com/Document?DocType=VehicleImage&width=600&docId=674183340, https://www1.bcaimage.com/Document?DocType=VehicleImage&width=600&docId=674183348, https://www1.bcaimage.com/Document?DocType=VehicleImage&width=600&docId=674183353, https://www1.bcaimage.com/Document?DocType=VehicleImage&width=600&docId=674183360, https://www1.bcaimage.com/Document?DocType=VehicleImage&width=600&docId=674183369, https://www1.bcaimage.com/Document?DocType=VehicleImage&width=600&docId=674183386, https://www1.bcaimage.com/Document?DocType=VehicleImage&width=600&docId=674183398, https://www1.bcaimage.com/Document?DocType=VehicleImage&width=600&docId=674183412, https://www1.bcaimage.com/Document?DocType=VehicleImage&width=600&docId=674183427, https://www1.bcaimage.com/Document?DocType=VehicleImage&width=600&docId=674183439",https://www1.bcaimage.com/Document?DocType=InspectionBase&Reg=FL10 UGX-GB,https://www1.bcaimage.com/Document?DocType=SpecificationSheet&Reg=FL10 UGX-GB,mechanicalreporturl,0,U069NC,GREY,False,Diesel,Automatic,5,4,True,Present,Service Book,VAT Margin,True,Car,"Parking Sensor(s), Climate Control, 7 Seats, Alloy Wheels, Privacy Glass",2019-08-07T00:00:00Z,90000,Service Book,6,0,,"[{'cO2': '189 g/km', 'nox': '0.302 g/km'}, ['Key Condition - Remote Inoperative']]",2,"41k 2013-03-06T09:59:58Z, 53k 2014-02-24T08:50:49Z, 58k 2015-03-05T08:58:46Z, 65k 2016-04-22T09:19:57Z, 74k 2017-04-18T12:24:19Z, 80k 2018-04-25T14:18:03Z, 86k 2019-04-09T10:09:36Z, 96k 2021-04-07T07:35:20Z, 103k 2022-03-25T17:03:29Z, 111k 2023-04-06T13:16:15Z, 121k 2024-05-20T11:53:35Z, 131k 2025-05-19T11:37:35Z",2026-05-19T00:00:00Z,,False,False,False,False,False,False,False,580,"29,042","2,095",200,,,na,,BCA
BN08 SXD,LUCGE385083204912,Online Only,Nottingham,,UKCGR Budget,HONDA JAZZ 1.4 I-DSI SE CVT-7 Hatchback,HONDA,JAZZ,1.4,2026-01-27,09:00:00,I-DSI SE CVT-7,Hatchback,Yes,122358,2008,2008 (08 reg),880,5,A,2026-01-26T00:00:00Z,"https://www1.bcaimage.com/Document?DocType=VehicleImage&width=600&docId=674183736, https://www1.bcaimage.com/Document?DocType=VehicleImage&width=600&docId=674183745, https://www1.bcaimage.com/Document?DocType=VehicleImage&width=600&docId=674183758, https://www1.bcaimage.com/Document?DocType=VehicleImage&width=600&docId=674183765, https://www1.bcaimage.com/Document?DocType=VehicleImage&width=600&docId=674183775, https://www1.bcaimage.com/Document?DocType=VehicleImage&width=600&docId=674183793, https://www1.bcaimage.com/Document?DocType=VehicleImage&width=600&docId=674183811, https://www1.bcaimage.com/Document?DocType=VehicleImage&width=600&docId=674183828, https://www1.bcaimage.com/Document?DocType=VehicleImage&width=600&docId=674183845, https://www1.bcaimage.com/Document?DocType=VehicleImage&width=600&docId=674183859",https://www1.bcaimage.com/Document?DocType=InspectionBase&Reg=BN08 SXD-GB,https://www1.bcaimage.com/Document?DocType=SpecificationSheet&Reg=BN08 SXD-GB,mechanicalreporturl,0,U070NT,BLUE,False,Petrol,CVT/Manual Mode,5,6,True,Present,No,VAT Margin,False,Car,"Air Conditioning, Alloy Wheels",0001-01-01T00:00:00Z,0,,0,0,,"[{'cO2': '137 g/km', 'nox': '0.033 g/km'}, [""Fault - boot won't open"", 'Key Condition - Remote Inoperative']]",2,"34k 2011-03-01T10:34:40Z, 45k 2012-02-10T10:59:16Z, 55k 2013-02-08T17:15:08Z, 62k 2014-01-25T11:59:49Z, 64k 2014-10-14T16:55:26Z, 67k 2015-10-29T15:38:47Z, 69k 2016-11-02T13:36:50Z, 70k 2017-11-17T16:34:33Z, 71k 2018-11-15T10:22:43Z, 71k 2019-05-24T10:44:48Z, 73k 2020-10-15T14:51:36Z, 75k 2021-10-22T13:13:10Z, 76k 2022-10-13T16:09:12Z, 76k 2023-05-24T12:46:26Z, 93k 2024-05-22T09:37:23Z, 112k 2025-05-16T14:54:38Z",2026-05-23T00:00:00Z,,False,False,False,False,False,False,False,480,"12,095","1,975",150,,,na,,BCA
AE13 NXM,ZFA19900005033304,Online Only,Nottingham,,UKCGR Budget,FIAT 500L 1.6 M/JET 105 POP STAR MPV,FIAT,500L,1.6,2026-01-27,09:00:00,M/JET 105 POP STAR,MPV,Yes,141944,2013,2013 (13 reg),730,5,C,2026-01-26T00:00:00Z,"https://www1.bcaimage.com/Document?DocType=VehicleImage&width=600&docId=674184441, https://www1.bcaimage.com/Document?DocType=VehicleImage&width=600&docId=674184452, https://www1.bcaimage.com/Document?DocType=VehicleImage&width=600&docId=674184465, https://www1.bcaimage.com/Document?DocType=VehicleImage&width=600&docId=674184476, https://www1.bcaimage.com/Document?DocType=VehicleImage&width=600&docId=674184487, https://www1.bcaimage.com/Document?DocType=VehicleImage&width=600&docId=674184511, https://www1.bcaimage.com/Document?DocType=VehicleImage&width=600&docId=674184536, https://www1.bcaimage.com/Document?DocType=VehicleImage&width=600&docId=674184558, https://www1.bcaimage.com/Document?DocType=VehicleImage&width=600&docId=674184578, https://www1.bcaimage.com/Document?DocType=VehicleImage&width=600&docId=674184599",https://www1.bcaimage.com/Document?DocType=InspectionBase&Reg=AE13 NXM-GB,https://www1.bcaimage.com/Document?DocType=SpecificationSheet&Reg=AE13 NXM-GB,mechanicalreporturl,0,U071NT,MULTICOLOURED,False,Diesel,Manual Transmission,5,4,True,Present,Service Book,VAT Margin,True,Car,"Air Conditioning, Tyre Inflation Kit, 17"" Alloy Wheels",2025-02-18T00:00:00Z,135418,Service Book,9,2,,"[{'cO2': '117 g/km', 'nox': '0.213 g/km'}, ['Key Condition - Remote Inoperative']]",2,"24k 2016-03-02T11:43:41Z, 27k 2016-06-23T13:53:09Z, 34k 2017-05-23T11:25:59Z, 41k 2018-06-11T09:29:03Z, 50k 2019-06-17T08:49:17Z, 76k 2021-01-27T09:29:40Z, 94k 2022-01-19T11:13:49Z, 114k 2023-01-24T14:26:36Z, 128k 2024-01-24T12:29:38Z, 135k 2025-01-23T10:46:53Z",2026-01-26T00:00:00Z,,False,False,False,False,False,False,False,330,"17,435","1,725",150,,,na,,BCA
NA10 HRN,WF0GXXGAJG9E48296,Online Only,Nottingham,,UKCGR Budget,FORD FIESTA 1.2 EDGE Hatchback,FORD,FIESTA,1.2,2026-01-27,09:00:00,EDGE,Hatchback,Yes,87052,2010,2010 (10 reg),1100,5,B,2026-01-26T00:00:00Z,"https://www1.bcaimage.com/Document?DocType=VehicleImage&width=600&docId=674266371, https://www1.bcaimage.com/Document?DocType=VehicleImage&width=600&docId=674266384, https://www1.bcaimage.com/Document?DocType=VehicleImage&width=600&docId=674266400, https://www1.bcaimage.com/Document?DocType=VehicleImage&width=600&docId=674266412, https://www1.bcaimage.com/Document?DocType=VehicleImage&width=600&docId=674266431, https://www1.bcaimage.com/Document?DocType=VehicleImage&width=600&docId=674266458, https://www1.bcaimage.com/Document?DocType=VehicleImage&width=600&docId=674266480, https://www1.bcaimage.com/Document?DocType=VehicleImage&width=600&docId=674266501, https://www1.bcaimage.com/Document?DocType=VehicleImage&width=600&docId=674266525, https://www1.bcaimage.com/Document?DocType=VehicleImage&width=600&docId=674266540",https://www1.bcaimage.com/Document?DocType=InspectionBase&Reg=NA10 HRN-GB,https://www1.bcaimage.com/Document?DocType=SpecificationSheet&Reg=NA10 HRN-GB,mechanicalreporturl,0,U072NT,BLUE,False,Petrol,Manual Transmission,3,3,True,Present,Service Book,VAT Margin,True,Car,"Air Conditioning, Tyre Inflation Kit",2023-05-08T00:00:00Z,52476,Service Book,10,0,,"[{'cO2': '127 g/km', 'nox': '0.028 g/km'}, 'na']",3,"16k 2013-05-24T14:30:11Z, 22k 2014-05-30T15:56:41Z, 27k 2015-05-21T10:10:23Z, 32k 2016-05-17T13:06:02Z, 36k 2017-05-23T15:43:18Z, 40k 2018-05-04T14:53:46Z, 44k 2019-05-24T09:02:11Z, 46k 2020-05-27T11:32:04Z, 48k 2021-05-17T09:25:36Z, 50k 2022-05-03T11:00:45Z, 52k 2023-05-08T10:12:34Z, 56k 2024-05-21T13:06:52Z, 71k 2025-05-10T13:16:54Z",2026-05-26T00:00:00Z,,False,False,False,False,False,False,False,700,"12,128","2,375",350,,,na,,BCA
BL60 UCH,TMBFN25J4B3143687,Online Only,Nottingham,,UKCGR Budget,SKODA FABIA 1.2 TSI 105 SE Hatchback,SKODA,FABIA,1.2,2026-01-27,09:00:00,TSI 105 SE,Hatchback,Yes,166039,2011,2011 (60 reg),820,5,C,2026-01-26T00:00:00Z,"https://www1.bcaimage.com/Document?DocType=VehicleImage&width=600&docId=674178664, https://www1.bcaimage.com/Document?DocType=VehicleImage&width=600&docId=674178667, https://www1.bcaimage.com/Document?DocType=VehicleImage&width=600&docId=674178669, https://www1.bcaimage.com/Document?DocType=VehicleImage&width=600&docId=674178676, https://www1.bcaimage.com/Document?DocType=VehicleImage&width=600&docId=674178680, https://www1.bcaimage.com/Document?DocType=VehicleImage&width=600&docId=674178683, https://www1.bcaimage.com/Document?DocType=VehicleImage&width=600&docId=674178690, https://www1.bcaimage.com/Document?DocType=VehicleImage&width=600&docId=674178697, https://www1.bcaimage.com/Document?DocType=VehicleImage&width=600&docId=674178702, https://www1.bcaimage.com/Document?DocType=VehicleImage&width=600&docId=674178712",https://www1.bcaimage.com/Document?DocType=InspectionBase&Reg=BL60 UCH-GB,https://www1.bcaimage.com/Document?DocType=SpecificationSheet&Reg=BL60 UCH-GB,mechanicalreporturl,0,U073NT,GREEN,False,Petrol,Manual Transmission,5,3,True,Present,Service Book,VAT Margin,True,Car,"Climate Control, Parking Sensor(s), Alloy Wheels, Temporary Spare Wheel",2023-01-18T00:00:00Z,143848,Service Book,9,0,,"[{'cO2': '124 g/km', 'nox': '0.013 g/km'}, 'na']",2,"27k 2014-02-05T11:18:47Z, 37k 2015-02-03T10:56:30Z, 47k 2016-01-28T09:23:01Z, 63k 2017-02-03T11:47:42Z, 77k 2018-02-08T11:59:15Z, 90k 2019-02-01T15:02:06Z, 103k 2020-02-03T14:49:56Z, 113k 2021-01-15T16:44:24Z, 128k 2022-01-26T12:56:47Z, 143k 2023-01-20T11:50:32Z, 158k 2024-02-08T11:29:57Z, 161k 2025-01-24T11:05:20Z",2026-02-09T00:00:00Z,,False,False,False,False,False,False,False,430,"11,970","2,095",180,,,na,,BCA
SC12 YOR,VF77J9HP0CJ530350,Online Only,Nottingham,,UKCGR Budget,CITROEN BERLINGO 1.6 HDI 90 M/S VTR MPV,CITROEN,BERLINGO,1.6,2026-01-27,09:00:00,HDI 90 M/S VTR,MPV,Yes,216063,2012,2012 (12 reg),770,5,,2026-01-22T00:00:00Z,"https://www1.bcaimage.com/Document?DocType=VehicleImage&width=600&docId=673101529, https://www1.bcaimage.com/Document?DocType=VehicleImage&width=600&docId=673101542, https://www1.bcaimage.com/Document?DocType=VehicleImage&width=600&docId=673101557, https://www1.bcaimage.com/Document?DocType=VehicleImage&width=600&docId=673101570, https://www1.bcaimage.com/Document?DocType=VehicleImage&width=600&docId=673101585, https://www1.bcaimage.com/Document?DocType=VehicleImage&width=600&docId=673101604, https://www1.bcaimage.com/Document?DocType=VehicleImage&width=600&docId=673101624, https://www1.bcaimage.com/Document?DocType=VehicleImage&width=600&docId=673101641, https://www1.bcaimage.com/Document?DocType=VehicleImage&width=600&docId=673101665, https://www1.bcaimage.com/Document?DocType=VehicleImage&width=600&docId=673101690",https://www1.bcaimage.com/Document?DocType=InspectionBase&Reg=SC12 YOR-GB,na,na,0,U074NT,BLUE,True,Diesel,Manual Transmission,5,4,True,Present,Service Book,VAT Margin,True,Car,Front Bumper - Not attached,2021-01-20T00:00:00Z,170583,Service Book,4,0,,"[{'cO2': '139 g/km', 'nox': '0.167 g/km'}, ['OIL Pressure Light ON', 'Sold Without - RAC report']]",1,"75k 2015-06-25T11:13:07Z, 95k 2016-06-02T09:51:38Z, 121k 2017-06-08T13:16:47Z, 147k 2018-06-27T11:11:53Z, 162k 2019-06-18T15:57:42Z, 170k 2021-01-20T12:59:04Z, 176k 2021-12-22T17:33:06Z, 185k 2023-01-10T16:43:09Z, 196k 2024-01-12T16:17:29Z, 207k 2025-01-16T17:38:43Z",2026-01-19T00:00:00Z,,False,False,False,False,False,False,False,370,"14,225","1,825",160,,,na,,BCA
SL59 NSE,WMWME32050TM66164,Online Only,Nottingham,,UKCGR Budget,MINI ONE 1.4 GRAPHITE Hatchback,MINI,ONE,1.4,2026-01-27,09:00:00,GRAPHITE,Hatchback,Yes,93736,2009,2009 (59 reg),780,4,,2026-01-22T00:00:00Z,"https://www1.bcaimage.com/Document?DocType=VehicleImage&width=600&docId=672965980, https://www1.bcaimage.com/Document?DocType=VehicleImage&width=600&docId=672965995, https://www1.bcaimage.com/Document?DocType=VehicleImage&width=600&docId=672966006, https://www1.bcaimage.com/Document?DocType=VehicleImage&width=600&docId=672966019, https://www1.bcaimage.com/Document?DocType=VehicleImage&width=600&docId=672966029, https://www1.bcaimage.com/Document?DocType=VehicleImage&width=600&docId=672966050, https://www1.bcaimage.com/Document?DocType=VehicleImage&width=600&docId=672966070, https://www1.bcaimage.com/Document?DocType=VehicleImage&width=600&docId=672966095, https://www1.bcaimage.com/Document?DocType=VehicleImage&width=600&docId=672966118, https://www1.bcaimage.com/Document?DocType=VehicleImage&width=600&docId=672966137",https://www1.bcaimage.com/Document?DocType=InspectionBase&Reg=SL59 NSE-GB,na,na,0,U075NT,GREY,True,Petrol,Manual Transmission,3,3,True,Present,No,VAT Margin,False,Car,"Air Conditioning, Alloy Wheels, Privacy Glass",0001-01-01T00:00:00Z,0,,0,0,,"[{'cO2': '128 g/km', 'nox': '0.014 g/km'}, ['Fault - Engine knocking', 'Sold Without - RAC report']]",1,"29k 2012-09-18T09:17:53Z, 34k 2013-10-03T10:36:42Z, 45k 2015-01-07T13:01:48Z, 54k 2016-10-13T15:01:17Z, 56k 2017-04-24T12:37:20Z, 61k 2018-04-11T09:08:44Z, 67k 2019-04-13T10:15:36Z, 75k 2020-04-02T09:31:29Z, 76k 2021-04-06T12:27:02Z, 79k 2022-03-18T10:00:34Z, 83k 2023-03-13T14:52:37Z, 87k 2024-02-27T14:46:47Z, 91k 2025-03-03T16:22:30Z",2026-03-17T00:00:00Z,changeOfRegistration,False,False,False,False,True,False,False,380,"12,900","1,975",150,,,na,,BCA
AO56 DXA,WF03XXGCD36P62208,Online Only,Paddock Wood,,UKCGR Budget,FORD FOCUS 1.6 ZETEC CLIMATE Hatchback,FORD,FOCUS,1.6,2026-01-27,09:00:00,ZETEC CLIMATE,Hatchback,Yes,116296,2006,2006 (56 reg),890,5,,2026-01-16T00:00:00Z,"https://www1.bcaimage.com/Document?DocType=VehicleImage&width=600&docId=670838195, https://www1.bcaimage.com/Document?DocType=VehicleImage&width=600&docId=670838197, https://www1.bcaimage.com/Document?DocType=VehicleImage&width=600&docId=670838200, https://www1.bcaimage.com/Document?DocType=VehicleImage&width=600&docId=670838203, https://www1.bcaimage.com/Document?DocType=VehicleImage&width=600&docId=670838207, https://www1.bcaimage.com/Document?DocType=VehicleImage&width=600&docId=670838210, https://www1.bcaimage.com/Document?DocType=VehicleImage&width=600&docId=670838211, https://www1.bcaimage.com/Document?DocType=VehicleImage&width=600&docId=670838212, https://www1.bcaimage.com/Document?DocType=VehicleImage&width=600&docId=670838213, https://www1.bcaimage.com/Document?DocType=VehicleImage&width=600&docId=670838216",https://www1.bcaimage.com/Document?DocType=InspectionBase&Reg=AO56 DXA-GB,na,na,0,U076PW,SILVER,False,Petrol,Automatic,3,3,True,Present,No,VAT Margin,False,Car,"Air Conditioning, Alloy Wheels",0001-01-01T00:00:00Z,0,,0,0,,"[{'cO2': '180 g/km', 'nox': '0.060 g/km'}, ['Sold Without - Mechanical report', 'Bonnet - Inoperative']]",1,"30k 2009-07-24T09:51:53Z, 35k 2010-08-05T14:00:10Z, 39k 2011-08-08T12:57:26Z, 44k 2012-08-16T11:22:50Z, 52k 2013-11-29T13:04:31Z, 57k 2015-01-20T14:46:28Z, 65k 2016-01-12T11:01:35Z, 71k 2017-01-12T11:02:01Z, 76k 2018-01-08T09:48:49Z, 80k 2019-01-17T14:01:56Z, 82k 2020-01-09T13:16:40Z, 93k 2021-01-13T12:45:20Z, 100k 2022-01-13T14:04:39Z, 102k 2023-01-10T09:47:28Z, 105k 2024-01-10T11:05:06Z, 112k 2025-01-13T09:38:20Z",2026-01-19T00:00:00Z,,False,False,False,False,False,False,False,490,"14,857","1,825",180,,,na,,BCA
SL09 ZBE,VNKKG96350A198084,Online Only,Birmingham - Perry Barr,,UKCGR Budget,TOYOTA YARIS 1.0 VVT-I TR Hatchback,TOYOTA,YARIS,1.0,2026-01-27,09:00:00,VVT-I TR,Hatchback,Yes,134292,2009,2009 (09 reg),650,5,A,2026-01-26T00:00:00Z,"https://www1.bcaimage.com/Document?DocType=VehicleImage&width=600&docId=674310862, https://www1.bcaimage.com/Document?DocType=VehicleImage&width=600&docId=674310874, https://www1.bcaimage.com/Document?DocType=VehicleImage&width=600&docId=674310895, https://www1.bcaimage.com/Document?DocType=VehicleImage&width=600&docId=674310902, https://www1.bcaimage.com/Document?DocType=VehicleImage&width=600&docId=674310917, https://www1.bcaimage.com/Document?DocType=VehicleImage&width=600&docId=674310937, https://www1.bcaimage.com/Document?DocType=VehicleImage&width=600&docId=674310951, https://www1.bcaimage.com/Document?DocType=VehicleImage&width=600&docId=674310964, https://www1.bcaimage.com/Document?DocType=VehicleImage&width=600&docId=674310979, https://www1.bcaimage.com/Document?DocType=VehicleImage&width=600&docId=674310997",https://www1.bcaimage.com/Document?DocType=InspectionBase&Reg=SL09 ZBE-GB,https://www1.bcaimage.com/Document?DocType=SpecificationSheet&Reg=SL09 ZBE-GB,mechanicalreporturl,0,U077PB,SILVER,False,Petrol,Manual Transmission,5,7,True,Present,Invoice/Receipt,VAT Margin,True,Car,"Air Conditioning, Steel Spare Wheel",2019-03-01T00:00:00Z,71396,Invoice/Receipt,1,0,,"[{'cO2': '118 g/km', 'nox': '0.020 g/km'}, ['Door(s) - Inoperative - Boot', 'Key Condition - Damaged casing']]",2,"23k 2012-04-30T12:42:26Z, 27k 2013-05-01T09:05:17Z, 29k 2014-05-02T09:44:09Z, 30k 2015-05-06T09:34:25Z, 31k 2016-05-17T13:34:49Z, 37k 2017-04-27T08:29:09Z, 57k 2018-05-18T13:47:21Z, 78k 2019-07-12T16:21:54Z, 86k 2021-01-07T10:32:42Z, 89k 2022-01-11T13:23:56Z, 95k 2023-01-05T10:21:45Z, 106k 2024-01-08T17:12:17Z, 116k 2024-11-11T16:08:08Z, 134k 2025-11-18T13:41:24Z",2026-11-17T00:00:00Z,,False,False,False,False,False,False,False,250,"10,320","1,750",150,,,na,,BCA
FH53 URA,WDB2093652F095125,Online Only,Birmingham - Perry Barr,,UKCGR Budget,MERCEDES-BENZ CLK 320 3.2 ELEGANCE TIP Coupe,MERCEDES-BENZ,CLK 320,3.2,2026-01-27,09:00:00,ELEGANCE TIP,Coupe,Yes,105267,2004,2004 (53 reg),0,5,A,2026-01-21T00:00:00Z,"https://www1.bcaimage.com/Document?DocType=VehicleImage&width=600&docId=672591649, https://www1.bcaimage.com/Document?DocType=VehicleImage&width=600&docId=672591664, https://www1.bcaimage.com/Document?DocType=VehicleImage&width=600&docId=672591674, https://www1.bcaimage.com/Document?DocType=VehicleImage&width=600&docId=672591694, https://www1.bcaimage.com/Document?DocType=VehicleImage&width=600&docId=672591706, https://www1.bcaimage.com/Document?DocType=VehicleImage&width=600&docId=672591728, https://www1.bcaimage.com/Document?DocType=VehicleImage&width=600&docId=672591757, https://www1.bcaimage.com/Document?DocType=VehicleImage&width=600&docId=672591773, https://www1.bcaimage.com/Document?DocType=VehicleImage&width=600&docId=672591789, https://www1.bcaimage.com/Document?DocType=VehicleImage&width=600&docId=672591802",https://www1.bcaimage.com/Document?DocType=InspectionBase&Reg=FH53 URA-GB,https://www1.bcaimage.com/Document?DocType=SpecificationSheet&Reg=FH53 URA-GB,mechanicalreporturl,0,U078PB,BLACK,False,Petrol,Auto/Manual Mode,2,5,True,Present,No,VAT Margin,False,Car,"Navigation HDD, Parking Sensor(s), Climate Control, Leather Trim, 18"" Alloy Wheels, Privacy Glass",0001-01-01T00:00:00Z,0,,0,0,,"[{'cO2': '250 g/km', 'nox': '0.034 g/km'}, 'na']",1,"19k 2006-12-21T14:40:07Z, 27k 2007-12-03T10:42:40Z, 32k 2008-12-31T10:07:22Z, 36k 2009-12-22T10:34:22Z, 40k 2010-12-30T14:55:59Z, 46k 2011-12-17T10:32:31Z, 51k 2013-01-04T15:44:59Z, 56k 2014-02-06T11:46:46Z, 70k 2014-12-30T16:44:44Z, 80k 2015-12-07T14:00:48Z, 84k 2016-12-09T15:47:32Z, 85k 2018-01-12T13:15:37Z, 86k 2019-01-10T10:54:57Z, 88k 2020-03-16T17:00:41Z, 88k 2021-10-08T13:14:25Z, 88k 2022-10-05T10:09:20Z, 89k 2024-10-19T10:00:40Z, 103k 2025-11-27T12:02:16Z",2026-11-26T00:00:00Z,changeOfRegistration,False,False,False,False,True,False,False,,,,,,,na,,BCA
SV05 BMU,TRUZZZ8N851010221,Online Only,Preston,,UKCGR Budget,AUDI TT 1.8 T 180 (FWD) Coupe,AUDI,TT,1.8,2026-01-27,09:00:00,T 180 (FWD),Coupe,Incorrect,115466,2005,2005 (05 reg),0,1,D,2026-01-22T00:00:00Z,"https://www1.bcaimage.com/Document?DocType=VehicleImage&width=600&docId=673346470, https://www1.bcaimage.com/Document?DocType=VehicleImage&width=600&docId=673346472, https://www1.bcaimage.com/Document?DocType=VehicleImage&width=600&docId=673346476, https://www1.bcaimage.com/Document?DocType=VehicleImage&width=600&docId=673346477, https://www1.bcaimage.com/Document?DocType=VehicleImage&width=600&docId=673346481, https://www1.bcaimage.com/Document?DocType=VehicleImage&width=600&docId=673346489, https://www1.bcaimage.com/Document?DocType=VehicleImage&width=600&docId=673346496, https://www1.bcaimage.com/Document?DocType=VehicleImage&width=600&docId=673346502, https://www1.bcaimage.com/Document?DocType=VehicleImage&width=600&docId=673346508, https://www1.bcaimage.com/Document?DocType=VehicleImage&width=600&docId=673346513",https://www1.bcaimage.com/Document?DocType=InspectionBase&Reg=SV05 BMU-GB,https://www1.bcaimage.com/Document?DocType=SpecificationSheet&Reg=SV05 BMU-GB,mechanicalreporturl,0,U079PR,SILVER,True,Petrol,Manual Transmission,2,7,True,Present,Maintenance Print,VAT Margin,True,Car,"Climate Control, Leather Trim, Alloy Wheels, Temporary Spare Wheel",2019-07-11T00:00:00Z,87165,Maintenance Print,10,1,,"[{'cO2': '194 g/km', 'nox': '0.023 g/km'}, ['Mileage Incorrect', 'DVSA Discrepancy']]",2,"28k 2008-04-25T09:20:37Z, 35k 2009-05-15T09:21:56Z, 38k 2010-03-22T15:04:14Z, 41k 2011-03-25T12:23:36Z, 41k 2011-07-30T10:32:52Z, 49k 2012-07-26T09:26:32Z, 57k 2013-07-30T14:40:22Z, 63k 2014-07-10T10:18:54Z, 71k 2015-07-21T14:17:05Z, 75k 2016-06-30T11:07:24Z, 78k 2017-08-04T11:35:45Z, 0 2018-07-19T15:25:06Z, 87k 2019-07-11T12:34:42Z, 91k 2020-07-28T10:10:03Z, 92k 2021-07-13T10:19:05Z, 94k 2022-07-29T09:43:47Z, 109k 2024-01-31T12:31:36Z, 115k 2025-04-03T15:26:11Z",2026-04-02T00:00:00Z,changeOfRegistration,False,False,False,False,True,False,False,,,,,,,na,,BCA
NU13 MHA,VF7PMCFB4CR531466,Online Only,Preston,,UKCGR Budget,CITROEN C1 1.0 CONNEXION Hatchback,CITROEN,C1,1.0,2026-01-27,09:00:00,CONNEXION,Hatchback,Yes,78343,2013,2013 (13 reg),880,4,B,2026-01-26T00:00:00Z,"https://www1.bcaimage.com/Document?DocType=VehicleImage&width=600&docId=674206587, https://www1.bcaimage.com/Document?DocType=VehicleImage&width=600&docId=674206598, https://www1.bcaimage.com/Document?DocType=VehicleImage&width=600&docId=674206604, https://www1.bcaimage.com/Document?DocType=VehicleImage&width=600&docId=674206615, https://www1.bcaimage.com/Document?DocType=VehicleImage&width=600&docId=674206621, https://www1.bcaimage.com/Document?DocType=VehicleImage&width=600&docId=674206633, https://www1.bcaimage.com/Document?DocType=VehicleImage&width=600&docId=674206646, https://www1.bcaimage.com/Document?DocType=VehicleImage&width=600&docId=674206656, https://www1.bcaimage.com/Document?DocType=VehicleImage&width=600&docId=674206669, https://www1.bcaimage.com/Document?DocType=VehicleImage&width=600&docId=674206685",https://www1.bcaimage.com/Document?DocType=InspectionBase&Reg=NU13 MHA-GB,https://www1.bcaimage.com/Document?DocType=SpecificationSheet&Reg=NU13 MHA-GB,mechanicalreporturl,0,U080PR,GREY,False,Petrol,Manual Transmission,3,6,True,Present,Service Book,VAT Margin,True,Car,"Air Conditioning, Alloy Wheels, Steel Spare Wheel, Privacy Glass",2024-08-28T00:00:00Z,76303,Service Book,10,2,,"[{'cO2': '99 g/km', 'nox': '0.005 g/km'}, 'na']",1,"23k 2016-05-14T13:11:00Z, 28k 2017-05-08T08:10:41Z, 32k 2018-04-26T10:28:00Z, 39k 2019-04-29T14:47:15Z, 50k 2020-05-06T09:35:19Z, 58k 2021-04-22T13:32:11Z, 65k 2022-04-28T08:25:33Z, 67k 2023-08-14T14:49:12Z, 76k 2024-08-22T15:02:28Z, 77k 2025-09-04T15:01:45Z",2026-09-03T00:00:00Z,changeOfRegistration,False,False,False,False,True,False,False,480,"9,765","1,795",160,,,na,,BCA
SB07 OCX,SHHFK27407U037570,Online Only,Preston,,UKCGR Budget,HONDA CIVIC 1.8 I-VTEC SE Hatchback,HONDA,CIVIC,1.8,2026-01-27,09:00:00,I-VTEC SE,Hatchback,Yes,124179,2007,2007 (07 reg),660,4,A,2026-01-23T00:00:00Z,"https://www1.bcaimage.com/Document?DocType=VehicleImage&width=600&docId=673579409, https://www1.bcaimage.com/Document?DocType=VehicleImage&width=600&docId=673579414, https://www1.bcaimage.com/Document?DocType=VehicleImage&width=600&docId=673579419, https://www1.bcaimage.com/Document?DocType=VehicleImage&width=600&docId=673579426, https://www1.bcaimage.com/Document?DocType=VehicleImage&width=600&docId=673579430, https://www1.bcaimage.com/Document?DocType=VehicleImage&width=600&docId=673579434, https://www1.bcaimage.com/Document?DocType=VehicleImage&width=600&docId=673579440, https://www1.bcaimage.com/Document?DocType=VehicleImage&width=600&docId=673579445, https://www1.bcaimage.com/Document?DocType=VehicleImage&width=600&docId=673579450, https://www1.bcaimage.com/Document?DocType=VehicleImage&width=600&docId=673579454",https://www1.bcaimage.com/Document?DocType=InspectionBase&Reg=SB07 OCX-GB,https://www1.bcaimage.com/Document?DocType=SpecificationSheet&Reg=SB07 OCX-GB,mechanicalreporturl,0,U081PR,BLACK,False,Petrol,Manual Transmission,5,6,True,Present,Maintenance Print,VAT Margin,True,Car,"Climate Control, Temporary Spare Wheel, 17"" Alloy Wheels",2021-08-11T00:00:00Z,88960,Maintenance Print,1,0,,"[{'cO2': '152 g/km', 'nox': '0.006 g/km'}, 'na']",2,"26k 2010-05-31T11:18:27Z, 31k 2011-05-11T11:55:21Z, 36k 2012-05-07T11:39:36Z, 43k 2013-05-07T11:01:10Z, 49k 2014-05-12T14:50:06Z, 57k 2015-05-26T09:53:54Z, 63k 2016-05-31T15:09:54Z, 69k 2017-06-29T13:48:28Z, 75k 2018-07-25T09:38:14Z, 80k 2019-07-24T10:13:16Z, 85k 2020-08-17T10:31:45Z, 88k 2021-08-11T11:38:46Z, 92k 2022-07-21T13:40:32Z, 95k 2023-07-29T08:35:27Z, 104k 2024-08-22T16:00:27Z, 119k 2025-09-05T08:13:02Z",2026-09-04T00:00:00Z,,False,False,False,False,False,False,False,260,"14,737","1,550",150,,,na,,BCA
YK57 PBV,JSAJTD54V00219222,Online Only,Preston,,UKCGR Budget,SUZUKI GRAND VITARA 2.0 16V StationWagon,SUZUKI,GRAND VITARA,2.0,2026-01-27,09:00:00,16V,StationWagon,Yes,84424,2007,2007 (57 reg),1125,4,C,2026-01-26T00:00:00Z,"https://www1.bcaimage.com/Document?DocType=VehicleImage&width=600&docId=674182395, https://www1.bcaimage.com/Document?DocType=VehicleImage&width=600&docId=674182399, https://www1.bcaimage.com/Document?DocType=VehicleImage&width=600&docId=674182401, https://www1.bcaimage.com/Document?DocType=VehicleImage&width=600&docId=674182405, https://www1.bcaimage.com/Document?DocType=VehicleImage&width=600&docId=674182409, https://www1.bcaimage.com/Document?DocType=VehicleImage&width=600&docId=674182418, https://www1.bcaimage.com/Document?DocType=VehicleImage&width=600&docId=674182427, https://www1.bcaimage.com/Document?DocType=VehicleImage&width=600&docId=674182435, https://www1.bcaimage.com/Document?DocType=VehicleImage&width=600&docId=674182446, https://www1.bcaimage.com/Document?DocType=VehicleImage&width=600&docId=674182462",https://www1.bcaimage.com/Document?DocType=InspectionBase&Reg=YK57 PBV-GB,https://www1.bcaimage.com/Document?DocType=SpecificationSheet&Reg=YK57 PBV-GB,mechanicalreporturl,0,U082PR,BLUE,False,Petrol,Manual Transmission,5,3,True,Present,Service Book,VAT Margin,True,Car,"17"" Alloy Wheels",2016-02-24T00:00:00Z,41680,Service Book,6,2,,"[{'cO2': '220 g/km', 'nox': '0.010 g/km'}, 'na']",2,"12k 2010-11-25T10:47:08Z, 16k 2011-11-18T09:35:40Z, 19k 2012-11-05T13:03:16Z, 26k 2013-11-11T15:09:07Z, 28k 2014-11-28T08:30:38Z, 29k 2015-07-07T15:15:25Z, 41k 2016-02-23T17:07:57Z, 46k 2017-02-02T12:29:54Z, 49k 2018-01-23T16:57:43Z, 53k 2019-02-11T16:12:44Z, 60k 2020-02-18T19:09:47Z, 65k 2021-02-23T17:09:22Z, 69k 2022-02-25T07:58:24Z, 73k 2023-02-20T19:48:12Z, 77k 2024-02-22T11:14:25Z, 82k 2025-02-26T14:13:39Z",2026-02-25T00:00:00Z,changeOfRegistration,False,False,False,False,True,False,False,720,"15,524","2,450",370,,,na,,BCA
VO11 TXU,KL1YF75Y9BK070708,Online Only,Preston,,UKCGR Budget,CHEVROLET ORLANDO 2.0 VCDI 163 LTZ MPV,CHEVROLET,ORLANDO,2.0,2026-01-27,09:00:00,VCDI 163 LTZ,MPV,Yes,104959,2011,2011 (11 reg),850,4,D,2026-01-26T00:00:00Z,"https://www1.bcaimage.com/Document?DocType=VehicleImage&width=600&docId=674207382, https://www1.bcaimage.com/Document?DocType=VehicleImage&width=600&docId=674207387, https://www1.bcaimage.com/Document?DocType=VehicleImage&width=600&docId=674207389, https://www1.bcaimage.com/Document?DocType=VehicleImage&width=600&docId=674207392, https://www1.bcaimage.com/Document?DocType=VehicleImage&width=600&docId=674207395, https://www1.bcaimage.com/Document?DocType=VehicleImage&width=600&docId=674207404, https://www1.bcaimage.com/Document?DocType=VehicleImage&width=600&docId=674207413, https://www1.bcaimage.com/Document?DocType=VehicleImage&width=600&docId=674207422, https://www1.bcaimage.com/Document?DocType=VehicleImage&width=600&docId=674207431, https://www1.bcaimage.com/Document?DocType=VehicleImage&width=600&docId=674207437",https://www1.bcaimage.com/Document?DocType=InspectionBase&Reg=VO11 TXU-GB,https://www1.bcaimage.com/Document?DocType=SpecificationSheet&Reg=VO11 TXU-GB,mechanicalreporturl,0,U083PR,GREY,False,Diesel,Manual Transmission,5,9,True,Present,Maintenance Print,VAT Margin,True,Car,"Parking Sensor(s), Climate Control, 20"" Alloy Wheels, 17"" Alloy Wheels, Privacy Glass",2024-05-08T00:00:00Z,94094,Maintenance Print,1,0,,"[{'cO2': '159 g/km', 'nox': '0.131 g/km'}, 'na']",1,"15k 2013-12-11T09:14:01Z, 24k 2014-07-28T11:14:40Z, 30k 2015-07-22T15:53:35Z, 37k 2016-08-12T12:27:16Z, 42k 2017-05-15T15:02:27Z, 48k 2018-05-30T10:16:52Z, 58k 2019-05-22T12:13:59Z, 70k 2020-11-24T17:06:34Z, 79k 2021-11-27T14:16:33Z, 84k 2022-08-04T08:14:07Z, 86k 2023-07-21T15:29:20Z, 94k 2024-08-05T08:39:26Z, 103k 2025-07-02T09:12:11Z",2026-07-01T00:00:00Z,changeOfRegistration,False,False,False,False,True,False,False,440,"19,985","1,925",180,,,na,,BCA
BP63 ELX,W0L0SDL08E6040187,Online Only,Preston,,UKCGR Budget,VAUXHALL CORSA 1.2 VVT EXCITE Hatchback,VAUXHALL,CORSA,1.2,2026-01-27,09:00:00,VVT EXCITE,Hatchback,Yes,105693,2014,2014 (63 reg),890,5,A,2026-01-26T00:00:00Z,"https://www1.bcaimage.com/Document?DocType=VehicleImage&width=600&docId=674343024, https://www1.bcaimage.com/Document?DocType=VehicleImage&width=600&docId=674343026, https://www1.bcaimage.com/Document?DocType=VehicleImage&width=600&docId=674343031, https://www1.bcaimage.com/Document?DocType=VehicleImage&width=600&docId=674343033, https://www1.bcaimage.com/Document?DocType=VehicleImage&width=600&docId=674343035, https://www1.bcaimage.com/Document?DocType=VehicleImage&width=600&docId=674343038, https://www1.bcaimage.com/Document?DocType=VehicleImage&width=600&docId=674343044, https://www1.bcaimage.com/Document?DocType=VehicleImage&width=600&docId=674343049, https://www1.bcaimage.com/Document?DocType=VehicleImage&width=600&docId=674343055, https://www1.bcaimage.com/Document?DocType=VehicleImage&width=600&docId=674343060",https://www1.bcaimage.com/Document?DocType=InspectionBase&Reg=BP63 ELX-GB,https://www1.bcaimage.com/Document?DocType=SpecificationSheet&Reg=BP63 ELX-GB,mechanicalreporturl,0,U084PR,RED,False,Petrol,Manual Transmission,3,3,True,Present,Service Book,VAT Margin,True,Car,"Air Conditioning, Half Leather Trim, Alloy Wheels, Tyre Inflation Kit",2023-08-18T00:00:00Z,99405,Service Book,10,8,,"[{'cO2': '129 g/km', 'nox': '0.024 g/km'}, 'na']",2,"32k 2017-01-11T11:49:15Z, 43k 2018-01-30T12:56:30Z, 55k 2019-01-18T13:16:57Z, 67k 2020-01-14T13:59:22Z, 77k 2021-01-20T11:43:17Z, 89k 2022-01-21T16:10:43Z, 93k 2022-08-30T11:26:04Z, 99k 2023-08-18T09:45:35Z, 104k 2024-07-20T13:07:44Z, 105k 2025-07-10T13:30:11Z",2026-07-19T00:00:00Z,,False,False,False,False,False,False,False,500,"12,580","1,995",210,,,na,,BCA
GL08 MPO,WDD1690312J619636,Online Only,Preston,,UKCGR Budget,MERCEDES-BENZ A150 1.5 CLASSIC SE Hatchback,MERCEDES-BENZ,A150,1.5,2026-01-27,09:00:00,CLASSIC SE,Hatchback,Incorrect,97559,2008,2008 (08 reg),910,4,A,2026-01-26T00:00:00Z,"https://www1.bcaimage.com/Document?DocType=VehicleImage&width=600&docId=674148255, https://www1.bcaimage.com/Document?DocType=VehicleImage&width=600&docId=674148260, https://www1.bcaimage.com/Document?DocType=VehicleImage&width=600&docId=674148264, https://www1.bcaimage.com/Document?DocType=VehicleImage&width=600&docId=674148265, https://www1.bcaimage.com/Document?DocType=VehicleImage&width=600&docId=674148268, https://www1.bcaimage.com/Document?DocType=VehicleImage&width=600&docId=674148272, https://www1.bcaimage.com/Document?DocType=VehicleImage&width=600&docId=674148278, https://www1.bcaimage.com/Document?DocType=VehicleImage&width=600&docId=674148282, https://www1.bcaimage.com/Document?DocType=VehicleImage&width=600&docId=674148287, https://www1.bcaimage.com/Document?DocType=VehicleImage&width=600&docId=674148292",https://www1.bcaimage.com/Document?DocType=InspectionBase&Reg=GL08 MPO-GB,https://www1.bcaimage.com/Document?DocType=SpecificationSheet&Reg=GL08 MPO-GB,mechanicalreporturl,0,U085PR,SILVER,False,Petrol,CVT/Manual Mode,5,6,True,Present,Service Book,VAT Margin,True,Car,"Air Conditioning, Temporary Spare Wheel",2025-01-17T00:00:00Z,90626,Service Book,4,0,,"[{'cO2': '157 g/km', 'nox': '0.008 g/km'}, ['DVSA Discrepancy']]",1,"25k 2011-09-02T15:38:27Z, 30k 2012-08-31T14:16:04Z, 29k 2013-09-02T09:49:15Z, 40k 2014-09-09T12:48:45Z, 45k 2015-09-25T15:50:15Z, 51k 2017-01-10T15:47:26Z, 56k 2018-02-23T14:26:03Z, 62k 2019-03-05T13:38:33Z, 69k 2020-03-26T14:51:11Z, 76k 2021-03-25T09:50:00Z, 81k 2022-05-13T14:26:54Z, 85k 2023-02-03T16:59:02Z, 86k 2024-01-09T11:22:04Z, 90k 2025-01-31T13:20:15Z",2026-02-02T00:00:00Z,,False,False,False,False,False,False,False,510,"16,330","2,125",220,,,na,,BCA
GY12 YFZ,ZFA31200000853627,Online Only,Thurleigh,,UKCGR Budget,FIAT 500 1.2 POP S/S Hatchback,FIAT,500,1.2,2026-01-27,09:00:00,POP S/S,Hatchback,Yes,76027,2012,2012 (12 reg),1275,4,A,2026-01-26T00:00:00Z,"https://www1.bcaimage.com/Document?DocType=VehicleImage&width=600&docId=674334673, https://www1.bcaimage.com/Document?DocType=VehicleImage&width=600&docId=674334676, https://www1.bcaimage.com/Document?DocType=VehicleImage&width=600&docId=674334687, https://www1.bcaimage.com/Document?DocType=VehicleImage&width=600&docId=674334692, https://www1.bcaimage.com/Document?DocType=VehicleImage&width=600&docId=674334696, https://www1.bcaimage.com/Document?DocType=VehicleImage&width=600&docId=674334703, https://www1.bcaimage.com/Document?DocType=VehicleImage&width=600&docId=674334709, https://www1.bcaimage.com/Document?DocType=VehicleImage&width=600&docId=674334716, https://www1.bcaimage.com/Document?DocType=VehicleImage&width=600&docId=674334726, https://www1.bcaimage.com/Document?DocType=VehicleImage&width=600&docId=674334739",https://www1.bcaimage.com/Document?DocType=InspectionBase&Reg=GY12 YFZ-GB,https://www1.bcaimage.com/Document?DocType=SpecificationSheet&Reg=GY12 YFZ-GB,mechanicalreporturl,0,U086TH,WHITE,False,Petrol,Manual Transmission,3,2,False,Not Present,Service Book,VAT Margin,True,Car,"Half Leather Trim, Temporary Spare Wheel",2016-09-09T00:00:00Z,25121,Service Book,4,3,,"[{'cO2': '113 g/km', 'nox': None}, ['NO V5 - BUYER TO APPLY']]",1,"17k 2015-06-16T10:02:45Z, 25k 2016-09-09T09:47:57Z, 36k 2017-08-30T07:49:38Z, 41k 2018-08-28T15:11:48Z, 48k 2019-08-10T08:54:36Z, 51k 2020-08-26T14:17:58Z, 56k 2021-08-25T15:53:22Z, 65k 2022-08-22T15:56:07Z, 69k 2023-08-22T09:13:59Z, 74k 2024-09-05T11:20:37Z, 75k 2025-09-01T10:16:00Z",2026-09-08T00:00:00Z,,False,False,False,False,False,False,False,860,"9,905","2,575",450,,,na,,BCA
WU06 SVA,WDC2030462R219707,Online Only,Thurleigh,,UKCGR Budget,MERCEDES-BENZ C180 1.8 K AVANTGARDE SE Saloon,MERCEDES-BENZ,C180,1.8,2026-01-27,09:00:00,K AVANTGARDE SE,Saloon,Yes,135336,2006,2006 (06 reg),860,4,C,2026-01-21T00:00:00Z,"https://www1.bcaimage.com/Document?DocType=VehicleImage&width=600&docId=673021699, https://www1.bcaimage.com/Document?DocType=VehicleImage&width=600&docId=673021714, https://www1.bcaimage.com/Document?DocType=VehicleImage&width=600&docId=673021726, https://www1.bcaimage.com/Document?DocType=VehicleImage&width=600&docId=673021743, https://www1.bcaimage.com/Document?DocType=VehicleImage&width=600&docId=673021750, https://www1.bcaimage.com/Document?DocType=VehicleImage&width=600&docId=673021768, https://www1.bcaimage.com/Document?DocType=VehicleImage&width=600&docId=673021801, https://www1.bcaimage.com/Document?DocType=VehicleImage&width=600&docId=673021836, https://www1.bcaimage.com/Document?DocType=VehicleImage&width=600&docId=673021876, https://www1.bcaimage.com/Document?DocType=VehicleImage&width=600&docId=673021898",https://www1.bcaimage.com/Document?DocType=InspectionBase&Reg=WU06 SVA-GB,https://www1.bcaimage.com/Document?DocType=SpecificationSheet&Reg=WU06 SVA-GB,mechanicalreporturl,0,U088TH,BLUE,False,Petrol,Auto/Manual Mode,4,5,True,Present,Service Book,VAT Margin,True,Car,"Climate Control, Parking Sensor(s), Leather Trim, Alloy Wheels, Temporary Spare Wheel",2018-06-18T00:00:00Z,106328,Service Book,11,4,,"[{'cO2': '193 g/km', 'nox': '0.011 g/km'}, ['Key Condition - Remote Inoperative']]",2,"31k 2009-02-16T12:26:27Z, 42k 2010-02-10T11:47:31Z, 44k 2010-04-13T16:41:52Z, 56k 2011-08-10T10:25:16Z, 69k 2012-08-09T11:37:45Z, 75k 2013-08-05T10:39:14Z, 80k 2014-05-20T13:10:07Z, 90k 2015-05-18T16:35:37Z, 97k 2016-06-21T13:26:16Z, 102k 2017-06-30T14:14:02Z, 106k 2018-06-18T11:36:26Z, 110k 2019-06-27T09:36:14Z, 115k 2020-08-13T10:34:01Z, 119k 2021-08-19T14:31:31Z, 122k 2022-08-19T15:01:32Z, 126k 2023-08-24T09:01:56Z, 130k 2024-08-03T10:12:35Z, 133k 2025-07-26T12:08:59Z",2026-08-23T00:00:00Z,,False,False,False,False,False,False,False,460,"23,572","1,875",160,,,na,,BCA
WD55 LJK,WBAUG32060PY06022,Online Only,Thurleigh,,UKCGR Budget,BMW 118D 2.0 SE Hatchback,BMW,118D,2.0,2026-01-27,09:00:00,SE,Hatchback,Yes,103455,2005,2005 (55 reg),780,4,B,2026-01-26T00:00:00Z,"https://www1.bcaimage.com/Document?DocType=VehicleImage&width=600&docId=674220530, https://www1.bcaimage.com/Document?DocType=VehicleImage&width=600&docId=674220533, https://www1.bcaimage.com/Document?DocType=VehicleImage&width=600&docId=674220536, https://www1.bcaimage.com/Document?DocType=VehicleImage&width=600&docId=674220539, https://www1.bcaimage.com/Document?DocType=VehicleImage&width=600&docId=674220542, https://www1.bcaimage.com/Document?DocType=VehicleImage&width=600&docId=674220548, https://www1.bcaimage.com/Document?DocType=VehicleImage&width=600&docId=674220555, https://www1.bcaimage.com/Document?DocType=VehicleImage&width=600&docId=674220560, https://www1.bcaimage.com/Document?DocType=VehicleImage&width=600&docId=674220568, https://www1.bcaimage.com/Document?DocType=VehicleImage&width=600&docId=674220573",https://www1.bcaimage.com/Document?DocType=InspectionBase&Reg=WD55 LJK-GB,https://www1.bcaimage.com/Document?DocType=SpecificationSheet&Reg=WD55 LJK-GB,mechanicalreporturl,0,U089TH,SILVER,False,Diesel,Manual Transmission,5,3,True,Present,Service Book,VAT Margin,True,Car,"Air Conditioning, Alloy Wheels, Sunroof",2023-07-11T00:00:00Z,86999,Service Book,6,2,,"[{'cO2': '150 g/km', 'nox': '0.166 g/km'}, ['Key Condition - Damaged casing']]",2,"25k 2008-09-02T14:34:35Z, 28k 2009-08-17T13:22:24Z, 31k 2010-08-17T11:51:45Z, 34k 2011-09-07T10:53:31Z, 36k 2012-08-14T09:44:42Z, 39k 2013-08-14T15:40:35Z, 42k 2014-08-25T15:04:05Z, 44k 2015-08-10T10:33:45Z, 53k 2017-01-16T15:01:58Z, 59k 2018-01-08T10:45:03Z, 65k 2019-01-07T14:33:13Z, 72k 2020-01-10T11:38:45Z, 74k 2021-01-30T09:15:12Z, 76k 2022-01-31T13:34:02Z, 83k 2023-02-01T17:01:22Z, 90k 2024-01-29T16:47:28Z, 95k 2025-01-16T13:36:11Z",2026-01-31T00:00:00Z,,False,False,False,False,False,False,False,380,"19,687","1,650",150,,,na,,BCA
ND63 PYA,SJNFBAF15U6455708,Online Only,Thurleigh,,UKCGR Budget,NISSAN JUKE 1.6 TEKNA Hatchback,NISSAN,JUKE,1.6,2026-01-27,09:00:00,TEKNA,Hatchback,Yes,191883,2013,2013 (63 reg),870,4,A,2026-01-26T00:00:00Z,"https://www1.bcaimage.com/Document?DocType=VehicleImage&width=600&docId=674219475, https://www1.bcaimage.com/Document?DocType=VehicleImage&width=600&docId=674219479, https://www1.bcaimage.com/Document?DocType=VehicleImage&width=600&docId=674219481, https://www1.bcaimage.com/Document?DocType=VehicleImage&width=600&docId=674219487, https://www1.bcaimage.com/Document?DocType=VehicleImage&width=600&docId=674219492, https://www1.bcaimage.com/Document?DocType=VehicleImage&width=600&docId=674219504, https://www1.bcaimage.com/Document?DocType=VehicleImage&width=600&docId=674219517, https://www1.bcaimage.com/Document?DocType=VehicleImage&width=600&docId=674219525, https://www1.bcaimage.com/Document?DocType=VehicleImage&width=600&docId=674219534, https://www1.bcaimage.com/Document?DocType=VehicleImage&width=600&docId=674219542",https://www1.bcaimage.com/Document?DocType=InspectionBase&Reg=ND63 PYA-GB,https://www1.bcaimage.com/Document?DocType=SpecificationSheet&Reg=ND63 PYA-GB,mechanicalreporturl,0,U090TH,BLUE,False,Petrol,Manual Transmission,5,2,True,Present,Service Book,VAT Margin,True,Car,"Navigation System, Navigation SD Card, Climate Control, Leather Trim, 17"" Alloy Wheels, Privacy Glass",2022-08-10T00:00:00Z,134933,Service Book,7,1,,"[{'cO2': '139 g/km', 'nox': '0.008 g/km'}, 'na']",2,"31k 2016-11-14T14:32:45Z, 46k 2017-12-05T10:23:25Z, 65k 2018-12-13T11:38:59Z, 84k 2019-12-06T09:24:00Z, 100k 2020-12-05T10:20:24Z, 120k 2021-12-10T09:08:08Z, 143k 2022-12-09T08:48:32Z, 176k 2024-04-30T07:31:41Z, 184k 2025-04-11T09:56:44Z",2026-04-29T00:00:00Z,,False,False,False,False,False,False,False,480,"16,815","2,150",190,,,na,,BCA
EJ12 CMF,WF0KXXGCBKCG68574,Online Only,Walsall,,UKCGR Budget,FORD FOCUS 1.0 E/B 125 TITANIUM Hatchback,FORD,FOCUS,1.0,2026-01-27,09:00:00,E/B 125 TITANIUM,Hatchback,Yes,119610,2012,2012 (12 reg),1000,3,E,2026-01-26T00:00:00Z,"https://www1.bcaimage.com/Document?DocType=VehicleImage&width=600&docId=674264531, https://www1.bcaimage.com/Document?DocType=VehicleImage&width=600&docId=674264554, https://www1.bcaimage.com/Document?DocType=VehicleImage&width=600&docId=674264570, https://www1.bcaimage.com/Document?DocType=VehicleImage&width=600&docId=674264590, https://www1.bcaimage.com/Document?DocType=VehicleImage&width=600&docId=674264613, https://www1.bcaimage.com/Document?DocType=VehicleImage&width=600&docId=674264636, https://www1.bcaimage.com/Document?DocType=VehicleImage&width=600&docId=674264657, https://www1.bcaimage.com/Document?DocType=VehicleImage&width=600&docId=674264695, https://www1.bcaimage.com/Document?DocType=VehicleImage&width=600&docId=674264720, https://www1.bcaimage.com/Document?DocType=VehicleImage&width=600&docId=674264732",https://www1.bcaimage.com/Document?DocType=InspectionBase&Reg=EJ12 CMF-GB,https://www1.bcaimage.com/Document?DocType=SpecificationSheet&Reg=EJ12 CMF-GB,mechanicalreporturl,0,U091WL,RED,False,Petrol,Manual Transmission,5,5,True,Present,Service Print,VAT Margin,True,Car,"Parking Sensor(s), Climate Control, Alloy Wheels, Privacy Glass",2025-10-21T00:00:00Z,119449,Service Print,11,5,,"[{'cO2': '114 g/km', 'nox': '0.039 g/km'}, ['Salvage Hist.not on HPi', 'Interior Odour - Damp', 'Water Ingress']]",1,"24k 2015-05-05T16:01:27Z, 35k 2016-04-29T11:50:07Z, 45k 2017-05-06T11:07:27Z, 53k 2018-04-23T15:40:57Z, 61k 2019-04-27T10:10:32Z, 71k 2020-10-09T08:54:18Z, 86k 2021-11-10T10:37:43Z, 100k 2022-11-09T15:57:03Z, 107k 2023-07-19T17:45:30Z, 111k 2024-02-08T10:36:12Z, 116k 2025-02-03T12:46:28Z",2026-02-07T00:00:00Z,salvagedVehicle,False,False,False,False,False,False,True,600,"19,140","2,175",250,,,na,,BCA
LD10 ESY,WBAPF520X0A784069,Online Only,Walsall,,UKCGR Budget,BMW 318I 2.0 SE BUSINESS EDITION Saloon,BMW,318I,2.0,2026-01-27,09:00:00,SE BUSINESS EDITION,Saloon,Yes,155366,2010,2010 (10 reg),820,4,D,2026-01-26T00:00:00Z,"https://www1.bcaimage.com/Document?DocType=VehicleImage&width=600&docId=674344891, https://www1.bcaimage.com/Document?DocType=VehicleImage&width=600&docId=674344897, https://www1.bcaimage.com/Document?DocType=VehicleImage&width=600&docId=674344901, https://www1.bcaimage.com/Document?DocType=VehicleImage&width=600&docId=674344908, https://www1.bcaimage.com/Document?DocType=VehicleImage&width=600&docId=674344914, https://www1.bcaimage.com/Document?DocType=VehicleImage&width=600&docId=674344926, https://www1.bcaimage.com/Document?DocType=VehicleImage&width=600&docId=674344941, https://www1.bcaimage.com/Document?DocType=VehicleImage&width=600&docId=674344950, https://www1.bcaimage.com/Document?DocType=VehicleImage&width=600&docId=674344957, https://www1.bcaimage.com/Document?DocType=VehicleImage&width=600&docId=674344963",https://www1.bcaimage.com/Document?DocType=InspectionBase&Reg=LD10 ESY-GB,https://www1.bcaimage.com/Document?DocType=SpecificationSheet&Reg=LD10 ESY-GB,mechanicalreporturl,0,U092WL,BLACK,False,Petrol,Manual Transmission,4,3,True,Present,Service Book,VAT Margin,True,Car,"Navigation HDD, Parking Sensor(s), Climate Control, Leather Trim, 17"" Alloy Wheels",2019-06-25T00:00:00Z,89992,Service Book,3,1,,"[{'cO2': '146 g/km', 'nox': '0.026 g/km'}, 'na']",1,"34k 2013-03-15T12:51:39Z, 40k 2014-03-06T11:22:13Z, 41k 2014-10-23T08:35:05Z, 52k 2015-10-14T08:20:02Z, 64k 2016-10-14T12:39:06Z, 75k 2017-10-13T08:16:15Z, 84k 2018-10-15T11:04:28Z, 91k 2019-11-04T12:33:50Z, 102k 2020-11-03T15:51:25Z, 113k 2021-11-01T15:13:51Z, 125k 2022-10-31T14:51:06Z, 140k 2024-04-18T15:59:19Z, 150k 2025-04-24T11:57:30Z",2026-04-23T00:00:00Z,,False,False,False,False,False,False,False,420,"24,300","1,795",150,,,na,,BCA
FP10 FOF,WVWZZZ3CZAE118318,Online Only,Walsall,,UKCGR Budget,VOLKSWAGEN PASSAT 1.6 TDI 105 CR BLUEMOTION Estate,VOLKSWAGEN,PASSAT,1.6,2026-01-27,09:00:00,TDI 105 CR BLUEMOTION,Estate,Yes,183890,2010,2010 (10 reg),690,5,B,2026-01-25T00:00:00Z,"https://www1.bcaimage.com/Document?DocType=VehicleImage&width=600&docId=674083843, https://www1.bcaimage.com/Document?DocType=VehicleImage&width=600&docId=674083844, https://www1.bcaimage.com/Document?DocType=VehicleImage&width=600&docId=674083846, https://www1.bcaimage.com/Document?DocType=VehicleImage&width=600&docId=674083847, https://www1.bcaimage.com/Document?DocType=VehicleImage&width=600&docId=674083849, https://www1.bcaimage.com/Document?DocType=VehicleImage&width=600&docId=674083851, https://www1.bcaimage.com/Document?DocType=VehicleImage&width=600&docId=674083853, https://www1.bcaimage.com/Document?DocType=VehicleImage&width=600&docId=674083859, https://www1.bcaimage.com/Document?DocType=VehicleImage&width=600&docId=674083862, https://www1.bcaimage.com/Document?DocType=VehicleImage&width=600&docId=674083865",https://www1.bcaimage.com/Document?DocType=InspectionBase&Reg=FP10 FOF-GB,https://www1.bcaimage.com/Document?DocType=SpecificationSheet&Reg=FP10 FOF-GB,mechanicalreporturl,0,U093WL,SILVER,False,Diesel,Manual Transmission,5,2,True,Present,Service Book,VAT Margin,True,Car,"Air Conditioning, Alloy Wheels, Alloy Spare Wheel",2023-07-27T00:00:00Z,176186,Service Book,10,3,,"[{'cO2': '119 g/km', 'nox': '0.138 g/km'}, 'na']",1,"44k 2013-04-09T13:28:56Z, 60k 2014-04-30T14:45:06Z, 61k 2014-06-19T14:10:45Z, 79k 2015-05-20T16:02:12Z, 97k 2016-06-03T15:30:47Z, 116k 2017-05-22T08:08:25Z, 135k 2018-06-08T11:37:58Z, 153k 2019-05-31T10:47:58Z, 160k 2020-06-03T08:04:16Z, 165k 2021-06-09T07:42:25Z, 170k 2022-05-20T11:24:23Z, 175k 2023-05-19T14:23:53Z, 177k 2024-06-04T09:34:13Z, 181k 2025-06-06T08:15:39Z",2026-06-18T00:00:00Z,,False,False,False,False,False,False,False,300,"20,900","1,750",170,,,na,,BCA
KP61 LGJ,MALAN51CLCM013718,Online Only,Walsall,,UKCGR Budget,HYUNDAI I10 1.2 CLASSIC Hatchback,HYUNDAI,I10,1.2,2026-01-27,09:00:00,CLASSIC,Hatchback,Yes,104772,2011,2011 (61 reg),770,4,D,2026-01-25T00:00:00Z,"https://www1.bcaimage.com/Document?DocType=VehicleImage&width=600&docId=674074576, https://www1.bcaimage.com/Document?DocType=VehicleImage&width=600&docId=674074577, https://www1.bcaimage.com/Document?DocType=VehicleImage&width=600&docId=674074579, https://www1.bcaimage.com/Document?DocType=VehicleImage&width=600&docId=674074580, https://www1.bcaimage.com/Document?DocType=VehicleImage&width=600&docId=674074582, https://www1.bcaimage.com/Document?DocType=VehicleImage&width=600&docId=674074584, https://www1.bcaimage.com/Document?DocType=VehicleImage&width=600&docId=674074586, https://www1.bcaimage.com/Document?DocType=VehicleImage&width=600&docId=674074588, https://www1.bcaimage.com/Document?DocType=VehicleImage&width=600&docId=674074593, https://www1.bcaimage.com/Document?DocType=VehicleImage&width=600&docId=674074595",https://www1.bcaimage.com/Document?DocType=InspectionBase&Reg=KP61 LGJ-GB,https://www1.bcaimage.com/Document?DocType=SpecificationSheet&Reg=KP61 LGJ-GB,mechanicalreporturl,0,U094WL,WHITE,False,Petrol,Manual Transmission,5,3,True,Present,Service Print,VAT Margin,True,Car,"Air Conditioning, Steel Spare Wheel",2025-12-17T00:00:00Z,104484,Service Print,3,0,,"[{'cO2': '108 g/km', 'nox': '0.025 g/km'}, 'na']",2,"53k 2014-07-23T14:32:54Z, 57k 2015-06-23T11:08:59Z, 62k 2016-06-22T15:57:01Z, 67k 2017-06-15T07:48:44Z, 71k 2018-06-21T14:33:36Z, 76k 2019-05-30T10:36:42Z, 82k 2020-12-16T15:28:59Z, 86k 2021-12-14T14:37:45Z, 90k 2022-12-15T13:53:29Z, 94k 2023-12-14T14:52:56Z, 99k 2024-12-09T16:03:44Z, 104k 2025-12-17T11:54:22Z",2026-12-21T00:00:00Z,,False,False,False,False,False,False,False,370,"8,140","1,650",150,,,na,,BCA
NG08 SEY,WF0PXXWPDP8A38071,Online Only,Walsall,,UKCGR Budget,FORD FOCUS 1.6 TDCI 110 ZETEC Hatchback,FORD,FOCUS,1.6,2026-01-27,09:00:00,TDCI 110 ZETEC,Hatchback,Yes,101956,2008,2008 (08 reg),740,4,E,2026-01-25T00:00:00Z,"https://www1.bcaimage.com/Document?DocType=VehicleImage&width=600&docId=674076719, https://www1.bcaimage.com/Document?DocType=VehicleImage&width=600&docId=674076722, https://www1.bcaimage.com/Document?DocType=VehicleImage&width=600&docId=674076723, https://www1.bcaimage.com/Document?DocType=VehicleImage&width=600&docId=674076725, https://www1.bcaimage.com/Document?DocType=VehicleImage&width=600&docId=674076727, https://www1.bcaimage.com/Document?DocType=VehicleImage&width=600&docId=674076732, https://www1.bcaimage.com/Document?DocType=VehicleImage&width=600&docId=674076735, https://www1.bcaimage.com/Document?DocType=VehicleImage&width=600&docId=674076739, https://www1.bcaimage.com/Document?DocType=VehicleImage&width=600&docId=674076741, https://www1.bcaimage.com/Document?DocType=VehicleImage&width=600&docId=674076743",https://www1.bcaimage.com/Document?DocType=InspectionBase&Reg=NG08 SEY-GB,https://www1.bcaimage.com/Document?DocType=SpecificationSheet&Reg=NG08 SEY-GB,mechanicalreporturl,0,U095WL,BLUE,False,Diesel,Manual Transmission,5,4,True,Present,No,VAT Margin,False,Car,"Air Conditioning, Seat Covers - Seat covers fitted, Alloy Wheels, Steel Spare Wheel",0001-01-01T00:00:00Z,0,,0,0,,"[{'cO2': '119 g/km', 'nox': None}, 'na']",2,"27k 2011-04-20T14:05:43Z, 31k 2012-04-18T10:54:11Z, 33k 2013-04-26T11:01:06Z, 38k 2014-04-24T12:44:44Z, 44k 2016-03-01T13:22:37Z, 46k 2017-02-28T17:58:43Z, 51k 2018-04-03T13:01:51Z, 59k 2019-03-29T16:01:22Z, 69k 2020-10-03T12:08:11Z, 75k 2021-09-25T09:16:30Z, 82k 2022-10-01T11:13:43Z, 87k 2023-09-16T10:31:03Z, 93k 2024-09-10T14:16:22Z, 98k 2025-10-01T08:11:31Z",2026-10-02T00:00:00Z,,False,False,False,False,False,False,False,340,"16,710","1,625",160,,,na,,BCA
WF05 DXV,YV1SW654952507561,Online Only,Walsall,,UKCGR Budget,VOLVO V70 2.4 140 SE Estate,VOLVO,V70,2.4,2026-01-27,09:00:00,140 SE,Estate,Incorrect,161970,2005,2005 (05 reg),0,3,D,2026-01-25T00:00:00Z,"https://www1.bcaimage.com/Document?DocType=VehicleImage&width=600&docId=674079089, https://www1.bcaimage.com/Document?DocType=VehicleImage&width=600&docId=674079091, https://www1.bcaimage.com/Document?DocType=VehicleImage&width=600&docId=674079094, https://www1.bcaimage.com/Document?DocType=VehicleImage&width=600&docId=674079098, https://www1.bcaimage.com/Document?DocType=VehicleImage&width=600&docId=674079103, https://www1.bcaimage.com/Document?DocType=VehicleImage&width=600&docId=674079108, https://www1.bcaimage.com/Document?DocType=VehicleImage&width=600&docId=674079113, https://www1.bcaimage.com/Document?DocType=VehicleImage&width=600&docId=674079117, https://www1.bcaimage.com/Document?DocType=VehicleImage&width=600&docId=674079120, https://www1.bcaimage.com/Document?DocType=VehicleImage&width=600&docId=674079124",https://www1.bcaimage.com/Document?DocType=InspectionBase&Reg=WF05 DXV-GB,https://www1.bcaimage.com/Document?DocType=SpecificationSheet&Reg=WF05 DXV-GB,mechanicalreporturl,0,U096WL,SILVER,False,Petrol,Automatic,5,3,True,Present,Service Book,VAT Margin,True,Car,"Air Conditioning, 17"" Alloy Wheels",2025-02-07T00:00:00Z,159102,Service Book,21,7,,"[{'cO2': '231 g/km', 'nox': '0.022 g/km'}, ['DVSA Discrepancy']]",2,"44k 2008-03-25T11:42:34Z, 53k 2009-03-24T10:51:47Z, 62k 2010-03-24T10:25:55Z, 71k 2011-03-23T09:43:36Z, 81k 2012-03-13T11:20:51Z, 89k 2013-03-08T09:52:46Z, 102k 2014-03-12T12:39:55Z, 112k 2015-03-04T10:41:15Z, 44k 2016-03-08T09:58:47Z, 130k 2017-02-16T11:29:56Z, 134k 2018-02-06T07:41:58Z, 138k 2019-02-05T15:01:36Z, 142k 2020-02-03T15:17:36Z, 144k 2021-02-03T09:27:55Z, 148k 2022-02-03T12:08:37Z, 152k 2023-01-17T13:01:23Z, 156k 2024-02-08T11:00:55Z, 159k 2025-02-07T12:24:11Z",2026-02-15T00:00:00Z,,False,False,False,False,False,False,False,,,,,,,na,,BCA
BT12 ZGZ,SJNFAAJ10U2583257,Online Only,Walsall,,UKCGR Budget,NISSAN QASHQAI 1.6 117 ACENTA Hatchback,NISSAN,QASHQAI,1.6,2026-01-27,09:00:00,117 ACENTA,Hatchback,Yes,153775,2012,2012 (12 reg),940,5,B,2026-01-26T00:00:00Z,"https://www1.bcaimage.com/Document?DocType=VehicleImage&width=600&docId=674180991, https://www1.bcaimage.com/Document?DocType=VehicleImage&width=600&docId=674181007, https://www1.bcaimage.com/Document?DocType=VehicleImage&width=600&docId=674181016, https://www1.bcaimage.com/Document?DocType=VehicleImage&width=600&docId=674181037, https://www1.bcaimage.com/Document?DocType=VehicleImage&width=600&docId=674181052, https://www1.bcaimage.com/Document?DocType=VehicleImage&width=600&docId=674181073, https://www1.bcaimage.com/Document?DocType=VehicleImage&width=600&docId=674181092, https://www1.bcaimage.com/Document?DocType=VehicleImage&width=600&docId=674181118, https://www1.bcaimage.com/Document?DocType=VehicleImage&width=600&docId=674181145, https://www1.bcaimage.com/Document?DocType=VehicleImage&width=600&docId=674181179",https://www1.bcaimage.com/Document?DocType=InspectionBase&Reg=BT12 ZGZ-GB,https://www1.bcaimage.com/Document?DocType=SpecificationSheet&Reg=BT12 ZGZ-GB,mechanicalreporturl,0,U097WL,WHITE,False,Petrol,Manual Transmission,5,5,True,Present,No,VAT Margin,False,Car,"Navigation System, Navigation SD Card, Climate Control, Parking Sensor(s), 17"" Alloy Wheels",0001-01-01T00:00:00Z,0,,0,0,,"[{'cO2': '144 g/km', 'nox': '0.009 g/km'}, 'na']",2,"16k 2015-06-25T15:01:19Z, 38k 2016-07-06T12:51:19Z, 61k 2017-07-07T14:00:57Z, 88k 2018-07-12T10:26:04Z, 109k 2019-08-13T11:22:29Z, 118k 2020-08-07T12:30:13Z, 129k 2021-08-05T09:43:57Z, 134k 2022-08-16T13:29:23Z, 138k 2023-08-15T15:28:51Z, 144k 2024-08-14T15:56:07Z, 148k 2025-08-04T15:46:17Z",2026-08-15T00:00:00Z,,False,False,False,False,False,False,False,540,"17,810","2,195",180,,,na,,BCA
MF08 SZJ,WVWZZZ1FZ8V042143,Online Only,Walsall,,UKCGR Budget,VOLKSWAGEN EOS 2.0 TDI 140 DSG Convertible,VOLKSWAGEN,EOS,2.0,2026-01-27,09:00:00,TDI 140 DSG,Convertible,Yes,95442,2008,2008 (08 reg),770,4,A,2026-01-25T00:00:00Z,"https://www1.bcaimage.com/Document?DocType=VehicleImage&width=600&docId=674081716, https://www1.bcaimage.com/Document?DocType=VehicleImage&width=600&docId=674081718, https://www1.bcaimage.com/Document?DocType=VehicleImage&width=600&docId=674081720, https://www1.bcaimage.com/Document?DocType=VehicleImage&width=600&docId=674081721, https://www1.bcaimage.com/Document?DocType=VehicleImage&width=600&docId=674081722, https://www1.bcaimage.com/Document?DocType=VehicleImage&width=600&docId=674081723, https://www1.bcaimage.com/Document?DocType=VehicleImage&width=600&docId=674081724, https://www1.bcaimage.com/Document?DocType=VehicleImage&width=600&docId=674081725",https://www1.bcaimage.com/Document?DocType=InspectionBase&Reg=MF08 SZJ-GB,https://www1.bcaimage.com/Document?DocType=SpecificationSheet&Reg=MF08 SZJ-GB,mechanicalreporturl,0,U098WL,SILVER,False,Diesel,Auto Clutch,2,2,True,Present,Service Book,VAT Margin,True,Car,"Air Conditioning, Parking Sensor(s), Leather Trim, Alloy Wheels",2020-09-10T00:00:00Z,61250,Service Book,6,3,,"[{'cO2': '177 g/km', 'nox': '0.217 g/km'}, 'na']",2,"16k 2011-03-11T16:59:56Z, 21k 2012-03-23T13:19:01Z, 27k 2013-04-10T16:10:59Z, 32k 2014-04-11T14:00:34Z, 38k 2015-04-21T14:55:58Z, 42k 2016-04-13T16:36:48Z, 48k 2017-04-18T10:02:23Z, 52k 2018-04-11T10:09:39Z, 57k 2019-04-17T11:38:45Z, 61k 2020-09-10T10:25:00Z, 62k 2021-09-16T15:05:11Z, 64k 2022-09-14T16:00:32Z, 71k 2023-09-15T13:50:22Z, 84k 2024-09-16T16:57:44Z, 94k 2025-09-15T15:15:30Z",2026-09-15T00:00:00Z,,False,False,False,False,False,False,False,370,"22,850","1,675",150,,,na,,BCA
YC14 VXX,WF0LXXGCBLET51268,Online Only,Walsall,,UKCGR Budget,FORD FOCUS 1.6 TI-VCT 125 TITANIUM NAVIGATOR Estate,FORD,FOCUS,1.6,2026-01-27,09:00:00,TI-VCT 125 TITANIUM NAVIGATOR,Estate,Yes,168699,2014,2014 (14 reg),1175,5,C,2026-01-19T00:00:00Z,"https://www1.bcaimage.com/Document?DocType=VehicleImage&width=600&docId=671349142, https://www1.bcaimage.com/Document?DocType=VehicleImage&width=600&docId=671349157, https://www1.bcaimage.com/Document?DocType=VehicleImage&width=600&docId=671349172, https://www1.bcaimage.com/Document?DocType=VehicleImage&width=600&docId=671349185, https://www1.bcaimage.com/Document?DocType=VehicleImage&width=600&docId=671349194, https://www1.bcaimage.com/Document?DocType=VehicleImage&width=600&docId=671349212, https://www1.bcaimage.com/Document?DocType=VehicleImage&width=600&docId=671349232, https://www1.bcaimage.com/Document?DocType=VehicleImage&width=600&docId=671349252, https://www1.bcaimage.com/Document?DocType=VehicleImage&width=600&docId=671349285, https://www1.bcaimage.com/Document?DocType=VehicleImage&width=600&docId=671349315",https://www1.bcaimage.com/Document?DocType=InspectionBase&Reg=YC14 VXX-GB,https://www1.bcaimage.com/Document?DocType=SpecificationSheet&Reg=YC14 VXX-GB,mechanicalreporturl,0,U099WL,BROWN,False,Petrol,Auto Clutch,5,5,True,Present,No,VAT Margin,False,Car,"Navigation System, Navigation HDD, Air Conditioning, Parking Sensor(s), Alloy Wheels, Steel Spare Wheel",0001-01-01T00:00:00Z,0,,0,0,,"[{'cO2': '146 g/km', 'nox': '0.023 g/km'}, ['Dash Warning Light(s) ON - Transmission Malfunction']]",2,"26k 2017-04-12T15:51:08Z, 42k 2018-04-20T07:52:11Z, 77k 2019-08-27T15:04:06Z, 105k 2020-10-30T13:45:38Z, 127k 2021-10-28T13:55:28Z, 139k 2022-08-06T07:48:07Z, 150k 2023-08-09T08:28:29Z, 155k 2024-07-20T12:35:09Z, 165k 2025-09-12T09:09:11Z",2026-09-11T00:00:00Z,changeOfRegistration,False,False,False,False,True,False,False,780,"21,750","2,475",380,,,na,,BCA
CX56 VWM,JHMCM18706C201917,Online Only,Walsall,,UKCGR Budget,HONDA ACCORD 2.0 VTEC EX TOURER Estate,HONDA,ACCORD,2.0,2026-01-27,09:00:00,VTEC EX TOURER,Estate,Yes,152869,2006,2006 (56 reg),1150,4,A,2026-01-25T00:00:00Z,"https://www1.bcaimage.com/Document?DocType=VehicleImage&width=600&docId=674071373, https://www1.bcaimage.com/Document?DocType=VehicleImage&width=600&docId=674071375, https://www1.bcaimage.com/Document?DocType=VehicleImage&width=600&docId=674071379, https://www1.bcaimage.com/Document?DocType=VehicleImage&width=600&docId=674071382, https://www1.bcaimage.com/Document?DocType=VehicleImage&width=600&docId=674071383, https://www1.bcaimage.com/Document?DocType=VehicleImage&width=600&docId=674071389, https://www1.bcaimage.com/Document?DocType=VehicleImage&width=600&docId=674071401, https://www1.bcaimage.com/Document?DocType=VehicleImage&width=600&docId=674071407, https://www1.bcaimage.com/Document?DocType=VehicleImage&width=600&docId=674071411, https://www1.bcaimage.com/Document?DocType=VehicleImage&width=600&docId=674071414",https://www1.bcaimage.com/Document?DocType=InspectionBase&Reg=CX56 VWM-GB,https://www1.bcaimage.com/Document?DocType=SpecificationSheet&Reg=CX56 VWM-GB,mechanicalreporturl,0,U100WL,BLUE,False,Petrol,Automatic,5,6,True,Present,Service Book,VAT Margin,True,Car,"Parking Sensor(s), Climate Control, Leather Trim, Steel Spare Wheel, 17"" Alloy Wheels, Sunroof",2025-07-16T00:00:00Z,150270,Service Book,16,9,,"[{'cO2': '213 g/km', 'nox': '0.016 g/km'}, 'na']",2,"27k 2009-08-18T15:00:32Z, 37k 2010-08-18T09:55:22Z, 44k 2011-08-22T09:47:42Z, 51k 2012-08-28T10:24:38Z, 59k 2013-08-09T09:44:52Z, 68k 2014-08-21T14:26:34Z, 74k 2015-09-09T08:37:02Z, 83k 2016-09-08T11:32:28Z, 89k 2017-08-23T14:22:29Z, 95k 2018-08-31T14:47:38Z, 101k 2019-08-22T15:45:28Z, 103k 2020-06-15T17:32:33Z, 106k 2021-06-09T15:13:07Z, 120k 2022-05-26T13:15:23Z, 135k 2023-06-28T08:25:22Z, 148k 2024-06-20T11:36:40Z, 150k 2025-07-16T16:12:42Z",2026-07-15T00:00:00Z,changeOfRegistration,False,False,False,False,True,False,False,740,"22,372","2,625",350,,,na,,BCA
